customer_id,tenure_months,contract_type,monthly_charges,total_charges,num_support_tickets,has_tech_support,has_online_security,internet_service,payment_method,paperless_billing,senior_citizen,partner,dependents,num_additional_services,avg_monthly_usage_gb,churn
CUST-000000,38,Two year,150.0,5536.48,3,1,0,Fiber optic,Credit card (automatic),1,0,0,1,2,82.6,0
CUST-000001,51,Month-to-month,57.01,2922.26,3,1,1,Fiber optic,Credit card (automatic),1,0,0,0,3,109.4,0
CUST-000002,33,Month-to-month,132.45,4486.65,0,0,1,No,Credit card (automatic),0,0,0,1,4,209.6,0
CUST-000003,30,One year,41.22,1197.49,9,1,0,No,Credit card (automatic),1,0,1,0,5,44.6,1
CUST-000004,55,Month-to-month,121.78,7474.94,1,1,1,Fiber optic,Bank transfer (automatic),0,1,1,1,3,115.2,1
CUST-000005,32,One year,85.69,2533.33,2,0,1,No,Credit card (automatic),0,0,0,0,4,138.2,0
CUST-000006,42,Month-to-month,67.26,2619.68,3,0,0,Fiber optic,Credit card (automatic),1,0,1,0,5,83.4,0
CUST-000007,39,Month-to-month,79.99,2870.15,0,0,0,DSL,Bank transfer (automatic),1,0,1,0,5,59.6,0
CUST-000008,55,Month-to-month,52.6,2893.56,0,0,0,No,Electronic check,1,1,0,1,2,198.4,0
CUST-000009,26,Month-to-month,96.87,2578.18,0,1,0,Fiber optic,Electronic check,1,1,0,0,3,184.4,0
CUST-000010,68,Month-to-month,93.7,6266.32,1,1,0,Fiber optic,Credit card (automatic),1,0,1,0,3,102.5,0
CUST-000011,21,Month-to-month,81.27,1746.77,5,1,1,Fiber optic,Credit card (automatic),0,0,0,1,0,159.4,0
CUST-000012,44,Month-to-month,54.19,2438.79,2,0,0,No,Electronic check,0,0,0,0,4,51.9,0
CUST-000013,41,One year,98.52,3966.46,2,0,0,Fiber optic,Credit card (automatic),1,0,0,0,5,129.3,0
CUST-000014,20,Month-to-month,42.4,866.12,1,0,1,No,Electronic check,1,0,0,1,0,151.9,1
CUST-000015,47,One year,43.35,2017.44,1,0,1,DSL,Mailed check,1,0,1,0,3,264.1,0
CUST-000016,27,One year,88.87,2350.42,0,1,0,No,Credit card (automatic),0,1,0,0,2,168.1,0
CUST-000017,15,Month-to-month,100.71,1473.0,2,1,1,Fiber optic,Credit card (automatic),1,0,0,1,2,68.2,1
CUST-000018,51,Month-to-month,57.33,2957.9,1,0,1,Fiber optic,Bank transfer (automatic),1,1,0,0,1,319.6,0
CUST-000019,10,One year,39.92,423.51,3,0,0,No,Credit card (automatic),1,0,0,0,2,20.4,0
CUST-000020,17,Two year,15.0,239.64,7,0,0,DSL,Credit card (automatic),1,0,0,0,3,233.4,0
CUST-000021,33,Month-to-month,87.74,2825.89,0,0,0,DSL,Credit card (automatic),1,0,1,1,4,147.6,0
CUST-000022,55,Two year,82.21,4558.33,0,0,1,No,Credit card (automatic),1,0,1,1,1,116.4,0
CUST-000023,49,Month-to-month,37.78,2013.84,0,1,0,No,Mailed check,1,0,1,0,0,61.3,0
CUST-000024,37,Month-to-month,106.24,4015.73,2,1,0,Fiber optic,Electronic check,1,0,1,0,5,76.1,1
CUST-000025,7,Month-to-month,139.64,937.76,4,1,0,Fiber optic,Electronic check,1,1,1,0,2,115.6,1
CUST-000026,20,Month-to-month,26.52,505.9,1,1,0,DSL,Electronic check,0,0,0,0,0,25.9,0
CUST-000027,24,Month-to-month,74.62,1879.09,2,1,0,Fiber optic,Electronic check,1,1,0,0,2,77.6,1
CUST-000028,14,Month-to-month,50.97,702.39,1,1,0,Fiber optic,Electronic check,0,0,0,0,1,153.7,0
CUST-000029,5,Month-to-month,88.71,416.25,1,1,0,No,Electronic check,0,0,0,1,1,79.3,1
CUST-000030,34,One year,87.6,3129.38,3,0,1,Fiber optic,Bank transfer (automatic),0,0,0,1,0,212.9,0
CUST-000031,50,Month-to-month,80.05,4064.18,0,0,0,Fiber optic,Electronic check,1,0,0,1,5,142.3,0
CUST-000032,23,Two year,95.69,2069.46,1,1,0,Fiber optic,Mailed check,1,0,1,0,3,53.6,0
CUST-000033,55,Two year,51.08,2621.12,2,0,1,No,Electronic check,0,0,1,1,2,28.0,0
CUST-000034,9,Month-to-month,79.96,641.64,1,0,0,Fiber optic,Electronic check,0,0,0,0,5,114.6,1
CUST-000035,13,Month-to-month,71.87,905.24,5,0,1,DSL,Bank transfer (automatic),1,0,1,0,1,246.8,1
CUST-000036,33,Month-to-month,74.75,2504.32,3,0,0,Fiber optic,Credit card (automatic),0,0,1,1,1,139.6,0
CUST-000037,21,Two year,78.28,1722.83,1,0,0,Fiber optic,Bank transfer (automatic),0,0,1,0,2,103.3,0
CUST-000038,47,Month-to-month,61.09,2932.24,1,1,0,DSL,Bank transfer (automatic),0,0,0,1,1,80.1,0
CUST-000039,42,Month-to-month,92.28,3622.9,2,1,0,Fiber optic,Credit card (automatic),1,0,1,0,2,355.9,0
CUST-000040,22,Two year,80.04,1735.9,1,0,1,DSL,Bank transfer (automatic),1,0,0,0,2,46.4,0
CUST-000041,10,Month-to-month,104.58,1120.54,3,0,1,Fiber optic,Electronic check,0,0,0,1,3,164.4,0
CUST-000042,20,Month-to-month,52.51,1023.31,4,1,0,Fiber optic,Electronic check,0,0,1,0,0,101.9,0
CUST-000043,43,Two year,125.2,5590.56,3,1,0,Fiber optic,Bank transfer (automatic),1,0,0,0,0,118.2,0
CUST-000044,48,Two year,91.48,4532.73,1,0,1,Fiber optic,Bank transfer (automatic),0,0,0,0,3,112.6,0
CUST-000045,21,Month-to-month,81.71,1781.1,0,1,0,Fiber optic,Credit card (automatic),1,0,0,0,5,124.7,0
CUST-000046,5,Month-to-month,42.41,216.62,0,0,0,DSL,Electronic check,0,0,1,0,3,133.6,0
CUST-000047,9,Month-to-month,114.73,1071.64,2,1,0,DSL,Credit card (automatic),1,0,0,0,5,59.7,1
CUST-000048,40,Month-to-month,149.0,5518.5,0,1,0,Fiber optic,Bank transfer (automatic),1,0,0,0,4,45.8,0
CUST-000049,22,Month-to-month,111.65,2642.41,0,0,0,No,Credit card (automatic),1,0,0,0,1,32.8,1
CUST-000050,22,Month-to-month,68.04,1361.67,2,1,0,DSL,Bank transfer (automatic),1,0,1,0,2,196.5,1
CUST-000051,13,One year,73.6,971.72,4,0,1,DSL,Electronic check,1,0,0,0,3,68.1,1
CUST-000052,13,One year,102.28,1326.42,3,0,0,No,Mailed check,1,0,0,0,4,180.3,1
CUST-000053,54,Two year,58.98,3085.29,1,0,0,DSL,Electronic check,0,0,0,1,1,71.3,0
CUST-000054,41,Two year,78.53,3062.74,1,1,0,No,Electronic check,0,0,1,0,3,372.8,0
CUST-000055,18,Month-to-month,70.68,1307.21,4,0,1,No,Credit card (automatic),0,0,1,0,2,16.9,1
CUST-000056,32,Month-to-month,112.97,3759.88,1,0,0,DSL,Mailed check,0,0,0,0,5,105.2,0
CUST-000057,36,Month-to-month,100.91,3614.04,0,0,1,DSL,Electronic check,0,0,1,0,0,95.7,0
CUST-000058,72,Month-to-month,61.55,4367.51,1,0,0,No,Mailed check,1,0,1,0,3,285.4,1
CUST-000059,12,Month-to-month,103.13,1316.85,0,1,1,DSL,Bank transfer (automatic),1,0,1,0,1,116.7,0
CUST-000060,35,One year,89.9,3080.15,6,0,0,Fiber optic,Electronic check,1,1,1,0,3,152.0,1
CUST-000061,54,Month-to-month,51.36,2767.59,0,1,1,DSL,Electronic check,0,0,1,1,4,224.1,0
CUST-000062,72,Month-to-month,82.87,5905.9,5,1,0,Fiber optic,Credit card (automatic),0,0,0,0,2,36.6,0
CUST-000063,17,Month-to-month,68.69,1311.99,0,1,0,No,Electronic check,0,0,1,1,0,59.4,1
CUST-000064,22,Two year,70.37,1483.12,1,0,0,Fiber optic,Credit card (automatic),0,0,1,0,2,68.7,0
CUST-000065,47,One year,52.06,2548.54,0,1,0,DSL,Electronic check,1,1,0,0,1,121.0,0
CUST-000066,7,Month-to-month,53.92,345.37,1,0,0,Fiber optic,Bank transfer (automatic),1,0,1,0,0,227.2,1
CUST-000067,38,Month-to-month,69.44,2512.34,7,1,0,Fiber optic,Bank transfer (automatic),0,1,1,0,5,50.6,1
CUST-000068,72,Two year,70.86,5023.04,3,0,1,DSL,Electronic check,1,0,1,0,1,353.9,0
CUST-000069,41,Month-to-month,116.05,4726.89,0,1,0,Fiber optic,Bank transfer (automatic),1,0,1,1,5,108.4,0
CUST-000070,3,One year,112.85,333.9,1,1,0,Fiber optic,Mailed check,1,0,1,0,5,63.7,0
CUST-000071,15,One year,75.75,1130.6,1,0,0,DSL,Mailed check,1,0,0,0,0,152.4,0
CUST-000072,18,One year,26.77,465.26,0,0,1,No,Credit card (automatic),0,0,1,1,3,114.5,0
CUST-000073,62,Month-to-month,68.47,4518.44,2,0,0,Fiber optic,Credit card (automatic),0,0,0,1,3,117.1,0
CUST-000074,26,Two year,60.06,1483.45,1,0,0,DSL,Electronic check,1,0,1,0,2,98.4,0
CUST-000075,5,Month-to-month,89.07,461.93,0,1,0,DSL,Bank transfer (automatic),1,1,0,1,3,145.1,0
CUST-000076,29,Month-to-month,76.08,2281.07,3,0,0,Fiber optic,Electronic check,0,0,1,1,2,52.6,0
CUST-000077,33,Month-to-month,34.51,1084.86,4,1,0,DSL,Electronic check,1,0,0,1,0,152.8,1
CUST-000078,20,Month-to-month,101.21,1987.06,0,0,1,DSL,Electronic check,0,0,1,0,2,104.5,1
CUST-000079,13,Month-to-month,71.63,931.07,1,0,0,Fiber optic,Bank transfer (automatic),1,0,1,0,2,22.5,0
CUST-000080,72,One year,61.8,4822.35,1,0,0,Fiber optic,Bank transfer (automatic),0,0,1,1,2,158.8,0
CUST-000081,54,Two year,70.68,3746.27,0,1,0,DSL,Bank transfer (automatic),1,0,0,0,5,164.5,0
CUST-000082,57,Month-to-month,88.75,5975.3,2,1,1,Fiber optic,Credit card (automatic),0,0,1,0,4,283.0,0
CUST-000083,27,Two year,77.5,2172.84,3,1,0,Fiber optic,Credit card (automatic),1,0,1,1,2,33.6,0
CUST-000084,17,Two year,90.01,1556.45,2,1,0,Fiber optic,Electronic check,0,0,1,0,4,119.0,0
CUST-000085,21,Month-to-month,41.85,917.7,3,0,1,No,Electronic check,1,0,1,0,5,203.4,0
CUST-000086,9,One year,52.21,429.51,1,0,0,DSL,Bank transfer (automatic),1,0,0,0,4,152.5,0
CUST-000087,72,Two year,64.1,4885.62,6,1,1,DSL,Mailed check,1,0,0,0,2,291.4,0
CUST-000088,27,One year,15.0,378.21,0,1,0,DSL,Electronic check,0,0,1,0,2,115.1,0
CUST-000089,72,Month-to-month,88.88,6677.62,1,1,0,DSL,Electronic check,0,0,0,0,4,67.1,0
CUST-000090,21,Two year,55.68,1134.64,2,1,0,Fiber optic,Mailed check,1,1,0,0,2,64.8,1
CUST-000091,41,One year,41.53,1634.68,2,0,0,DSL,Bank transfer (automatic),0,0,0,1,2,163.8,1
CUST-000092,34,Month-to-month,115.0,4256.53,0,0,0,Fiber optic,Bank transfer (automatic),1,0,1,0,2,230.9,0
CUST-000093,8,Month-to-month,79.23,630.68,0,0,0,No,Credit card (automatic),1,1,1,1,1,92.9,1
CUST-000094,72,Month-to-month,92.18,6128.88,1,1,0,Fiber optic,Credit card (automatic),0,1,0,0,1,77.0,1
CUST-000095,22,Month-to-month,47.3,1091.32,2,0,0,Fiber optic,Credit card (automatic),1,0,0,1,2,125.1,1
CUST-000096,11,Month-to-month,74.86,773.2,1,0,1,Fiber optic,Mailed check,1,0,0,0,3,128.4,1
CUST-000097,48,Month-to-month,84.6,4337.09,7,0,0,Fiber optic,Bank transfer (automatic),1,1,1,0,4,64.3,1
CUST-000098,30,Two year,86.41,2590.2,3,1,0,Fiber optic,Electronic check,0,0,1,0,1,95.3,0
CUST-000099,39,One year,118.54,4328.61,5,0,0,Fiber optic,Credit card (automatic),1,0,1,0,5,148.5,0
CUST-000100,32,Month-to-month,114.86,3826.46,7,0,0,DSL,Bank transfer (automatic),1,0,0,0,3,87.7,1
CUST-000101,3,Month-to-month,80.37,247.39,2,0,0,DSL,Electronic check,0,0,1,0,2,118.3,1
CUST-000102,14,Month-to-month,76.64,959.05,1,0,0,Fiber optic,Bank transfer (automatic),0,0,1,0,5,124.4,1
CUST-000103,14,Month-to-month,120.36,1679.7,3,1,0,Fiber optic,Mailed check,1,0,0,0,2,246.4,1
CUST-000104,57,One year,50.26,2907.63,1,0,0,DSL,Credit card (automatic),1,0,0,0,4,72.9,0
CUST-000105,31,Month-to-month,15.0,470.59,0,0,1,DSL,Electronic check,1,0,1,0,5,171.7,0
CUST-000106,43,Two year,58.76,2503.34,4,1,0,Fiber optic,Mailed check,1,0,1,0,0,135.4,0
CUST-000107,23,Month-to-month,15.0,357.85,1,0,1,DSL,Credit card (automatic),1,0,1,0,1,200.9,0
CUST-000108,44,Month-to-month,80.4,3638.23,1,1,0,Fiber optic,Mailed check,1,0,0,1,1,153.5,1
CUST-000109,27,Two year,60.54,1637.13,3,1,0,DSL,Mailed check,1,0,0,0,2,275.2,0
CUST-000110,25,Month-to-month,25.18,622.06,1,0,0,DSL,Bank transfer (automatic),0,0,0,1,0,171.7,1
CUST-000111,34,Month-to-month,68.65,2351.39,1,0,0,Fiber optic,Bank transfer (automatic),1,0,0,0,0,121.5,1
CUST-000112,32,Month-to-month,29.34,910.54,1,0,1,DSL,Electronic check,0,1,0,0,5,114.6,0
CUST-000113,72,One year,61.82,4223.48,0,0,0,DSL,Electronic check,1,0,0,1,4,51.2,0
CUST-000114,14,Month-to-month,43.66,576.89,0,1,1,No,Mailed check,1,0,1,0,1,87.0,0
CUST-000115,7,Two year,115.25,802.72,0,0,0,Fiber optic,Electronic check,0,1,0,1,2,43.6,0
CUST-000116,38,One year,94.24,3427.54,2,0,1,Fiber optic,Mailed check,0,0,1,0,0,146.9,0
CUST-000117,16,Two year,130.12,2065.39,1,1,1,Fiber optic,Mailed check,1,0,1,0,5,248.4,0
CUST-000118,3,One year,53.63,171.59,8,0,0,DSL,Bank transfer (automatic),1,0,1,1,0,78.4,0
CUST-000119,11,One year,143.61,1563.35,1,0,0,Fiber optic,Bank transfer (automatic),1,0,1,1,4,109.9,0
CUST-000120,72,One year,90.06,6529.12,2,0,1,Fiber optic,Mailed check,1,0,1,0,3,170.7,0
CUST-000121,14,Month-to-month,51.79,716.77,2,1,0,DSL,Electronic check,0,1,0,0,1,235.9,1
CUST-000122,5,One year,125.22,667.0,9,0,0,DSL,Mailed check,0,0,1,0,1,124.9,1
CUST-000123,72,One year,44.29,3453.2,0,0,0,Fiber optic,Electronic check,1,0,0,0,3,157.7,0
CUST-000124,11,Month-to-month,51.18,549.76,1,1,1,DSL,Credit card (automatic),0,0,1,0,4,127.7,0
CUST-000125,72,One year,23.37,1743.87,0,1,0,DSL,Electronic check,0,0,0,0,1,68.0,0
CUST-000126,22,Month-to-month,44.04,1070.18,0,0,0,Fiber optic,Credit card (automatic),0,0,1,0,1,117.0,0
CUST-000127,72,Month-to-month,38.32,2598.93,1,1,0,Fiber optic,Bank transfer (automatic),1,0,1,1,3,139.0,0
CUST-000128,25,Month-to-month,105.42,2764.68,2,0,1,Fiber optic,Credit card (automatic),0,0,1,1,2,231.4,1
CUST-000129,41,Month-to-month,31.77,1189.2,0,1,1,DSL,Credit card (automatic),0,0,0,0,1,51.3,0
CUST-000130,27,Month-to-month,83.63,2261.35,2,0,0,Fiber optic,Credit card (automatic),0,0,1,0,3,49.4,1
CUST-000131,25,Month-to-month,87.3,2167.21,1,0,0,No,Bank transfer (automatic),1,0,1,0,0,65.2,1
CUST-000132,36,Month-to-month,101.58,3344.76,0,0,0,Fiber optic,Electronic check,1,0,1,0,4,25.9,1
CUST-000133,42,Month-to-month,75.35,3337.05,4,0,1,No,Bank transfer (automatic),1,0,0,0,0,202.7,0
CUST-000134,34,One year,120.35,4122.11,3,1,0,Fiber optic,Electronic check,1,1,0,1,1,152.5,1
CUST-000135,31,Month-to-month,105.24,3111.18,3,0,1,DSL,Mailed check,0,0,1,1,5,78.5,1
CUST-000136,16,Two year,58.71,954.79,1,0,0,Fiber optic,Credit card (automatic),1,0,0,0,4,65.7,1
CUST-000137,28,Two year,102.08,2987.41,0,1,0,Fiber optic,Bank transfer (automatic),0,1,1,1,3,204.3,1
CUST-000138,72,Month-to-month,58.19,3819.15,1,0,0,No,Electronic check,0,0,0,0,0,59.5,1
CUST-000139,16,Month-to-month,61.33,826.81,2,0,0,DSL,Credit card (automatic),1,0,1,0,4,72.2,1
CUST-000140,36,Month-to-month,27.21,977.5,2,0,1,DSL,Electronic check,0,0,1,0,2,182.8,0
CUST-000141,67,Month-to-month,51.7,3330.84,0,0,1,No,Credit card (automatic),0,0,1,1,5,122.9,0
CUST-000142,43,Month-to-month,54.43,2497.13,2,0,1,DSL,Credit card (automatic),0,0,0,0,1,163.4,1
CUST-000143,57,One year,125.76,7035.56,2,0,0,Fiber optic,Electronic check,0,1,0,0,5,63.7,0
CUST-000144,11,One year,36.12,403.47,1,1,1,DSL,Electronic check,1,0,0,1,4,120.4,0
CUST-000145,37,Month-to-month,15.0,549.81,2,1,0,No,Credit card (automatic),1,1,1,0,1,140.4,1
CUST-000146,24,One year,64.85,1436.09,3,1,1,DSL,Electronic check,1,0,1,1,2,66.1,0
CUST-000147,25,Month-to-month,58.58,1466.73,7,1,0,Fiber optic,Credit card (automatic),1,1,1,0,4,74.2,1
CUST-000148,72,Two year,86.51,5815.7,1,0,0,Fiber optic,Mailed check,1,0,1,0,4,91.4,0
CUST-000149,25,Two year,81.52,1897.87,2,0,1,No,Mailed check,0,0,0,0,4,42.3,1
CUST-000150,37,Month-to-month,62.5,2185.59,0,1,0,No,Bank transfer (automatic),1,0,0,0,1,170.9,0
CUST-000151,5,One year,79.22,372.62,1,0,0,Fiber optic,Mailed check,1,0,0,1,1,47.1,0
CUST-000152,72,Two year,61.09,4352.19,1,0,1,DSL,Mailed check,0,0,0,1,5,91.2,0
CUST-000153,55,Month-to-month,111.18,5995.05,0,0,0,Fiber optic,Bank transfer (automatic),1,0,1,1,0,23.8,1
CUST-000154,29,Month-to-month,36.13,1062.66,0,0,0,No,Mailed check,0,0,0,1,0,89.2,0
CUST-000155,23,One year,108.21,2292.94,4,0,1,Fiber optic,Electronic check,0,0,1,1,0,188.5,0
CUST-000156,46,Month-to-month,39.89,1811.85,4,1,0,No,Credit card (automatic),0,0,0,1,1,46.2,0
CUST-000157,67,Month-to-month,105.05,6868.96,1,1,0,Fiber optic,Bank transfer (automatic),1,0,1,1,3,132.8,1
CUST-000158,72,One year,26.42,1921.4,1,1,1,DSL,Bank transfer (automatic),0,0,0,0,3,84.0,0
CUST-000159,54,Month-to-month,78.56,4295.13,0,1,1,DSL,Bank transfer (automatic),1,0,1,1,4,101.7,0
CUST-000160,32,Month-to-month,62.45,2014.02,0,1,0,DSL,Bank transfer (automatic),1,0,0,0,4,201.8,0
CUST-000161,59,Two year,92.41,5182.23,0,0,0,Fiber optic,Electronic check,1,1,0,0,3,123.9,0
CUST-000162,52,Month-to-month,113.97,5933.76,0,1,0,Fiber optic,Credit card (automatic),1,0,0,1,5,19.3,1
CUST-000163,32,Month-to-month,44.47,1386.52,1,1,1,DSL,Mailed check,0,0,1,0,1,88.3,0
CUST-000164,51,One year,89.37,4857.37,5,0,0,Fiber optic,Credit card (automatic),1,0,1,0,4,136.8,1
CUST-000165,50,Month-to-month,72.58,3649.02,0,0,1,DSL,Credit card (automatic),1,0,1,1,5,42.4,0
CUST-000166,28,One year,82.52,2319.73,1,1,0,Fiber optic,Bank transfer (automatic),1,0,0,0,5,104.0,0
CUST-000167,19,One year,107.92,1919.16,0,0,0,Fiber optic,Mailed check,1,0,0,0,4,170.4,1
CUST-000168,47,Month-to-month,98.25,4481.43,2,0,1,Fiber optic,Electronic check,0,0,0,0,1,251.7,0
CUST-000169,12,Month-to-month,50.5,613.84,0,0,1,DSL,Mailed check,1,0,0,0,3,126.5,0
CUST-000170,10,Two year,121.52,1210.42,0,0,1,Fiber optic,Bank transfer (automatic),1,0,1,0,0,232.9,0
CUST-000171,38,Two year,79.05,2990.45,2,0,1,No,Mailed check,0,0,0,0,5,51.6,0
CUST-000172,46,Month-to-month,68.94,2893.17,0,0,1,Fiber optic,Electronic check,1,0,0,0,4,21.7,1
CUST-000173,38,Month-to-month,43.69,1592.64,0,0,0,No,Bank transfer (automatic),0,0,0,1,0,56.7,1
CUST-000174,41,Month-to-month,59.51,2406.37,0,0,0,DSL,Electronic check,1,0,0,0,0,34.0,0
CUST-000175,46,Two year,76.19,3715.32,0,1,0,DSL,Mailed check,1,0,1,0,3,166.1,0
CUST-000176,72,Two year,15.0,977.88,1,1,0,DSL,Bank transfer (automatic),0,1,1,0,2,169.2,0
CUST-000177,54,Month-to-month,69.99,3582.16,6,0,0,Fiber optic,Electronic check,1,1,0,0,0,122.2,1
CUST-000178,53,Two year,50.56,2425.35,2,1,0,DSL,Electronic check,0,0,1,1,2,170.0,0
CUST-000179,36,Month-to-month,29.06,1063.18,0,0,0,No,Electronic check,0,0,0,0,1,106.9,0
CUST-000180,37,Month-to-month,64.46,2526.47,1,0,1,Fiber optic,Bank transfer (automatic),1,1,1,0,0,103.7,0
CUST-000181,27,One year,68.43,1880.92,1,0,1,No,Credit card (automatic),0,0,1,1,1,199.8,0
CUST-000182,40,Month-to-month,77.78,3200.99,1,0,1,Fiber optic,Electronic check,1,1,0,0,4,87.8,1
CUST-000183,12,One year,79.74,907.5,2,0,1,Fiber optic,Bank transfer (automatic),0,0,0,0,3,135.6,0
CUST-000184,72,Month-to-month,55.53,4072.01,2,0,1,Fiber optic,Electronic check,1,0,0,0,4,165.9,1
CUST-000185,15,One year,84.66,1220.85,1,1,0,Fiber optic,Bank transfer (automatic),0,0,1,0,5,194.7,0
CUST-000186,54,Two year,52.4,2838.05,3,0,0,Fiber optic,Electronic check,1,0,1,0,3,132.1,0
CUST-000187,72,Month-to-month,101.48,7490.11,0,0,1,DSL,Credit card (automatic),1,0,0,1,4,93.0,0
CUST-000188,54,Month-to-month,108.58,5777.74,1,1,1,No,Bank transfer (automatic),0,0,0,0,2,85.9,1
CUST-000189,72,One year,78.17,5859.04,1,1,1,Fiber optic,Bank transfer (automatic),1,0,0,0,2,28.4,0
CUST-000190,3,Month-to-month,61.94,184.3,1,0,1,Fiber optic,Electronic check,1,0,1,0,5,86.8,1
CUST-000191,21,One year,86.37,1838.58,2,0,0,DSL,Credit card (automatic),1,0,0,0,2,94.3,0
CUST-000192,72,One year,79.81,6289.63,2,1,1,DSL,Electronic check,1,0,1,1,1,128.8,0
CUST-000193,9,Month-to-month,111.87,1031.87,0,1,0,DSL,Bank transfer (automatic),1,0,0,0,5,143.4,1
CUST-000194,15,Two year,143.53,2072.28,1,0,1,Fiber optic,Credit card (automatic),1,0,0,1,4,137.8,0
CUST-000195,44,Month-to-month,15.0,644.14,0,0,0,DSL,Bank transfer (automatic),1,0,0,1,2,125.2,1
CUST-000196,31,Month-to-month,93.97,3040.24,2,0,1,No,Credit card (automatic),1,0,1,1,3,86.8,1
CUST-000197,42,Month-to-month,59.44,2626.63,0,0,1,No,Bank transfer (automatic),0,0,0,0,2,85.4,0
CUST-000198,33,One year,78.73,2593.35,1,0,0,DSL,Credit card (automatic),1,0,1,1,3,209.6,0
CUST-000199,36,Two year,109.45,3639.35,2,1,0,Fiber optic,Electronic check,0,0,0,1,4,149.6,0
CUST-000200,16,Month-to-month,83.4,1271.0,2,1,1,DSL,Mailed check,1,0,0,0,0,17.4,1
CUST-000201,35,Month-to-month,90.01,3178.82,4,1,0,DSL,Bank transfer (automatic),1,0,0,0,1,19.3,0
CUST-000202,22,Month-to-month,50.99,1154.33,6,1,0,DSL,Bank transfer (automatic),1,0,0,0,3,28.0,1
CUST-000203,24,One year,41.18,1037.97,2,0,0,No,Bank transfer (automatic),0,0,1,1,5,66.3,0
CUST-000204,54,Month-to-month,94.67,4592.73,0,0,0,No,Bank transfer (automatic),0,0,1,0,4,152.5,0
CUST-000205,9,Month-to-month,43.21,405.84,6,0,1,DSL,Bank transfer (automatic),0,0,0,0,4,68.5,1
CUST-000206,2,Month-to-month,111.53,238.98,1,0,1,DSL,Electronic check,1,0,1,1,5,137.9,1
CUST-000207,51,Month-to-month,70.89,3182.71,0,1,0,Fiber optic,Mailed check,1,0,0,1,0,57.5,0
CUST-000208,35,One year,80.48,2816.05,3,0,0,Fiber optic,Credit card (automatic),1,0,0,0,1,164.2,0
CUST-000209,72,Month-to-month,60.24,4501.61,1,0,1,DSL,Electronic check,0,0,1,0,0,149.4,0
CUST-000210,15,Month-to-month,26.47,369.03,2,0,0,No,Electronic check,1,0,1,0,4,23.5,1
CUST-000211,28,Month-to-month,26.55,724.84,2,1,1,No,Bank transfer (automatic),1,0,0,1,3,256.7,1
CUST-000212,32,Month-to-month,112.8,3710.71,0,0,0,Fiber optic,Electronic check,0,0,1,0,4,76.1,1
CUST-000213,18,Month-to-month,22.0,385.65,0,0,1,No,Mailed check,0,0,0,1,4,31.4,0
CUST-000214,14,Month-to-month,150.0,2061.82,2,1,0,Fiber optic,Bank transfer (automatic),1,0,0,0,3,96.3,1
CUST-000215,53,Month-to-month,87.65,4696.74,3,1,0,Fiber optic,Mailed check,0,1,1,0,5,158.1,1
CUST-000216,8,Month-to-month,39.27,295.78,0,0,0,No,Credit card (automatic),1,0,1,0,0,47.6,1
CUST-000217,12,Month-to-month,100.51,1141.78,3,0,0,Fiber optic,Credit card (automatic),0,1,0,0,4,114.3,0
CUST-000218,27,One year,28.45,786.14,1,0,1,Fiber optic,Bank transfer (automatic),1,0,1,0,4,88.0,0
CUST-000219,57,Month-to-month,56.66,3382.86,2,1,1,DSL,Credit card (automatic),1,0,0,0,1,47.3,0
CUST-000220,19,Month-to-month,84.87,1644.66,6,0,0,Fiber optic,Electronic check,0,0,0,1,1,111.5,1
CUST-000221,17,One year,33.34,605.36,0,0,0,DSL,Electronic check,1,0,0,1,1,54.9,0
CUST-000222,26,Month-to-month,49.21,1306.31,2,0,0,DSL,Bank transfer (automatic),1,0,1,1,1,81.3,1
CUST-000223,39,Month-to-month,128.15,5459.41,4,0,1,Fiber optic,Bank transfer (automatic),0,0,0,0,2,60.1,0
CUST-000224,23,Two year,94.58,2182.5,0,1,1,Fiber optic,Electronic check,1,0,1,1,5,70.3,0
CUST-000225,62,Month-to-month,74.99,4708.12,0,0,0,DSL,Mailed check,0,0,1,0,4,91.0,0
CUST-000226,64,Two year,45.33,2959.61,1,0,0,DSL,Electronic check,1,0,0,0,4,69.4,0
CUST-000227,27,Month-to-month,31.92,834.78,0,1,1,No,Electronic check,0,1,1,0,1,72.0,0
CUST-000228,72,Two year,83.97,5811.24,0,0,0,Fiber optic,Mailed check,0,0,0,1,4,89.5,1
CUST-000229,32,Two year,28.56,872.79,1,0,1,Fiber optic,Credit card (automatic),1,1,1,0,3,58.0,0
CUST-000230,63,Month-to-month,37.58,2301.75,2,0,0,No,Credit card (automatic),1,0,1,1,3,37.9,0
CUST-000231,38,Month-to-month,33.69,1412.77,2,1,1,No,Bank transfer (automatic),0,0,0,0,1,47.0,0
CUST-000232,38,One year,15.0,621.91,3,1,0,DSL,Mailed check,1,0,1,0,3,112.0,0
CUST-000233,6,Month-to-month,106.23,626.93,2,0,0,Fiber optic,Electronic check,0,0,0,0,0,295.6,0
CUST-000234,11,Month-to-month,61.74,664.86,1,0,1,DSL,Mailed check,0,1,1,0,5,33.5,0
CUST-000235,24,Two year,74.51,1596.29,0,1,0,Fiber optic,Bank transfer (automatic),0,0,1,0,5,69.8,0
CUST-000236,64,One year,106.78,6494.19,4,1,1,Fiber optic,Credit card (automatic),0,0,0,0,4,48.6,0
CUST-000237,39,Two year,23.89,894.01,0,1,0,DSL,Mailed check,0,0,1,0,0,94.3,0
CUST-000238,24,Two year,56.41,1324.08,0,1,0,Fiber optic,Credit card (automatic),0,1,1,0,5,138.6,0
CUST-000239,47,Two year,92.93,4243.3,6,1,1,DSL,Credit card (automatic),0,0,0,1,4,202.2,1
CUST-000240,62,One year,147.04,9214.37,0,0,1,Fiber optic,Electronic check,0,0,0,0,4,83.0,0
CUST-000241,30,One year,82.11,2558.75,3,1,1,DSL,Credit card (automatic),1,0,0,0,4,280.9,1
CUST-000242,35,Two year,76.79,2589.85,2,0,1,No,Electronic check,0,0,1,1,5,51.9,0
CUST-000243,32,One year,75.45,2587.87,2,0,1,Fiber optic,Credit card (automatic),1,0,0,0,2,74.3,0
CUST-000244,29,Month-to-month,51.03,1505.45,0,1,0,DSL,Bank transfer (automatic),0,0,1,0,2,59.9,1
CUST-000245,15,One year,95.68,1498.94,1,1,0,Fiber optic,Mailed check,1,1,0,0,1,146.2,1
CUST-000246,14,Month-to-month,99.32,1359.92,0,0,1,DSL,Mailed check,1,0,1,0,4,86.9,0
CUST-000247,47,Two year,100.66,4860.29,2,1,1,Fiber optic,Bank transfer (automatic),1,1,1,1,5,163.3,0
CUST-000248,63,One year,113.95,7341.63,1,0,1,Fiber optic,Credit card (automatic),0,0,0,0,4,103.9,0
CUST-000249,24,One year,42.09,1084.28,1,1,0,DSL,Credit card (automatic),1,0,1,0,3,155.4,0
CUST-000250,23,Month-to-month,80.42,1910.02,1,0,0,DSL,Mailed check,1,0,1,0,3,81.7,0
CUST-000251,4,Month-to-month,48.22,201.11,1,0,1,DSL,Credit card (automatic),1,0,0,1,5,22.6,1
CUST-000252,3,Month-to-month,93.5,273.08,6,0,0,Fiber optic,Mailed check,1,0,1,0,1,55.7,0
CUST-000253,72,One year,105.4,8042.58,4,1,1,Fiber optic,Mailed check,0,1,1,0,0,156.6,0
CUST-000254,16,One year,51.72,774.72,3,1,0,DSL,Electronic check,1,0,0,0,4,129.0,0
CUST-000255,72,Month-to-month,39.57,2767.41,1,1,0,DSL,Credit card (automatic),1,0,1,1,2,137.7,0
CUST-000256,19,Month-to-month,74.06,1426.93,1,1,0,No,Bank transfer (automatic),1,0,1,0,0,138.5,0
CUST-000257,6,Month-to-month,61.63,348.47,1,1,0,DSL,Mailed check,1,0,1,0,3,63.7,0
CUST-000258,32,Month-to-month,68.4,2087.77,1,0,0,DSL,Bank transfer (automatic),0,1,1,0,3,11.3,0
CUST-000259,52,Two year,106.43,5279.04,0,1,0,Fiber optic,Credit card (automatic),1,1,0,1,0,347.1,0
CUST-000260,48,Two year,97.68,4777.41,1,0,0,DSL,Electronic check,1,0,0,0,5,106.9,0
CUST-000261,56,One year,81.58,4532.17,1,1,0,No,Mailed check,1,0,0,0,1,123.2,0
CUST-000262,13,Month-to-month,78.3,1066.95,1,1,0,DSL,Mailed check,1,0,1,0,1,132.1,0
CUST-000263,72,Month-to-month,52.49,4134.64,2,1,0,No,Electronic check,0,0,1,0,1,102.8,0
CUST-000264,72,Two year,81.33,5934.94,7,1,0,Fiber optic,Mailed check,1,0,1,0,0,79.6,0
CUST-000265,72,Two year,76.36,5357.32,4,1,0,DSL,Credit card (automatic),0,0,0,1,3,179.1,0
CUST-000266,36,Month-to-month,80.92,2966.77,1,1,0,Fiber optic,Electronic check,0,0,1,0,4,59.4,0
CUST-000267,22,One year,76.26,1602.58,3,1,0,No,Credit card (automatic),1,0,0,0,1,57.4,0
CUST-000268,21,Month-to-month,69.61,1457.16,6,0,1,Fiber optic,Credit card (automatic),1,1,0,0,5,94.9,1
CUST-000269,6,Month-to-month,113.23,763.02,1,0,0,DSL,Electronic check,0,0,0,0,4,26.4,0
CUST-000270,19,Two year,69.84,1313.48,1,1,0,No,Mailed check,1,1,1,1,2,28.0,0
CUST-000271,2,Two year,68.2,138.46,2,0,1,DSL,Electronic check,1,1,1,1,0,132.1,1
CUST-000272,5,Two year,52.93,262.51,2,0,1,DSL,Bank transfer (automatic),1,0,1,0,5,163.7,0
CUST-000273,36,Month-to-month,112.83,3978.7,0,0,1,DSL,Mailed check,0,0,1,0,0,155.0,1
CUST-000274,24,Month-to-month,33.67,827.51,5,1,0,No,Bank transfer (automatic),1,0,1,1,4,53.9,0
CUST-000275,35,Two year,47.42,1554.23,1,0,1,DSL,Credit card (automatic),1,0,1,0,5,200.1,0
CUST-000276,50,One year,86.34,4281.13,0,0,0,DSL,Credit card (automatic),1,0,0,0,1,25.1,0
CUST-000277,40,Month-to-month,70.99,2646.87,1,1,1,No,Bank transfer (automatic),1,0,1,0,1,87.8,0
CUST-000278,37,Month-to-month,75.58,3012.41,3,0,1,Fiber optic,Credit card (automatic),0,0,0,0,4,89.0,0
CUST-000279,28,Month-to-month,51.3,1507.3,1,0,0,DSL,Credit card (automatic),1,0,0,0,3,65.2,0
CUST-000280,16,One year,82.73,1272.84,0,0,0,Fiber optic,Bank transfer (automatic),1,0,0,0,2,118.1,1
CUST-000281,9,Two year,67.55,551.54,1,1,0,DSL,Electronic check,1,0,1,1,1,93.8,0
CUST-000282,20,Month-to-month,128.84,2639.98,1,1,1,Fiber optic,Credit card (automatic),0,0,1,0,0,157.7,0
CUST-000283,28,Month-to-month,80.13,2238.74,2,0,0,DSL,Credit card (automatic),1,0,1,0,2,141.1,0
CUST-000284,31,Month-to-month,115.58,3984.95,2,1,1,Fiber optic,Bank transfer (automatic),0,0,1,0,2,101.5,0
CUST-000285,56,One year,79.14,4742.45,1,1,1,Fiber optic,Bank transfer (automatic),1,0,0,0,5,85.0,0
CUST-000286,26,Month-to-month,77.89,2089.45,3,0,0,DSL,Mailed check,0,0,0,0,5,168.4,0
CUST-000287,45,Month-to-month,26.13,1144.79,0,0,1,DSL,Bank transfer (automatic),1,0,0,1,0,168.0,0
CUST-000288,7,One year,94.55,653.19,0,1,1,Fiber optic,Credit card (automatic),1,0,1,0,0,32.4,0
CUST-000289,37,Month-to-month,92.95,3491.1,3,0,0,Fiber optic,Credit card (automatic),1,0,0,1,2,92.1,1
CUST-000290,35,One year,135.54,4828.11,4,0,1,Fiber optic,Electronic check,1,1,1,0,4,117.9,1
CUST-000291,72,One year,128.94,8955.19,1,1,1,Fiber optic,Electronic check,1,0,0,0,5,62.3,0
CUST-000292,25,Month-to-month,58.54,1363.68,0,1,0,No,Mailed check,0,0,0,0,5,41.0,1
CUST-000293,24,One year,44.57,1172.81,5,0,0,No,Mailed check,1,0,0,0,1,91.7,0
CUST-000294,50,One year,45.26,2266.83,0,1,1,No,Credit card (automatic),1,0,0,0,2,71.1,0
CUST-000295,10,One year,82.63,843.83,1,1,0,Fiber optic,Electronic check,1,0,1,1,5,169.6,1
CUST-000296,36,One year,97.54,3360.9,2,1,0,DSL,Credit card (automatic),0,0,1,1,1,38.9,1
CUST-000297,10,Month-to-month,100.37,1072.26,0,0,1,Fiber optic,Bank transfer (automatic),0,0,0,1,3,63.1,0
CUST-000298,72,Month-to-month,77.95,5904.27,0,0,1,DSL,Bank transfer (automatic),0,0,1,0,5,114.6,0
CUST-000299,21,Month-to-month,85.28,1796.3,0,1,0,DSL,Bank transfer (automatic),1,0,0,0,1,181.5,1
CUST-000300,9,Month-to-month,40.15,365.15,0,1,0,DSL,Credit card (automatic),1,0,0,0,0,39.5,0
CUST-000301,19,Month-to-month,72.27,1392.7,2,1,1,Fiber optic,Mailed check,0,0,0,0,5,146.6,0
CUST-000302,36,Month-to-month,103.01,3726.57,1,1,1,Fiber optic,Mailed check,1,0,1,0,2,250.5,0
CUST-000303,44,One year,70.53,3189.89,2,1,0,Fiber optic,Bank transfer (automatic),0,0,0,0,2,159.6,0
CUST-000304,70,Month-to-month,26.84,1914.18,2,0,1,DSL,Mailed check,1,0,1,0,1,134.5,1
CUST-000305,18,Two year,37.94,676.91,3,0,0,No,Mailed check,0,0,1,0,1,81.1,0
CUST-000306,51,One year,116.36,5587.62,5,0,0,Fiber optic,Credit card (automatic),1,0,0,0,0,9.0,1
CUST-000307,5,Month-to-month,55.65,277.9,1,1,0,DSL,Bank transfer (automatic),1,0,1,1,3,92.7,0
CUST-000308,12,One year,70.65,879.6,2,0,1,DSL,Electronic check,1,1,0,0,2,58.8,0
CUST-000309,8,Month-to-month,39.19,324.06,1,1,0,DSL,Bank transfer (automatic),0,0,1,0,1,196.0,0
CUST-000310,15,Two year,74.49,1190.67,2,0,1,No,Electronic check,1,0,0,0,4,111.7,0
CUST-000311,50,Two year,58.26,3119.57,4,0,1,DSL,Mailed check,0,1,0,0,1,40.3,0
CUST-000312,18,Two year,76.15,1418.79,7,0,1,No,Electronic check,0,0,0,0,1,48.5,1
CUST-000313,21,One year,53.05,1124.49,1,0,0,DSL,Electronic check,0,0,0,0,3,19.7,0
CUST-000314,37,Two year,102.61,3861.78,1,0,0,Fiber optic,Mailed check,0,0,1,1,0,53.6,0
CUST-000315,42,One year,51.82,2113.94,7,0,1,DSL,Bank transfer (automatic),1,1,0,1,0,37.7,1
CUST-000316,21,Two year,87.99,1921.63,1,0,1,Fiber optic,Mailed check,0,0,0,0,4,172.2,1
CUST-000317,12,Month-to-month,83.21,1064.61,5,1,0,Fiber optic,Electronic check,0,0,0,1,4,19.4,0
CUST-000318,72,Two year,65.66,4973.74,1,0,1,DSL,Electronic check,1,0,0,0,0,146.1,0
CUST-000319,22,One year,71.98,1627.61,2,0,1,No,Electronic check,1,0,0,0,2,96.4,1
CUST-000320,23,Month-to-month,77.63,1764.01,1,0,0,Fiber optic,Bank transfer (automatic),0,0,1,1,0,121.9,0
CUST-000321,26,Two year,62.01,1583.56,8,1,0,DSL,Electronic check,1,0,1,0,5,71.0,0
CUST-000322,46,One year,94.66,4319.57,1,1,0,Fiber optic,Bank transfer (automatic),0,0,0,0,3,296.5,0
CUST-000323,7,Two year,77.69,523.98,1,0,1,DSL,Mailed check,1,1,1,1,2,101.3,0
CUST-000324,72,Month-to-month,63.1,4605.6,1,0,0,No,Electronic check,1,0,0,1,2,106.7,0
CUST-000325,23,One year,67.82,1341.75,6,1,0,Fiber optic,Bank transfer (automatic),1,0,1,0,0,227.5,0
CUST-000326,47,One year,67.16,3071.49,1,1,0,DSL,Bank transfer (automatic),1,0,0,1,4,135.0,0
CUST-000327,9,Month-to-month,81.76,738.35,0,0,0,DSL,Bank transfer (automatic),0,0,1,0,5,48.2,0
CUST-000328,34,One year,31.67,1211.47,0,1,0,DSL,Mailed check,1,0,1,0,2,154.2,0
CUST-000329,72,One year,31.96,2301.63,3,1,0,No,Mailed check,1,0,0,1,1,146.3,0
CUST-000330,72,Month-to-month,48.44,3494.88,1,1,1,DSL,Bank transfer (automatic),1,1,0,0,0,51.9,0
CUST-000331,46,One year,60.19,2653.35,1,1,0,DSL,Credit card (automatic),1,0,0,0,3,60.1,1
CUST-000332,14,Month-to-month,15.0,228.06,0,1,1,No,Mailed check,1,0,0,1,0,64.8,0
CUST-000333,68,Two year,79.35,5176.36,1,0,1,DSL,Bank transfer (automatic),1,0,0,0,5,73.9,1
CUST-000334,5,Two year,60.44,332.92,5,1,1,DSL,Mailed check,1,0,1,0,3,139.1,1
CUST-000335,14,Month-to-month,31.22,420.91,1,0,0,Fiber optic,Credit card (automatic),0,0,1,0,3,34.8,0
CUST-000336,28,Month-to-month,37.17,1089.76,0,0,0,DSL,Electronic check,1,0,0,1,1,76.6,0
CUST-000337,6,Month-to-month,57.49,343.96,1,1,1,No,Mailed check,1,0,0,0,0,60.6,1
CUST-000338,19,Month-to-month,45.69,843.7,3,1,1,Fiber optic,Mailed check,1,0,0,0,2,95.5,0
CUST-000339,52,Two year,89.26,4875.82,0,1,0,DSL,Bank transfer (automatic),1,0,1,0,5,29.7,0
CUST-000340,16,Month-to-month,94.67,1615.34,1,0,0,Fiber optic,Bank transfer (automatic),1,0,1,0,1,170.1,1
CUST-000341,54,Month-to-month,81.95,4384.25,0,0,0,DSL,Bank transfer (automatic),0,0,1,1,2,124.7,0
CUST-000342,72,Month-to-month,64.27,4621.84,5,1,0,Fiber optic,Bank transfer (automatic),1,0,1,0,4,65.2,0
CUST-000343,40,One year,100.28,3928.45,9,0,0,Fiber optic,Mailed check,1,0,1,0,4,107.4,0
CUST-000344,53,Two year,73.48,3938.07,0,0,1,Fiber optic,Electronic check,0,0,1,0,4,162.0,0
CUST-000345,70,Month-to-month,85.19,5636.91,1,1,1,Fiber optic,Credit card (automatic),0,1,0,1,2,62.1,0
CUST-000346,21,Month-to-month,98.82,1795.75,7,0,0,Fiber optic,Mailed check,1,0,1,0,1,97.6,1
CUST-000347,52,Month-to-month,63.25,2981.44,1,0,1,DSL,Electronic check,1,0,0,0,3,102.8,0
CUST-000348,21,Month-to-month,85.21,1769.63,1,1,0,No,Electronic check,1,0,1,0,3,155.4,0
CUST-000349,38,Month-to-month,68.48,2463.04,1,0,0,DSL,Mailed check,0,0,1,1,5,218.0,0
CUST-000350,58,One year,53.42,3080.14,2,1,0,No,Mailed check,0,0,1,1,0,93.1,1
CUST-000351,15,Month-to-month,111.07,1623.36,0,1,1,Fiber optic,Bank transfer (automatic),1,0,0,0,1,168.2,0
CUST-000352,2,Month-to-month,91.34,176.23,1,0,0,DSL,Bank transfer (automatic),1,1,1,1,2,114.5,1
CUST-000353,13,One year,92.19,1159.59,1,0,0,Fiber optic,Electronic check,1,1,1,0,3,49.1,0
CUST-000354,64,One year,98.4,6602.15,1,1,1,No,Electronic check,1,0,0,1,3,71.7,0
CUST-000355,12,Month-to-month,59.11,717.66,2,1,1,No,Credit card (automatic),0,0,1,0,1,133.4,1
CUST-000356,62,Month-to-month,86.8,5802.7,9,1,0,Fiber optic,Credit card (automatic),1,0,1,0,0,117.5,1
CUST-000357,13,One year,90.11,1177.48,1,1,0,Fiber optic,Credit card (automatic),1,1,0,0,3,269.6,0
CUST-000358,25,Month-to-month,86.76,1961.87,5,1,0,Fiber optic,Electronic check,1,0,0,0,1,115.1,0
CUST-000359,30,Two year,57.24,1627.58,1,0,0,DSL,Credit card (automatic),0,1,1,0,3,41.3,0
CUST-000360,12,Two year,72.13,870.54,1,0,0,Fiber optic,Credit card (automatic),1,1,0,0,0,156.1,1
CUST-000361,25,Two year,40.15,1015.89,2,0,1,DSL,Mailed check,1,0,1,0,3,162.3,0
CUST-000362,6,Month-to-month,67.77,394.71,0,0,0,No,Bank transfer (automatic),1,0,0,0,1,75.9,1
CUST-000363,23,Month-to-month,119.96,2649.3,1,0,0,Fiber optic,Electronic check,1,0,1,1,1,150.9,1
CUST-000364,28,Two year,110.36,2996.15,2,1,0,Fiber optic,Bank transfer (automatic),1,0,1,0,3,275.4,0
CUST-000365,2,Month-to-month,99.7,197.96,1,0,0,Fiber optic,Credit card (automatic),1,0,0,0,2,207.3,1
CUST-000366,13,Month-to-month,96.23,1247.92,1,0,0,DSL,Mailed check,0,1,1,0,4,55.1,1
CUST-000367,37,One year,65.48,2289.77,1,1,1,DSL,Electronic check,0,0,0,1,3,97.4,0
CUST-000368,11,Month-to-month,40.28,448.54,2,0,0,DSL,Mailed check,1,0,1,0,5,128.5,1
CUST-000369,42,One year,56.26,2390.92,2,0,1,DSL,Bank transfer (automatic),1,1,0,0,5,30.3,0
CUST-000370,45,Two year,63.48,2840.9,1,1,0,DSL,Bank transfer (automatic),1,0,0,0,5,181.3,0
CUST-000371,37,One year,77.19,2757.36,1,0,0,Fiber optic,Mailed check,1,0,1,0,3,151.3,1
CUST-000372,52,Month-to-month,105.25,5656.78,7,0,1,Fiber optic,Credit card (automatic),1,0,0,0,0,54.5,1
CUST-000373,6,Two year,113.39,725.37,4,1,1,Fiber optic,Electronic check,0,0,0,1,0,159.6,1
CUST-000374,60,One year,21.7,1272.82,2,1,0,No,Electronic check,1,0,1,0,1,163.8,0
CUST-000375,12,Month-to-month,61.36,713.18,0,1,0,No,Electronic check,1,0,0,0,0,127.8,0
CUST-000376,32,One year,15.0,491.18,1,1,1,DSL,Credit card (automatic),1,1,1,0,4,188.9,0
CUST-000377,72,Month-to-month,87.71,5945.5,0,1,0,Fiber optic,Credit card (automatic),1,0,1,0,4,164.6,1
CUST-000378,22,Month-to-month,62.43,1285.79,0,1,1,No,Credit card (automatic),1,0,0,0,5,39.8,0
CUST-000379,30,One year,109.41,3175.82,1,1,1,DSL,Credit card (automatic),1,0,1,1,0,74.6,0
CUST-000380,12,Month-to-month,126.91,1546.49,0,0,1,Fiber optic,Mailed check,1,0,1,0,3,94.5,1
CUST-000381,72,Month-to-month,88.31,6078.41,0,0,0,No,Mailed check,0,1,0,0,1,65.3,0
CUST-000382,13,One year,66.01,857.33,1,1,0,Fiber optic,Bank transfer (automatic),1,1,0,0,2,142.7,0
CUST-000383,47,Month-to-month,39.56,1672.52,3,0,0,No,Mailed check,1,1,0,1,3,20.8,0
CUST-000384,69,Month-to-month,37.6,2674.41,1,0,1,No,Bank transfer (automatic),0,1,1,1,4,53.2,1
CUST-000385,51,Month-to-month,103.17,5640.63,1,1,0,DSL,Electronic check,1,0,0,1,5,147.5,0
CUST-000386,39,One year,67.24,2503.06,0,1,0,Fiber optic,Mailed check,1,0,1,1,2,133.1,0
CUST-000387,32,Two year,55.36,1810.86,0,0,0,No,Mailed check,1,0,1,0,3,189.1,0
CUST-000388,9,Month-to-month,42.51,378.61,1,1,0,DSL,Electronic check,1,1,1,0,5,391.7,1
CUST-000389,72,One year,33.55,2428.42,0,1,0,DSL,Credit card (automatic),1,0,1,0,2,118.4,0
CUST-000390,36,Month-to-month,73.32,2607.07,3,1,1,DSL,Electronic check,1,0,0,0,3,80.6,0
CUST-000391,30,Month-to-month,93.83,2772.18,4,0,1,Fiber optic,Credit card (automatic),0,0,0,0,3,55.5,1
CUST-000392,11,Month-to-month,34.39,362.53,0,1,0,Fiber optic,Electronic check,1,0,1,1,2,94.2,1
CUST-000393,31,Month-to-month,32.45,950.98,2,1,0,No,Credit card (automatic),1,0,1,0,5,89.9,1
CUST-000394,29,Month-to-month,71.38,2183.81,4,0,0,DSL,Bank transfer (automatic),1,0,0,0,0,65.6,1
CUST-000395,72,One year,88.19,5816.61,0,1,0,Fiber optic,Electronic check,1,0,1,0,5,89.9,0
CUST-000396,30,One year,54.98,1647.86,1,0,0,DSL,Electronic check,0,0,0,0,1,189.5,0
CUST-000397,31,Two year,80.14,2476.38,1,1,1,No,Mailed check,1,1,1,0,5,41.2,0
CUST-000398,11,Two year,53.92,591.73,1,0,1,Fiber optic,Credit card (automatic),1,0,0,1,3,44.3,0
CUST-000399,16,Month-to-month,75.13,1242.04,4,0,0,Fiber optic,Electronic check,0,0,0,0,5,234.2,1
CUST-000400,44,Month-to-month,77.95,3366.22,1,0,1,DSL,Electronic check,1,1,1,1,5,59.5,1
CUST-000401,5,Month-to-month,48.77,251.81,2,0,1,DSL,Bank transfer (automatic),1,0,1,0,4,153.3,0
CUST-000402,60,Month-to-month,72.81,4802.38,0,1,0,DSL,Bank transfer (automatic),0,0,1,1,5,129.8,0
CUST-000403,61,Two year,36.34,2199.87,1,0,0,No,Mailed check,1,0,0,1,2,100.7,0
CUST-000404,14,Month-to-month,44.4,558.45,0,0,0,DSL,Electronic check,1,0,1,0,0,78.0,0
CUST-000405,39,Month-to-month,20.45,791.87,1,1,1,No,Bank transfer (automatic),1,1,1,0,5,64.9,0
CUST-000406,71,Month-to-month,15.0,1052.18,2,0,0,DSL,Electronic check,0,0,1,0,1,126.5,0
CUST-000407,27,Two year,78.1,2151.09,1,0,1,Fiber optic,Bank transfer (automatic),1,0,0,1,2,150.1,0
CUST-000408,23,Month-to-month,76.25,1578.9,3,0,1,DSL,Electronic check,1,0,0,1,3,102.5,1
CUST-000409,26,One year,62.13,1641.59,1,0,1,DSL,Credit card (automatic),1,0,1,1,3,111.8,0
CUST-000410,36,Month-to-month,119.01,4194.08,0,0,0,Fiber optic,Bank transfer (automatic),0,0,0,0,1,132.5,0
CUST-000411,18,Month-to-month,80.18,1501.17,1,1,0,Fiber optic,Bank transfer (automatic),1,0,1,0,1,53.7,1
CUST-000412,22,Month-to-month,37.0,792.9,2,1,0,Fiber optic,Credit card (automatic),1,0,1,0,2,59.9,0
CUST-000413,37,One year,98.6,3806.53,3,0,0,Fiber optic,Credit card (automatic),0,0,1,1,5,39.4,0
CUST-000414,20,One year,38.04,703.33,0,1,0,DSL,Credit card (automatic),1,0,1,1,1,277.2,0
CUST-000415,10,Month-to-month,93.15,932.33,0,1,1,Fiber optic,Bank transfer (automatic),1,0,1,0,0,74.8,0
CUST-000416,4,Month-to-month,32.86,125.05,0,1,1,Fiber optic,Credit card (automatic),1,0,0,1,3,124.9,0
CUST-000417,31,Month-to-month,58.12,1757.75,2,1,1,DSL,Electronic check,0,0,1,1,2,65.4,0
CUST-000418,68,Month-to-month,107.57,8309.6,9,1,1,Fiber optic,Credit card (automatic),0,0,0,0,0,100.3,1
CUST-000419,40,Month-to-month,79.51,3029.4,0,0,0,DSL,Bank transfer (automatic),1,0,1,0,2,88.4,0
CUST-000420,11,Month-to-month,58.73,633.99,2,0,1,DSL,Bank transfer (automatic),1,0,1,1,1,87.8,1
CUST-000421,16,One year,63.72,961.22,8,0,0,DSL,Credit card (automatic),1,0,1,1,0,122.3,1
CUST-000422,23,Two year,77.57,1756.72,0,1,1,Fiber optic,Bank transfer (automatic),1,0,1,0,3,231.6,0
CUST-000423,72,One year,57.54,4111.82,0,0,0,DSL,Bank transfer (automatic),1,0,1,0,4,59.9,0
CUST-000424,72,One year,80.67,5594.91,2,0,0,No,Credit card (automatic),1,0,1,0,0,57.8,0
CUST-000425,72,Two year,71.25,5534.34,1,0,1,Fiber optic,Bank transfer (automatic),1,1,0,1,3,166.9,0
CUST-000426,33,Two year,48.7,1699.92,2,1,0,DSL,Electronic check,0,0,1,0,3,221.0,0
CUST-000427,72,Month-to-month,50.51,3464.56,7,1,0,Fiber optic,Electronic check,1,0,1,0,5,158.0,0
CUST-000428,16,Month-to-month,81.17,1351.75,1,0,1,DSL,Bank transfer (automatic),0,0,0,0,2,122.0,1
CUST-000429,22,Month-to-month,57.0,1223.9,1,0,0,DSL,Electronic check,0,1,1,0,0,131.6,1
CUST-000430,56,Two year,33.43,1757.01,0,1,1,No,Bank transfer (automatic),0,0,1,1,0,67.4,0
CUST-000431,37,Month-to-month,110.56,3943.89,1,0,0,Fiber optic,Credit card (automatic),0,0,0,0,0,72.2,0
CUST-000432,39,Month-to-month,62.47,2283.33,0,0,0,DSL,Electronic check,0,0,0,0,4,200.2,1
CUST-000433,12,Month-to-month,45.08,566.42,1,0,1,No,Credit card (automatic),0,0,1,1,4,273.9,0
CUST-000434,29,One year,85.95,2383.33,1,0,0,No,Bank transfer (automatic),1,0,1,0,3,123.9,0
CUST-000435,17,One year,80.1,1449.4,0,0,1,Fiber optic,Credit card (automatic),0,1,1,1,4,71.7,0
CUST-000436,8,One year,49.4,397.98,0,0,1,Fiber optic,Electronic check,0,0,0,0,5,267.4,0
CUST-000437,18,One year,112.6,1985.9,4,1,1,Fiber optic,Mailed check,1,0,1,0,4,111.6,0
CUST-000438,37,Two year,67.64,2439.85,2,0,0,Fiber optic,Bank transfer (automatic),0,0,1,0,4,237.3,0
CUST-000439,50,Month-to-month,150.0,8157.24,3,1,1,Fiber optic,Credit card (automatic),0,0,0,0,4,62.1,1
CUST-000440,4,Two year,52.5,210.11,3,1,0,No,Credit card (automatic),0,0,0,0,2,118.5,0
CUST-000441,30,One year,38.25,1118.56,1,0,1,Fiber optic,Credit card (automatic),1,0,1,0,1,101.6,0
CUST-000442,28,Month-to-month,107.5,3138.44,2,0,0,DSL,Electronic check,0,0,1,0,4,40.0,1
CUST-000443,36,Two year,62.23,2305.87,2,1,0,DSL,Mailed check,0,0,1,0,5,163.6,0
CUST-000444,11,Two year,95.04,993.79,1,0,1,Fiber optic,Bank transfer (automatic),1,0,0,0,4,106.0,1
CUST-000445,11,Two year,73.18,805.19,2,0,0,DSL,Electronic check,0,0,1,0,4,93.7,0
CUST-000446,69,Two year,29.62,1858.95,2,0,1,DSL,Credit card (automatic),1,1,1,0,1,331.3,0
CUST-000447,15,Month-to-month,34.47,516.19,0,1,0,Fiber optic,Bank transfer (automatic),0,1,0,1,3,66.3,0
CUST-000448,21,Month-to-month,112.48,2399.19,6,0,1,No,Credit card (automatic),0,0,1,1,4,75.8,0
CUST-000449,23,Month-to-month,24.56,577.53,0,1,0,DSL,Credit card (automatic),1,0,1,0,0,79.5,0
CUST-000450,17,Two year,104.59,1689.18,0,0,1,DSL,Electronic check,1,0,0,0,2,174.3,0
CUST-000451,43,Two year,76.8,3180.45,0,1,1,No,Mailed check,0,0,0,0,0,58.4,0
CUST-000452,40,Two year,93.02,3766.83,3,0,0,Fiber optic,Bank transfer (automatic),1,0,1,0,0,100.0,0
CUST-000453,27,Two year,76.94,2207.27,6,0,1,Fiber optic,Credit card (automatic),1,1,1,0,3,32.4,1
CUST-000454,18,One year,146.37,2646.79,1,1,1,Fiber optic,Bank transfer (automatic),1,0,1,0,3,63.6,1
CUST-000455,25,Month-to-month,71.33,1733.49,0,1,1,Fiber optic,Electronic check,0,1,0,0,1,254.6,0
CUST-000456,32,Month-to-month,47.02,1577.63,0,0,1,DSL,Bank transfer (automatic),1,0,1,0,5,81.9,0
CUST-000457,16,Month-to-month,105.47,1698.41,0,0,0,Fiber optic,Electronic check,1,0,1,0,3,249.6,1
CUST-000458,45,One year,71.82,3260.78,2,1,1,Fiber optic,Mailed check,0,0,0,0,0,120.3,0
CUST-000459,59,Month-to-month,38.36,2353.51,2,0,0,DSL,Credit card (automatic),1,0,0,0,1,208.4,0
CUST-000460,72,Two year,62.22,4458.27,1,0,0,DSL,Electronic check,1,1,1,0,2,59.7,0
CUST-000461,72,One year,105.86,7266.2,1,1,0,Fiber optic,Electronic check,0,0,0,0,2,91.4,0
CUST-000462,23,Month-to-month,135.66,3096.06,2,0,1,Fiber optic,Mailed check,1,1,0,0,2,86.7,1
CUST-000463,33,Two year,140.76,4903.38,5,1,0,Fiber optic,Credit card (automatic),1,0,1,0,2,99.3,1
CUST-000464,26,One year,43.91,1249.7,6,0,0,Fiber optic,Electronic check,1,1,0,1,4,144.2,0
CUST-000465,26,One year,114.74,2801.45,3,0,1,Fiber optic,Electronic check,1,0,1,0,0,252.9,1
CUST-000466,25,Month-to-month,39.08,1056.98,2,0,0,DSL,Mailed check,1,0,0,0,5,202.6,1
CUST-000467,30,Month-to-month,40.33,1187.7,1,0,0,No,Bank transfer (automatic),0,1,1,0,4,49.2,1
CUST-000468,66,Month-to-month,50.2,3316.59,2,0,1,No,Electronic check,0,0,0,1,0,184.1,0
CUST-000469,38,Month-to-month,48.61,2004.18,2,1,1,DSL,Credit card (automatic),0,0,1,0,0,207.3,0
CUST-000470,10,One year,61.95,606.81,0,0,0,Fiber optic,Credit card (automatic),0,0,1,1,2,45.1,0
CUST-000471,58,Two year,15.0,858.06,1,0,0,DSL,Bank transfer (automatic),1,0,0,0,2,110.1,0
CUST-000472,35,Two year,99.87,3383.11,0,1,0,No,Electronic check,1,0,1,0,4,47.0,1
CUST-000473,43,Month-to-month,111.17,4789.36,7,1,1,Fiber optic,Bank transfer (automatic),1,0,1,0,1,153.5,0
CUST-000474,37,Two year,88.3,3318.03,0,0,0,Fiber optic,Electronic check,1,0,0,0,1,24.8,0
CUST-000475,39,Month-to-month,39.53,1488.71,3,0,0,No,Mailed check,0,0,0,0,3,57.9,0
CUST-000476,40,Month-to-month,119.6,5130.93,0,0,0,Fiber optic,Credit card (automatic),0,0,1,1,3,116.1,0
CUST-000477,5,One year,62.13,299.04,0,1,1,DSL,Electronic check,1,1,0,0,2,110.9,0
CUST-000478,43,Two year,74.34,3276.28,0,1,0,Fiber optic,Electronic check,0,1,1,0,4,64.5,0
CUST-000479,16,Two year,47.62,762.93,2,1,1,Fiber optic,Electronic check,1,0,1,1,3,74.9,0
CUST-000480,20,Two year,77.18,1639.59,2,1,1,DSL,Electronic check,1,0,0,0,3,13.7,0
CUST-000481,30,Month-to-month,80.37,2314.18,0,0,0,Fiber optic,Electronic check,1,0,1,0,2,127.3,1
CUST-000482,72,Month-to-month,95.25,7054.32,1,1,0,Fiber optic,Mailed check,1,0,0,0,5,200.4,0
CUST-000483,12,Month-to-month,92.94,1250.29,2,1,1,Fiber optic,Credit card (automatic),0,1,0,1,0,33.7,1
CUST-000484,29,One year,79.62,2142.55,1,1,0,No,Electronic check,1,0,0,0,5,104.9,0
CUST-000485,24,Month-to-month,94.17,2158.31,4,1,0,Fiber optic,Mailed check,1,1,0,1,4,81.5,1
CUST-000486,57,Month-to-month,81.11,5105.01,0,0,0,Fiber optic,Credit card (automatic),1,0,0,0,1,82.3,0
CUST-000487,24,Month-to-month,102.6,2445.88,4,1,0,Fiber optic,Bank transfer (automatic),1,0,0,0,1,143.7,1
CUST-000488,35,One year,87.51,3080.25,1,0,0,DSL,Credit card (automatic),0,0,0,0,1,176.9,0
CUST-000489,12,One year,102.4,1208.39,1,0,0,DSL,Mailed check,1,0,1,1,4,84.2,0
CUST-000490,64,Month-to-month,35.73,2475.85,2,1,0,No,Electronic check,1,0,1,1,0,87.5,0
CUST-000491,8,Month-to-month,116.55,857.17,0,0,0,Fiber optic,Electronic check,0,0,0,0,3,37.9,0
CUST-000492,42,One year,49.05,2187.52,0,1,1,Fiber optic,Credit card (automatic),1,0,1,0,5,21.2,0
CUST-000493,36,One year,89.11,2970.97,0,1,1,DSL,Credit card (automatic),1,1,1,0,3,167.7,0
CUST-000494,40,Month-to-month,48.98,1805.7,1,1,0,DSL,Mailed check,0,0,0,1,5,190.3,0
CUST-000495,8,Month-to-month,84.79,641.45,3,1,0,DSL,Mailed check,1,1,1,1,5,131.7,1
CUST-000496,24,Two year,126.07,3006.34,6,1,1,Fiber optic,Mailed check,1,0,1,1,1,210.7,0
CUST-000497,55,One year,94.48,5010.81,5,1,0,Fiber optic,Electronic check,1,0,0,0,1,64.0,1
CUST-000498,72,Month-to-month,63.82,4417.3,0,1,1,DSL,Electronic check,1,0,1,1,4,16.3,0
CUST-000499,28,One year,87.54,2337.44,1,1,0,Fiber optic,Credit card (automatic),1,0,0,1,3,156.9,1
CUST-000500,52,One year,53.24,2642.47,9,0,0,No,Electronic check,1,1,0,0,4,51.9,1
CUST-000501,33,Month-to-month,93.11,2929.32,2,1,1,No,Mailed check,1,0,0,0,5,125.8,0
CUST-000502,29,Month-to-month,62.31,1828.21,2,0,1,No,Bank transfer (automatic),1,0,1,0,3,145.4,1
CUST-000503,21,Two year,35.62,724.24,0,1,1,Fiber optic,Mailed check,0,0,1,0,5,70.4,0
CUST-000504,30,Month-to-month,112.1,2914.85,1,1,0,Fiber optic,Credit card (automatic),0,0,0,1,1,70.1,0
CUST-000505,48,Month-to-month,110.79,5308.0,0,0,0,Fiber optic,Electronic check,1,0,0,1,5,94.2,1
CUST-000506,51,One year,66.08,3496.36,0,1,0,DSL,Credit card (automatic),1,1,1,0,2,130.7,0
CUST-000507,9,Month-to-month,45.29,401.93,0,1,1,No,Electronic check,0,0,0,0,5,31.2,0
CUST-000508,20,One year,60.99,1142.9,0,1,1,Fiber optic,Electronic check,1,0,0,0,4,74.0,0
CUST-000509,12,Month-to-month,70.37,875.9,2,0,0,Fiber optic,Bank transfer (automatic),1,0,0,0,4,61.5,0
CUST-000510,31,Month-to-month,69.97,2020.21,0,1,1,DSL,Credit card (automatic),0,0,0,1,3,66.8,0
CUST-000511,23,Month-to-month,18.91,427.95,0,1,0,DSL,Mailed check,0,0,0,0,1,230.9,0
CUST-000512,39,Two year,75.61,2945.57,3,0,1,No,Electronic check,1,0,1,0,4,59.7,1
CUST-000513,41,One year,66.81,2887.01,5,0,0,DSL,Mailed check,0,0,1,0,1,80.3,0
CUST-000514,3,Two year,97.18,299.96,0,1,0,DSL,Electronic check,1,1,1,1,0,62.1,0
CUST-000515,30,Month-to-month,107.53,3264.36,6,1,1,Fiber optic,Credit card (automatic),0,0,0,0,3,87.2,1
CUST-000516,67,One year,71.92,5042.85,1,1,1,Fiber optic,Credit card (automatic),0,1,1,0,1,31.7,0
CUST-000517,20,Month-to-month,22.73,428.28,0,1,1,DSL,Bank transfer (automatic),0,0,1,1,4,92.8,0
CUST-000518,19,One year,44.47,911.68,2,0,0,DSL,Mailed check,1,0,0,0,4,136.5,1
CUST-000519,59,Month-to-month,124.53,6221.29,1,1,0,Fiber optic,Bank transfer (automatic),1,0,1,0,1,101.1,0
CUST-000520,53,One year,72.36,4108.86,0,0,0,No,Bank transfer (automatic),0,0,1,1,3,129.7,0
CUST-000521,13,Month-to-month,104.93,1306.71,1,1,0,Fiber optic,Electronic check,1,0,1,1,4,106.8,1
CUST-000522,49,Month-to-month,74.27,3708.41,0,0,0,Fiber optic,Mailed check,1,0,0,0,3,110.9,0
CUST-000523,16,One year,77.12,1323.28,3,1,0,DSL,Bank transfer (automatic),0,1,0,0,3,125.9,0
CUST-000524,19,Month-to-month,52.0,1015.71,0,1,1,Fiber optic,Credit card (automatic),0,1,0,1,3,148.6,0
CUST-000525,13,Month-to-month,113.38,1501.39,1,0,1,Fiber optic,Mailed check,1,0,1,0,0,121.7,1
CUST-000526,9,Two year,36.11,339.07,0,0,0,No,Credit card (automatic),1,0,0,1,0,80.0,1
CUST-000527,33,Month-to-month,40.64,1241.88,0,1,1,Fiber optic,Credit card (automatic),1,0,1,1,4,289.5,0
CUST-000528,8,One year,121.56,907.81,0,1,0,DSL,Credit card (automatic),0,0,0,1,5,80.2,1
CUST-000529,34,Two year,68.37,2356.12,1,1,0,DSL,Credit card (automatic),0,0,1,0,0,129.8,0
CUST-000530,33,One year,67.68,2211.37,0,1,0,No,Electronic check,1,0,1,1,1,88.6,0
CUST-000531,27,Month-to-month,18.25,485.04,1,0,0,DSL,Mailed check,1,0,1,0,0,82.1,0
CUST-000532,21,One year,105.56,2354.0,1,1,0,Fiber optic,Credit card (automatic),1,0,0,1,3,117.7,1
CUST-000533,17,Month-to-month,112.15,2016.32,0,1,0,Fiber optic,Credit card (automatic),1,0,0,1,5,51.5,0
CUST-000534,11,Month-to-month,60.02,629.83,4,0,0,DSL,Electronic check,0,0,0,0,1,314.3,0
CUST-000535,72,One year,112.25,8260.78,6,0,1,Fiber optic,Bank transfer (automatic),0,0,0,0,1,160.2,0
CUST-000536,26,Two year,119.26,2858.23,2,1,0,Fiber optic,Credit card (automatic),0,0,0,0,2,107.6,0
CUST-000537,25,Month-to-month,78.14,1798.36,2,1,0,No,Electronic check,1,0,1,1,3,76.5,0
CUST-000538,13,Month-to-month,15.0,186.29,6,0,1,DSL,Mailed check,1,0,0,0,0,186.8,1
CUST-000539,72,One year,36.21,2600.21,1,1,0,DSL,Mailed check,0,0,0,0,0,101.2,0
CUST-000540,18,Month-to-month,107.17,1866.07,1,0,0,DSL,Mailed check,0,0,0,0,0,96.5,1
CUST-000541,36,One year,67.06,2468.63,3,0,0,DSL,Bank transfer (automatic),1,0,1,0,3,10.8,0
CUST-000542,41,Month-to-month,92.17,3776.07,2,0,1,Fiber optic,Electronic check,1,0,0,0,4,84.0,0
CUST-000543,33,Month-to-month,69.21,2411.16,2,1,0,Fiber optic,Credit card (automatic),1,0,1,0,3,80.5,0
CUST-000544,8,One year,49.06,403.19,1,0,0,DSL,Electronic check,0,0,1,1,0,44.9,1
CUST-000545,48,Two year,94.82,4315.02,2,1,0,No,Credit card (automatic),0,0,1,0,1,49.0,0
CUST-000546,18,Month-to-month,102.46,1927.33,1,0,1,DSL,Electronic check,0,0,0,1,4,234.1,1
CUST-000547,53,Two year,109.93,5575.19,1,0,0,Fiber optic,Credit card (automatic),1,0,1,0,0,73.4,0
CUST-000548,28,Month-to-month,78.79,2251.51,5,1,0,No,Mailed check,0,0,0,1,3,48.0,1
CUST-000549,43,Month-to-month,105.67,4431.97,2,0,0,Fiber optic,Bank transfer (automatic),1,0,1,0,1,97.8,1
CUST-000550,69,Month-to-month,63.24,4652.45,0,0,0,DSL,Electronic check,1,0,0,0,3,146.9,0
CUST-000551,47,Month-to-month,34.91,1700.76,2,1,1,No,Bank transfer (automatic),1,0,0,0,0,91.6,0
CUST-000552,44,One year,54.51,2315.38,1,0,1,Fiber optic,Electronic check,1,0,0,0,2,157.5,0
CUST-000553,49,Month-to-month,97.87,4703.07,2,0,0,DSL,Electronic check,1,0,1,0,4,222.8,1
CUST-000554,15,Month-to-month,64.18,1120.07,2,1,1,DSL,Bank transfer (automatic),1,0,0,0,3,101.1,0
CUST-000555,54,Month-to-month,76.93,3892.31,2,1,1,No,Electronic check,1,0,0,0,2,81.4,0
CUST-000556,24,Two year,70.27,1625.77,2,1,0,DSL,Credit card (automatic),0,0,0,0,0,273.6,0
CUST-000557,25,Two year,71.54,1728.49,5,0,0,No,Bank transfer (automatic),0,0,1,0,4,176.1,0
CUST-000558,32,Month-to-month,73.62,2219.33,8,1,0,DSL,Electronic check,1,1,1,0,2,166.6,0
CUST-000559,22,Month-to-month,82.44,1718.11,2,0,1,DSL,Credit card (automatic),1,0,1,0,1,62.3,1
CUST-000560,12,Two year,45.81,546.73,1,0,0,No,Electronic check,0,0,1,0,1,78.4,0
CUST-000561,30,Month-to-month,94.56,2904.39,1,1,1,No,Credit card (automatic),1,1,0,0,0,196.6,0
CUST-000562,25,Two year,46.56,1071.28,1,1,0,DSL,Mailed check,0,0,1,1,5,28.1,0
CUST-000563,24,One year,70.99,1661.04,2,0,0,DSL,Bank transfer (automatic),0,0,0,0,2,209.0,1
CUST-000564,28,Two year,60.43,1624.02,5,0,0,Fiber optic,Credit card (automatic),1,0,1,0,3,129.7,1
CUST-000565,3,Month-to-month,85.83,242.42,0,1,0,Fiber optic,Electronic check,0,0,0,0,0,48.2,1
CUST-000566,24,Month-to-month,73.5,1851.83,1,1,1,Fiber optic,Bank transfer (automatic),1,0,1,0,1,33.0,0
CUST-000567,72,Month-to-month,65.61,4543.23,0,1,1,DSL,Electronic check,0,0,0,1,5,131.0,0
CUST-000568,71,Month-to-month,83.39,5515.15,1,0,0,No,Bank transfer (automatic),0,0,1,1,3,174.9,1
CUST-000569,31,Month-to-month,66.9,2165.17,1,1,0,DSL,Electronic check,0,0,1,0,4,47.9,1
CUST-000570,30,Two year,114.02,3634.6,1,0,1,DSL,Electronic check,1,1,1,0,1,135.3,0
CUST-000571,2,Month-to-month,84.9,171.82,1,1,0,DSL,Electronic check,0,1,0,0,3,113.7,1
CUST-000572,19,Month-to-month,59.29,1073.52,1,1,0,DSL,Bank transfer (automatic),1,0,0,0,1,73.3,1
CUST-000573,49,Month-to-month,87.85,4244.89,1,1,0,Fiber optic,Credit card (automatic),1,1,0,0,2,91.4,0
CUST-000574,22,Month-to-month,74.44,1584.04,1,0,0,DSL,Credit card (automatic),1,1,1,0,4,83.0,1
CUST-000575,61,Month-to-month,107.61,6548.0,0,0,1,Fiber optic,Bank transfer (automatic),1,0,0,1,2,158.1,0
CUST-000576,58,Month-to-month,59.15,3553.5,1,0,1,Fiber optic,Credit card (automatic),1,0,1,0,3,53.0,0
CUST-000577,19,One year,80.92,1535.54,1,0,0,DSL,Credit card (automatic),1,0,1,0,0,29.0,0
CUST-000578,33,Two year,34.8,1148.2,2,0,1,No,Bank transfer (automatic),0,0,0,0,2,68.2,0
CUST-000579,72,Month-to-month,103.5,7260.82,4,0,0,Fiber optic,Electronic check,0,0,0,0,3,180.2,1
CUST-000580,8,One year,92.5,764.6,1,0,1,DSL,Bank transfer (automatic),0,0,1,0,1,69.5,0
CUST-000581,22,Month-to-month,72.49,1624.15,2,0,1,DSL,Electronic check,1,1,1,1,1,298.6,0
CUST-000582,7,Month-to-month,31.86,202.52,0,0,0,Fiber optic,Credit card (automatic),0,0,1,1,0,64.6,0
CUST-000583,14,Two year,45.44,579.49,4,0,0,Fiber optic,Mailed check,1,0,1,1,1,59.3,0
CUST-000584,72,Two year,104.07,7368.79,0,0,1,Fiber optic,Electronic check,1,0,0,1,1,149.1,1
CUST-000585,22,Month-to-month,28.66,661.12,1,1,1,Fiber optic,Credit card (automatic),1,0,0,0,3,211.6,0
CUST-000586,4,Month-to-month,80.25,339.72,0,1,0,DSL,Electronic check,1,0,1,0,2,95.2,1
CUST-000587,12,Month-to-month,89.62,1116.47,3,0,1,No,Credit card (automatic),1,1,1,0,0,253.7,0
CUST-000588,6,Month-to-month,93.38,556.06,1,0,0,DSL,Credit card (automatic),1,0,0,0,2,99.0,1
CUST-000589,34,One year,58.96,2151.47,1,0,0,DSL,Bank transfer (automatic),1,0,0,0,5,96.3,1
CUST-000590,41,Month-to-month,100.96,3989.83,2,0,1,Fiber optic,Bank transfer (automatic),0,0,0,0,5,89.9,0
CUST-000591,55,Two year,70.22,3796.25,0,0,1,DSL,Electronic check,1,0,1,0,0,143.1,0
CUST-000592,47,One year,53.18,2321.88,1,0,1,Fiber optic,Mailed check,1,0,1,0,1,125.6,0
CUST-000593,8,Month-to-month,83.63,657.49,1,0,0,DSL,Credit card (automatic),0,0,1,1,2,155.2,0
CUST-000594,39,Two year,124.76,4656.0,0,0,0,Fiber optic,Electronic check,0,0,0,0,3,73.8,0
CUST-000595,27,One year,107.24,3118.12,4,0,0,Fiber optic,Electronic check,1,1,0,0,3,80.6,0
CUST-000596,60,Month-to-month,77.43,4957.3,0,0,0,Fiber optic,Mailed check,1,0,0,0,5,60.7,1
CUST-000597,51,Month-to-month,108.5,5551.01,7,0,0,Fiber optic,Bank transfer (automatic),0,0,1,1,4,44.0,1
CUST-000598,72,Two year,97.44,7179.48,2,0,1,DSL,Bank transfer (automatic),1,0,1,1,2,95.7,0
CUST-000599,13,Two year,94.16,1187.1,2,0,0,No,Electronic check,0,0,0,1,2,240.6,0
CUST-000600,12,Month-to-month,115.67,1211.99,1,0,0,Fiber optic,Electronic check,1,0,1,1,0,104.6,1
CUST-000601,20,One year,50.2,965.72,10,1,1,Fiber optic,Credit card (automatic),1,0,1,0,3,109.6,1
CUST-000602,28,Two year,74.96,2177.37,1,0,0,DSL,Electronic check,0,0,0,0,4,212.2,0
CUST-000603,17,Two year,81.14,1409.6,1,0,0,DSL,Electronic check,0,1,0,1,5,70.8,0
CUST-000604,14,Month-to-month,115.97,1591.75,2,0,0,Fiber optic,Electronic check,0,1,0,0,0,64.0,1
CUST-000605,37,Month-to-month,102.89,3947.69,1,1,0,Fiber optic,Credit card (automatic),0,0,0,0,3,142.7,0
CUST-000606,20,Two year,103.8,2027.13,0,1,0,No,Electronic check,0,0,0,0,0,107.3,0
CUST-000607,16,Month-to-month,19.3,291.17,2,0,1,No,Mailed check,0,0,0,0,5,44.3,0
CUST-000608,8,Month-to-month,103.96,862.44,3,1,0,Fiber optic,Bank transfer (automatic),0,0,0,0,4,133.6,1
CUST-000609,2,One year,101.97,197.7,1,0,0,Fiber optic,Electronic check,0,0,1,0,3,122.7,0
CUST-000610,72,Month-to-month,112.57,8521.08,3,0,1,Fiber optic,Credit card (automatic),1,0,1,1,3,85.5,1
CUST-000611,71,One year,103.55,6617.7,2,0,0,DSL,Credit card (automatic),0,0,0,0,0,87.6,1
CUST-000612,52,Month-to-month,67.79,3424.7,1,0,1,Fiber optic,Bank transfer (automatic),0,0,1,1,1,58.3,1
CUST-000613,44,One year,127.71,5787.02,9,0,0,Fiber optic,Mailed check,1,0,1,0,4,30.5,0
CUST-000614,18,Month-to-month,85.37,1574.61,3,0,1,DSL,Electronic check,1,1,0,1,0,196.2,1
CUST-000615,45,Two year,60.32,2684.39,0,1,1,DSL,Bank transfer (automatic),1,1,0,1,5,105.5,0
CUST-000616,11,Month-to-month,67.28,750.71,1,0,1,Fiber optic,Electronic check,1,0,0,0,4,152.3,0
CUST-000617,32,Month-to-month,94.91,3058.4,2,1,0,Fiber optic,Bank transfer (automatic),1,0,1,1,0,151.4,0
CUST-000618,15,Two year,72.14,1001.54,2,0,0,DSL,Electronic check,1,0,0,1,0,86.0,0
CUST-000619,45,One year,73.53,3248.69,0,1,1,DSL,Bank transfer (automatic),1,0,1,0,0,2.5,0
CUST-000620,72,Month-to-month,49.33,3592.14,2,1,0,DSL,Mailed check,0,0,0,0,5,11.8,0
CUST-000621,12,Month-to-month,80.23,987.13,0,0,0,No,Bank transfer (automatic),0,0,0,0,2,36.4,0
CUST-000622,19,One year,54.86,1038.95,3,0,0,No,Electronic check,1,0,1,0,4,215.0,0
CUST-000623,32,Two year,95.41,2968.86,2,0,1,No,Electronic check,0,0,0,1,0,124.6,1
CUST-000624,5,Month-to-month,107.76,502.85,2,1,0,No,Mailed check,0,0,0,0,2,90.8,1
CUST-000625,6,Two year,44.69,278.23,1,0,1,DSL,Mailed check,1,0,1,0,0,151.3,0
CUST-000626,72,Month-to-month,66.5,4941.9,2,0,1,DSL,Credit card (automatic),1,1,1,1,1,139.9,1
CUST-000627,38,One year,114.3,4557.8,4,0,1,Fiber optic,Mailed check,1,0,0,0,0,67.6,0
CUST-000628,18,Month-to-month,96.9,1650.16,0,1,1,Fiber optic,Electronic check,1,0,0,0,4,126.8,0
CUST-000629,29,Month-to-month,56.19,1639.45,5,0,0,Fiber optic,Bank transfer (automatic),1,0,0,1,4,169.3,0
CUST-000630,20,Two year,86.62,1672.44,0,0,0,DSL,Mailed check,1,0,0,0,2,182.3,1
CUST-000631,32,Month-to-month,49.86,1599.23,1,0,1,No,Credit card (automatic),1,0,1,1,5,57.4,0
CUST-000632,21,Two year,70.01,1683.88,1,0,0,DSL,Electronic check,1,1,1,0,4,50.1,1
CUST-000633,27,Month-to-month,65.15,1838.53,4,1,1,Fiber optic,Credit card (automatic),0,0,1,0,5,153.0,0
CUST-000634,48,Month-to-month,84.86,3919.38,3,1,0,No,Bank transfer (automatic),0,0,1,0,5,305.5,0
CUST-000635,46,Two year,79.47,3609.44,2,1,0,Fiber optic,Electronic check,1,0,0,1,2,26.8,0
CUST-000636,72,One year,112.51,7954.06,0,1,0,Fiber optic,Mailed check,0,0,1,0,0,63.3,0
CUST-000637,40,Month-to-month,84.63,3406.17,3,1,0,Fiber optic,Mailed check,0,1,1,0,0,264.7,1
CUST-000638,31,One year,77.97,2232.9,0,1,0,Fiber optic,Bank transfer (automatic),1,0,0,0,5,228.0,0
CUST-000639,72,Month-to-month,75.31,5510.08,4,0,0,No,Mailed check,0,0,0,0,3,169.8,1
CUST-000640,25,Two year,63.14,1411.37,1,1,0,Fiber optic,Bank transfer (automatic),1,0,1,1,2,78.6,0
CUST-000641,3,Month-to-month,134.96,371.02,1,0,1,Fiber optic,Bank transfer (automatic),1,0,1,0,1,315.1,1
CUST-000642,53,Month-to-month,69.64,4060.32,2,0,0,No,Bank transfer (automatic),0,0,1,0,3,132.6,0
CUST-000643,36,Month-to-month,75.84,2680.99,5,0,0,Fiber optic,Bank transfer (automatic),1,0,1,1,1,88.6,1
CUST-000644,29,One year,80.02,2486.07,5,0,0,Fiber optic,Credit card (automatic),0,1,1,0,0,262.6,1
CUST-000645,54,Two year,90.44,4685.93,2,0,0,Fiber optic,Mailed check,1,0,0,1,3,123.3,0
CUST-000646,21,Two year,89.9,1689.53,1,0,1,DSL,Mailed check,0,0,0,1,5,162.5,0
CUST-000647,3,Month-to-month,67.64,192.26,2,1,1,Fiber optic,Electronic check,0,0,1,0,5,127.0,0
CUST-000648,54,Month-to-month,55.78,3416.95,2,1,1,No,Electronic check,1,1,1,0,2,196.7,1
CUST-000649,17,Month-to-month,63.76,1007.47,2,0,1,DSL,Electronic check,0,0,1,0,3,93.6,0
CUST-000650,13,Two year,103.56,1465.86,0,1,1,DSL,Mailed check,1,1,1,1,2,199.1,0
CUST-000651,3,Month-to-month,89.98,274.6,0,1,0,DSL,Credit card (automatic),1,1,0,0,3,112.8,0
CUST-000652,51,One year,129.75,6656.9,4,0,1,Fiber optic,Electronic check,1,0,0,1,1,253.6,1
CUST-000653,1,Month-to-month,65.78,63.32,7,0,0,DSL,Bank transfer (automatic),1,0,0,0,5,64.9,0
CUST-000654,69,Two year,125.82,8290.38,0,1,0,Fiber optic,Electronic check,1,0,0,0,4,127.7,0
CUST-000655,23,Month-to-month,96.68,2286.36,1,0,1,DSL,Electronic check,1,0,0,0,3,148.3,1
CUST-000656,53,Month-to-month,82.42,4656.41,2,0,1,DSL,Mailed check,1,0,0,0,0,209.0,0
CUST-000657,40,Two year,84.42,3409.94,2,0,0,DSL,Mailed check,0,0,1,0,3,106.8,0
CUST-000658,72,Two year,50.14,3743.58,2,0,0,DSL,Electronic check,1,1,1,0,1,79.8,1
CUST-000659,40,One year,110.71,4334.17,3,1,1,No,Electronic check,1,0,1,0,4,133.1,1
CUST-000660,67,One year,58.87,4372.85,1,1,1,No,Bank transfer (automatic),0,0,0,0,0,190.5,0
CUST-000661,19,One year,103.99,1999.38,2,0,1,Fiber optic,Mailed check,1,0,0,0,1,135.4,0
CUST-000662,6,Month-to-month,81.92,541.49,0,0,1,No,Mailed check,1,0,1,0,3,49.5,1
CUST-000663,59,Month-to-month,30.72,1725.01,1,1,0,DSL,Mailed check,1,1,0,1,5,219.5,0
CUST-000664,6,One year,63.72,381.46,1,1,0,No,Mailed check,1,0,0,0,5,115.7,0
CUST-000665,51,One year,95.08,5108.87,1,1,1,Fiber optic,Electronic check,0,0,0,0,5,92.4,0
CUST-000666,11,Month-to-month,87.17,965.68,0,0,0,Fiber optic,Electronic check,0,0,0,0,0,134.3,0
CUST-000667,37,Month-to-month,89.02,3379.0,1,1,0,Fiber optic,Bank transfer (automatic),0,1,1,0,1,135.2,0
CUST-000668,72,One year,102.32,7006.87,0,1,0,DSL,Bank transfer (automatic),0,0,0,0,1,127.7,0
CUST-000669,48,Month-to-month,44.32,2084.23,0,0,0,DSL,Credit card (automatic),1,0,1,0,4,121.0,0
CUST-000670,25,One year,33.28,795.59,0,1,0,DSL,Credit card (automatic),0,0,0,1,2,68.5,0
CUST-000671,41,One year,75.34,3075.73,1,0,0,Fiber optic,Electronic check,1,1,1,0,0,111.2,1
CUST-000672,19,Month-to-month,108.61,2044.15,6,0,1,Fiber optic,Electronic check,1,0,0,0,5,77.0,1
CUST-000673,72,Month-to-month,86.04,6031.01,1,0,0,No,Credit card (automatic),1,1,0,0,0,103.3,1
CUST-000674,16,Month-to-month,80.15,1322.95,1,1,0,DSL,Mailed check,1,0,1,0,4,183.5,1
CUST-000675,28,Month-to-month,112.8,2990.19,1,0,1,Fiber optic,Mailed check,0,0,0,0,0,119.9,0
CUST-000676,45,One year,96.4,3871.84,0,0,0,Fiber optic,Bank transfer (automatic),1,1,1,0,1,46.9,0
CUST-000677,39,One year,52.05,1971.94,4,0,0,DSL,Bank transfer (automatic),1,0,0,1,1,85.8,0
CUST-000678,42,Two year,41.37,1924.53,2,1,0,DSL,Electronic check,1,0,1,0,0,180.9,0
CUST-000679,20,Month-to-month,58.45,1198.8,0,0,0,Fiber optic,Electronic check,1,0,0,0,3,140.8,1
CUST-000680,24,One year,84.32,1938.05,5,0,0,Fiber optic,Electronic check,0,0,1,1,3,79.3,1
CUST-000681,57,Month-to-month,84.71,4935.91,2,1,1,DSL,Electronic check,0,0,0,1,2,6.1,0
CUST-000682,55,Two year,70.92,3874.44,2,0,1,DSL,Electronic check,0,1,0,0,4,162.5,0
CUST-000683,40,Month-to-month,65.57,2673.63,0,0,0,DSL,Bank transfer (automatic),1,0,1,1,0,218.3,0
CUST-000684,72,One year,38.62,2903.09,1,1,1,No,Mailed check,1,0,1,1,1,112.9,0
CUST-000685,58,Month-to-month,129.48,7582.5,0,0,0,No,Electronic check,1,1,1,0,1,80.7,1
CUST-000686,54,Month-to-month,44.36,2409.88,1,0,1,DSL,Electronic check,1,0,1,0,0,82.2,1
CUST-000687,6,Two year,93.02,599.6,6,0,0,Fiber optic,Credit card (automatic),1,0,0,0,2,278.1,0
CUST-000688,39,Month-to-month,90.08,3607.92,2,1,0,No,Electronic check,0,0,0,0,4,91.5,1
CUST-000689,34,Month-to-month,66.06,2267.92,0,0,1,DSL,Electronic check,1,0,1,0,5,147.3,1
CUST-000690,72,One year,44.83,3234.57,0,1,0,DSL,Bank transfer (automatic),0,0,1,0,0,35.8,0
CUST-000691,26,Month-to-month,85.22,2153.03,0,0,0,DSL,Electronic check,1,0,0,0,3,136.0,0
CUST-000692,32,Month-to-month,31.51,945.53,1,0,1,DSL,Electronic check,0,0,1,0,2,240.4,0
CUST-000693,11,Month-to-month,108.55,1234.07,2,1,1,No,Electronic check,0,0,1,0,3,95.9,1
CUST-000694,13,Month-to-month,72.06,996.57,1,0,0,No,Credit card (automatic),1,1,0,0,5,47.5,1
CUST-000695,72,Two year,83.66,6152.37,2,0,0,Fiber optic,Bank transfer (automatic),1,0,0,0,3,175.5,0
CUST-000696,42,One year,29.59,1277.95,4,1,1,DSL,Bank transfer (automatic),1,0,0,0,0,197.2,0
CUST-000697,72,Month-to-month,36.2,2490.79,3,0,0,No,Credit card (automatic),0,0,0,1,1,140.0,1
CUST-000698,26,Month-to-month,63.7,1606.83,1,1,0,DSL,Bank transfer (automatic),1,0,1,1,1,31.4,0
CUST-000699,8,Two year,112.32,840.97,1,1,0,DSL,Electronic check,1,1,1,0,1,41.8,1
CUST-000700,23,Two year,70.82,1608.54,1,0,0,DSL,Mailed check,1,0,0,0,5,10.6,0
CUST-000701,20,Month-to-month,73.68,1546.04,0,0,0,No,Mailed check,1,0,0,0,2,149.4,1
CUST-000702,49,One year,99.65,4712.58,3,0,0,Fiber optic,Mailed check,1,1,1,0,1,146.1,0
CUST-000703,48,Month-to-month,149.1,7130.08,3,1,0,Fiber optic,Credit card (automatic),0,0,0,0,1,128.8,1
CUST-000704,44,Month-to-month,78.97,3596.72,1,0,0,Fiber optic,Electronic check,1,0,0,0,3,94.5,0
CUST-000705,72,Two year,104.14,7951.01,2,0,0,DSL,Electronic check,0,0,0,0,2,159.6,0
CUST-000706,70,Two year,80.04,5141.4,1,0,0,Fiber optic,Mailed check,1,0,1,1,5,60.6,0
CUST-000707,14,Month-to-month,47.41,647.92,0,1,0,No,Electronic check,0,0,0,0,4,221.7,1
CUST-000708,60,Two year,63.01,3641.04,5,1,0,No,Credit card (automatic),0,0,1,1,4,83.6,0
CUST-000709,31,One year,87.89,2605.16,2,1,0,Fiber optic,Mailed check,0,0,0,0,3,85.8,0
CUST-000710,25,One year,79.05,1938.41,0,1,0,DSL,Electronic check,0,0,0,0,0,73.3,0
CUST-000711,72,One year,15.0,974.84,0,0,1,No,Bank transfer (automatic),0,0,0,0,0,162.5,0
CUST-000712,13,Month-to-month,93.7,1195.71,3,0,0,Fiber optic,Credit card (automatic),1,0,0,0,2,243.3,1
CUST-000713,57,Two year,50.03,2856.7,1,0,0,DSL,Mailed check,1,0,0,0,2,148.5,0
CUST-000714,51,Month-to-month,46.9,2267.15,3,1,0,DSL,Mailed check,0,0,1,1,0,71.6,0
CUST-000715,13,Month-to-month,32.61,413.72,2,1,0,DSL,Bank transfer (automatic),0,0,1,1,2,51.5,1
CUST-000716,6,Month-to-month,80.88,485.75,0,0,1,Fiber optic,Electronic check,1,0,0,0,5,147.1,1
CUST-000717,28,Two year,77.08,2171.17,0,1,1,Fiber optic,Bank transfer (automatic),0,1,0,0,0,46.3,0
CUST-000718,64,Month-to-month,54.33,3192.97,2,1,0,DSL,Bank transfer (automatic),0,0,0,0,4,126.2,0
CUST-000719,39,Month-to-month,24.03,969.98,1,1,1,DSL,Credit card (automatic),1,0,0,1,2,83.5,0
CUST-000720,72,One year,92.45,6897.46,0,1,0,Fiber optic,Credit card (automatic),1,0,0,0,3,69.7,0
CUST-000721,37,Month-to-month,70.21,2501.34,2,0,1,Fiber optic,Credit card (automatic),0,0,1,0,0,174.8,0
CUST-000722,72,Month-to-month,24.12,1882.34,3,1,0,DSL,Electronic check,1,0,0,1,4,108.0,0
CUST-000723,18,Month-to-month,51.3,944.45,1,0,0,DSL,Credit card (automatic),0,0,1,0,4,74.1,0
CUST-000724,43,One year,45.65,1993.5,3,0,1,No,Bank transfer (automatic),0,0,0,0,0,116.3,0
CUST-000725,22,Month-to-month,66.03,1502.27,0,0,1,No,Mailed check,1,0,1,1,2,77.4,0
CUST-000726,27,Month-to-month,75.96,1944.99,0,0,0,Fiber optic,Credit card (automatic),1,0,0,0,3,121.2,0
CUST-000727,32,Month-to-month,53.76,1689.92,2,0,0,Fiber optic,Credit card (automatic),0,0,1,0,5,108.1,0
CUST-000728,39,Two year,42.79,1720.34,7,1,0,No,Credit card (automatic),1,0,1,0,2,127.3,0
CUST-000729,16,One year,21.83,335.35,1,0,0,DSL,Electronic check,0,0,0,1,1,297.9,1
CUST-000730,42,Month-to-month,93.43,3854.91,1,1,0,No,Electronic check,0,0,0,0,4,157.7,0
CUST-000731,31,Two year,122.45,3910.02,2,1,1,Fiber optic,Credit card (automatic),0,0,1,0,4,44.4,0
CUST-000732,8,Two year,125.47,1019.31,2,1,1,Fiber optic,Credit card (automatic),1,0,1,0,0,226.2,1
CUST-000733,5,One year,75.25,376.64,2,0,0,Fiber optic,Electronic check,1,1,0,0,0,241.5,1
CUST-000734,64,Month-to-month,97.43,6255.03,5,0,0,DSL,Electronic check,0,0,0,0,3,20.7,1
CUST-000735,26,Month-to-month,100.17,2581.65,1,1,1,Fiber optic,Bank transfer (automatic),0,0,1,0,1,38.5,0
CUST-000736,7,One year,69.45,506.88,0,1,1,Fiber optic,Electronic check,0,0,1,0,5,89.8,0
CUST-000737,72,Month-to-month,49.29,3919.75,5,0,0,DSL,Bank transfer (automatic),1,0,0,1,2,75.9,1
CUST-000738,45,Month-to-month,85.7,3912.93,1,0,1,Fiber optic,Credit card (automatic),1,1,0,1,0,126.4,0
CUST-000739,38,Month-to-month,67.56,2731.85,2,0,1,No,Electronic check,1,0,1,0,3,31.8,1
CUST-000740,15,Month-to-month,74.07,1086.79,0,1,0,No,Bank transfer (automatic),0,0,1,0,1,55.9,1
CUST-000741,8,One year,89.96,695.15,1,1,0,Fiber optic,Bank transfer (automatic),0,0,1,0,5,215.4,0
CUST-000742,34,Month-to-month,56.29,1838.44,0,1,0,DSL,Electronic check,0,0,0,0,1,28.8,0
CUST-000743,29,One year,98.8,2733.64,0,0,0,DSL,Mailed check,0,0,0,0,5,64.5,0
CUST-000744,11,Two year,62.16,673.72,5,0,0,DSL,Bank transfer (automatic),1,0,0,0,4,67.5,1
CUST-000745,11,Month-to-month,60.72,697.51,0,1,1,No,Credit card (automatic),0,0,0,0,4,330.6,0
CUST-000746,10,Month-to-month,84.57,888.11,0,1,1,Fiber optic,Bank transfer (automatic),0,0,1,0,2,107.8,1
CUST-000747,10,Month-to-month,62.17,605.86,1,0,1,No,Credit card (automatic),1,0,0,1,5,70.2,1
CUST-000748,18,Month-to-month,30.94,547.9,0,0,1,DSL,Electronic check,0,0,0,0,3,58.4,0
CUST-000749,38,Two year,39.92,1516.8,0,0,0,No,Credit card (automatic),1,0,1,1,0,84.8,0
CUST-000750,43,One year,126.15,5487.94,0,1,0,No,Bank transfer (automatic),1,0,0,1,0,71.6,0
CUST-000751,29,Two year,48.74,1454.92,3,0,1,Fiber optic,Mailed check,1,0,1,0,3,82.2,0
CUST-000752,33,Two year,71.79,2321.79,1,0,0,No,Electronic check,0,0,1,0,5,103.8,0
CUST-000753,45,Month-to-month,98.56,4390.75,5,1,0,Fiber optic,Electronic check,0,0,1,0,3,151.9,0
CUST-000754,3,One year,90.32,289.31,1,1,1,DSL,Mailed check,1,0,0,1,5,89.5,0
CUST-000755,35,Month-to-month,74.17,2559.79,0,0,1,DSL,Credit card (automatic),1,0,0,0,4,70.3,0
CUST-000756,72,Month-to-month,112.27,7851.2,2,1,1,DSL,Credit card (automatic),0,1,0,0,5,97.6,0
CUST-000757,26,Month-to-month,70.99,1837.85,2,0,1,DSL,Electronic check,1,0,0,1,1,23.4,1
CUST-000758,63,Month-to-month,123.7,7823.55,1,0,0,Fiber optic,Mailed check,1,0,0,0,5,85.8,0
CUST-000759,26,One year,91.0,2183.71,1,1,0,DSL,Mailed check,0,0,1,0,2,110.3,0
CUST-000760,47,One year,103.55,4758.88,1,0,0,DSL,Credit card (automatic),0,0,1,0,0,186.2,0
CUST-000761,38,Month-to-month,65.62,2545.92,2,0,0,DSL,Credit card (automatic),1,0,1,1,1,58.0,1
CUST-000762,10,Month-to-month,99.95,1099.67,1,0,0,Fiber optic,Electronic check,1,0,0,0,3,94.1,1
CUST-000763,13,One year,55.77,705.84,3,0,0,No,Electronic check,0,0,0,0,5,272.0,0
CUST-000764,72,One year,93.99,7026.09,1,1,1,Fiber optic,Electronic check,0,0,1,0,5,118.5,1
CUST-000765,54,One year,95.37,5196.13,2,0,1,Fiber optic,Bank transfer (automatic),0,0,0,0,5,86.1,0
CUST-000766,28,Month-to-month,15.0,444.36,1,1,0,No,Electronic check,1,0,0,0,3,85.7,0
CUST-000767,25,Month-to-month,86.42,2093.65,2,1,0,Fiber optic,Electronic check,1,1,0,0,0,142.6,1
CUST-000768,15,One year,112.25,1776.62,0,0,1,Fiber optic,Credit card (automatic),1,0,0,0,3,124.0,1
CUST-000769,40,One year,56.25,2407.73,4,1,0,Fiber optic,Mailed check,1,1,0,1,2,132.6,0
CUST-000770,16,Month-to-month,40.34,692.06,3,0,1,No,Credit card (automatic),1,1,0,0,5,68.0,1
CUST-000771,22,Month-to-month,93.89,2213.0,2,1,0,DSL,Credit card (automatic),0,0,0,1,0,108.1,0
CUST-000772,18,Month-to-month,123.58,2245.67,1,1,0,Fiber optic,Electronic check,0,0,0,0,1,229.5,1
CUST-000773,52,One year,74.48,3986.23,8,1,0,Fiber optic,Electronic check,0,0,1,1,1,77.2,0
CUST-000774,27,Month-to-month,69.35,1833.17,0,0,1,DSL,Bank transfer (automatic),0,0,1,0,1,39.7,0
CUST-000775,33,One year,88.05,2582.7,8,0,0,Fiber optic,Bank transfer (automatic),0,1,0,0,1,84.7,0
CUST-000776,10,Two year,94.42,956.28,4,0,1,No,Mailed check,1,0,0,1,4,80.2,0
CUST-000777,18,Month-to-month,51.67,922.57,1,0,0,No,Credit card (automatic),1,0,0,0,3,94.7,0
CUST-000778,34,Month-to-month,55.53,1978.93,1,1,0,No,Credit card (automatic),1,0,0,1,1,218.0,1
CUST-000779,6,Month-to-month,123.52,773.06,2,1,0,Fiber optic,Bank transfer (automatic),0,0,0,0,1,110.7,1
CUST-000780,25,Month-to-month,64.92,1536.81,0,0,0,Fiber optic,Electronic check,0,0,1,0,5,213.2,1
CUST-000781,30,Two year,52.55,1760.88,1,1,0,No,Mailed check,0,0,0,0,1,37.5,0
CUST-000782,9,Two year,68.32,626.81,8,0,1,DSL,Mailed check,0,0,0,0,3,55.1,0
CUST-000783,61,Month-to-month,103.09,5884.72,0,0,0,DSL,Electronic check,0,0,0,1,3,82.8,1
CUST-000784,39,Two year,60.16,2212.02,4,0,0,Fiber optic,Credit card (automatic),1,0,1,0,5,262.4,0
CUST-000785,27,Month-to-month,72.24,1738.1,1,1,0,Fiber optic,Mailed check,1,0,1,0,3,173.1,1
CUST-000786,16,One year,104.81,1740.99,3,0,1,Fiber optic,Electronic check,1,0,1,0,5,55.7,1
CUST-000787,6,One year,83.67,488.8,2,0,0,No,Credit card (automatic),1,1,0,0,4,111.2,1
CUST-000788,58,Month-to-month,70.29,3905.51,2,1,1,DSL,Bank transfer (automatic),0,0,1,0,2,69.5,0
CUST-000789,21,Month-to-month,62.08,1261.7,3,1,0,No,Electronic check,0,1,1,0,1,182.9,0
CUST-000790,8,One year,93.24,734.71,0,1,0,Fiber optic,Bank transfer (automatic),1,0,1,1,4,35.8,0
CUST-000791,16,Month-to-month,27.32,449.7,1,0,0,No,Bank transfer (automatic),1,0,1,0,1,54.0,0
CUST-000792,42,Two year,67.54,2603.44,0,0,0,DSL,Mailed check,1,1,1,1,3,73.5,0
CUST-000793,36,Month-to-month,127.05,4329.15,2,0,1,Fiber optic,Mailed check,1,1,0,0,1,194.9,1
CUST-000794,11,Month-to-month,57.0,641.58,1,1,1,Fiber optic,Bank transfer (automatic),1,0,1,0,2,102.0,1
CUST-000795,65,Two year,70.4,4440.08,8,1,0,Fiber optic,Bank transfer (automatic),1,0,0,0,5,96.2,0
CUST-000796,8,Month-to-month,55.08,453.47,0,1,0,DSL,Electronic check,0,0,0,0,0,43.9,1
CUST-000797,72,Month-to-month,56.65,3977.35,3,1,0,DSL,Electronic check,1,0,0,0,4,81.8,1
CUST-000798,35,Month-to-month,111.03,4192.04,2,0,0,DSL,Bank transfer (automatic),1,0,1,0,5,143.3,0
CUST-000799,22,Month-to-month,66.7,1482.71,0,0,0,Fiber optic,Electronic check,1,0,0,1,4,135.0,1
CUST-000800,25,Month-to-month,61.71,1637.34,1,1,0,Fiber optic,Credit card (automatic),1,0,0,0,3,108.5,0
CUST-000801,32,Month-to-month,109.28,3587.49,0,1,0,Fiber optic,Electronic check,1,0,0,0,5,131.6,0
CUST-000802,44,Month-to-month,73.83,3342.45,1,1,0,Fiber optic,Bank transfer (automatic),1,1,1,0,2,112.6,0
CUST-000803,5,Month-to-month,84.69,407.52,0,0,1,DSL,Credit card (automatic),1,0,0,0,1,37.0,1
CUST-000804,16,Two year,60.07,1017.22,0,1,1,DSL,Mailed check,1,0,0,0,1,149.9,0
CUST-000805,31,Two year,101.48,3179.82,1,0,0,Fiber optic,Bank transfer (automatic),0,0,0,0,4,89.9,0
CUST-000806,66,Month-to-month,50.8,3192.91,3,0,0,Fiber optic,Electronic check,1,0,0,0,1,145.4,1
CUST-000807,65,Two year,101.39,5895.07,5,0,0,Fiber optic,Bank transfer (automatic),0,0,1,0,4,143.7,1
CUST-000808,72,Two year,95.44,6919.76,0,0,0,Fiber optic,Credit card (automatic),1,0,0,1,4,140.2,0
CUST-000809,63,Two year,58.62,3971.49,1,0,1,No,Credit card (automatic),1,0,0,0,5,84.6,0
CUST-000810,15,One year,34.18,489.45,1,1,1,No,Mailed check,1,0,0,1,3,177.3,0
CUST-000811,30,Month-to-month,95.42,2727.94,1,1,1,Fiber optic,Credit card (automatic),1,1,0,0,1,103.5,0
CUST-000812,63,Month-to-month,83.1,5152.51,1,1,1,DSL,Credit card (automatic),0,0,1,1,2,205.6,0
CUST-000813,59,Two year,51.72,3219.5,3,0,1,DSL,Mailed check,1,0,1,0,1,201.5,0
CUST-000814,26,Month-to-month,77.21,1823.1,6,0,0,Fiber optic,Credit card (automatic),1,0,0,0,5,148.0,1
CUST-000815,43,Two year,109.85,4569.99,0,0,0,Fiber optic,Electronic check,1,0,1,0,2,110.0,0
CUST-000816,21,One year,107.76,2149.16,0,0,1,DSL,Credit card (automatic),1,1,0,0,1,70.2,0
CUST-000817,7,Month-to-month,88.49,636.84,1,0,1,DSL,Credit card (automatic),1,0,1,0,4,101.3,1
CUST-000818,27,Month-to-month,70.74,1896.35,0,0,0,No,Bank transfer (automatic),0,1,1,0,2,23.9,0
CUST-000819,26,Two year,58.92,1505.37,3,0,1,DSL,Mailed check,1,0,1,0,1,111.7,0
CUST-000820,20,Month-to-month,89.31,1770.12,6,0,0,Fiber optic,Credit card (automatic),0,0,1,0,4,150.6,1
CUST-000821,44,One year,31.86,1456.85,1,1,1,No,Electronic check,0,1,1,1,0,89.9,0
CUST-000822,25,Two year,86.14,2274.27,0,1,0,Fiber optic,Mailed check,1,0,1,0,4,138.2,0
CUST-000823,40,Month-to-month,93.0,3910.58,1,1,0,DSL,Mailed check,1,0,0,0,0,213.2,0
CUST-000824,51,Month-to-month,65.99,3462.32,2,0,1,No,Mailed check,1,0,1,0,1,98.6,0
CUST-000825,72,Month-to-month,74.36,5724.39,1,0,0,Fiber optic,Electronic check,1,0,0,0,3,177.8,1
CUST-000826,28,Two year,47.05,1256.03,3,1,1,DSL,Electronic check,0,0,1,0,5,51.4,0
CUST-000827,67,Month-to-month,89.21,6092.93,2,1,0,Fiber optic,Credit card (automatic),1,0,0,1,3,83.3,0
CUST-000828,36,Month-to-month,34.13,1372.96,3,1,0,DSL,Credit card (automatic),1,0,0,0,0,63.1,0
CUST-000829,37,Month-to-month,67.29,2261.08,3,1,1,Fiber optic,Credit card (automatic),0,0,1,0,2,153.0,0
CUST-000830,28,Month-to-month,103.32,2815.68,0,1,1,No,Bank transfer (automatic),1,0,1,0,3,51.0,0
CUST-000831,33,Month-to-month,64.1,2005.74,0,1,0,Fiber optic,Bank transfer (automatic),1,1,0,0,4,88.6,0
CUST-000832,25,Month-to-month,44.96,1140.23,1,1,0,No,Bank transfer (automatic),1,0,0,1,2,146.5,0
CUST-000833,59,Two year,97.28,6152.14,0,1,0,Fiber optic,Bank transfer (automatic),0,0,0,1,1,78.0,0
CUST-000834,16,Month-to-month,53.96,886.56,5,0,0,No,Credit card (automatic),1,0,1,1,3,30.5,0
CUST-000835,7,Two year,92.22,638.53,0,0,1,Fiber optic,Electronic check,1,0,0,0,3,108.1,0
CUST-000836,19,Two year,86.57,1689.71,1,1,0,DSL,Credit card (automatic),1,0,0,0,3,68.7,0
CUST-000837,17,One year,26.32,440.96,1,1,1,No,Credit card (automatic),1,0,1,1,1,90.9,0
CUST-000838,19,One year,83.86,1608.82,0,0,1,No,Mailed check,0,1,0,0,1,129.6,1
CUST-000839,27,Month-to-month,75.44,2099.88,1,0,0,Fiber optic,Credit card (automatic),1,1,0,0,2,146.4,1
CUST-000840,19,One year,82.85,1712.11,2,0,1,Fiber optic,Credit card (automatic),1,0,0,1,5,31.6,0
CUST-000841,27,Month-to-month,113.05,3120.94,5,1,0,DSL,Electronic check,1,0,0,0,5,81.6,1
CUST-000842,19,Month-to-month,29.93,574.86,0,0,1,DSL,Electronic check,1,0,1,0,2,76.3,1
CUST-000843,41,One year,79.77,3603.42,2,1,1,DSL,Bank transfer (automatic),1,1,1,0,2,140.8,0
CUST-000844,72,Month-to-month,118.2,7678.1,0,1,1,Fiber optic,Credit card (automatic),0,0,0,1,5,134.6,1
CUST-000845,35,Month-to-month,47.91,1669.14,0,0,0,DSL,Electronic check,0,0,0,0,1,129.5,1
CUST-000846,20,One year,48.31,930.39,2,0,0,DSL,Mailed check,1,0,0,0,4,134.1,0
CUST-000847,2,Month-to-month,55.78,110.23,0,1,0,No,Bank transfer (automatic),1,0,1,0,0,95.8,0
CUST-000848,72,Month-to-month,72.76,5396.92,2,1,0,Fiber optic,Mailed check,1,0,1,0,2,66.3,0
CUST-000849,36,Month-to-month,66.66,2517.43,1,1,0,No,Electronic check,1,0,0,0,4,151.7,1
CUST-000850,26,Month-to-month,87.32,2211.25,1,1,1,DSL,Electronic check,0,0,1,1,5,28.8,0
CUST-000851,2,Month-to-month,55.92,115.58,1,1,0,DSL,Credit card (automatic),1,0,1,0,5,44.9,0
CUST-000852,27,Month-to-month,113.21,2919.48,2,1,0,Fiber optic,Electronic check,1,0,0,0,5,89.4,1
CUST-000853,33,Month-to-month,100.03,3089.65,1,0,1,DSL,Bank transfer (automatic),1,1,0,0,2,310.8,0
CUST-000854,19,One year,100.78,1921.6,3,1,1,Fiber optic,Bank transfer (automatic),1,0,0,1,2,60.8,0
CUST-000855,8,Two year,78.14,618.29,0,1,0,No,Credit card (automatic),0,0,0,0,3,355.0,0
CUST-000856,8,One year,50.15,431.1,0,0,1,DSL,Credit card (automatic),1,0,0,0,5,108.5,0
CUST-000857,72,Month-to-month,24.43,1946.15,4,1,1,Fiber optic,Credit card (automatic),0,1,1,0,5,238.0,0
CUST-000858,32,One year,104.64,3246.59,1,0,0,Fiber optic,Bank transfer (automatic),0,0,0,1,1,65.1,0
CUST-000859,19,Two year,84.91,1467.16,1,1,0,DSL,Electronic check,0,0,0,0,1,36.5,0
CUST-000860,31,Two year,96.06,2774.3,2,1,0,Fiber optic,Electronic check,0,0,1,0,5,19.8,0
CUST-000861,29,Month-to-month,112.74,3132.85,1,1,0,Fiber optic,Mailed check,1,0,1,1,1,104.7,0
CUST-000862,7,Month-to-month,51.29,362.75,8,0,0,DSL,Electronic check,1,0,0,1,5,42.7,1
CUST-000863,57,Month-to-month,102.96,5792.08,0,0,0,Fiber optic,Electronic check,0,0,1,0,1,54.2,1
CUST-000864,26,One year,126.8,3089.35,1,1,1,Fiber optic,Mailed check,0,0,0,1,1,142.5,0
CUST-000865,33,Month-to-month,106.64,3833.4,2,0,0,Fiber optic,Mailed check,0,0,0,1,5,13.0,0
CUST-000866,72,Two year,98.57,7332.26,3,1,0,No,Bank transfer (automatic),1,0,0,0,2,234.9,1
CUST-000867,9,Month-to-month,123.73,1211.51,0,1,1,Fiber optic,Credit card (automatic),1,0,0,1,1,21.8,1
CUST-000868,15,One year,59.47,811.72,6,1,1,Fiber optic,Mailed check,0,0,0,0,2,120.2,0
CUST-000869,38,Month-to-month,82.98,3353.89,0,0,0,No,Electronic check,1,0,1,0,4,278.2,1
CUST-000870,56,Month-to-month,74.2,4124.24,1,1,1,Fiber optic,Bank transfer (automatic),1,0,1,1,3,107.5,0
CUST-000871,18,Month-to-month,37.31,658.42,6,0,1,DSL,Mailed check,0,0,0,0,3,25.3,0
CUST-000872,19,One year,57.86,1100.68,0,1,1,DSL,Credit card (automatic),0,1,1,0,2,296.3,1
CUST-000873,47,Month-to-month,108.85,4937.02,0,1,1,DSL,Mailed check,0,0,0,0,0,183.4,0
CUST-000874,72,Month-to-month,51.4,3674.34,5,0,0,DSL,Mailed check,1,0,0,1,0,150.3,1
CUST-000875,32,One year,46.04,1543.0,0,1,1,Fiber optic,Bank transfer (automatic),1,0,0,1,5,134.8,0
CUST-000876,15,Two year,28.88,390.68,1,1,1,DSL,Mailed check,0,0,1,1,4,278.7,0
CUST-000877,12,One year,76.96,992.66,4,0,1,No,Bank transfer (automatic),0,0,0,0,2,39.4,1
CUST-000878,27,One year,71.03,1955.44,5,0,1,Fiber optic,Electronic check,1,1,1,0,5,94.5,0
CUST-000879,54,Month-to-month,15.0,805.54,1,0,0,DSL,Mailed check,0,1,0,0,2,73.3,1
CUST-000880,72,Two year,29.87,2251.25,0,1,0,No,Electronic check,1,0,1,1,2,172.8,0
CUST-000881,23,Month-to-month,94.17,2205.31,2,1,0,Fiber optic,Credit card (automatic),1,0,1,0,3,270.9,0
CUST-000882,32,Two year,84.49,2638.8,3,1,1,DSL,Electronic check,0,0,0,0,5,107.9,0
CUST-000883,72,Two year,53.86,3728.07,2,1,0,DSL,Electronic check,0,1,0,0,3,143.2,0
CUST-000884,37,Month-to-month,106.22,4224.81,1,1,1,Fiber optic,Bank transfer (automatic),1,0,1,0,0,102.9,1
CUST-000885,35,Month-to-month,112.87,3658.31,2,0,0,Fiber optic,Bank transfer (automatic),0,0,0,1,5,166.6,0
CUST-000886,72,One year,70.41,5019.61,2,0,0,Fiber optic,Mailed check,0,0,1,0,1,56.6,0
CUST-000887,32,One year,61.97,1843.19,1,0,1,No,Credit card (automatic),1,0,0,0,3,162.5,0
CUST-000888,12,One year,74.99,921.83,1,0,1,Fiber optic,Bank transfer (automatic),0,0,0,0,2,177.3,0
CUST-000889,68,Two year,78.47,5310.07,3,1,1,No,Credit card (automatic),1,0,0,0,4,119.5,0
CUST-000890,6,Month-to-month,74.69,420.14,0,0,0,Fiber optic,Mailed check,1,0,0,0,1,70.4,1
CUST-000891,60,Month-to-month,59.67,3424.64,1,1,1,Fiber optic,Bank transfer (automatic),0,0,0,1,2,141.6,0
CUST-000892,30,One year,66.31,1993.72,5,1,0,DSL,Mailed check,0,0,1,0,5,75.4,0
CUST-000893,24,Month-to-month,117.76,2866.52,1,0,1,Fiber optic,Mailed check,1,0,0,1,5,244.9,1
CUST-000894,23,One year,102.76,2134.56,2,0,0,Fiber optic,Electronic check,1,0,1,1,0,152.4,0
CUST-000895,27,Two year,115.17,2999.91,1,0,0,Fiber optic,Electronic check,1,0,1,1,5,58.5,0
CUST-000896,21,Month-to-month,112.98,2391.61,2,1,0,Fiber optic,Credit card (automatic),1,0,0,0,1,44.1,1
CUST-000897,42,Two year,91.05,4055.42,1,0,0,Fiber optic,Credit card (automatic),1,0,0,0,1,73.4,1
CUST-000898,21,Two year,75.06,1642.4,0,0,0,Fiber optic,Electronic check,0,0,0,0,1,102.0,1
CUST-000899,30,Month-to-month,68.26,2001.22,4,1,0,Fiber optic,Electronic check,1,1,0,0,4,14.5,1
CUST-000900,4,Two year,50.33,211.38,4,0,0,Fiber optic,Electronic check,1,0,0,0,4,225.9,1
CUST-000901,30,One year,94.74,2797.43,6,0,0,No,Bank transfer (automatic),1,0,1,0,0,153.0,1
CUST-000902,20,Month-to-month,81.73,1379.41,5,0,0,Fiber optic,Electronic check,0,0,0,0,4,147.4,1
CUST-000903,57,Month-to-month,47.38,2895.23,1,0,1,Fiber optic,Credit card (automatic),1,0,0,0,2,220.6,1
CUST-000904,24,Month-to-month,120.86,2967.01,4,1,1,Fiber optic,Electronic check,1,0,1,0,0,92.7,0
CUST-000905,52,One year,92.36,4847.88,1,0,1,Fiber optic,Bank transfer (automatic),1,0,1,1,3,94.9,0
CUST-000906,48,Month-to-month,89.19,4282.88,1,1,1,No,Credit card (automatic),1,0,1,0,5,140.3,0
CUST-000907,49,Month-to-month,58.46,2907.9,3,0,0,No,Electronic check,1,0,0,0,3,227.3,1
CUST-000908,25,Two year,70.17,1754.89,1,0,1,Fiber optic,Credit card (automatic),1,0,1,0,3,93.0,0
CUST-000909,31,One year,76.14,2326.22,4,1,1,No,Credit card (automatic),1,0,1,1,1,95.7,0
CUST-000910,41,One year,103.22,4093.82,2,0,1,Fiber optic,Bank transfer (automatic),0,0,1,1,3,57.1,0
CUST-000911,32,Two year,58.0,1863.14,2,0,0,No,Electronic check,0,1,0,1,1,85.9,0
CUST-000912,24,Month-to-month,97.84,2244.69,4,1,0,No,Bank transfer (automatic),1,1,1,0,5,91.0,0
CUST-000913,14,Month-to-month,113.64,1500.08,0,0,0,Fiber optic,Mailed check,0,1,1,0,1,128.8,1
CUST-000914,30,One year,79.12,2405.62,0,1,0,No,Credit card (automatic),1,0,0,1,3,237.9,0
CUST-000915,7,Month-to-month,62.25,457.1,0,1,0,Fiber optic,Bank transfer (automatic),0,0,1,0,5,81.3,1
CUST-000916,3,Month-to-month,58.73,169.18,3,0,1,Fiber optic,Credit card (automatic),1,0,1,0,3,163.4,1
CUST-000917,11,One year,119.98,1278.72,2,0,1,Fiber optic,Bank transfer (automatic),1,0,1,0,5,85.7,0
CUST-000918,48,Month-to-month,35.29,1550.29,0,0,0,Fiber optic,Electronic check,0,0,0,0,0,239.3,1
CUST-000919,36,Month-to-month,87.73,2950.44,1,0,0,Fiber optic,Bank transfer (automatic),1,1,0,0,5,80.8,1
CUST-000920,48,One year,68.67,3085.47,2,0,0,DSL,Credit card (automatic),0,0,0,1,2,73.3,1
CUST-000921,17,One year,77.76,1386.32,5,0,1,Fiber optic,Mailed check,0,0,1,1,1,87.3,1
CUST-000922,61,Month-to-month,89.12,4964.35,1,1,0,Fiber optic,Mailed check,0,0,0,1,5,200.4,1
CUST-000923,8,Month-to-month,100.51,822.54,1,1,1,Fiber optic,Credit card (automatic),0,0,0,1,4,109.4,1
CUST-000924,11,Two year,50.32,546.18,0,0,0,DSL,Mailed check,1,1,1,1,1,249.3,0
CUST-000925,61,Two year,87.04,5470.13,2,0,1,DSL,Credit card (automatic),0,0,0,0,4,20.8,0
CUST-000926,34,Month-to-month,104.56,3762.33,0,0,0,Fiber optic,Electronic check,1,0,1,0,1,71.1,1
CUST-000927,49,Month-to-month,85.5,4183.23,4,0,0,Fiber optic,Credit card (automatic),1,0,1,0,0,36.4,1
CUST-000928,36,One year,44.34,1686.73,0,0,1,DSL,Bank transfer (automatic),0,1,0,0,1,129.5,0
CUST-000929,19,Month-to-month,62.73,1284.23,3,0,0,DSL,Electronic check,1,0,1,1,3,95.2,1
CUST-000930,10,Month-to-month,142.77,1523.81,4,0,0,Fiber optic,Electronic check,1,0,0,0,2,115.2,0
CUST-000931,4,Month-to-month,46.06,178.05,0,1,0,DSL,Electronic check,0,0,1,0,3,47.3,1
CUST-000932,72,Month-to-month,103.27,6703.26,3,1,0,DSL,Bank transfer (automatic),1,0,1,1,2,317.3,1
CUST-000933,6,Month-to-month,46.12,274.99,6,0,1,Fiber optic,Mailed check,1,0,1,0,0,47.7,0
CUST-000934,72,Month-to-month,68.48,4974.54,2,1,0,Fiber optic,Electronic check,0,0,1,0,2,247.7,0
CUST-000935,32,Two year,51.43,1485.02,0,1,1,No,Bank transfer (automatic),1,0,1,1,1,95.5,0
CUST-000936,37,Month-to-month,88.73,3293.04,1,0,1,DSL,Credit card (automatic),0,0,0,0,3,123.2,0
CUST-000937,35,Month-to-month,66.38,2024.44,1,0,0,DSL,Electronic check,0,0,1,1,4,145.5,1
CUST-000938,44,Month-to-month,97.75,4633.43,0,1,0,DSL,Bank transfer (automatic),1,0,0,1,5,150.4,0
CUST-000939,15,Two year,81.68,1254.45,1,0,1,Fiber optic,Credit card (automatic),1,1,1,0,5,43.5,1
CUST-000940,3,Month-to-month,63.65,183.14,1,0,1,DSL,Bank transfer (automatic),1,0,0,1,5,60.5,0
CUST-000941,18,Month-to-month,56.78,1028.51,4,0,1,DSL,Credit card (automatic),1,0,1,0,1,129.3,1
CUST-000942,42,One year,140.66,5981.62,3,0,1,Fiber optic,Bank transfer (automatic),1,0,1,0,1,118.7,0
CUST-000943,11,One year,61.99,698.35,1,1,0,Fiber optic,Bank transfer (automatic),0,0,1,0,5,51.4,0
CUST-000944,62,Two year,77.3,4809.23,2,0,1,Fiber optic,Credit card (automatic),0,0,1,0,5,148.3,0
CUST-000945,27,Month-to-month,65.55,1853.47,0,0,0,Fiber optic,Electronic check,1,0,0,0,5,127.6,0
CUST-000946,10,Month-to-month,79.33,743.01,1,1,1,No,Bank transfer (automatic),0,0,0,0,2,69.9,1
CUST-000947,34,Month-to-month,61.47,2076.48,8,0,0,Fiber optic,Bank transfer (automatic),1,0,1,0,2,86.4,1
CUST-000948,41,One year,110.55,4937.46,1,1,0,DSL,Electronic check,1,0,1,0,2,156.2,0
CUST-000949,43,Month-to-month,92.02,3887.27,3,1,0,Fiber optic,Mailed check,1,0,0,0,0,203.1,0
CUST-000950,61,Month-to-month,75.31,4649.36,1,1,1,DSL,Credit card (automatic),0,0,1,0,0,49.9,0
CUST-000951,7,Month-to-month,76.58,509.38,0,0,1,DSL,Electronic check,0,0,1,0,3,111.1,1
CUST-000952,61,Two year,89.5,6048.27,1,1,0,Fiber optic,Mailed check,0,0,1,0,0,76.4,0
CUST-000953,65,Month-to-month,68.04,4485.68,2,0,1,DSL,Electronic check,0,0,1,0,2,115.0,0
CUST-000954,10,Month-to-month,67.12,628.96,1,0,0,DSL,Electronic check,1,0,0,0,0,75.9,1
CUST-000955,12,Two year,102.98,1303.13,0,1,1,Fiber optic,Bank transfer (automatic),0,0,1,0,3,433.5,0
CUST-000956,50,One year,44.44,2102.77,0,1,0,No,Electronic check,0,0,1,0,2,133.3,0
CUST-000957,22,One year,40.2,914.64,4,0,0,DSL,Mailed check,1,0,1,0,0,136.8,0
CUST-000958,71,One year,110.52,8251.03,1,1,0,Fiber optic,Electronic check,1,0,1,0,4,136.7,0
CUST-000959,72,Month-to-month,64.95,5150.28,0,1,0,No,Credit card (automatic),1,0,1,0,1,76.0,0
CUST-000960,10,Two year,15.0,151.68,1,1,1,DSL,Credit card (automatic),1,1,0,0,3,114.9,0
CUST-000961,15,Month-to-month,78.12,1174.66,1,0,1,Fiber optic,Electronic check,0,0,1,0,0,90.9,1
CUST-000962,32,Two year,103.25,2969.16,2,0,1,DSL,Electronic check,1,0,1,0,3,98.3,0
CUST-000963,3,Month-to-month,60.99,178.79,2,1,0,No,Electronic check,0,0,0,1,0,62.5,1
CUST-000964,5,One year,51.73,249.41,0,0,0,DSL,Electronic check,1,0,1,1,1,322.3,1
CUST-000965,13,Month-to-month,27.63,355.94,2,1,0,DSL,Bank transfer (automatic),0,0,0,0,2,43.0,1
CUST-000966,72,Month-to-month,50.8,3562.49,1,0,1,No,Bank transfer (automatic),1,0,0,0,4,50.0,0
CUST-000967,36,Month-to-month,60.91,2278.96,2,0,0,Fiber optic,Bank transfer (automatic),1,0,1,0,3,93.1,0
CUST-000968,17,One year,75.73,1251.39,1,0,0,DSL,Credit card (automatic),0,0,1,0,3,95.1,1
CUST-000969,12,Month-to-month,91.23,1120.79,2,0,0,Fiber optic,Credit card (automatic),1,1,0,1,5,95.4,0
CUST-000970,10,Two year,55.91,555.87,1,1,0,No,Mailed check,1,0,0,0,3,160.4,0
CUST-000971,18,Month-to-month,70.94,1237.16,4,0,1,Fiber optic,Bank transfer (automatic),0,0,0,0,0,101.1,1
CUST-000972,17,One year,103.16,1691.15,3,1,0,DSL,Mailed check,1,1,1,0,0,91.3,1
CUST-000973,25,One year,47.37,1198.05,1,1,1,DSL,Bank transfer (automatic),0,0,0,0,3,117.4,0
CUST-000974,43,Month-to-month,47.46,2180.65,2,0,0,No,Electronic check,1,0,1,0,1,64.8,1
CUST-000975,28,One year,58.93,1589.74,1,0,0,DSL,Mailed check,1,0,1,1,5,82.2,1
CUST-000976,53,One year,62.42,3316.12,2,1,1,DSL,Electronic check,1,0,1,0,3,134.6,0
CUST-000977,23,One year,77.05,1815.02,4,0,1,DSL,Electronic check,1,0,1,0,5,32.9,0
CUST-000978,72,One year,88.26,6348.42,0,1,0,DSL,Mailed check,0,0,1,1,1,142.9,0
CUST-000979,52,One year,111.39,5282.5,1,0,0,Fiber optic,Bank transfer (automatic),0,0,1,1,1,89.8,0
CUST-000980,35,Month-to-month,150.0,5375.74,2,0,0,Fiber optic,Mailed check,1,0,0,0,0,167.7,1
CUST-000981,43,Month-to-month,22.68,901.78,2,1,0,DSL,Credit card (automatic),0,0,1,1,3,206.9,0
CUST-000982,19,Month-to-month,70.77,1244.28,3,0,0,DSL,Mailed check,1,1,0,0,2,146.5,1
CUST-000983,25,One year,51.99,1214.96,4,0,1,DSL,Credit card (automatic),1,0,1,0,0,91.0,1
CUST-000984,24,Two year,115.24,2743.39,1,1,1,DSL,Electronic check,1,0,1,0,5,221.4,0
CUST-000985,15,Month-to-month,69.39,990.7,1,1,1,DSL,Mailed check,0,0,1,0,4,92.9,0
CUST-000986,8,Month-to-month,39.26,291.54,2,1,1,Fiber optic,Electronic check,1,0,0,1,3,39.2,0
CUST-000987,45,Month-to-month,75.86,3478.56,10,0,1,DSL,Electronic check,1,0,0,1,5,151.1,1
CUST-000988,58,One year,71.67,4151.26,1,1,0,DSL,Electronic check,0,1,0,0,1,96.6,0
CUST-000989,40,One year,108.94,4522.68,2,0,0,Fiber optic,Bank transfer (automatic),1,0,0,0,2,200.0,1
CUST-000990,28,One year,71.91,1940.04,1,1,1,Fiber optic,Electronic check,1,0,0,0,0,134.9,0
CUST-000991,72,One year,98.2,7047.93,1,0,1,Fiber optic,Electronic check,1,0,0,0,0,91.6,0
CUST-000992,17,One year,58.24,1029.7,2,1,0,No,Electronic check,1,0,1,0,3,138.6,0
CUST-000993,36,Month-to-month,48.22,1621.93,2,1,1,DSL,Bank transfer (automatic),1,0,1,0,1,116.5,1
CUST-000994,64,Month-to-month,73.57,4552.73,0,1,1,DSL,Mailed check,0,1,1,0,0,85.4,0
CUST-000995,11,Month-to-month,68.82,794.6,1,1,0,DSL,Electronic check,1,1,1,0,0,346.4,1
CUST-000996,47,Two year,91.25,4292.94,2,0,0,DSL,Electronic check,0,0,0,0,4,43.4,0
CUST-000997,72,One year,65.67,4692.65,1,0,0,No,Bank transfer (automatic),0,0,1,0,0,40.0,0
CUST-000998,30,Month-to-month,105.1,3146.92,4,0,0,Fiber optic,Bank transfer (automatic),1,0,0,0,0,130.0,0
CUST-000999,34,Month-to-month,59.81,2157.89,2,0,0,Fiber optic,Mailed check,0,0,0,1,2,98.1,0
CUST-001000,17,Month-to-month,99.86,1695.58,2,0,0,No,Bank transfer (automatic),0,0,0,0,4,109.9,1
CUST-001001,42,Two year,45.57,1918.3,3,0,0,No,Electronic check,0,0,0,0,3,115.5,0
CUST-001002,15,Month-to-month,112.57,1687.14,3,0,0,Fiber optic,Mailed check,1,0,1,0,1,139.4,0
CUST-001003,28,One year,71.58,1842.3,7,1,0,No,Bank transfer (automatic),1,0,0,1,1,109.0,1
CUST-001004,7,Month-to-month,93.41,670.3,6,0,0,Fiber optic,Credit card (automatic),1,0,0,0,2,17.1,1
CUST-001005,1,One year,84.01,80.56,0,0,1,DSL,Mailed check,0,1,0,0,4,157.1,1
CUST-001006,20,One year,36.5,683.93,2,1,0,Fiber optic,Bank transfer (automatic),0,0,0,1,5,6.7,0
CUST-001007,20,Month-to-month,50.66,924.72,0,0,0,No,Mailed check,1,0,1,0,2,88.0,0
CUST-001008,22,One year,108.65,2206.39,1,0,0,Fiber optic,Bank transfer (automatic),0,0,1,0,1,92.2,0
CUST-001009,51,Month-to-month,138.05,6241.68,3,1,0,Fiber optic,Bank transfer (automatic),1,0,1,0,1,55.2,1
CUST-001010,60,Two year,64.39,3665.39,4,1,0,No,Credit card (automatic),1,0,0,0,5,334.3,1
CUST-001011,37,Month-to-month,29.06,1051.85,6,1,0,Fiber optic,Electronic check,1,0,1,0,1,64.3,1
CUST-001012,48,One year,82.07,4148.39,1,1,0,Fiber optic,Mailed check,0,0,0,0,0,285.2,1
CUST-001013,16,Month-to-month,63.5,1019.08,1,0,0,DSL,Electronic check,0,0,1,0,0,180.6,1
CUST-001014,12,One year,92.74,1126.99,0,0,1,DSL,Mailed check,0,1,1,0,0,66.7,0
CUST-001015,43,Month-to-month,66.21,3029.15,3,0,0,DSL,Mailed check,0,0,0,0,5,150.5,0
CUST-001016,11,One year,33.08,312.0,3,0,0,No,Bank transfer (automatic),1,1,0,0,4,74.4,0
CUST-001017,10,Month-to-month,89.09,908.35,1,0,0,No,Bank transfer (automatic),0,0,0,0,1,167.0,1
CUST-001018,72,Month-to-month,79.21,5792.92,2,1,0,DSL,Bank transfer (automatic),1,0,0,0,4,196.3,0
CUST-001019,31,Two year,47.52,1533.79,1,1,0,DSL,Bank transfer (automatic),1,0,1,1,3,170.7,0
CUST-001020,20,Month-to-month,83.0,1510.91,1,0,1,DSL,Electronic check,1,1,1,1,4,172.2,1
CUST-001021,18,Month-to-month,76.33,1334.51,0,0,0,Fiber optic,Electronic check,1,0,0,0,4,65.8,0
CUST-001022,7,One year,82.54,550.88,1,1,1,Fiber optic,Electronic check,0,0,0,0,4,56.5,0
CUST-001023,37,Month-to-month,76.76,2657.23,6,1,0,Fiber optic,Credit card (automatic),1,0,1,0,1,212.6,0
CUST-001024,23,Two year,57.25,1469.01,0,1,0,DSL,Electronic check,1,1,0,0,4,150.3,0
CUST-001025,58,Month-to-month,87.67,4940.94,2,1,0,DSL,Mailed check,0,0,0,0,3,29.5,1
CUST-001026,44,Two year,20.36,937.37,0,0,1,No,Electronic check,1,0,0,0,4,40.7,0
CUST-001027,23,Two year,117.6,2800.24,5,1,1,Fiber optic,Bank transfer (automatic),1,0,0,0,1,95.9,0
CUST-001028,4,Month-to-month,69.41,257.65,1,0,0,DSL,Credit card (automatic),0,1,1,0,3,18.2,0
CUST-001029,31,Month-to-month,55.25,1667.78,1,1,0,DSL,Credit card (automatic),1,0,1,1,4,79.7,0
CUST-001030,29,One year,65.52,1905.81,1,0,1,DSL,Electronic check,1,0,0,0,5,233.1,0
CUST-001031,3,One year,42.28,129.35,1,1,0,DSL,Bank transfer (automatic),1,0,0,1,0,58.2,0
CUST-001032,40,Month-to-month,24.21,984.41,4,1,1,DSL,Electronic check,0,0,0,1,0,166.0,1
CUST-001033,10,Month-to-month,67.98,739.39,0,0,0,Fiber optic,Credit card (automatic),0,1,1,1,2,72.0,0
CUST-001034,61,Month-to-month,17.61,1123.11,4,1,1,DSL,Mailed check,0,1,1,0,1,44.0,1
CUST-001035,28,One year,56.18,1624.71,3,0,1,Fiber optic,Electronic check,0,0,1,1,2,153.8,0
CUST-001036,18,One year,49.43,932.82,1,1,0,Fiber optic,Mailed check,0,0,0,1,1,179.4,0
CUST-001037,35,Month-to-month,95.6,3572.32,2,0,0,DSL,Mailed check,0,0,1,0,1,60.0,0
CUST-001038,33,Month-to-month,57.89,1850.86,3,0,0,Fiber optic,Credit card (automatic),1,0,1,0,3,165.4,1
CUST-001039,32,One year,63.97,1885.37,0,1,1,No,Electronic check,0,0,0,0,0,41.8,1
CUST-001040,55,Two year,92.92,4955.59,2,0,0,DSL,Credit card (automatic),1,0,1,0,2,75.5,0
CUST-001041,36,Month-to-month,111.25,3729.93,1,0,0,Fiber optic,Electronic check,1,0,1,0,2,156.5,1
CUST-001042,16,Month-to-month,57.62,876.61,1,1,1,DSL,Electronic check,0,0,1,0,5,69.9,0
CUST-001043,24,Month-to-month,57.74,1392.68,3,0,0,DSL,Bank transfer (automatic),1,0,0,0,2,13.2,1
CUST-001044,72,One year,69.5,4865.53,0,0,1,DSL,Bank transfer (automatic),0,0,1,0,2,118.8,0
CUST-001045,15,Month-to-month,142.81,2211.56,0,1,0,Fiber optic,Credit card (automatic),1,0,0,1,3,39.5,0
CUST-001046,40,Month-to-month,100.33,4074.12,1,0,1,Fiber optic,Bank transfer (automatic),1,0,0,0,1,75.4,1
CUST-001047,57,One year,106.71,6193.4,6,0,1,Fiber optic,Bank transfer (automatic),0,0,1,0,4,105.6,1
CUST-001048,43,Month-to-month,121.66,4900.51,0,0,0,DSL,Electronic check,1,0,0,0,2,69.9,1
CUST-001049,31,Month-to-month,96.95,2873.57,1,1,0,Fiber optic,Credit card (automatic),1,0,0,0,1,175.5,0
CUST-001050,35,Month-to-month,93.7,2966.31,1,1,0,DSL,Bank transfer (automatic),1,0,1,0,1,51.5,1
CUST-001051,45,Month-to-month,76.94,3560.64,3,1,0,DSL,Bank transfer (automatic),1,0,1,1,2,122.8,1
CUST-001052,15,Month-to-month,101.58,1670.14,7,1,1,Fiber optic,Credit card (automatic),0,0,0,0,3,168.5,1
CUST-001053,29,Month-to-month,40.92,1197.29,2,0,1,DSL,Electronic check,1,0,1,0,0,117.2,1
CUST-001054,72,Month-to-month,61.77,4506.97,2,0,0,Fiber optic,Credit card (automatic),1,0,1,1,0,118.9,0
CUST-001055,41,Month-to-month,77.19,3080.67,2,0,1,Fiber optic,Bank transfer (automatic),1,0,0,0,4,55.4,0
CUST-001056,32,Two year,112.05,3546.77,7,1,0,Fiber optic,Credit card (automatic),1,1,0,0,3,98.0,0
CUST-001057,22,Two year,110.86,2594.36,0,1,1,Fiber optic,Bank transfer (automatic),1,0,0,0,4,382.2,0
CUST-001058,15,Month-to-month,98.33,1481.64,0,0,0,DSL,Mailed check,1,0,1,0,2,232.5,1
CUST-001059,36,One year,64.72,2404.4,1,1,0,DSL,Credit card (automatic),0,0,1,0,0,46.6,0
CUST-001060,38,Month-to-month,103.44,4186.38,1,0,1,Fiber optic,Bank transfer (automatic),0,0,0,0,5,109.7,0
CUST-001061,28,Two year,78.55,2320.42,1,1,1,DSL,Electronic check,1,0,0,1,4,130.3,0
CUST-001062,72,Two year,62.31,4493.57,1,0,1,DSL,Bank transfer (automatic),0,0,0,0,5,55.4,0
CUST-001063,16,One year,56.96,916.18,1,1,1,DSL,Bank transfer (automatic),0,0,1,1,4,83.6,0
CUST-001064,13,One year,52.88,674.16,0,1,1,Fiber optic,Credit card (automatic),0,1,1,0,3,111.7,0
CUST-001065,22,Month-to-month,86.19,1943.48,1,1,0,Fiber optic,Credit card (automatic),0,0,1,0,2,119.2,0
CUST-001066,29,Month-to-month,62.4,1772.2,0,0,1,DSL,Electronic check,1,0,1,0,3,145.7,0
CUST-001067,14,Month-to-month,93.36,1329.92,1,0,0,DSL,Electronic check,1,0,0,0,4,90.9,1
CUST-001068,36,Month-to-month,95.82,3628.6,1,0,0,DSL,Electronic check,0,0,1,0,0,8.6,0
CUST-001069,38,One year,68.64,2388.42,0,0,1,DSL,Bank transfer (automatic),1,0,0,1,4,53.2,0
CUST-001070,49,Month-to-month,141.58,6293.11,1,0,0,Fiber optic,Credit card (automatic),1,1,1,1,0,69.1,1
CUST-001071,19,Month-to-month,69.75,1322.29,3,1,0,DSL,Bank transfer (automatic),1,0,0,0,3,120.9,0
CUST-001072,72,One year,90.82,6757.72,0,0,0,DSL,Credit card (automatic),1,0,0,1,3,27.5,0
CUST-001073,46,One year,62.5,2916.24,0,0,0,No,Bank transfer (automatic),0,0,1,0,5,73.3,0
CUST-001074,16,One year,61.5,924.42,1,0,0,Fiber optic,Bank transfer (automatic),1,0,0,0,1,132.8,0
CUST-001075,14,Month-to-month,54.37,795.42,3,0,0,DSL,Credit card (automatic),1,0,1,0,1,213.6,0
CUST-001076,24,Two year,126.85,3334.88,1,1,0,Fiber optic,Electronic check,1,0,1,0,3,44.5,0
CUST-001077,38,Month-to-month,83.39,3031.18,1,1,1,Fiber optic,Mailed check,1,0,1,0,2,143.8,0
CUST-001078,43,One year,53.34,2210.47,0,0,1,No,Electronic check,0,0,0,0,1,181.7,0
CUST-001079,46,Month-to-month,64.9,2989.22,2,1,1,No,Electronic check,0,0,1,0,0,164.4,1
CUST-001080,72,Month-to-month,80.26,5742.38,0,0,0,Fiber optic,Bank transfer (automatic),1,0,1,1,3,187.8,1
CUST-001081,5,Two year,94.84,502.72,2,0,0,DSL,Electronic check,0,0,0,0,1,84.0,1
CUST-001082,27,Month-to-month,137.14,3755.28,2,1,1,Fiber optic,Mailed check,0,0,0,1,4,35.9,0
CUST-001083,72,Month-to-month,65.15,4622.41,4,0,0,DSL,Electronic check,1,0,1,0,5,55.4,0
CUST-001084,50,Month-to-month,103.51,5022.9,2,0,0,Fiber optic,Mailed check,1,0,1,0,0,164.1,0
CUST-001085,12,Two year,89.3,989.75,1,1,0,No,Electronic check,0,0,0,1,5,39.9,0
CUST-001086,34,Two year,67.71,2459.78,10,1,0,DSL,Credit card (automatic),1,0,1,0,3,10.7,1
CUST-001087,26,Month-to-month,43.05,1154.43,1,0,0,No,Bank transfer (automatic),0,0,0,1,3,72.8,0
CUST-001088,25,One year,79.76,1984.98,0,0,1,Fiber optic,Credit card (automatic),0,0,1,1,4,123.7,0
CUST-001089,19,Month-to-month,75.3,1438.48,0,1,1,DSL,Mailed check,0,0,1,0,2,61.1,0
CUST-001090,32,One year,74.85,2382.31,1,0,0,No,Electronic check,0,0,0,1,4,149.0,0
CUST-001091,63,Month-to-month,45.2,2596.22,3,0,0,Fiber optic,Bank transfer (automatic),1,0,0,1,3,93.6,0
CUST-001092,21,Month-to-month,79.08,1542.67,0,0,0,Fiber optic,Electronic check,0,0,1,0,2,75.8,0
CUST-001093,47,One year,71.57,3329.44,0,0,1,Fiber optic,Mailed check,0,0,1,1,4,282.6,0
CUST-001094,52,Two year,87.06,4477.05,1,0,1,DSL,Bank transfer (automatic),0,0,0,1,4,36.5,0
CUST-001095,71,Month-to-month,47.54,3373.29,3,1,1,DSL,Credit card (automatic),1,0,0,0,2,130.5,0
CUST-001096,14,Month-to-month,78.47,1191.82,0,0,1,Fiber optic,Credit card (automatic),0,0,0,1,0,47.9,1
CUST-001097,30,Two year,52.6,1555.41,2,1,1,No,Electronic check,0,0,1,0,2,518.9,0
CUST-001098,17,Month-to-month,109.78,1795.08,0,1,0,Fiber optic,Bank transfer (automatic),1,0,0,0,3,160.5,0
CUST-001099,32,Month-to-month,89.22,2862.61,1,0,0,No,Mailed check,0,1,0,1,0,48.6,0
CUST-001100,32,Month-to-month,77.34,2302.03,1,1,1,No,Credit card (automatic),0,1,1,0,1,147.4,0
CUST-001101,11,Month-to-month,92.66,1027.19,0,0,0,DSL,Credit card (automatic),0,1,1,0,2,105.6,0
CUST-001102,34,Month-to-month,120.89,3961.3,1,0,1,Fiber optic,Bank transfer (automatic),1,0,1,0,1,95.2,0
CUST-001103,72,Month-to-month,44.74,3257.53,3,0,0,Fiber optic,Electronic check,0,0,1,0,0,130.6,0
CUST-001104,43,Month-to-month,79.8,3400.47,2,1,0,DSL,Credit card (automatic),1,0,0,0,1,91.9,1
CUST-001105,9,Month-to-month,80.76,721.7,0,1,0,Fiber optic,Bank transfer (automatic),1,0,1,0,0,84.4,0
CUST-001106,13,Two year,58.58,785.4,3,1,0,Fiber optic,Credit card (automatic),0,0,1,0,1,38.8,1
CUST-001107,29,Month-to-month,57.01,1714.0,4,0,1,No,Bank transfer (automatic),0,0,0,1,3,32.7,0
CUST-001108,14,One year,83.27,1284.29,1,1,0,No,Credit card (automatic),1,1,1,1,4,140.2,0
CUST-001109,69,Month-to-month,126.38,9022.95,2,0,1,Fiber optic,Electronic check,1,0,1,1,4,77.1,0
CUST-001110,8,Month-to-month,56.37,445.44,4,1,0,Fiber optic,Bank transfer (automatic),0,0,0,0,2,79.0,1
CUST-001111,43,Month-to-month,105.46,4391.34,1,0,1,Fiber optic,Mailed check,0,0,0,1,1,29.0,1
CUST-001112,6,Month-to-month,114.14,696.72,0,1,1,No,Bank transfer (automatic),1,0,0,0,0,69.2,1
CUST-001113,29,One year,135.77,4225.04,1,1,1,Fiber optic,Credit card (automatic),1,0,1,0,5,54.2,0
CUST-001114,12,Month-to-month,15.0,187.71,2,1,0,No,Bank transfer (automatic),1,0,0,0,4,105.4,0
CUST-001115,49,One year,119.47,5645.54,1,0,0,No,Bank transfer (automatic),1,0,1,0,2,195.0,1
CUST-001116,61,Two year,89.03,5553.73,0,0,0,DSL,Electronic check,1,0,0,0,5,79.6,0
CUST-001117,38,Month-to-month,15.0,576.33,0,0,0,No,Electronic check,1,0,1,0,0,220.8,0
CUST-001118,63,Two year,70.86,4698.35,0,0,1,Fiber optic,Bank transfer (automatic),1,0,1,0,1,109.5,0
CUST-001119,2,Month-to-month,96.44,195.79,11,0,0,DSL,Mailed check,1,0,1,0,4,225.9,1
CUST-001120,33,Month-to-month,74.01,2474.57,0,0,0,DSL,Electronic check,0,0,0,0,5,215.7,0
CUST-001121,43,Month-to-month,75.65,3060.82,0,1,1,Fiber optic,Bank transfer (automatic),1,1,0,0,5,48.7,0
CUST-001122,46,Two year,66.66,3187.8,1,0,0,DSL,Bank transfer (automatic),1,0,1,0,1,165.0,0
CUST-001123,41,One year,78.65,3000.44,2,1,1,DSL,Electronic check,0,0,0,1,3,106.1,1
CUST-001124,47,Two year,75.52,3565.34,0,1,1,Fiber optic,Electronic check,1,0,1,0,1,60.1,0
CUST-001125,33,One year,61.82,1983.88,3,0,0,DSL,Mailed check,0,0,0,0,3,147.1,1
CUST-001126,9,Month-to-month,112.42,980.93,0,1,0,Fiber optic,Bank transfer (automatic),1,0,0,0,1,285.8,1
CUST-001127,19,Two year,72.48,1417.24,1,0,0,Fiber optic,Credit card (automatic),1,1,1,0,3,52.4,0
CUST-001128,69,Two year,31.08,2144.17,2,0,0,DSL,Mailed check,1,0,1,1,4,19.3,0
CUST-001129,64,One year,74.07,4173.18,1,1,0,Fiber optic,Electronic check,1,0,1,0,2,47.1,0
CUST-001130,42,One year,42.78,1778.99,7,0,1,DSL,Credit card (automatic),1,0,1,0,3,104.5,0
CUST-001131,49,Two year,49.88,2396.66,8,0,0,No,Electronic check,1,1,0,0,0,239.4,1
CUST-001132,59,Month-to-month,46.81,2935.43,3,0,0,Fiber optic,Bank transfer (automatic),1,0,1,0,5,18.5,0
CUST-001133,42,Two year,70.89,2792.43,2,0,0,No,Mailed check,1,0,1,0,2,60.2,0
CUST-001134,68,Two year,111.69,8322.87,0,0,0,Fiber optic,Credit card (automatic),1,0,0,0,4,231.2,0
CUST-001135,66,One year,44.71,3077.26,1,1,0,No,Bank transfer (automatic),1,0,1,1,5,64.0,0
CUST-001136,72,Month-to-month,73.7,5232.63,0,1,1,Fiber optic,Electronic check,1,0,0,0,3,141.0,0
CUST-001137,20,Month-to-month,85.32,1670.66,7,0,1,Fiber optic,Mailed check,1,0,1,0,0,72.9,1
CUST-001138,20,Two year,42.22,817.45,0,0,1,DSL,Electronic check,0,0,0,0,0,28.7,0
CUST-001139,39,Two year,114.59,4540.37,0,1,1,Fiber optic,Electronic check,1,0,0,0,0,104.5,0
CUST-001140,72,One year,67.78,4687.92,3,1,1,Fiber optic,Mailed check,0,1,0,0,4,39.3,0
CUST-001141,71,Two year,76.85,5424.34,1,0,1,Fiber optic,Bank transfer (automatic),0,0,0,0,1,125.0,0
CUST-001142,54,Month-to-month,45.92,2344.96,1,1,0,DSL,Credit card (automatic),1,0,0,1,0,202.7,0
CUST-001143,72,Two year,115.19,8589.25,2,1,0,Fiber optic,Electronic check,1,0,0,0,4,368.8,0
CUST-001144,43,Month-to-month,84.22,3652.15,3,0,0,Fiber optic,Mailed check,1,1,0,0,0,111.7,1
CUST-001145,24,Month-to-month,139.83,3277.4,1,0,0,Fiber optic,Credit card (automatic),1,0,0,0,5,49.0,1
CUST-001146,72,Month-to-month,98.84,7030.46,0,0,0,Fiber optic,Mailed check,1,0,0,1,5,198.2,0
CUST-001147,41,Month-to-month,118.96,4708.39,1,0,0,Fiber optic,Bank transfer (automatic),1,0,1,0,1,138.2,1
CUST-001148,65,Month-to-month,81.89,5406.23,0,0,0,Fiber optic,Credit card (automatic),1,0,0,0,1,114.3,1
CUST-001149,2,One year,66.43,124.52,1,1,0,Fiber optic,Bank transfer (automatic),1,1,1,1,0,138.9,0
CUST-001150,2,Month-to-month,89.17,186.38,2,0,1,Fiber optic,Bank transfer (automatic),1,0,1,1,0,327.4,0
CUST-001151,34,One year,73.02,2504.19,2,1,0,Fiber optic,Credit card (automatic),1,0,1,0,5,173.0,0
CUST-001152,14,Month-to-month,15.04,205.84,0,0,1,DSL,Electronic check,0,1,0,1,4,71.8,1
CUST-001153,36,Two year,90.34,3347.81,2,0,0,DSL,Electronic check,0,0,1,1,5,89.4,0
CUST-001154,20,Month-to-month,90.82,1851.69,0,0,1,Fiber optic,Mailed check,0,0,0,0,1,44.8,0
CUST-001155,72,One year,72.49,4946.41,3,0,1,Fiber optic,Electronic check,1,0,0,0,3,84.1,0
CUST-001156,62,One year,74.41,4914.99,1,1,0,DSL,Electronic check,0,0,0,0,0,158.7,0
CUST-001157,72,Month-to-month,91.17,5744.84,1,0,0,Fiber optic,Electronic check,0,0,1,0,3,84.5,1
CUST-001158,3,Month-to-month,100.24,317.1,0,1,1,DSL,Bank transfer (automatic),0,1,0,0,5,52.4,1
CUST-001159,53,Month-to-month,100.82,5299.87,2,1,0,Fiber optic,Mailed check,1,1,1,1,3,122.2,0
CUST-001160,26,Month-to-month,61.08,1666.73,0,0,0,DSL,Credit card (automatic),1,0,0,0,1,99.5,0
CUST-001161,72,Month-to-month,107.34,8285.09,0,1,1,Fiber optic,Electronic check,1,0,0,1,0,141.3,0
CUST-001162,48,Month-to-month,89.1,4185.39,1,1,0,Fiber optic,Bank transfer (automatic),0,1,1,0,1,38.4,0
CUST-001163,29,One year,69.6,1980.0,1,0,1,No,Electronic check,1,0,0,0,4,95.6,0
CUST-001164,10,Month-to-month,95.65,971.55,5,0,0,No,Electronic check,0,0,0,1,0,70.1,1
CUST-001165,34,Month-to-month,60.79,1949.71,0,1,0,Fiber optic,Bank transfer (automatic),0,1,0,0,4,118.6,0
CUST-001166,68,Month-to-month,68.42,4575.4,3,1,0,Fiber optic,Electronic check,0,1,0,0,0,90.9,0
CUST-001167,72,Month-to-month,79.52,5606.18,3,0,1,Fiber optic,Bank transfer (automatic),1,0,0,0,5,388.7,0
CUST-001168,23,Month-to-month,58.17,1258.56,0,1,0,No,Bank transfer (automatic),0,0,0,1,3,63.8,0
CUST-001169,72,One year,118.91,8360.69,0,1,0,Fiber optic,Bank transfer (automatic),1,0,0,0,3,300.7,1
CUST-001170,64,One year,29.63,1967.72,2,0,1,DSL,Bank transfer (automatic),0,1,1,1,1,117.4,0
CUST-001171,14,Month-to-month,64.26,930.27,4,0,1,No,Credit card (automatic),0,0,1,0,4,198.4,0
CUST-001172,11,Month-to-month,51.23,558.54,0,0,0,DSL,Electronic check,1,1,0,0,3,33.3,0
CUST-001173,27,Month-to-month,107.51,2911.82,1,1,1,No,Credit card (automatic),1,0,0,0,5,100.6,1
CUST-001174,22,One year,87.1,1887.05,1,0,0,DSL,Electronic check,0,0,0,1,1,91.0,1
CUST-001175,43,Month-to-month,95.97,3763.28,1,0,1,Fiber optic,Mailed check,1,1,1,1,0,314.0,1
CUST-001176,31,Two year,89.22,2625.22,3,0,0,No,Credit card (automatic),0,0,0,0,1,242.1,0
CUST-001177,24,One year,57.01,1433.85,4,1,0,Fiber optic,Electronic check,0,0,1,0,1,37.3,0
CUST-001178,7,One year,140.69,1043.78,3,0,0,Fiber optic,Credit card (automatic),1,1,1,0,5,181.6,1
CUST-001179,49,Month-to-month,43.95,2061.13,4,0,0,DSL,Bank transfer (automatic),1,1,0,0,2,201.3,0
CUST-001180,6,Two year,96.42,610.89,0,0,0,DSL,Credit card (automatic),0,0,0,1,0,45.8,0
CUST-001181,64,Month-to-month,78.79,4739.83,0,1,0,DSL,Electronic check,1,0,1,1,3,226.4,0
CUST-001182,4,Month-to-month,96.61,376.45,0,0,1,Fiber optic,Bank transfer (automatic),0,1,1,0,4,38.7,0
CUST-001183,6,Two year,120.38,717.99,2,1,0,Fiber optic,Electronic check,1,0,0,0,2,73.2,1
CUST-001184,14,One year,89.91,1241.55,1,0,0,DSL,Electronic check,0,0,1,0,5,118.0,0
CUST-001185,21,Month-to-month,92.68,1878.92,0,1,0,Fiber optic,Bank transfer (automatic),0,0,0,0,4,333.1,0
CUST-001186,17,Month-to-month,54.46,931.69,0,1,0,No,Bank transfer (automatic),0,0,1,0,2,188.5,1
CUST-001187,21,Month-to-month,68.08,1485.18,2,1,0,No,Bank transfer (automatic),0,0,1,0,1,45.8,0
CUST-001188,37,Two year,87.43,2999.77,1,0,1,Fiber optic,Bank transfer (automatic),0,0,0,0,2,185.0,1
CUST-001189,14,Month-to-month,73.85,1040.42,1,0,0,No,Credit card (automatic),0,0,0,1,4,281.9,1
CUST-001190,37,Month-to-month,115.51,4480.07,2,1,0,Fiber optic,Mailed check,0,0,0,1,2,228.7,1
CUST-001191,2,Month-to-month,76.71,150.25,2,1,0,DSL,Mailed check,0,0,1,0,5,11.6,1
CUST-001192,14,Two year,94.62,1288.46,2,1,1,Fiber optic,Credit card (automatic),0,0,1,0,4,98.5,0
CUST-001193,5,One year,48.65,232.9,0,0,0,No,Bank transfer (automatic),0,0,1,0,5,306.1,0
CUST-001194,64,Month-to-month,73.12,5147.73,2,1,0,DSL,Electronic check,0,0,1,0,0,302.3,0
CUST-001195,16,Two year,22.6,388.6,1,1,1,DSL,Mailed check,1,0,0,0,1,127.7,0
CUST-001196,47,Month-to-month,45.06,2086.59,0,1,1,No,Electronic check,1,0,0,1,3,119.8,1
CUST-001197,4,One year,105.16,445.46,0,1,0,Fiber optic,Credit card (automatic),0,0,0,0,4,122.0,0
CUST-001198,72,One year,112.13,7860.99,1,0,1,Fiber optic,Electronic check,1,0,0,0,3,291.1,0
CUST-001199,32,Month-to-month,89.48,2841.08,2,0,0,Fiber optic,Bank transfer (automatic),1,0,0,1,4,86.6,1
CUST-001200,30,One year,95.02,2699.52,3,1,1,Fiber optic,Bank transfer (automatic),0,0,0,0,4,30.7,1
CUST-001201,7,Two year,74.26,471.92,1,0,0,DSL,Credit card (automatic),1,0,0,1,5,71.1,0
CUST-001202,12,Month-to-month,107.04,1247.22,1,1,0,Fiber optic,Mailed check,1,0,1,0,5,194.8,0
CUST-001203,25,Month-to-month,59.96,1467.14,1,0,0,DSL,Credit card (automatic),1,0,1,0,3,69.9,1
CUST-001204,12,Two year,40.43,495.51,2,1,0,DSL,Bank transfer (automatic),1,0,0,0,0,307.7,0
CUST-001205,60,Month-to-month,74.68,4627.53,0,1,0,No,Electronic check,1,0,0,0,3,13.5,0
CUST-001206,32,Month-to-month,113.96,3624.35,2,0,0,DSL,Mailed check,0,0,0,0,0,169.3,1
CUST-001207,13,Month-to-month,41.94,518.2,0,0,1,DSL,Mailed check,1,0,0,1,2,52.5,0
CUST-001208,53,Two year,61.83,3169.19,1,0,0,DSL,Electronic check,1,0,0,0,3,124.9,1
CUST-001209,22,One year,55.34,1314.34,1,0,0,No,Mailed check,1,0,1,0,4,200.3,0
CUST-001210,52,Two year,125.33,6722.17,1,0,1,No,Electronic check,1,1,1,1,4,189.9,0
CUST-001211,19,Month-to-month,40.98,834.01,1,1,0,DSL,Credit card (automatic),1,0,0,1,1,202.2,0
CUST-001212,44,Two year,85.99,4119.72,0,0,0,Fiber optic,Mailed check,1,0,1,1,4,146.1,0
CUST-001213,21,Month-to-month,80.88,1642.65,3,0,0,Fiber optic,Electronic check,1,0,0,0,4,33.5,1
CUST-001214,60,One year,58.64,3662.69,3,0,1,Fiber optic,Bank transfer (automatic),0,1,1,0,2,154.8,0
CUST-001215,4,One year,32.28,123.3,2,0,1,DSL,Credit card (automatic),1,0,1,0,4,172.2,0
CUST-001216,9,Month-to-month,79.21,749.72,3,1,0,DSL,Credit card (automatic),1,0,1,0,5,90.1,0
CUST-001217,27,One year,107.72,3028.82,6,0,0,Fiber optic,Credit card (automatic),0,1,0,0,5,208.8,1
CUST-001218,16,Month-to-month,51.01,729.89,1,0,1,DSL,Credit card (automatic),0,0,1,1,4,355.1,0
CUST-001219,21,Month-to-month,125.22,2682.58,1,0,0,Fiber optic,Mailed check,1,0,1,0,0,253.3,0
CUST-001220,48,One year,15.0,689.16,0,0,0,DSL,Bank transfer (automatic),1,0,1,0,2,53.6,1
CUST-001221,21,Month-to-month,33.54,692.35,0,1,0,No,Mailed check,0,0,1,0,2,82.3,0
CUST-001222,38,One year,69.38,2549.48,1,0,1,Fiber optic,Credit card (automatic),0,0,1,0,3,184.8,0
CUST-001223,13,Month-to-month,89.78,1220.12,2,0,1,Fiber optic,Electronic check,0,0,0,0,4,28.5,1
CUST-001224,3,Month-to-month,78.73,228.12,1,0,1,Fiber optic,Bank transfer (automatic),1,0,0,0,2,99.0,1
CUST-001225,51,One year,59.97,2862.88,3,1,1,DSL,Electronic check,1,0,0,1,2,194.6,0
CUST-001226,72,Month-to-month,77.13,5329.13,1,1,0,DSL,Credit card (automatic),0,0,1,1,2,83.1,0
CUST-001227,35,Two year,126.43,4377.59,1,1,0,Fiber optic,Mailed check,1,0,1,0,2,38.9,0
CUST-001228,28,Two year,110.06,3144.89,7,1,1,Fiber optic,Credit card (automatic),0,0,0,1,1,48.6,1
CUST-001229,33,Month-to-month,66.4,2322.22,2,1,1,No,Credit card (automatic),0,0,0,0,2,103.1,0
CUST-001230,72,Month-to-month,88.0,6498.71,0,1,1,Fiber optic,Electronic check,0,0,0,0,3,126.7,0
CUST-001231,36,Month-to-month,117.54,4354.95,0,0,0,Fiber optic,Credit card (automatic),1,1,0,0,4,104.2,1
CUST-001232,53,One year,112.11,6161.23,3,0,1,DSL,Mailed check,1,0,0,0,3,165.1,0
CUST-001233,52,Month-to-month,80.96,4381.97,1,1,0,DSL,Mailed check,0,0,1,0,2,57.2,0
CUST-001234,63,Two year,52.75,3494.96,1,1,0,DSL,Electronic check,1,0,1,0,4,27.1,0
CUST-001235,27,Two year,71.48,2171.7,2,1,0,No,Bank transfer (automatic),1,0,0,0,0,131.8,0
CUST-001236,19,Month-to-month,104.51,2065.2,2,1,1,Fiber optic,Mailed check,1,0,0,0,4,121.7,0
CUST-001237,45,One year,76.12,3474.47,4,1,1,Fiber optic,Bank transfer (automatic),0,0,0,1,2,97.4,0
CUST-001238,60,Month-to-month,111.64,6542.59,0,0,1,Fiber optic,Credit card (automatic),0,0,0,0,4,171.3,0
CUST-001239,68,Month-to-month,71.6,4944.25,0,1,1,DSL,Mailed check,1,0,0,0,3,92.0,0
CUST-001240,72,Month-to-month,94.12,7167.61,1,0,0,DSL,Electronic check,0,0,0,0,0,95.5,1
CUST-001241,56,One year,40.58,2134.06,1,1,1,DSL,Electronic check,1,0,0,0,2,183.0,0
CUST-001242,18,Month-to-month,21.46,410.59,4,0,0,DSL,Electronic check,1,0,1,0,0,102.4,0
CUST-001243,35,Two year,80.18,2746.42,2,1,0,Fiber optic,Credit card (automatic),1,0,0,1,4,106.5,0
CUST-001244,33,Month-to-month,65.59,2139.37,1,0,0,DSL,Mailed check,1,0,1,0,1,243.6,0
CUST-001245,30,One year,44.98,1384.6,1,0,0,Fiber optic,Bank transfer (automatic),1,0,1,0,0,42.6,0
CUST-001246,45,Two year,49.79,2181.54,0,0,0,No,Credit card (automatic),1,0,1,1,0,185.3,0
CUST-001247,25,One year,97.09,2482.93,1,1,1,No,Mailed check,1,0,1,0,2,123.0,0
CUST-001248,25,Month-to-month,78.33,1845.44,0,1,0,DSL,Bank transfer (automatic),1,0,0,0,2,120.7,1
CUST-001249,72,Month-to-month,93.46,7023.84,0,0,1,Fiber optic,Credit card (automatic),1,0,0,1,3,57.5,1
CUST-001250,28,Month-to-month,38.61,1091.67,8,0,1,DSL,Bank transfer (automatic),1,0,0,1,5,53.1,1
CUST-001251,63,Month-to-month,96.26,6063.27,3,0,0,DSL,Electronic check,0,0,1,0,4,21.9,1
CUST-001252,65,Two year,79.57,5243.09,0,1,0,Fiber optic,Credit card (automatic),0,0,0,0,4,110.9,0
CUST-001253,36,Month-to-month,92.37,3321.97,0,0,1,Fiber optic,Credit card (automatic),1,0,0,0,2,162.6,0
CUST-001254,26,Month-to-month,100.19,2662.45,1,0,1,Fiber optic,Credit card (automatic),0,0,1,0,5,63.4,1
CUST-001255,14,One year,69.28,959.87,8,0,0,No,Credit card (automatic),1,1,1,0,5,191.1,1
CUST-001256,6,Month-to-month,102.29,604.81,1,0,1,DSL,Credit card (automatic),0,1,1,1,3,94.4,1
CUST-001257,47,Two year,79.38,3401.06,1,1,1,No,Bank transfer (automatic),0,0,1,0,4,72.7,0
CUST-001258,41,Month-to-month,73.46,3217.4,3,1,1,DSL,Electronic check,1,0,1,0,2,71.6,0
CUST-001259,52,Month-to-month,62.84,3077.66,0,0,1,No,Credit card (automatic),0,0,1,0,2,54.7,0
CUST-001260,20,One year,100.8,2178.84,0,0,0,Fiber optic,Electronic check,1,0,0,0,0,116.2,0
CUST-001261,72,Month-to-month,59.75,4249.87,1,1,1,DSL,Credit card (automatic),1,1,0,0,2,89.5,0
CUST-001262,43,Two year,94.73,4321.36,1,1,0,Fiber optic,Mailed check,1,0,1,0,1,149.2,0
CUST-001263,28,Month-to-month,56.46,1663.26,1,1,1,DSL,Bank transfer (automatic),0,0,1,1,3,128.5,0
CUST-001264,3,Month-to-month,77.51,243.72,1,0,0,Fiber optic,Credit card (automatic),1,0,1,0,1,32.1,0
CUST-001265,22,Month-to-month,42.1,928.35,2,0,0,DSL,Credit card (automatic),1,0,1,1,4,97.9,0
CUST-001266,54,Month-to-month,58.22,2956.09,0,1,0,No,Electronic check,1,1,0,0,2,45.3,0
CUST-001267,72,One year,56.58,4036.68,0,0,0,DSL,Bank transfer (automatic),0,0,1,1,5,91.5,0
CUST-001268,31,Month-to-month,110.73,3378.66,1,0,1,No,Electronic check,1,0,0,0,4,251.9,1
CUST-001269,72,One year,89.8,6432.57,1,1,0,DSL,Electronic check,0,0,0,0,0,146.8,0
CUST-001270,13,Two year,86.65,1057.3,1,1,1,Fiber optic,Bank transfer (automatic),1,0,0,0,0,142.6,0
CUST-001271,41,Month-to-month,54.42,2199.28,3,1,1,No,Credit card (automatic),0,0,1,0,2,62.6,0
CUST-001272,42,One year,80.38,2882.62,0,0,1,DSL,Credit card (automatic),1,0,1,0,1,171.7,0
CUST-001273,47,Month-to-month,113.56,5257.18,1,1,0,DSL,Bank transfer (automatic),0,0,1,0,3,36.7,0
CUST-001274,34,Two year,109.91,3760.44,5,1,0,Fiber optic,Credit card (automatic),0,0,0,0,2,156.1,0
CUST-001275,40,Month-to-month,47.0,1806.5,3,0,0,Fiber optic,Electronic check,0,0,0,0,3,108.6,0
CUST-001276,13,One year,86.58,1110.34,2,1,1,No,Electronic check,1,0,0,0,1,78.2,0
CUST-001277,72,Month-to-month,91.01,6605.99,2,1,0,DSL,Bank transfer (automatic),0,0,0,0,1,119.3,0
CUST-001278,59,Month-to-month,119.98,7437.29,2,1,0,No,Credit card (automatic),1,0,0,1,1,82.7,1
CUST-001279,39,Month-to-month,58.79,2413.71,1,0,1,No,Bank transfer (automatic),1,0,0,0,1,157.3,1
CUST-001280,60,Month-to-month,93.46,5693.22,2,0,0,Fiber optic,Electronic check,1,0,0,1,4,175.3,1
CUST-001281,72,Two year,76.26,5482.65,0,0,0,DSL,Mailed check,1,0,1,0,3,155.0,0
CUST-001282,47,Month-to-month,45.9,2195.61,1,1,0,DSL,Electronic check,0,0,0,0,4,230.4,0
CUST-001283,72,Two year,43.64,3424.86,0,1,1,No,Credit card (automatic),1,0,1,0,4,104.0,0
CUST-001284,50,Month-to-month,99.98,5124.35,2,1,0,Fiber optic,Mailed check,0,0,0,1,2,133.6,0
CUST-001285,15,Month-to-month,51.42,781.35,2,1,0,Fiber optic,Mailed check,1,0,1,0,4,208.6,0
CUST-001286,37,Month-to-month,32.07,1250.24,0,1,1,No,Bank transfer (automatic),1,0,0,1,0,92.5,0
CUST-001287,61,Month-to-month,85.39,5221.3,1,0,1,DSL,Electronic check,0,0,1,0,2,67.3,0
CUST-001288,72,Two year,102.45,7061.66,0,0,1,Fiber optic,Mailed check,0,1,0,0,1,110.0,0
CUST-001289,35,Month-to-month,121.24,4340.82,0,1,0,Fiber optic,Bank transfer (automatic),1,0,0,0,1,182.2,0
CUST-001290,14,Two year,76.58,1081.25,1,1,0,No,Electronic check,1,1,0,0,1,135.1,1
CUST-001291,26,Month-to-month,90.26,2321.11,2,0,0,Fiber optic,Bank transfer (automatic),0,1,0,0,2,61.1,1
CUST-001292,8,Month-to-month,122.23,1004.42,4,0,1,Fiber optic,Credit card (automatic),0,0,0,1,1,55.3,1
CUST-001293,54,Month-to-month,54.43,2672.85,0,0,0,DSL,Electronic check,0,0,1,0,3,128.6,0
CUST-001294,22,One year,56.67,1213.04,1,0,1,No,Electronic check,0,0,1,0,0,86.0,0
CUST-001295,17,Month-to-month,88.39,1436.61,8,0,1,Fiber optic,Bank transfer (automatic),0,0,1,0,1,147.9,1
CUST-001296,57,Two year,101.26,5548.2,0,1,1,Fiber optic,Bank transfer (automatic),1,1,0,0,3,116.2,0
CUST-001297,72,Month-to-month,63.33,4524.65,1,0,0,No,Credit card (automatic),1,0,0,1,1,79.0,0
CUST-001298,17,Month-to-month,27.87,452.23,1,1,0,DSL,Electronic check,0,0,1,0,3,37.7,0
CUST-001299,35,One year,83.34,3161.48,1,0,0,Fiber optic,Credit card (automatic),1,0,1,1,0,82.2,1
CUST-001300,27,One year,64.21,1772.82,0,1,1,No,Mailed check,0,0,0,0,3,57.8,0
CUST-001301,72,Two year,92.87,6421.06,1,0,1,Fiber optic,Electronic check,1,0,0,1,3,226.5,0
CUST-001302,29,Month-to-month,53.76,1423.37,11,1,1,No,Bank transfer (automatic),1,0,0,0,0,60.8,1
CUST-001303,12,One year,77.64,904.5,2,0,1,No,Mailed check,1,0,1,0,3,281.3,1
CUST-001304,30,Month-to-month,49.74,1467.6,2,0,0,Fiber optic,Electronic check,0,0,0,1,5,254.4,0
CUST-001305,68,Two year,75.39,4963.77,3,0,1,DSL,Electronic check,0,0,1,0,4,295.2,0
CUST-001306,25,Month-to-month,109.82,3094.52,2,0,1,No,Electronic check,0,1,1,1,0,319.4,0
CUST-001307,18,Two year,74.83,1235.53,1,0,1,Fiber optic,Bank transfer (automatic),1,0,0,0,0,119.7,0
CUST-001308,28,Month-to-month,91.44,2566.85,0,0,0,Fiber optic,Electronic check,0,1,1,0,2,168.0,0
CUST-001309,13,One year,83.82,1082.58,0,1,1,Fiber optic,Electronic check,1,0,0,0,0,160.6,0
CUST-001310,27,Two year,59.25,1579.82,0,1,0,DSL,Mailed check,0,0,0,0,3,143.9,0
CUST-001311,20,Two year,39.29,709.6,1,0,0,DSL,Bank transfer (automatic),0,0,0,0,3,187.0,0
CUST-001312,72,Month-to-month,139.79,10043.35,2,0,1,Fiber optic,Credit card (automatic),1,0,1,0,0,128.1,1
CUST-001313,4,Month-to-month,99.64,402.16,1,0,0,Fiber optic,Electronic check,1,0,1,0,5,196.1,1
CUST-001314,15,Two year,73.23,1137.43,1,1,0,Fiber optic,Credit card (automatic),0,0,1,0,5,96.0,0
CUST-001315,18,One year,45.38,836.58,3,1,0,DSL,Bank transfer (automatic),1,0,1,0,3,42.7,0
CUST-001316,13,One year,91.54,1262.51,1,1,1,Fiber optic,Credit card (automatic),1,0,1,1,4,66.5,0
CUST-001317,42,Month-to-month,35.81,1350.14,0,0,1,Fiber optic,Bank transfer (automatic),1,1,1,1,2,132.6,0
CUST-001318,16,Month-to-month,91.32,1443.95,6,1,0,DSL,Mailed check,1,0,0,0,0,224.4,1
CUST-001319,8,Month-to-month,77.15,694.49,2,0,0,Fiber optic,Credit card (automatic),0,1,1,1,0,244.9,1
CUST-001320,33,One year,99.72,3465.19,2,0,0,Fiber optic,Bank transfer (automatic),0,0,1,0,2,69.6,0
CUST-001321,24,Month-to-month,100.89,2245.4,0,1,0,Fiber optic,Credit card (automatic),1,0,1,0,1,21.6,0
CUST-001322,17,Month-to-month,114.13,1948.76,1,1,0,Fiber optic,Credit card (automatic),0,0,1,0,4,65.4,1
CUST-001323,72,Two year,77.32,5275.49,1,1,0,No,Bank transfer (automatic),1,0,0,0,4,104.9,0
CUST-001324,43,Month-to-month,83.58,3516.39,4,1,1,DSL,Bank transfer (automatic),0,0,0,0,3,149.4,0
CUST-001325,39,Two year,90.48,3881.53,0,0,1,DSL,Mailed check,1,0,0,1,1,47.4,0
CUST-001326,43,Month-to-month,56.74,2556.75,1,0,0,DSL,Bank transfer (automatic),1,1,0,0,1,56.3,1
CUST-001327,42,Month-to-month,143.78,5579.83,1,0,0,Fiber optic,Bank transfer (automatic),1,0,0,0,4,148.6,1
CUST-001328,25,Month-to-month,73.82,1774.89,0,1,1,No,Bank transfer (automatic),0,0,0,1,2,103.6,0
CUST-001329,17,Month-to-month,89.3,1518.16,8,0,0,Fiber optic,Electronic check,0,0,1,1,2,76.7,1
CUST-001330,33,One year,43.97,1431.83,4,0,1,No,Credit card (automatic),1,0,0,0,0,114.1,1
CUST-001331,25,Month-to-month,84.82,2153.71,0,0,1,Fiber optic,Mailed check,1,1,0,0,5,107.7,0
CUST-001332,4,Month-to-month,75.05,288.58,1,1,1,DSL,Electronic check,1,0,1,1,0,97.6,0
CUST-001333,12,Month-to-month,67.38,793.75,9,1,1,DSL,Electronic check,1,0,0,1,3,268.7,1
CUST-001334,22,One year,135.69,2867.86,3,0,1,Fiber optic,Electronic check,1,0,0,1,1,45.1,0
CUST-001335,58,Two year,80.25,4568.94,2,0,1,Fiber optic,Mailed check,1,0,1,0,1,179.7,0
CUST-001336,34,Month-to-month,106.98,3765.34,2,0,0,Fiber optic,Electronic check,0,0,0,0,5,102.7,1
CUST-001337,14,Month-to-month,61.86,878.89,2,1,0,Fiber optic,Electronic check,1,0,1,0,0,254.0,0
CUST-001338,11,Month-to-month,144.58,1534.61,1,1,1,Fiber optic,Electronic check,1,0,1,0,3,101.6,0
CUST-001339,67,One year,35.16,2489.09,2,0,0,DSL,Electronic check,1,0,0,0,3,261.8,0
CUST-001340,26,Month-to-month,141.86,3884.53,0,1,0,Fiber optic,Credit card (automatic),0,0,1,0,1,84.8,0
CUST-001341,1,Month-to-month,86.6,86.6,2,0,1,Fiber optic,Bank transfer (automatic),0,0,0,0,2,158.8,1
CUST-001342,27,One year,15.0,399.77,8,0,1,No,Electronic check,1,0,0,0,2,94.3,0
CUST-001343,50,Month-to-month,98.8,5375.35,0,1,1,DSL,Bank transfer (automatic),0,0,0,0,4,113.8,0
CUST-001344,11,One year,67.06,796.93,0,1,1,No,Bank transfer (automatic),1,0,0,1,0,30.8,0
CUST-001345,32,Month-to-month,53.66,1587.05,5,0,1,DSL,Bank transfer (automatic),1,1,0,0,3,77.2,1
CUST-001346,34,Two year,81.04,2919.9,2,1,1,DSL,Mailed check,0,1,0,1,1,158.1,0
CUST-001347,11,Month-to-month,81.61,975.08,2,0,0,No,Bank transfer (automatic),1,1,1,0,2,281.5,1
CUST-001348,71,Month-to-month,75.36,5526.23,2,0,0,No,Electronic check,1,0,0,0,3,67.7,1
CUST-001349,34,Month-to-month,93.38,3100.8,2,1,0,No,Electronic check,1,0,0,1,2,108.5,0
CUST-001350,22,Month-to-month,71.31,1541.7,0,0,0,DSL,Credit card (automatic),1,0,1,0,1,241.0,0
CUST-001351,26,One year,81.24,2292.9,1,1,0,DSL,Mailed check,0,0,1,0,0,93.2,0
CUST-001352,9,Month-to-month,76.96,721.57,1,0,0,Fiber optic,Electronic check,1,0,0,0,3,236.1,1
CUST-001353,9,Month-to-month,84.14,777.98,2,1,0,No,Electronic check,0,1,1,0,0,211.9,0
CUST-001354,20,One year,77.06,1720.96,0,1,0,Fiber optic,Bank transfer (automatic),1,0,0,1,0,197.1,0
CUST-001355,22,Month-to-month,36.89,770.69,2,0,1,DSL,Electronic check,1,0,1,0,1,59.4,0
CUST-001356,25,One year,84.84,2111.38,4,0,0,Fiber optic,Mailed check,1,0,0,0,3,202.3,0
CUST-001357,72,One year,58.11,4223.67,0,0,1,DSL,Mailed check,1,0,1,1,5,35.6,0
CUST-001358,48,Month-to-month,88.19,4188.34,7,0,0,DSL,Electronic check,0,0,1,1,0,174.4,1
CUST-001359,5,One year,53.67,243.66,1,0,0,Fiber optic,Mailed check,0,0,1,0,3,32.5,0
CUST-001360,66,Two year,92.34,6400.34,1,0,1,DSL,Electronic check,1,0,0,1,1,120.4,0
CUST-001361,20,Two year,74.43,1432.69,4,0,1,Fiber optic,Mailed check,1,1,0,0,4,80.8,0
CUST-001362,51,Month-to-month,28.38,1391.72,1,1,1,Fiber optic,Electronic check,0,0,0,0,2,282.9,0
CUST-001363,22,Month-to-month,59.82,1292.41,1,1,1,Fiber optic,Credit card (automatic),1,0,1,0,3,120.9,1
CUST-001364,33,Two year,82.31,2684.96,1,0,0,Fiber optic,Bank transfer (automatic),1,0,0,1,0,189.5,1
CUST-001365,10,One year,76.11,756.48,1,1,1,No,Electronic check,1,0,1,0,1,149.4,0
CUST-001366,38,Month-to-month,86.67,3452.16,1,1,0,Fiber optic,Electronic check,1,1,0,0,4,105.2,1
CUST-001367,55,Month-to-month,34.76,2023.53,4,1,1,No,Bank transfer (automatic),1,0,0,1,3,237.2,0
CUST-001368,6,One year,70.54,417.75,1,0,1,Fiber optic,Bank transfer (automatic),1,0,1,0,2,70.3,0
CUST-001369,56,One year,60.18,3269.29,2,1,1,Fiber optic,Mailed check,1,0,0,0,0,71.5,0
CUST-001370,17,Two year,71.47,1207.19,2,0,0,No,Electronic check,1,1,1,0,2,185.1,1
CUST-001371,72,Two year,62.74,4315.43,1,0,0,DSL,Bank transfer (automatic),0,0,0,0,0,113.3,1
CUST-001372,52,Month-to-month,80.34,4171.76,1,1,1,DSL,Electronic check,1,0,0,0,2,103.1,0
CUST-001373,45,One year,20.75,889.58,0,0,0,No,Electronic check,1,0,1,1,3,165.2,0
CUST-001374,26,Month-to-month,76.65,2204.87,2,0,0,Fiber optic,Mailed check,0,1,1,1,2,200.9,0
CUST-001375,72,Month-to-month,115.72,8385.13,1,1,0,DSL,Credit card (automatic),1,0,0,0,1,329.5,1
CUST-001376,20,Month-to-month,81.03,1577.02,2,0,1,No,Mailed check,0,0,0,0,4,57.4,0
CUST-001377,12,Two year,57.6,715.59,1,1,0,DSL,Electronic check,1,0,1,1,5,133.0,0
CUST-001378,17,Month-to-month,65.32,1042.03,1,1,0,Fiber optic,Electronic check,1,1,1,1,5,171.2,0
CUST-001379,62,Month-to-month,117.69,7037.17,1,0,1,Fiber optic,Bank transfer (automatic),0,0,1,0,0,121.9,1
CUST-001380,32,Month-to-month,128.32,4193.25,0,0,1,Fiber optic,Bank transfer (automatic),0,1,0,1,3,117.1,0
CUST-001381,29,Month-to-month,61.28,1789.15,0,0,0,Fiber optic,Bank transfer (automatic),0,0,0,0,2,25.8,1
CUST-001382,21,Month-to-month,38.65,854.21,6,1,0,DSL,Bank transfer (automatic),1,0,1,0,3,257.3,1
CUST-001383,28,Month-to-month,71.97,1740.13,1,0,0,No,Mailed check,1,0,1,0,5,30.8,0
CUST-001384,20,Month-to-month,74.31,1546.99,0,0,0,No,Mailed check,0,0,1,1,0,100.5,1
CUST-001385,49,Month-to-month,77.07,3673.83,1,0,0,DSL,Credit card (automatic),1,0,0,0,1,84.2,1
CUST-001386,24,Two year,111.08,2509.93,1,1,0,DSL,Credit card (automatic),1,0,1,1,0,114.7,0
CUST-001387,17,One year,65.71,1020.83,2,1,0,Fiber optic,Mailed check,1,0,1,1,0,143.2,0
CUST-001388,59,Two year,66.0,3785.81,2,1,0,DSL,Bank transfer (automatic),0,0,0,0,3,56.3,0
CUST-001389,12,Month-to-month,83.03,1075.57,0,0,0,No,Electronic check,1,1,0,0,5,69.2,1
CUST-001390,33,Month-to-month,82.76,2863.42,0,0,1,No,Electronic check,0,0,1,0,0,154.1,1
CUST-001391,4,Month-to-month,48.8,211.15,1,1,1,DSL,Mailed check,0,0,0,0,0,129.8,0
CUST-001392,8,Two year,49.79,396.05,1,0,0,No,Credit card (automatic),1,0,0,0,3,172.6,0
CUST-001393,22,Month-to-month,53.52,1183.73,0,0,1,No,Credit card (automatic),0,0,1,0,5,231.0,0
CUST-001394,19,Month-to-month,132.59,2320.28,1,1,1,Fiber optic,Bank transfer (automatic),0,0,1,0,0,275.4,0
CUST-001395,19,Two year,40.54,709.43,0,0,0,No,Bank transfer (automatic),0,0,0,0,1,56.6,0
CUST-001396,52,Two year,56.89,2936.6,2,0,1,DSL,Electronic check,0,0,1,0,2,178.9,0
CUST-001397,54,Month-to-month,84.39,4243.49,8,0,1,No,Credit card (automatic),0,0,1,0,0,137.8,1
CUST-001398,37,One year,37.78,1337.95,0,0,1,DSL,Electronic check,1,0,0,0,0,191.6,0
CUST-001399,12,Month-to-month,96.45,1159.9,2,0,0,Fiber optic,Credit card (automatic),1,1,0,1,2,153.1,0
CUST-001400,27,Month-to-month,42.51,1220.79,3,1,0,Fiber optic,Electronic check,0,0,1,0,2,56.0,0
CUST-001401,72,Month-to-month,69.82,5029.51,2,1,0,DSL,Electronic check,1,0,1,0,1,91.9,0
CUST-001402,72,Two year,91.31,6127.16,1,1,0,Fiber optic,Bank transfer (automatic),1,0,0,0,2,227.9,1
CUST-001403,59,Month-to-month,94.09,5045.64,0,0,1,Fiber optic,Electronic check,1,1,0,1,0,69.1,1
CUST-001404,12,One year,68.28,824.27,0,0,0,Fiber optic,Electronic check,1,0,1,0,2,292.5,0
CUST-001405,28,Month-to-month,95.69,2595.04,1,1,0,Fiber optic,Bank transfer (automatic),1,1,1,0,1,41.9,0
CUST-001406,36,One year,64.02,2318.11,4,0,0,DSL,Bank transfer (automatic),0,0,0,1,5,70.4,0
CUST-001407,32,One year,97.48,3087.52,2,0,1,DSL,Electronic check,1,0,1,0,3,103.8,1
CUST-001408,63,One year,80.95,5081.89,2,1,0,DSL,Bank transfer (automatic),0,0,1,0,2,85.4,0
CUST-001409,50,Two year,28.78,1525.45,2,0,1,No,Bank transfer (automatic),0,0,1,0,4,103.6,0
CUST-001410,12,One year,69.19,874.02,1,1,1,Fiber optic,Electronic check,1,0,0,0,1,174.6,0
CUST-001411,18,One year,74.59,1367.38,2,0,0,Fiber optic,Mailed check,1,0,1,0,5,90.8,0
CUST-001412,59,Month-to-month,94.51,5326.51,1,0,0,Fiber optic,Bank transfer (automatic),1,1,0,0,2,212.0,0
CUST-001413,72,Two year,85.77,6005.23,2,1,1,Fiber optic,Credit card (automatic),1,0,0,1,5,36.5,0
CUST-001414,36,Month-to-month,60.67,2267.47,1,1,0,DSL,Mailed check,1,0,1,1,4,45.5,1
CUST-001415,72,Month-to-month,135.44,10386.22,1,1,1,DSL,Bank transfer (automatic),1,0,1,0,4,51.1,1
CUST-001416,33,Month-to-month,77.18,2384.74,1,0,0,Fiber optic,Bank transfer (automatic),1,1,0,0,3,73.8,0
CUST-001417,14,Month-to-month,99.77,1503.46,1,0,0,DSL,Bank transfer (automatic),1,0,1,0,0,87.4,0
CUST-001418,47,One year,61.32,2769.68,0,1,1,No,Credit card (automatic),0,0,1,0,4,45.4,0
CUST-001419,72,Month-to-month,15.0,1116.11,1,1,1,DSL,Bank transfer (automatic),0,0,0,1,0,87.7,0
CUST-001420,9,Month-to-month,94.78,972.49,0,0,1,Fiber optic,Electronic check,0,0,0,0,3,83.7,1
CUST-001421,72,Two year,117.98,7819.37,1,0,0,Fiber optic,Credit card (automatic),1,0,1,1,3,68.0,1
CUST-001422,45,Two year,105.84,4883.11,1,0,0,Fiber optic,Bank transfer (automatic),1,0,0,0,3,129.9,0
CUST-001423,17,Month-to-month,71.4,1194.75,4,1,0,No,Bank transfer (automatic),0,0,1,0,3,124.7,1
CUST-001424,4,Two year,90.59,370.46,5,0,0,Fiber optic,Bank transfer (automatic),0,1,0,0,0,35.9,0
CUST-001425,2,Month-to-month,52.63,102.0,0,1,0,DSL,Electronic check,0,0,0,0,4,55.1,1
CUST-001426,19,Month-to-month,112.41,1871.01,1,0,0,Fiber optic,Mailed check,0,0,1,0,2,151.8,0
CUST-001427,40,Two year,54.14,2083.98,3,0,1,DSL,Bank transfer (automatic),1,0,1,0,4,86.9,0
CUST-001428,56,One year,48.99,2791.04,4,0,1,DSL,Mailed check,1,1,0,0,0,53.0,0
CUST-001429,65,One year,100.27,6957.23,1,0,1,Fiber optic,Electronic check,1,0,1,0,4,112.2,0
CUST-001430,38,Month-to-month,57.5,2229.31,1,1,0,DSL,Credit card (automatic),1,0,0,0,4,77.3,1
CUST-001431,33,Month-to-month,97.02,3437.42,1,1,1,DSL,Mailed check,1,0,0,0,1,117.5,0
CUST-001432,23,Month-to-month,101.68,2280.94,0,0,0,Fiber optic,Bank transfer (automatic),1,0,1,0,0,82.6,0
CUST-001433,41,Two year,70.55,2809.42,2,1,0,Fiber optic,Electronic check,0,1,0,0,1,270.4,1
CUST-001434,17,Month-to-month,36.38,629.07,2,1,1,No,Bank transfer (automatic),0,0,1,0,0,173.1,1
CUST-001435,10,Month-to-month,50.66,497.1,2,0,1,DSL,Electronic check,0,0,1,0,3,89.7,0
CUST-001436,32,Month-to-month,148.45,5017.02,0,0,1,Fiber optic,Bank transfer (automatic),1,1,1,0,3,38.8,1
CUST-001437,53,One year,84.06,4142.07,4,1,1,Fiber optic,Bank transfer (automatic),1,0,0,0,0,100.9,1
CUST-001438,8,Month-to-month,83.96,700.65,3,1,0,No,Mailed check,1,0,1,1,5,59.2,0
CUST-001439,19,One year,32.36,651.98,2,0,0,DSL,Credit card (automatic),0,0,0,1,4,48.9,0
CUST-001440,31,Month-to-month,62.92,1986.13,3,0,1,Fiber optic,Mailed check,1,0,1,0,0,100.5,0
CUST-001441,30,Month-to-month,85.29,2675.47,1,0,0,Fiber optic,Mailed check,1,0,0,1,5,167.2,0
CUST-001442,44,Month-to-month,107.53,4577.74,3,0,0,DSL,Bank transfer (automatic),0,1,0,0,1,53.3,1
CUST-001443,72,Month-to-month,32.73,2258.6,0,0,0,DSL,Bank transfer (automatic),1,0,0,0,0,184.3,0
CUST-001444,2,One year,74.26,151.14,0,0,0,Fiber optic,Bank transfer (automatic),0,0,1,0,4,186.5,0
CUST-001445,72,Two year,87.54,6075.28,3,1,0,DSL,Credit card (automatic),0,0,1,1,0,175.3,0
CUST-001446,72,Month-to-month,104.81,7659.71,0,1,1,DSL,Bank transfer (automatic),0,1,1,0,0,194.1,0
CUST-001447,57,Month-to-month,100.94,5840.34,2,1,0,Fiber optic,Electronic check,1,0,0,0,5,84.3,0
CUST-001448,36,Month-to-month,81.9,2938.46,1,0,0,DSL,Electronic check,1,0,0,1,2,77.3,0
CUST-001449,17,Two year,42.58,734.08,0,0,1,DSL,Credit card (automatic),1,0,1,0,5,216.1,0
CUST-001450,56,Two year,56.93,3289.25,1,0,1,Fiber optic,Electronic check,1,0,1,0,2,151.7,0
CUST-001451,37,One year,36.35,1338.22,2,1,0,No,Bank transfer (automatic),0,0,1,0,0,42.3,0
CUST-001452,23,Month-to-month,68.17,1530.53,1,1,0,Fiber optic,Credit card (automatic),1,0,0,1,0,29.3,0
CUST-001453,55,Month-to-month,70.64,4045.01,2,0,0,DSL,Credit card (automatic),0,0,0,0,0,79.3,0
CUST-001454,62,Two year,34.51,2168.86,0,0,0,DSL,Electronic check,0,0,1,0,0,94.0,0
CUST-001455,72,Month-to-month,71.26,5246.44,0,0,0,No,Bank transfer (automatic),1,0,1,0,0,109.7,0
CUST-001456,16,One year,82.12,1352.19,0,0,0,Fiber optic,Mailed check,1,1,1,0,3,202.3,0
CUST-001457,70,Two year,75.94,5355.28,1,1,0,Fiber optic,Credit card (automatic),1,0,0,1,0,64.9,0
CUST-001458,24,One year,87.13,2055.13,0,0,1,DSL,Bank transfer (automatic),1,0,1,0,3,88.5,0
CUST-001459,36,One year,41.02,1431.18,1,0,1,DSL,Bank transfer (automatic),1,1,0,0,2,105.1,0
CUST-001460,41,Month-to-month,100.89,4118.2,1,1,1,DSL,Electronic check,1,0,0,0,3,107.3,0
CUST-001461,66,Two year,85.77,5797.18,3,0,1,No,Electronic check,0,1,0,1,5,79.5,0
CUST-001462,51,Month-to-month,40.25,2106.98,0,0,1,No,Mailed check,0,0,0,0,3,196.9,0
CUST-001463,23,Two year,95.06,2202.11,2,1,0,DSL,Bank transfer (automatic),0,0,0,1,1,134.3,0
CUST-001464,3,Month-to-month,62.29,190.16,1,1,1,Fiber optic,Bank transfer (automatic),0,0,0,0,2,44.8,0
CUST-001465,44,One year,97.33,4045.99,0,1,1,No,Credit card (automatic),0,0,0,0,1,65.6,0
CUST-001466,34,Two year,73.32,2434.99,3,0,0,No,Electronic check,0,0,0,1,4,36.3,0
CUST-001467,9,One year,50.52,469.93,1,1,1,Fiber optic,Mailed check,1,1,0,0,1,135.3,1
CUST-001468,38,Month-to-month,32.62,1187.9,0,0,1,DSL,Bank transfer (automatic),1,0,0,0,3,147.2,1
CUST-001469,31,Month-to-month,54.88,1713.3,0,0,1,No,Bank transfer (automatic),0,0,1,0,4,169.6,0
CUST-001470,72,Two year,86.69,6257.77,0,0,0,DSL,Bank transfer (automatic),1,0,0,1,5,31.4,0
CUST-001471,72,One year,60.73,4347.67,6,0,1,DSL,Mailed check,1,1,1,0,3,52.8,1
CUST-001472,61,Month-to-month,60.11,3791.16,0,0,0,DSL,Electronic check,1,1,0,0,2,105.7,1
CUST-001473,29,Two year,91.0,2668.98,0,0,1,Fiber optic,Bank transfer (automatic),1,0,1,0,4,145.0,0
CUST-001474,33,Two year,15.12,469.09,2,0,1,DSL,Credit card (automatic),0,0,0,1,0,12.2,0
CUST-001475,15,Two year,110.61,1701.97,2,0,0,Fiber optic,Credit card (automatic),0,0,0,1,2,104.5,0
CUST-001476,18,One year,98.49,1727.87,2,0,1,No,Bank transfer (automatic),1,1,1,0,0,183.0,0
CUST-001477,28,Two year,109.73,2862.92,0,0,1,Fiber optic,Bank transfer (automatic),0,0,0,0,1,108.3,1
CUST-001478,26,Two year,54.41,1467.16,2,1,0,No,Credit card (automatic),1,0,0,0,3,114.0,0
CUST-001479,9,Month-to-month,42.87,362.95,0,0,1,No,Credit card (automatic),1,0,0,1,3,61.0,1
CUST-001480,72,Two year,62.95,4452.02,1,1,0,Fiber optic,Electronic check,1,0,0,1,1,105.0,0
CUST-001481,72,Month-to-month,61.67,4505.4,3,1,0,Fiber optic,Mailed check,1,0,0,0,3,125.7,0
CUST-001482,72,Two year,121.61,8723.83,2,1,1,No,Credit card (automatic),0,0,1,0,5,138.5,0
CUST-001483,72,One year,88.03,6140.32,1,0,0,Fiber optic,Credit card (automatic),1,0,0,0,5,317.7,1
CUST-001484,72,One year,87.62,5995.19,2,0,0,DSL,Bank transfer (automatic),1,0,1,0,2,75.8,1
CUST-001485,15,Month-to-month,86.24,1244.44,1,1,0,No,Mailed check,0,0,0,1,1,174.3,0
CUST-001486,72,Month-to-month,93.57,6374.1,4,1,0,Fiber optic,Credit card (automatic),0,0,1,0,0,174.9,1
CUST-001487,23,Month-to-month,41.71,953.26,2,1,1,No,Electronic check,1,0,1,0,3,151.7,0
CUST-001488,49,One year,102.97,4907.95,1,1,1,Fiber optic,Electronic check,1,0,1,0,4,88.1,0
CUST-001489,6,Two year,37.94,211.95,1,1,1,DSL,Bank transfer (automatic),0,0,1,0,2,138.1,0
CUST-001490,20,Month-to-month,105.06,2070.81,2,1,1,Fiber optic,Bank transfer (automatic),1,1,1,0,1,64.4,1
CUST-001491,62,Month-to-month,64.08,3845.19,2,0,1,Fiber optic,Mailed check,0,0,0,0,4,92.5,0
CUST-001492,51,One year,79.1,4088.18,0,0,0,Fiber optic,Bank transfer (automatic),1,0,0,0,2,217.7,0
CUST-001493,23,Month-to-month,54.05,1265.66,3,0,0,No,Bank transfer (automatic),0,0,1,0,3,221.5,1
CUST-001494,33,Month-to-month,124.97,4400.72,2,1,1,Fiber optic,Electronic check,1,0,0,1,3,172.5,0
CUST-001495,19,Month-to-month,15.0,294.23,7,0,1,DSL,Electronic check,1,0,0,0,3,77.0,0
CUST-001496,62,One year,148.27,8692.54,2,1,0,Fiber optic,Bank transfer (automatic),1,1,0,1,2,137.1,0
CUST-001497,72,One year,44.85,2878.34,2,0,0,DSL,Credit card (automatic),1,0,1,0,3,112.2,0
CUST-001498,16,Two year,86.92,1285.11,0,0,0,Fiber optic,Credit card (automatic),1,0,0,0,1,158.2,0
CUST-001499,30,Month-to-month,75.33,2203.12,2,1,0,DSL,Electronic check,1,0,1,0,4,18.0,0
CUST-001500,8,Month-to-month,73.19,538.45,8,0,0,DSL,Bank transfer (automatic),1,0,1,0,2,155.3,1
CUST-001501,37,One year,86.09,3087.2,2,0,1,No,Credit card (automatic),0,0,0,1,3,186.4,0
CUST-001502,45,Two year,80.26,3617.53,2,0,0,DSL,Electronic check,1,0,0,0,4,145.7,1
CUST-001503,39,Month-to-month,140.92,5341.12,0,0,0,Fiber optic,Bank transfer (automatic),1,1,0,0,0,130.0,1
CUST-001504,43,Two year,108.29,4721.37,3,0,0,Fiber optic,Mailed check,1,0,0,0,5,175.1,0
CUST-001505,28,One year,62.07,1685.08,0,0,1,DSL,Bank transfer (automatic),0,1,0,0,2,133.7,0
CUST-001506,28,Two year,51.17,1378.17,1,1,0,No,Electronic check,0,0,0,0,3,79.1,0
CUST-001507,27,Month-to-month,50.53,1480.82,3,1,0,DSL,Mailed check,0,0,0,0,2,300.8,0
CUST-001508,20,Month-to-month,122.33,2442.56,1,1,0,Fiber optic,Mailed check,0,0,1,0,1,58.3,1
CUST-001509,22,Month-to-month,133.88,2961.86,3,0,0,Fiber optic,Mailed check,1,0,1,1,0,61.9,1
CUST-001510,44,One year,115.1,5278.18,2,0,0,Fiber optic,Electronic check,1,0,0,1,5,133.7,0
CUST-001511,72,Two year,15.0,1127.36,1,0,0,DSL,Mailed check,0,0,0,0,3,212.7,0
CUST-001512,13,Month-to-month,15.0,191.43,2,0,1,No,Bank transfer (automatic),0,0,0,0,1,213.1,0
CUST-001513,28,Month-to-month,64.81,1909.58,3,1,0,No,Electronic check,0,1,1,0,0,111.4,1
CUST-001514,11,Month-to-month,85.83,922.94,1,1,0,Fiber optic,Mailed check,1,1,1,0,1,137.0,0
CUST-001515,20,One year,90.5,1901.97,2,1,0,Fiber optic,Electronic check,0,0,1,0,1,45.9,1
CUST-001516,23,Two year,121.29,2617.57,0,1,0,Fiber optic,Credit card (automatic),1,0,1,0,2,71.0,0
CUST-001517,35,Month-to-month,120.05,4137.31,1,1,0,Fiber optic,Electronic check,0,0,0,1,5,126.1,0
CUST-001518,34,One year,94.37,3244.29,1,1,1,Fiber optic,Bank transfer (automatic),0,0,1,0,4,127.4,0
CUST-001519,30,Month-to-month,26.9,821.56,7,0,0,DSL,Mailed check,1,0,0,0,1,123.9,1
CUST-001520,41,Two year,59.27,2327.57,2,0,1,Fiber optic,Electronic check,1,0,0,1,3,176.2,0
CUST-001521,14,Two year,66.69,856.69,5,0,1,DSL,Credit card (automatic),0,0,1,1,5,116.7,1
CUST-001522,35,Month-to-month,75.42,2700.45,2,0,0,DSL,Bank transfer (automatic),1,1,1,0,5,197.7,1
CUST-001523,52,One year,59.57,3065.63,1,1,0,Fiber optic,Bank transfer (automatic),0,0,1,0,4,23.4,0
CUST-001524,14,Two year,81.51,1118.84,2,0,0,DSL,Electronic check,1,0,0,1,3,45.5,1
CUST-001525,5,Two year,46.19,250.05,2,0,0,Fiber optic,Electronic check,0,0,1,1,4,137.8,0
CUST-001526,62,One year,23.42,1430.77,1,0,0,Fiber optic,Electronic check,0,1,0,0,4,50.3,0
CUST-001527,11,Month-to-month,43.12,462.06,0,1,1,DSL,Mailed check,1,0,1,1,2,185.9,0
CUST-001528,19,One year,99.33,1717.4,0,0,0,DSL,Credit card (automatic),1,0,0,0,1,52.0,0
CUST-001529,51,One year,103.06,4971.5,9,0,0,DSL,Mailed check,0,0,0,0,4,132.9,0
CUST-001530,13,Month-to-month,50.13,680.23,7,0,0,Fiber optic,Mailed check,0,1,0,0,1,71.8,1
CUST-001531,59,Two year,27.04,1537.49,1,0,0,DSL,Electronic check,1,0,0,0,4,194.1,1
CUST-001532,17,Month-to-month,109.02,1911.58,8,0,0,Fiber optic,Mailed check,1,0,0,0,0,125.1,1
CUST-001533,15,Two year,78.98,1108.14,0,1,0,Fiber optic,Electronic check,0,0,1,0,1,236.5,0
CUST-001534,11,Month-to-month,124.16,1306.4,4,1,0,Fiber optic,Mailed check,1,0,1,0,2,147.9,1
CUST-001535,17,Month-to-month,83.62,1357.95,0,0,0,DSL,Credit card (automatic),0,0,1,0,1,37.9,1
CUST-001536,46,Month-to-month,87.91,4140.26,1,1,0,DSL,Bank transfer (automatic),0,1,1,0,3,128.8,0
CUST-001537,19,One year,44.45,835.6,0,0,0,DSL,Electronic check,0,0,0,0,2,92.4,0
CUST-001538,62,Two year,76.1,4456.19,1,1,0,DSL,Electronic check,1,1,0,1,4,88.6,0
CUST-001539,31,Month-to-month,115.41,3705.52,1,1,1,No,Bank transfer (automatic),1,0,0,0,5,93.3,0
CUST-001540,33,Month-to-month,68.56,2318.4,6,1,1,DSL,Electronic check,1,0,1,0,0,243.4,1
CUST-001541,15,Two year,63.87,974.36,2,0,0,DSL,Credit card (automatic),1,0,0,0,1,227.9,0
CUST-001542,68,One year,54.11,3733.8,1,0,1,No,Bank transfer (automatic),1,0,0,0,3,21.4,0
CUST-001543,52,Month-to-month,24.95,1242.0,0,0,1,No,Mailed check,1,0,1,0,2,37.6,1
CUST-001544,51,Two year,62.53,3389.71,1,0,1,Fiber optic,Bank transfer (automatic),1,0,1,0,5,146.9,0
CUST-001545,27,Month-to-month,67.7,1818.67,1,1,0,Fiber optic,Electronic check,1,1,1,0,2,86.9,0
CUST-001546,9,Month-to-month,23.89,217.89,0,0,0,DSL,Electronic check,0,0,0,0,3,175.9,1
CUST-001547,35,Month-to-month,26.41,942.05,0,1,1,No,Bank transfer (automatic),0,0,0,0,3,32.4,0
CUST-001548,45,One year,28.8,1234.77,0,1,0,Fiber optic,Electronic check,1,0,0,1,2,62.0,0
CUST-001549,45,Month-to-month,70.44,3470.36,1,0,0,Fiber optic,Electronic check,1,0,1,1,3,121.8,0
CUST-001550,41,Two year,81.88,3352.54,4,0,1,DSL,Credit card (automatic),0,0,1,1,3,10.4,0
CUST-001551,39,Month-to-month,82.09,3206.86,9,0,1,Fiber optic,Credit card (automatic),1,0,1,0,4,121.0,1
CUST-001552,17,Two year,82.2,1368.58,1,1,0,Fiber optic,Electronic check,1,0,1,0,1,125.5,1
CUST-001553,18,Month-to-month,84.17,1602.17,2,0,1,DSL,Credit card (automatic),1,1,0,0,1,106.8,1
CUST-001554,11,Month-to-month,132.22,1541.12,3,0,0,Fiber optic,Electronic check,0,0,0,0,2,55.5,1
CUST-001555,62,Month-to-month,121.83,7613.24,0,0,1,DSL,Credit card (automatic),1,0,0,0,3,151.6,0
CUST-001556,72,Month-to-month,93.61,6245.94,3,0,0,Fiber optic,Mailed check,0,0,1,1,4,56.3,1
CUST-001557,72,Month-to-month,57.95,4138.09,0,1,1,DSL,Bank transfer (automatic),0,1,0,0,1,83.7,0
CUST-001558,36,Two year,54.67,1961.72,1,1,0,No,Bank transfer (automatic),0,0,1,0,3,138.1,0
CUST-001559,40,Two year,104.78,4096.55,5,1,1,Fiber optic,Electronic check,1,0,1,0,2,84.2,0
CUST-001560,27,One year,86.09,2210.15,0,0,0,Fiber optic,Credit card (automatic),1,0,1,1,4,104.2,0
CUST-001561,36,Month-to-month,86.18,2861.38,4,1,0,Fiber optic,Electronic check,0,0,1,0,5,134.4,0
CUST-001562,13,Two year,87.84,1225.92,1,0,0,Fiber optic,Credit card (automatic),1,0,1,0,4,157.8,0
CUST-001563,27,Month-to-month,41.45,1160.65,0,1,1,DSL,Electronic check,1,0,1,0,3,55.7,1
CUST-001564,15,One year,31.7,476.32,1,0,0,Fiber optic,Electronic check,0,1,0,0,3,82.9,0
CUST-001565,24,One year,48.27,1120.84,4,1,0,DSL,Electronic check,1,0,1,0,2,67.1,0
CUST-001566,17,Month-to-month,101.44,1755.53,3,0,0,DSL,Mailed check,1,1,1,0,2,72.6,1
CUST-001567,45,Month-to-month,100.26,4557.75,0,1,1,No,Bank transfer (automatic),1,0,1,0,4,135.0,0
CUST-001568,49,Two year,88.49,4249.04,0,0,0,DSL,Bank transfer (automatic),0,0,1,0,4,47.0,0
CUST-001569,39,Month-to-month,52.66,2093.76,1,0,1,No,Credit card (automatic),1,0,0,0,2,98.2,1
CUST-001570,18,One year,45.24,835.18,5,0,0,No,Bank transfer (automatic),1,0,0,0,5,110.2,0
CUST-001571,10,Two year,130.61,1350.99,1,0,0,Fiber optic,Bank transfer (automatic),0,0,1,1,4,86.8,1
CUST-001572,49,Month-to-month,37.92,1775.57,2,1,1,DSL,Mailed check,1,0,1,1,3,113.7,0
CUST-001573,31,Month-to-month,90.98,2881.2,1,0,0,Fiber optic,Bank transfer (automatic),1,0,0,1,4,40.2,0
CUST-001574,5,Month-to-month,107.24,567.77,4,0,0,No,Credit card (automatic),0,1,1,0,2,83.1,1
CUST-001575,34,Two year,93.1,3212.31,2,0,1,Fiber optic,Mailed check,1,0,1,0,4,145.3,0
CUST-001576,40,Month-to-month,57.66,2561.05,1,1,0,DSL,Mailed check,1,0,1,0,4,156.6,0
CUST-001577,7,Month-to-month,94.0,652.07,8,1,0,DSL,Mailed check,1,0,1,0,2,35.8,1
CUST-001578,45,Month-to-month,91.8,3776.2,0,1,0,Fiber optic,Electronic check,1,0,1,0,3,149.6,0
CUST-001579,8,Two year,69.9,535.46,1,0,0,DSL,Bank transfer (automatic),1,1,0,0,1,96.0,0
CUST-001580,16,Two year,102.87,1590.84,2,0,0,DSL,Electronic check,1,0,0,0,5,198.3,0
CUST-001581,8,One year,26.38,216.93,2,0,1,Fiber optic,Credit card (automatic),0,0,1,1,4,29.1,0
CUST-001582,15,Two year,98.97,1546.29,1,1,0,Fiber optic,Electronic check,0,0,1,0,1,70.3,0
CUST-001583,10,One year,45.84,461.52,1,1,1,DSL,Electronic check,0,1,0,1,0,111.1,0
CUST-001584,62,Two year,59.82,3763.1,0,0,1,No,Electronic check,0,0,1,0,0,193.9,0
CUST-001585,25,Month-to-month,67.82,1857.85,1,1,1,DSL,Mailed check,1,0,1,0,5,62.2,0
CUST-001586,21,Month-to-month,48.11,968.33,2,1,1,DSL,Credit card (automatic),0,0,0,0,2,127.4,0
CUST-001587,66,Two year,70.71,4649.86,1,1,1,DSL,Credit card (automatic),0,0,1,1,5,147.9,0
CUST-001588,64,Month-to-month,74.63,4668.27,0,1,1,DSL,Mailed check,0,0,0,1,2,76.7,0
CUST-001589,23,Month-to-month,95.09,2058.7,2,0,0,Fiber optic,Electronic check,1,1,1,1,2,89.2,1
CUST-001590,38,One year,67.79,2315.21,1,1,1,DSL,Bank transfer (automatic),1,0,1,1,1,169.8,0
CUST-001591,19,One year,62.06,1255.58,1,0,1,No,Bank transfer (automatic),0,0,0,1,2,113.6,0
CUST-001592,29,Month-to-month,62.55,1744.64,2,1,1,No,Bank transfer (automatic),0,0,1,1,2,58.6,0
CUST-001593,12,Month-to-month,66.98,793.7,7,0,1,DSL,Mailed check,0,0,0,0,1,73.3,1
CUST-001594,42,Month-to-month,66.44,2850.56,3,0,1,Fiber optic,Bank transfer (automatic),1,0,0,0,3,13.0,0
CUST-001595,68,Month-to-month,121.75,7786.4,1,1,0,Fiber optic,Electronic check,1,0,1,0,5,78.2,1
CUST-001596,60,Month-to-month,62.72,3606.2,2,0,0,No,Electronic check,1,0,1,1,3,149.9,1
CUST-001597,32,Month-to-month,54.92,1755.53,5,0,0,DSL,Credit card (automatic),1,0,1,0,0,170.1,1
CUST-001598,4,One year,99.9,390.84,0,1,1,Fiber optic,Electronic check,0,0,1,1,1,289.2,0
CUST-001599,18,Month-to-month,62.13,1047.0,2,1,0,DSL,Mailed check,0,0,1,0,2,64.2,1
CUST-001600,29,Month-to-month,96.07,2870.61,2,0,0,DSL,Electronic check,0,0,0,0,2,102.5,1
CUST-001601,9,One year,87.37,768.08,2,1,0,No,Electronic check,0,0,1,1,3,58.7,0
CUST-001602,7,Month-to-month,67.32,474.46,1,0,0,DSL,Credit card (automatic),1,0,1,0,3,47.4,1
CUST-001603,72,Month-to-month,113.47,8193.1,9,1,1,Fiber optic,Electronic check,1,0,1,1,2,67.1,1
CUST-001604,55,Month-to-month,70.88,4087.4,0,1,0,DSL,Mailed check,1,0,0,0,3,214.5,1
CUST-001605,45,One year,36.15,1655.47,7,1,1,No,Credit card (automatic),1,0,0,0,5,268.4,1
CUST-001606,51,Month-to-month,112.25,5477.84,2,1,0,Fiber optic,Electronic check,1,0,0,0,4,25.2,0
CUST-001607,10,Month-to-month,17.49,185.06,0,1,0,DSL,Electronic check,1,0,1,0,0,115.0,1
CUST-001608,14,One year,15.0,205.03,0,1,1,Fiber optic,Mailed check,0,1,0,0,0,54.1,0
CUST-001609,36,Two year,82.45,2847.42,1,0,1,DSL,Electronic check,1,0,0,1,1,44.4,0
CUST-001610,39,One year,76.09,2824.77,4,0,0,DSL,Electronic check,1,0,0,0,1,28.2,0
CUST-001611,8,Two year,99.42,702.16,2,0,0,Fiber optic,Bank transfer (automatic),0,0,0,0,4,60.1,1
CUST-001612,35,One year,99.74,3384.69,2,0,0,No,Electronic check,0,0,0,1,2,69.7,0
CUST-001613,29,Month-to-month,89.38,2643.43,0,0,0,Fiber optic,Bank transfer (automatic),1,1,1,0,1,200.3,0
CUST-001614,59,Month-to-month,55.54,3053.73,3,1,1,DSL,Credit card (automatic),1,0,1,0,2,72.2,1
CUST-001615,39,Month-to-month,84.92,3594.81,2,0,0,DSL,Electronic check,1,0,1,0,1,248.3,1
CUST-001616,72,Month-to-month,72.16,4613.45,0,0,1,Fiber optic,Electronic check,0,0,1,0,2,18.0,0
CUST-001617,23,Month-to-month,59.05,1304.97,1,1,1,DSL,Electronic check,1,0,0,0,5,216.1,0
CUST-001618,11,Month-to-month,96.31,980.61,0,0,1,Fiber optic,Electronic check,0,0,1,1,3,107.4,0
CUST-001619,72,One year,98.31,7403.24,0,0,1,Fiber optic,Mailed check,1,0,1,0,1,311.2,0
CUST-001620,40,One year,56.67,2340.75,1,1,0,No,Mailed check,1,0,0,0,2,149.8,0
CUST-001621,29,Month-to-month,77.74,2224.47,6,0,0,Fiber optic,Electronic check,1,0,0,1,0,8.6,1
CUST-001622,15,Month-to-month,37.0,515.55,1,0,0,No,Mailed check,0,0,1,0,5,64.2,0
CUST-001623,23,Month-to-month,70.32,1520.44,7,0,0,Fiber optic,Electronic check,1,1,0,0,0,81.9,1
CUST-001624,22,Month-to-month,135.48,3017.82,1,0,0,Fiber optic,Bank transfer (automatic),1,0,1,0,3,129.7,1
CUST-001625,11,Month-to-month,58.36,620.26,1,0,1,DSL,Mailed check,1,0,1,0,3,240.5,0
CUST-001626,3,Month-to-month,94.73,276.2,2,1,0,Fiber optic,Bank transfer (automatic),0,0,0,0,3,105.0,1
CUST-001627,22,Month-to-month,27.72,607.59,1,0,0,DSL,Bank transfer (automatic),0,1,0,1,0,58.4,1
CUST-001628,52,Two year,129.08,6573.7,2,1,1,DSL,Mailed check,0,0,1,0,1,165.1,0
CUST-001629,72,Month-to-month,68.46,4497.91,2,0,0,Fiber optic,Bank transfer (automatic),1,0,1,0,5,93.2,1
CUST-001630,60,One year,35.62,1994.98,2,0,1,DSL,Electronic check,0,0,0,0,3,98.5,0
CUST-001631,62,Month-to-month,63.47,3678.04,0,1,0,No,Bank transfer (automatic),0,0,1,0,1,51.8,1
CUST-001632,12,Month-to-month,42.69,493.64,7,1,1,No,Mailed check,0,0,1,0,3,40.3,0
CUST-001633,37,Month-to-month,99.12,3683.96,2,0,1,Fiber optic,Bank transfer (automatic),1,0,0,0,3,116.7,1
CUST-001634,45,Two year,52.21,2355.2,3,1,1,Fiber optic,Bank transfer (automatic),0,0,1,1,0,158.3,1
CUST-001635,47,Month-to-month,93.43,4651.74,1,1,0,DSL,Bank transfer (automatic),0,0,1,0,3,110.4,1
CUST-001636,29,Month-to-month,88.5,2385.94,2,1,1,DSL,Bank transfer (automatic),1,0,0,0,2,130.8,0
CUST-001637,34,Two year,62.03,2141.33,1,0,1,DSL,Electronic check,0,0,1,1,3,202.1,1
CUST-001638,59,Month-to-month,48.61,2755.19,0,1,0,Fiber optic,Mailed check,0,0,0,0,4,138.1,0
CUST-001639,44,Month-to-month,44.69,2160.59,1,0,0,No,Electronic check,1,1,1,0,5,149.8,0
CUST-001640,50,One year,66.56,3310.38,0,1,0,DSL,Electronic check,0,0,1,0,5,322.7,0
CUST-001641,21,Month-to-month,34.74,709.05,1,0,1,DSL,Electronic check,1,0,0,0,5,89.1,0
CUST-001642,48,Two year,38.8,1887.94,0,1,0,DSL,Bank transfer (automatic),1,0,1,0,5,115.9,0
CUST-001643,33,Month-to-month,116.23,3873.38,0,0,0,Fiber optic,Bank transfer (automatic),1,0,0,0,3,109.1,0
CUST-001644,55,One year,68.87,3715.89,1,0,1,DSL,Credit card (automatic),1,0,0,1,1,9.0,1
CUST-001645,17,Month-to-month,93.08,1629.35,2,0,1,Fiber optic,Bank transfer (automatic),1,0,0,0,0,111.2,1
CUST-001646,52,Two year,78.19,4372.93,2,1,1,DSL,Bank transfer (automatic),1,0,0,0,0,138.5,0
CUST-001647,23,Two year,60.9,1465.0,1,0,1,DSL,Credit card (automatic),0,0,0,0,0,287.7,0
CUST-001648,52,Two year,88.51,4568.26,1,1,0,Fiber optic,Electronic check,1,0,0,1,4,143.6,0
CUST-001649,37,Two year,76.4,3077.91,0,0,1,No,Bank transfer (automatic),0,1,1,0,4,82.3,0
CUST-001650,32,One year,85.22,2792.78,7,0,0,DSL,Mailed check,0,0,1,0,5,111.4,1
CUST-001651,24,Month-to-month,77.45,1756.78,2,0,1,DSL,Electronic check,0,0,0,0,3,59.8,1
CUST-001652,29,Month-to-month,101.51,2951.87,2,1,0,DSL,Credit card (automatic),1,0,0,0,2,133.6,0
CUST-001653,22,Month-to-month,90.62,1972.03,0,1,0,Fiber optic,Electronic check,0,0,1,1,5,65.5,1
CUST-001654,24,Month-to-month,56.32,1315.09,0,1,0,Fiber optic,Credit card (automatic),0,0,1,1,4,226.7,1
CUST-001655,43,Month-to-month,117.21,5119.25,2,1,1,Fiber optic,Credit card (automatic),0,0,0,0,0,134.1,0
CUST-001656,6,One year,83.87,455.94,1,0,1,Fiber optic,Credit card (automatic),1,0,1,0,2,85.6,0
CUST-001657,51,One year,45.78,2521.93,1,0,0,No,Bank transfer (automatic),1,0,0,0,4,88.1,0
CUST-001658,52,Two year,82.81,4437.87,2,0,0,DSL,Bank transfer (automatic),0,0,0,0,4,28.7,0
CUST-001659,25,Month-to-month,74.27,1685.8,7,0,1,DSL,Mailed check,1,0,1,0,2,119.4,1
CUST-001660,34,One year,58.03,2032.22,0,0,0,Fiber optic,Mailed check,0,0,1,0,4,52.7,0
CUST-001661,13,One year,106.77,1418.77,4,0,1,Fiber optic,Credit card (automatic),0,0,0,1,1,78.9,1
CUST-001662,41,Two year,111.86,4922.27,1,1,1,DSL,Mailed check,0,1,1,0,4,73.6,0
CUST-001663,15,One year,73.09,1190.86,3,0,0,No,Mailed check,1,0,0,0,2,254.7,0
CUST-001664,1,Month-to-month,83.6,91.51,3,1,1,Fiber optic,Credit card (automatic),1,0,1,1,5,151.1,0
CUST-001665,70,Month-to-month,23.27,1606.28,2,1,0,No,Mailed check,0,0,1,0,0,96.3,0
CUST-001666,12,Two year,116.28,1433.09,0,1,0,No,Credit card (automatic),1,0,0,1,4,215.3,0
CUST-001667,29,One year,77.08,2181.63,1,1,0,Fiber optic,Electronic check,1,0,1,0,0,118.3,0
CUST-001668,35,Two year,29.8,1094.03,2,1,1,No,Electronic check,1,0,0,1,4,106.9,0
CUST-001669,43,One year,92.77,3558.0,3,0,0,Fiber optic,Bank transfer (automatic),1,0,0,0,3,17.5,0
CUST-001670,31,One year,115.21,3343.75,0,1,0,Fiber optic,Mailed check,1,0,0,1,3,26.8,0
CUST-001671,38,One year,120.9,4494.54,3,1,1,Fiber optic,Credit card (automatic),0,0,0,0,2,69.2,0
CUST-001672,24,Two year,48.19,1153.08,8,1,0,No,Electronic check,0,0,1,0,1,148.7,1
CUST-001673,7,Two year,87.54,617.79,4,1,0,Fiber optic,Electronic check,1,0,0,1,3,262.8,0
CUST-001674,30,Month-to-month,90.01,2872.36,1,1,1,Fiber optic,Credit card (automatic),0,0,0,0,3,317.2,0
CUST-001675,47,Month-to-month,89.41,4065.68,0,0,1,DSL,Mailed check,1,0,1,0,3,212.1,0
CUST-001676,13,Month-to-month,79.82,970.62,1,0,1,No,Bank transfer (automatic),1,0,1,0,1,122.4,0
CUST-001677,36,Month-to-month,96.77,3416.22,3,1,0,Fiber optic,Electronic check,0,0,0,0,5,149.0,1
CUST-001678,72,Two year,112.87,7880.38,2,0,1,Fiber optic,Credit card (automatic),1,0,1,1,4,292.0,0
CUST-001679,28,Two year,55.95,1609.93,2,1,0,Fiber optic,Credit card (automatic),1,0,1,1,0,111.4,0
CUST-001680,29,Month-to-month,100.52,3137.36,3,1,0,Fiber optic,Bank transfer (automatic),1,0,1,0,4,99.1,0
CUST-001681,6,Month-to-month,70.54,453.61,2,0,0,DSL,Electronic check,0,0,0,0,1,98.1,1
CUST-001682,11,Month-to-month,88.75,1029.43,1,1,1,Fiber optic,Credit card (automatic),1,0,0,0,5,66.9,0
CUST-001683,15,Two year,58.76,856.3,1,0,0,DSL,Credit card (automatic),1,1,1,0,3,148.5,1
CUST-001684,46,One year,68.35,3118.67,2,0,0,DSL,Bank transfer (automatic),1,1,1,1,4,79.3,0
CUST-001685,14,Month-to-month,50.75,725.58,0,0,1,DSL,Bank transfer (automatic),0,0,0,0,4,91.3,1
CUST-001686,40,Month-to-month,150.0,5768.81,5,0,0,Fiber optic,Mailed check,1,0,0,0,0,73.7,1
CUST-001687,16,One year,98.97,1529.88,2,1,0,DSL,Electronic check,1,1,0,0,0,32.0,1
CUST-001688,7,Month-to-month,92.32,658.34,1,1,0,DSL,Bank transfer (automatic),1,0,1,0,0,227.6,1
CUST-001689,50,Two year,51.76,2411.44,2,0,0,No,Bank transfer (automatic),1,0,1,0,2,97.5,0
CUST-001690,22,Two year,66.07,1532.95,2,1,0,Fiber optic,Bank transfer (automatic),1,0,1,0,1,116.9,0
CUST-001691,43,Month-to-month,59.7,2515.56,6,0,0,No,Credit card (automatic),0,0,0,0,3,76.9,1
CUST-001692,7,Month-to-month,92.85,667.52,0,1,0,Fiber optic,Mailed check,0,0,1,0,0,104.5,0
CUST-001693,2,Month-to-month,28.79,58.18,1,1,1,DSL,Credit card (automatic),1,0,1,0,3,116.7,0
CUST-001694,33,Month-to-month,102.0,3577.08,4,1,0,Fiber optic,Electronic check,0,0,0,0,1,268.1,1
CUST-001695,11,Month-to-month,117.05,1150.54,0,1,1,Fiber optic,Credit card (automatic),1,0,1,0,5,61.0,0
CUST-001696,33,Month-to-month,15.0,526.2,1,1,1,No,Electronic check,0,0,0,0,0,110.7,0
CUST-001697,33,Month-to-month,42.49,1488.97,2,0,1,DSL,Electronic check,1,0,0,0,5,234.3,0
CUST-001698,30,Two year,95.7,2911.37,1,0,1,No,Bank transfer (automatic),1,0,1,0,2,23.1,1
CUST-001699,62,Month-to-month,99.35,6320.26,1,0,0,Fiber optic,Electronic check,0,0,1,0,3,86.2,1
CUST-001700,40,Two year,43.34,1785.29,2,0,1,No,Electronic check,1,0,1,0,4,148.2,0
CUST-001701,72,Month-to-month,83.38,5732.88,0,1,0,DSL,Bank transfer (automatic),0,0,0,0,1,171.7,0
CUST-001702,23,Month-to-month,75.14,1732.9,1,0,0,Fiber optic,Mailed check,1,0,1,0,3,58.2,1
CUST-001703,9,Month-to-month,59.1,555.57,0,1,0,DSL,Credit card (automatic),1,0,1,0,2,168.6,0
CUST-001704,17,Month-to-month,36.53,565.5,0,0,1,No,Electronic check,0,0,0,1,1,65.4,0
CUST-001705,24,Month-to-month,65.42,1607.06,2,1,0,DSL,Mailed check,0,0,0,1,5,228.9,0
CUST-001706,72,Two year,115.45,8348.59,8,0,1,Fiber optic,Mailed check,0,0,1,0,5,215.5,1
CUST-001707,32,Two year,78.06,2576.27,1,0,1,Fiber optic,Mailed check,0,0,0,1,2,231.4,0
CUST-001708,64,Month-to-month,106.14,6360.96,4,1,1,Fiber optic,Mailed check,1,0,0,1,4,99.1,1
CUST-001709,21,Month-to-month,88.75,1794.45,1,1,1,Fiber optic,Mailed check,0,0,0,0,2,83.5,0
CUST-001710,19,Month-to-month,116.98,2067.47,0,0,0,Fiber optic,Mailed check,1,0,1,0,3,73.9,1
CUST-001711,6,One year,53.42,297.97,1,1,0,DSL,Electronic check,0,0,0,0,1,308.6,0
CUST-001712,72,Month-to-month,128.88,9664.87,5,1,0,Fiber optic,Bank transfer (automatic),1,0,0,0,3,91.7,0
CUST-001713,72,Month-to-month,107.04,7479.96,7,0,0,Fiber optic,Mailed check,1,0,0,1,0,90.4,1
CUST-001714,36,Two year,96.1,3345.02,3,0,0,Fiber optic,Mailed check,1,0,1,0,5,100.0,0
CUST-001715,25,Two year,72.01,1898.42,1,1,0,DSL,Electronic check,1,0,0,1,2,135.1,0
CUST-001716,32,One year,78.38,2465.08,2,0,0,Fiber optic,Credit card (automatic),1,0,0,0,3,136.2,1
CUST-001717,9,Month-to-month,51.77,488.38,1,0,0,No,Electronic check,0,0,0,1,4,74.5,0
CUST-001718,43,Month-to-month,71.55,2915.22,1,1,0,No,Credit card (automatic),1,0,1,0,4,151.2,1
CUST-001719,72,Month-to-month,35.03,2478.49,1,0,0,No,Electronic check,1,0,1,1,0,114.1,0
CUST-001720,72,One year,74.96,5152.72,1,0,1,Fiber optic,Credit card (automatic),0,0,0,0,2,231.2,0
CUST-001721,7,One year,41.57,298.96,0,1,0,DSL,Mailed check,0,0,1,1,0,243.8,1
CUST-001722,63,Month-to-month,104.3,6502.92,0,0,0,Fiber optic,Bank transfer (automatic),1,0,0,0,4,127.9,0
CUST-001723,9,Two year,79.68,743.34,1,0,0,DSL,Electronic check,0,1,0,0,2,121.6,1
CUST-001724,3,Month-to-month,121.7,367.89,3,1,1,Fiber optic,Credit card (automatic),1,0,1,0,1,36.7,1
CUST-001725,65,One year,56.63,3322.8,1,1,0,DSL,Electronic check,0,1,0,0,1,197.7,0
CUST-001726,20,Month-to-month,44.81,884.37,1,1,0,No,Bank transfer (automatic),0,0,1,0,1,138.6,0
CUST-001727,59,Month-to-month,28.27,1539.88,1,1,0,DSL,Electronic check,0,0,1,1,5,192.5,0
CUST-001728,55,Month-to-month,71.77,4015.74,0,0,1,DSL,Bank transfer (automatic),1,0,1,0,2,51.6,0
CUST-001729,50,One year,99.92,5134.68,6,0,0,No,Bank transfer (automatic),1,0,0,0,2,93.6,0
CUST-001730,32,Month-to-month,63.13,2086.71,1,0,1,DSL,Mailed check,1,1,1,0,4,262.2,1
CUST-001731,10,Month-to-month,65.67,652.67,2,0,0,DSL,Bank transfer (automatic),1,0,1,1,3,68.3,1
CUST-001732,24,One year,89.84,1980.21,0,0,0,Fiber optic,Credit card (automatic),1,0,0,0,5,200.3,0
CUST-001733,72,One year,71.35,5191.03,0,0,1,No,Bank transfer (automatic),0,0,1,0,5,137.0,0
CUST-001734,60,One year,89.93,5505.64,5,0,0,DSL,Electronic check,0,0,1,0,3,316.1,0
CUST-001735,25,One year,137.98,3418.02,3,1,0,Fiber optic,Mailed check,1,1,1,0,4,184.1,1
CUST-001736,25,One year,77.46,1944.78,2,0,0,DSL,Bank transfer (automatic),0,0,0,0,1,123.6,0
CUST-001737,47,One year,104.11,4431.27,1,0,1,Fiber optic,Electronic check,1,0,0,0,4,145.4,0
CUST-001738,34,Month-to-month,59.02,2013.33,0,0,0,DSL,Bank transfer (automatic),0,0,0,0,3,122.9,0
CUST-001739,26,Month-to-month,87.3,2257.5,1,0,0,Fiber optic,Electronic check,0,0,1,0,2,85.4,0
CUST-001740,45,Month-to-month,86.97,3676.34,3,0,1,Fiber optic,Credit card (automatic),1,0,0,1,4,23.4,0
CUST-001741,44,Month-to-month,55.85,2522.31,1,1,0,No,Bank transfer (automatic),0,0,1,0,2,66.1,1
CUST-001742,18,Month-to-month,93.19,1635.97,0,0,0,Fiber optic,Mailed check,0,1,1,0,4,173.1,1
CUST-001743,39,Month-to-month,105.62,4166.37,0,0,1,Fiber optic,Credit card (automatic),0,0,1,0,5,14.5,0
CUST-001744,42,Month-to-month,91.59,3940.65,0,0,1,Fiber optic,Credit card (automatic),0,0,0,0,4,87.7,1
CUST-001745,30,One year,57.99,1768.3,0,1,1,DSL,Electronic check,1,0,0,0,2,82.6,0
CUST-001746,16,One year,68.15,1017.3,1,0,1,DSL,Mailed check,1,0,1,0,3,170.7,0
CUST-001747,23,One year,66.0,1488.85,3,0,0,Fiber optic,Mailed check,1,1,1,0,0,65.9,0
CUST-001748,13,Two year,85.08,1223.8,2,0,0,DSL,Mailed check,1,0,1,1,3,115.0,1
CUST-001749,40,Month-to-month,54.67,2339.39,1,0,1,DSL,Mailed check,1,0,0,1,0,76.3,0
CUST-001750,7,Month-to-month,61.13,445.76,2,0,1,Fiber optic,Mailed check,1,0,1,1,2,59.8,1
CUST-001751,72,Month-to-month,76.54,5586.47,1,0,1,DSL,Electronic check,1,0,1,0,5,283.1,1
CUST-001752,72,Month-to-month,77.78,5323.5,2,0,1,DSL,Electronic check,0,0,0,0,5,41.8,0
CUST-001753,42,Month-to-month,68.5,2853.66,2,0,1,Fiber optic,Electronic check,1,0,0,0,4,57.5,1
CUST-001754,57,Two year,105.59,5891.5,1,0,0,Fiber optic,Electronic check,0,0,1,0,5,46.3,0
CUST-001755,55,Month-to-month,80.85,4427.92,0,0,0,DSL,Bank transfer (automatic),1,0,1,0,3,80.7,1
CUST-001756,34,Month-to-month,139.37,4395.87,0,0,1,Fiber optic,Electronic check,1,0,0,0,3,191.0,1
CUST-001757,27,Month-to-month,59.12,1672.42,4,0,1,DSL,Electronic check,1,0,0,0,3,133.5,0
CUST-001758,24,Month-to-month,63.64,1322.2,3,0,0,No,Credit card (automatic),1,0,0,0,0,135.7,0
CUST-001759,72,One year,74.83,5618.65,8,1,0,Fiber optic,Bank transfer (automatic),1,0,1,0,1,107.9,1
CUST-001760,16,One year,102.34,1709.18,2,0,1,Fiber optic,Credit card (automatic),1,0,1,0,5,42.7,0
CUST-001761,16,One year,89.88,1605.39,1,1,1,Fiber optic,Credit card (automatic),1,0,0,0,4,39.3,0
CUST-001762,61,One year,114.7,6909.31,0,0,0,Fiber optic,Bank transfer (automatic),1,0,0,1,0,57.0,0
CUST-001763,57,Month-to-month,79.15,4394.25,3,1,0,Fiber optic,Credit card (automatic),1,1,0,1,5,31.1,0
CUST-001764,25,Month-to-month,101.8,2560.31,1,1,0,Fiber optic,Electronic check,1,0,1,0,3,214.4,1
CUST-001765,46,One year,59.05,2792.33,1,1,0,No,Bank transfer (automatic),1,0,1,0,0,120.4,0
CUST-001766,50,Month-to-month,18.94,942.73,1,0,0,No,Bank transfer (automatic),1,0,1,1,3,57.3,0
CUST-001767,9,Month-to-month,105.7,895.03,1,1,0,Fiber optic,Bank transfer (automatic),0,0,0,0,0,309.6,1
CUST-001768,72,Month-to-month,21.3,1576.43,1,0,0,No,Electronic check,0,1,1,0,2,66.1,0
CUST-001769,50,One year,61.01,3050.4,2,0,0,DSL,Credit card (automatic),0,1,0,0,5,68.9,0
CUST-001770,43,Month-to-month,86.4,3527.92,1,1,1,Fiber optic,Mailed check,1,0,1,1,3,110.8,0
CUST-001771,50,Two year,89.79,4124.76,1,0,0,Fiber optic,Credit card (automatic),1,0,0,0,5,86.1,0
CUST-001772,39,Month-to-month,66.18,2899.64,2,1,0,DSL,Credit card (automatic),0,1,1,1,0,206.2,0
CUST-001773,29,Month-to-month,65.94,1991.81,0,0,1,No,Credit card (automatic),0,0,0,0,4,276.3,0
CUST-001774,35,Month-to-month,74.08,2665.32,0,0,0,No,Mailed check,1,0,1,0,3,77.1,0
CUST-001775,8,Month-to-month,62.28,495.38,2,0,0,No,Mailed check,1,0,0,1,0,254.0,1
CUST-001776,72,Month-to-month,150.0,11172.59,2,1,0,Fiber optic,Bank transfer (automatic),1,0,0,0,5,108.5,0
CUST-001777,29,One year,81.44,2237.5,0,1,1,Fiber optic,Bank transfer (automatic),0,1,0,1,4,105.1,0
CUST-001778,72,Month-to-month,59.43,4321.62,3,1,1,Fiber optic,Mailed check,1,0,0,0,4,217.8,0
CUST-001779,35,Month-to-month,29.75,1053.9,8,1,1,DSL,Bank transfer (automatic),1,0,1,0,0,97.8,0
CUST-001780,19,Month-to-month,81.46,1468.22,0,0,1,No,Credit card (automatic),1,0,1,1,2,108.6,1
CUST-001781,72,Month-to-month,25.21,1805.64,6,0,1,DSL,Mailed check,1,0,0,0,4,91.2,0
CUST-001782,42,Two year,34.76,1429.79,0,0,0,No,Electronic check,1,0,1,0,1,34.9,0
CUST-001783,72,Month-to-month,56.16,3889.07,1,1,0,Fiber optic,Bank transfer (automatic),0,0,1,1,0,74.0,0
CUST-001784,19,One year,76.43,1413.04,8,0,0,DSL,Bank transfer (automatic),1,0,1,0,2,347.7,0
CUST-001785,72,Month-to-month,98.27,6471.6,0,0,0,DSL,Credit card (automatic),1,1,0,1,0,78.9,0
CUST-001786,72,Month-to-month,66.4,5034.85,3,1,0,Fiber optic,Bank transfer (automatic),0,0,0,1,0,221.3,1
CUST-001787,53,Two year,75.55,4316.94,1,0,0,DSL,Mailed check,1,1,0,1,4,38.2,0
CUST-001788,72,Month-to-month,15.0,1029.98,1,1,0,No,Bank transfer (automatic),1,0,0,0,3,46.3,0
CUST-001789,29,Two year,46.38,1419.67,1,1,1,DSL,Credit card (automatic),1,0,1,0,3,138.0,0
CUST-001790,15,Month-to-month,105.06,1573.38,1,0,1,Fiber optic,Mailed check,1,1,0,0,1,32.4,1
CUST-001791,20,Month-to-month,57.19,1143.22,2,0,0,DSL,Electronic check,1,0,0,0,1,28.2,1
CUST-001792,33,Two year,89.85,2773.02,0,1,0,DSL,Bank transfer (automatic),0,1,0,1,0,43.3,0
CUST-001793,55,Month-to-month,15.0,801.99,1,0,1,DSL,Electronic check,0,0,1,1,2,109.7,0
CUST-001794,16,Two year,46.63,765.96,1,1,0,No,Credit card (automatic),1,0,0,0,5,64.6,0
CUST-001795,24,Two year,101.32,2313.09,9,1,0,Fiber optic,Electronic check,0,1,1,0,3,70.4,0
CUST-001796,18,Month-to-month,76.0,1317.27,10,0,0,No,Mailed check,0,0,0,0,2,89.5,1
CUST-001797,62,Month-to-month,102.92,6218.93,2,1,0,Fiber optic,Credit card (automatic),1,0,0,0,0,38.3,0
CUST-001798,72,Two year,70.19,4192.71,0,1,0,DSL,Electronic check,1,0,1,0,4,205.1,0
CUST-001799,13,Month-to-month,36.4,480.97,2,0,0,DSL,Electronic check,1,0,1,0,1,354.3,1
CUST-001800,47,One year,70.52,3420.0,2,1,0,Fiber optic,Electronic check,1,0,0,0,0,72.5,0
CUST-001801,67,Month-to-month,122.91,8385.09,0,1,1,DSL,Credit card (automatic),1,0,0,0,4,157.9,0
CUST-001802,27,Month-to-month,33.52,947.71,0,1,1,DSL,Credit card (automatic),1,0,0,0,4,54.8,0
CUST-001803,9,Month-to-month,54.61,480.58,3,0,1,Fiber optic,Mailed check,1,0,0,0,5,187.6,0
CUST-001804,72,One year,82.0,6438.66,0,0,0,DSL,Bank transfer (automatic),1,0,1,1,1,237.8,1
CUST-001805,8,One year,63.52,486.7,0,1,0,Fiber optic,Bank transfer (automatic),1,1,1,0,2,147.6,0
CUST-001806,72,One year,134.81,9597.38,1,0,1,Fiber optic,Electronic check,0,0,1,0,4,28.9,0
CUST-001807,17,Month-to-month,150.0,2508.79,6,0,1,Fiber optic,Electronic check,1,0,1,1,5,145.8,1
CUST-001808,7,Month-to-month,83.98,593.34,0,0,0,Fiber optic,Credit card (automatic),0,0,1,0,4,79.5,1
CUST-001809,22,Month-to-month,97.74,2124.52,1,1,0,Fiber optic,Electronic check,0,0,0,1,1,217.5,1
CUST-001810,31,Month-to-month,44.38,1368.7,0,0,1,Fiber optic,Bank transfer (automatic),0,0,0,1,3,170.9,0
CUST-001811,36,Month-to-month,90.79,3157.56,1,0,1,DSL,Electronic check,1,0,0,1,5,156.2,0
CUST-001812,50,One year,15.0,733.56,0,0,0,DSL,Bank transfer (automatic),0,0,0,0,1,156.5,0
CUST-001813,39,Month-to-month,31.51,1091.61,0,1,0,DSL,Electronic check,0,0,0,1,2,148.8,0
CUST-001814,72,Month-to-month,92.96,6961.66,1,1,0,Fiber optic,Electronic check,0,0,0,0,5,128.6,0
CUST-001815,30,One year,103.69,2951.75,1,1,0,Fiber optic,Electronic check,0,0,0,0,2,186.4,0
CUST-001816,40,Month-to-month,52.9,2064.09,2,0,1,Fiber optic,Credit card (automatic),0,0,0,0,0,144.3,0
CUST-001817,38,Two year,51.44,1851.14,1,1,0,DSL,Electronic check,1,0,1,1,0,193.8,0
CUST-001818,6,Month-to-month,23.46,144.77,2,0,0,DSL,Mailed check,0,0,0,0,4,147.1,0
CUST-001819,11,Month-to-month,57.07,610.71,0,0,0,DSL,Mailed check,1,0,0,1,3,247.3,1
CUST-001820,33,Two year,44.98,1303.01,7,1,1,No,Mailed check,0,0,0,1,5,17.3,1
CUST-001821,44,One year,49.11,2191.17,1,0,0,DSL,Credit card (automatic),0,0,1,0,5,170.9,0
CUST-001822,4,Two year,106.28,409.24,2,0,1,Fiber optic,Mailed check,0,0,1,1,2,123.0,0
CUST-001823,72,Month-to-month,72.04,5180.82,1,1,0,DSL,Bank transfer (automatic),1,1,1,1,1,30.5,0
CUST-001824,47,Month-to-month,104.03,5092.85,1,1,0,Fiber optic,Bank transfer (automatic),1,1,1,1,3,170.8,0
CUST-001825,32,One year,86.77,2639.54,2,0,1,Fiber optic,Credit card (automatic),0,0,0,0,4,101.4,0
CUST-001826,45,Month-to-month,82.92,3721.91,0,1,0,DSL,Credit card (automatic),0,0,1,1,0,45.6,0
CUST-001827,21,One year,89.12,1799.31,9,1,0,Fiber optic,Electronic check,0,0,1,0,5,224.4,0
CUST-001828,37,Month-to-month,77.72,3017.51,0,1,1,Fiber optic,Credit card (automatic),1,0,0,1,4,169.1,0
CUST-001829,41,Month-to-month,104.26,4291.54,1,1,0,Fiber optic,Credit card (automatic),1,0,1,0,4,74.8,0
CUST-001830,72,Month-to-month,54.41,3913.0,5,1,0,No,Credit card (automatic),1,0,1,0,5,128.6,0
CUST-001831,28,One year,56.76,1490.67,0,1,1,No,Credit card (automatic),1,0,1,1,3,142.9,0
CUST-001832,9,Month-to-month,116.71,1089.79,3,0,0,Fiber optic,Bank transfer (automatic),1,0,1,0,2,59.0,1
CUST-001833,15,Two year,89.35,1399.03,4,1,0,No,Mailed check,1,0,0,0,5,90.5,0
CUST-001834,26,Month-to-month,57.57,1439.48,1,1,1,No,Electronic check,1,0,1,0,4,86.4,0
CUST-001835,10,Month-to-month,111.82,1126.8,3,0,0,Fiber optic,Credit card (automatic),0,0,1,0,1,79.6,1
CUST-001836,14,Month-to-month,58.05,836.59,3,0,1,Fiber optic,Credit card (automatic),0,0,1,0,0,133.4,1
CUST-001837,15,One year,82.72,1378.4,0,1,1,Fiber optic,Electronic check,1,0,1,1,0,49.6,0
CUST-001838,25,Two year,71.2,1814.81,0,0,1,Fiber optic,Bank transfer (automatic),0,0,1,0,0,145.9,1
CUST-001839,46,Month-to-month,89.96,4138.08,1,0,0,Fiber optic,Electronic check,1,1,0,1,3,85.8,0
CUST-001840,24,Month-to-month,83.36,1985.07,1,1,1,No,Electronic check,0,0,0,0,0,37.2,0
CUST-001841,48,One year,78.89,3768.51,1,0,0,No,Mailed check,1,1,0,0,1,71.6,1
CUST-001842,32,Month-to-month,75.49,2508.36,1,1,1,DSL,Mailed check,1,1,0,0,3,106.9,1
CUST-001843,14,One year,93.44,1250.47,2,0,0,Fiber optic,Bank transfer (automatic),1,0,1,0,3,189.3,1
CUST-001844,42,One year,86.02,3781.32,1,0,0,Fiber optic,Electronic check,1,1,0,0,3,79.3,0
CUST-001845,37,Month-to-month,95.03,3245.15,2,0,0,No,Bank transfer (automatic),1,0,0,1,0,166.2,1
CUST-001846,49,One year,51.34,2599.47,0,1,1,Fiber optic,Bank transfer (automatic),1,0,1,0,0,101.0,0
CUST-001847,57,One year,48.33,2884.95,0,0,0,DSL,Credit card (automatic),0,0,0,1,1,149.2,0
CUST-001848,72,Month-to-month,75.28,5638.64,1,0,0,DSL,Electronic check,0,0,1,0,3,185.4,1
CUST-001849,47,Month-to-month,103.2,4915.97,2,1,0,DSL,Mailed check,1,1,1,0,4,104.5,1
CUST-001850,36,Month-to-month,56.35,2068.65,0,1,0,DSL,Bank transfer (automatic),0,0,0,1,5,32.8,1
CUST-001851,49,One year,58.48,2808.18,0,1,0,DSL,Bank transfer (automatic),1,0,0,0,5,92.8,0
CUST-001852,22,One year,32.75,679.97,3,0,0,DSL,Mailed check,1,0,0,0,1,188.3,0
CUST-001853,21,Month-to-month,51.46,1094.15,3,0,0,No,Mailed check,0,0,1,0,2,33.1,0
CUST-001854,72,Month-to-month,107.71,7781.87,5,1,1,Fiber optic,Credit card (automatic),0,0,1,1,4,82.5,1
CUST-001855,20,Month-to-month,129.48,2709.2,2,0,0,Fiber optic,Mailed check,1,0,0,1,1,207.4,1
CUST-001856,16,Month-to-month,82.67,1313.38,0,0,0,Fiber optic,Electronic check,1,0,1,0,4,74.6,0
CUST-001857,47,Month-to-month,45.03,2133.23,1,1,0,DSL,Credit card (automatic),0,1,1,1,3,139.8,0
CUST-001858,22,Month-to-month,91.74,2047.28,0,1,0,Fiber optic,Credit card (automatic),0,0,1,0,3,95.3,0
CUST-001859,56,Month-to-month,24.63,1418.75,4,1,0,No,Electronic check,1,0,0,1,1,77.9,1
CUST-001860,71,One year,120.89,8990.29,0,0,1,Fiber optic,Credit card (automatic),0,0,0,1,2,269.8,1
CUST-001861,18,One year,59.23,1015.3,1,1,0,Fiber optic,Electronic check,1,0,0,0,4,200.8,0
CUST-001862,51,Month-to-month,72.84,3845.18,8,0,0,DSL,Credit card (automatic),1,0,1,0,0,150.1,1
CUST-001863,20,One year,97.47,1931.8,1,0,1,Fiber optic,Bank transfer (automatic),1,0,1,1,0,215.3,1
CUST-001864,27,Month-to-month,105.69,2945.32,0,0,0,Fiber optic,Mailed check,1,0,0,1,0,49.4,0
CUST-001865,40,Month-to-month,71.39,3066.7,1,1,0,DSL,Credit card (automatic),0,1,1,0,1,82.3,0
CUST-001866,21,Two year,90.07,1692.07,0,0,0,Fiber optic,Credit card (automatic),1,0,1,1,0,138.7,0
CUST-001867,38,Month-to-month,100.71,4059.36,2,1,0,Fiber optic,Electronic check,1,0,0,0,3,63.4,0
CUST-001868,29,Month-to-month,85.87,2475.49,0,0,1,DSL,Bank transfer (automatic),1,0,0,1,0,170.0,0
CUST-001869,57,Month-to-month,109.91,5996.9,3,1,0,DSL,Credit card (automatic),1,0,1,1,1,194.3,1
CUST-001870,57,One year,62.44,3481.22,3,1,1,Fiber optic,Bank transfer (automatic),1,0,0,0,1,23.4,0
CUST-001871,21,Month-to-month,19.02,378.82,2,1,0,DSL,Electronic check,1,0,1,0,1,26.6,0
CUST-001872,41,Two year,51.33,2157.93,1,1,1,Fiber optic,Electronic check,1,0,1,1,1,120.0,0
CUST-001873,63,Month-to-month,19.67,1175.09,1,1,0,No,Credit card (automatic),1,0,0,0,4,165.5,0
CUST-001874,13,Month-to-month,60.01,827.11,2,1,0,Fiber optic,Mailed check,0,0,1,0,5,52.0,1
CUST-001875,28,Month-to-month,31.83,922.07,1,0,1,DSL,Bank transfer (automatic),0,0,1,1,2,72.8,0
CUST-001876,40,One year,79.59,3219.76,0,0,0,Fiber optic,Bank transfer (automatic),1,1,1,0,4,437.8,0
CUST-001877,13,Month-to-month,111.38,1300.53,0,0,1,Fiber optic,Electronic check,1,0,1,0,1,97.3,1
CUST-001878,23,Two year,105.66,2269.48,3,0,0,Fiber optic,Electronic check,0,0,1,1,5,65.5,0
CUST-001879,72,Two year,49.44,3545.41,1,0,0,No,Electronic check,1,0,1,0,0,216.0,1
CUST-001880,20,Month-to-month,76.6,1530.03,0,1,0,Fiber optic,Electronic check,1,1,0,1,4,88.2,0
CUST-001881,22,Month-to-month,115.27,2655.1,1,0,1,DSL,Credit card (automatic),0,0,1,0,4,132.9,1
CUST-001882,47,Month-to-month,104.87,4211.11,1,1,0,Fiber optic,Electronic check,0,0,0,0,1,130.4,1
CUST-001883,12,One year,69.32,800.26,0,0,0,No,Electronic check,1,1,0,0,4,111.7,0
CUST-001884,29,One year,93.04,2811.09,1,1,0,Fiber optic,Bank transfer (automatic),1,1,0,0,2,53.9,1
CUST-001885,16,Month-to-month,57.77,908.73,2,0,0,No,Credit card (automatic),1,0,0,1,0,286.9,1
CUST-001886,38,Two year,140.08,5198.66,9,0,0,Fiber optic,Electronic check,0,0,0,0,2,32.6,1
CUST-001887,1,Month-to-month,60.25,55.39,2,1,0,No,Electronic check,0,0,1,1,0,74.8,1
CUST-001888,34,Two year,93.73,3355.49,0,0,0,Fiber optic,Bank transfer (automatic),1,0,1,0,2,176.0,0
CUST-001889,40,Two year,23.78,928.13,0,1,1,No,Bank transfer (automatic),1,0,1,0,2,262.5,0
CUST-001890,23,Month-to-month,49.09,1190.81,1,1,1,No,Bank transfer (automatic),1,0,0,1,5,150.0,0
CUST-001891,25,Month-to-month,51.23,1374.61,1,0,0,No,Electronic check,1,0,1,1,1,125.8,0
CUST-001892,21,Month-to-month,77.16,1727.07,5,0,1,No,Credit card (automatic),0,0,1,0,1,17.5,0
CUST-001893,29,Two year,70.62,2044.66,3,1,1,Fiber optic,Bank transfer (automatic),0,0,1,0,5,76.0,0
CUST-001894,72,Month-to-month,91.21,6408.14,0,1,1,Fiber optic,Credit card (automatic),1,0,1,0,3,77.0,0
CUST-001895,58,Two year,74.84,4220.85,1,0,0,Fiber optic,Credit card (automatic),1,0,0,0,4,187.6,1
CUST-001896,29,Month-to-month,62.48,1990.24,0,0,1,Fiber optic,Bank transfer (automatic),0,0,0,0,0,115.9,0
CUST-001897,23,Month-to-month,61.47,1398.83,1,0,1,Fiber optic,Electronic check,0,0,0,0,2,27.1,1
CUST-001898,55,Two year,85.67,4959.97,2,1,1,Fiber optic,Bank transfer (automatic),1,0,1,0,2,335.4,0
CUST-001899,36,Month-to-month,92.58,3413.27,1,1,0,Fiber optic,Bank transfer (automatic),0,0,0,0,4,127.3,1
CUST-001900,13,One year,85.16,1084.3,2,0,0,Fiber optic,Electronic check,0,0,0,0,5,137.4,0
CUST-001901,26,Month-to-month,44.18,1134.15,0,0,0,No,Electronic check,1,1,1,0,1,84.0,1
CUST-001902,72,Month-to-month,86.56,6601.09,2,0,1,Fiber optic,Electronic check,1,0,1,0,4,132.3,1
CUST-001903,46,Month-to-month,81.93,3774.67,1,1,0,Fiber optic,Credit card (automatic),1,0,0,0,5,64.1,0
CUST-001904,23,Month-to-month,38.95,875.52,0,0,1,No,Credit card (automatic),0,0,1,0,0,85.9,0
CUST-001905,8,One year,92.08,706.92,7,0,1,Fiber optic,Bank transfer (automatic),0,0,1,0,1,41.5,1
CUST-001906,37,Month-to-month,135.26,5084.71,0,0,0,Fiber optic,Credit card (automatic),1,0,1,0,2,101.0,0
CUST-001907,32,Month-to-month,86.26,2689.04,0,1,0,Fiber optic,Bank transfer (automatic),1,0,1,0,5,145.8,1
CUST-001908,28,Month-to-month,53.47,1541.62,1,0,0,Fiber optic,Credit card (automatic),1,0,0,0,3,59.7,0
CUST-001909,55,One year,126.71,7855.57,11,1,0,Fiber optic,Electronic check,1,0,0,0,2,77.3,1
CUST-001910,46,Two year,96.43,4550.69,0,1,0,DSL,Electronic check,0,0,0,1,4,58.2,1
CUST-001911,8,One year,100.81,879.23,2,0,0,DSL,Bank transfer (automatic),1,0,0,0,1,68.3,1
CUST-001912,32,Two year,63.94,1972.95,1,0,0,No,Credit card (automatic),0,1,1,0,2,43.8,1
CUST-001913,10,Month-to-month,45.41,469.63,3,0,1,No,Credit card (automatic),0,0,1,0,4,34.6,1
CUST-001914,21,Month-to-month,67.67,1510.29,2,1,0,Fiber optic,Credit card (automatic),0,0,0,0,2,125.1,0
CUST-001915,10,Month-to-month,93.53,999.83,1,1,1,No,Credit card (automatic),1,0,0,0,0,186.8,0
CUST-001916,10,Month-to-month,130.15,1384.75,4,1,1,Fiber optic,Electronic check,1,0,0,0,4,144.6,1
CUST-001917,41,One year,41.99,1723.02,2,1,0,DSL,Electronic check,1,0,0,0,5,146.7,0
CUST-001918,38,One year,27.0,1071.65,2,0,1,Fiber optic,Mailed check,1,0,1,0,0,171.3,0
CUST-001919,30,Month-to-month,64.56,1838.26,1,0,0,DSL,Bank transfer (automatic),0,1,1,1,2,73.1,0
CUST-001920,20,Two year,42.39,915.93,0,1,0,DSL,Bank transfer (automatic),1,0,0,0,2,42.1,0
CUST-001921,9,Month-to-month,47.32,405.6,5,0,0,No,Electronic check,1,0,0,0,3,81.4,0
CUST-001922,22,One year,84.04,1964.82,0,0,0,Fiber optic,Mailed check,1,1,0,0,2,211.3,1
CUST-001923,38,Month-to-month,75.25,3008.7,2,0,1,DSL,Credit card (automatic),1,0,1,0,1,77.7,1
CUST-001924,37,One year,70.48,2743.0,8,1,0,Fiber optic,Electronic check,1,0,0,0,2,37.6,0
CUST-001925,72,Month-to-month,93.4,7419.33,1,1,0,Fiber optic,Bank transfer (automatic),1,0,0,0,5,193.9,0
CUST-001926,69,Two year,86.85,6307.98,4,0,1,Fiber optic,Electronic check,1,0,0,0,3,114.6,1
CUST-001927,31,Two year,15.0,434.16,2,0,0,DSL,Bank transfer (automatic),1,0,0,0,1,75.4,1
CUST-001928,21,Month-to-month,103.62,2240.2,3,1,0,Fiber optic,Bank transfer (automatic),1,0,1,0,2,53.0,0
CUST-001929,16,Month-to-month,78.72,1140.54,0,1,0,Fiber optic,Electronic check,1,0,1,0,1,244.3,1
CUST-001930,8,One year,58.4,465.07,8,0,0,Fiber optic,Bank transfer (automatic),0,0,1,0,1,152.5,1
CUST-001931,12,One year,46.85,550.33,2,1,0,No,Bank transfer (automatic),1,1,0,0,5,144.0,0
CUST-001932,38,Month-to-month,95.07,3727.88,1,0,0,Fiber optic,Mailed check,0,1,0,0,2,34.9,0
CUST-001933,48,One year,66.16,3045.0,1,1,0,No,Credit card (automatic),1,0,1,1,5,197.2,0
CUST-001934,25,Two year,81.11,1947.35,1,0,0,No,Credit card (automatic),1,0,1,0,0,25.5,0
CUST-001935,72,One year,75.91,5602.48,2,1,0,DSL,Bank transfer (automatic),0,0,0,0,4,148.4,0
CUST-001936,12,Month-to-month,35.71,453.69,2,0,0,DSL,Electronic check,1,0,0,1,1,66.7,1
CUST-001937,7,Two year,16.14,112.99,6,0,0,Fiber optic,Mailed check,0,0,0,1,1,75.0,0
CUST-001938,72,Month-to-month,68.02,5466.29,2,0,1,No,Mailed check,1,0,0,0,3,23.4,0
CUST-001939,9,Month-to-month,80.77,714.45,1,1,1,DSL,Electronic check,1,0,0,1,0,89.1,1
CUST-001940,25,Two year,59.94,1549.43,0,0,1,DSL,Bank transfer (automatic),0,0,1,0,1,102.0,0
CUST-001941,17,Month-to-month,106.52,1841.74,2,0,0,Fiber optic,Credit card (automatic),0,1,1,0,5,161.2,0
CUST-001942,40,Month-to-month,39.96,1571.01,1,0,0,No,Electronic check,0,0,0,1,1,120.2,0
CUST-001943,23,One year,56.35,1381.03,1,0,0,DSL,Bank transfer (automatic),1,0,0,0,2,26.5,0
CUST-001944,48,Two year,66.99,3072.38,5,1,0,Fiber optic,Bank transfer (automatic),1,0,0,0,0,272.8,0
CUST-001945,56,Month-to-month,82.43,4136.97,0,0,1,DSL,Bank transfer (automatic),0,1,1,0,4,49.1,0
CUST-001946,8,Month-to-month,42.24,335.79,1,0,0,No,Credit card (automatic),0,1,0,0,5,53.6,0
CUST-001947,16,Month-to-month,141.5,2234.92,0,1,0,Fiber optic,Mailed check,1,1,1,0,3,45.9,1
CUST-001948,51,Month-to-month,77.45,4159.86,1,1,0,Fiber optic,Bank transfer (automatic),0,1,0,1,3,208.7,1
CUST-001949,63,Month-to-month,84.95,5017.43,1,0,0,No,Electronic check,1,0,1,1,2,80.9,0
CUST-001950,35,Month-to-month,77.77,2793.23,1,1,1,Fiber optic,Electronic check,0,0,1,1,1,73.7,0
CUST-001951,42,Two year,98.44,4217.72,2,0,0,No,Bank transfer (automatic),1,0,1,0,3,250.2,1
CUST-001952,72,One year,97.49,7132.57,3,1,0,DSL,Electronic check,0,1,1,0,5,113.2,0
CUST-001953,23,Two year,56.91,1377.26,1,1,1,DSL,Electronic check,1,0,1,0,2,44.9,0
CUST-001954,35,Two year,96.87,3386.47,1,1,0,Fiber optic,Electronic check,1,0,0,0,5,10.1,0
CUST-001955,69,Two year,96.85,6700.09,1,0,0,DSL,Electronic check,1,0,1,0,5,378.3,0
CUST-001956,72,One year,72.61,5345.62,2,0,0,No,Mailed check,0,0,0,0,2,145.1,0
CUST-001957,29,Month-to-month,66.98,1932.52,3,0,1,Fiber optic,Electronic check,0,0,0,0,1,114.9,1
CUST-001958,16,Two year,66.75,995.74,8,0,0,DSL,Electronic check,1,0,1,0,4,171.7,0
CUST-001959,28,Month-to-month,71.29,1955.15,2,0,1,Fiber optic,Bank transfer (automatic),1,1,0,1,0,23.8,0
CUST-001960,31,Month-to-month,93.77,2869.23,1,1,1,Fiber optic,Bank transfer (automatic),1,1,0,0,1,64.1,1
CUST-001961,16,Month-to-month,70.31,1093.33,1,0,0,Fiber optic,Credit card (automatic),1,0,0,1,0,89.1,1
CUST-001962,18,Month-to-month,74.32,1316.59,1,0,1,DSL,Credit card (automatic),1,1,1,0,2,107.7,0
CUST-001963,72,Month-to-month,20.28,1473.27,1,0,0,No,Credit card (automatic),0,1,0,0,5,177.2,0
CUST-001964,44,One year,61.95,2688.46,0,0,0,Fiber optic,Bank transfer (automatic),1,0,1,1,3,133.9,0
CUST-001965,25,Month-to-month,45.17,1177.47,0,0,0,No,Electronic check,0,0,0,0,4,109.5,1
CUST-001966,12,Month-to-month,85.99,1076.74,0,0,1,Fiber optic,Electronic check,0,1,0,0,1,235.4,1
CUST-001967,18,Month-to-month,52.2,827.84,1,1,0,Fiber optic,Credit card (automatic),1,0,0,0,0,44.2,0
CUST-001968,6,Two year,42.91,239.01,2,0,0,DSL,Credit card (automatic),0,0,0,0,0,96.9,0
CUST-001969,36,Month-to-month,109.45,3466.44,2,1,1,Fiber optic,Bank transfer (automatic),1,0,1,0,4,263.6,0
CUST-001970,17,Month-to-month,87.43,1465.96,2,0,1,DSL,Bank transfer (automatic),0,0,0,0,5,54.0,0
CUST-001971,38,One year,15.0,560.42,3,0,1,No,Electronic check,0,1,1,1,4,267.1,0
CUST-001972,51,Two year,50.33,2586.21,3,0,0,DSL,Electronic check,1,0,0,0,3,115.4,1
CUST-001973,38,Month-to-month,121.87,4826.15,4,1,0,Fiber optic,Bank transfer (automatic),0,0,1,0,2,179.2,0
CUST-001974,22,One year,99.65,2187.61,1,0,0,Fiber optic,Electronic check,1,1,0,0,1,79.9,1
CUST-001975,15,Month-to-month,100.18,1457.4,3,0,0,Fiber optic,Mailed check,1,0,0,0,2,260.2,1
CUST-001976,11,Two year,104.1,1144.85,2,0,0,Fiber optic,Credit card (automatic),1,0,1,0,2,230.4,1
CUST-001977,67,One year,66.03,4314.76,2,0,0,Fiber optic,Credit card (automatic),0,0,0,0,0,32.3,0
CUST-001978,37,One year,95.35,3267.35,1,0,0,Fiber optic,Credit card (automatic),1,0,1,0,1,70.1,0
CUST-001979,23,Month-to-month,76.79,1850.75,1,1,0,No,Electronic check,0,0,0,0,5,115.5,1
CUST-001980,46,One year,92.68,4353.78,1,0,0,Fiber optic,Mailed check,1,0,0,1,3,115.1,0
CUST-001981,60,Month-to-month,80.16,5158.04,2,0,0,Fiber optic,Bank transfer (automatic),0,0,1,1,2,226.2,0
CUST-001982,17,Month-to-month,63.8,1017.52,3,0,0,No,Bank transfer (automatic),1,0,1,0,1,75.2,0
CUST-001983,36,One year,36.5,1207.91,1,1,1,DSL,Credit card (automatic),0,0,0,1,5,138.1,0
CUST-001984,37,One year,80.35,2833.82,1,1,1,DSL,Electronic check,0,1,1,0,3,136.9,0
CUST-001985,72,Month-to-month,29.12,2138.45,9,0,1,DSL,Electronic check,0,0,1,0,4,279.3,1
CUST-001986,23,Two year,69.59,1669.31,2,0,0,Fiber optic,Mailed check,1,1,1,1,2,98.9,0
CUST-001987,14,Month-to-month,107.04,1520.01,1,1,0,Fiber optic,Bank transfer (automatic),0,0,1,1,4,109.0,1
CUST-001988,39,One year,72.26,2838.38,1,0,1,DSL,Mailed check,1,0,0,0,1,170.0,0
CUST-001989,49,Month-to-month,52.9,2702.85,0,1,0,DSL,Mailed check,1,0,1,0,1,31.6,1
CUST-001990,34,Month-to-month,22.19,737.13,2,0,1,DSL,Electronic check,1,0,0,0,1,285.0,0
CUST-001991,72,Two year,88.85,6735.12,1,0,0,Fiber optic,Mailed check,1,0,1,0,4,70.1,0
CUST-001992,23,Month-to-month,49.25,1245.18,1,1,0,DSL,Bank transfer (automatic),1,0,1,0,2,25.5,0
CUST-001993,35,Two year,102.01,3380.63,1,1,1,Fiber optic,Electronic check,1,0,1,1,1,454.8,0
CUST-001994,8,Month-to-month,52.08,411.35,0,0,1,No,Credit card (automatic),1,0,0,0,0,296.9,1
CUST-001995,14,One year,46.23,602.24,5,1,1,Fiber optic,Bank transfer (automatic),1,0,0,0,1,122.8,1
CUST-001996,17,Month-to-month,30.41,492.02,1,0,0,No,Electronic check,0,0,1,1,1,189.5,0
CUST-001997,26,One year,54.33,1440.3,0,0,0,No,Electronic check,1,1,0,1,4,24.8,0
CUST-001998,10,Two year,92.72,849.05,1,1,1,Fiber optic,Electronic check,1,0,1,0,2,56.6,0
CUST-001999,46,One year,60.9,2692.2,5,0,1,Fiber optic,Electronic check,1,0,1,0,0,72.2,0
CUST-002000,16,Month-to-month,46.04,775.45,2,0,0,No,Bank transfer (automatic),1,0,0,0,3,54.8,1
CUST-002001,72,One year,109.81,7994.65,8,0,1,Fiber optic,Credit card (automatic),1,0,1,0,3,181.6,0
CUST-002002,17,One year,117.74,2078.44,1,1,0,Fiber optic,Electronic check,1,0,0,0,0,43.8,0
CUST-002003,32,Month-to-month,71.92,2152.59,0,0,0,DSL,Electronic check,1,0,1,1,1,191.7,0
CUST-002004,29,One year,82.87,2411.37,0,1,1,Fiber optic,Credit card (automatic),0,1,1,0,0,144.0,0
CUST-002005,13,One year,49.46,703.64,0,0,1,No,Bank transfer (automatic),0,0,0,0,1,140.8,0
CUST-002006,26,One year,103.48,2601.44,2,1,0,Fiber optic,Mailed check,1,1,0,0,2,132.6,0
CUST-002007,26,Month-to-month,82.09,2082.26,1,0,0,Fiber optic,Mailed check,0,0,1,0,1,108.4,1
CUST-002008,56,Month-to-month,113.0,6512.05,2,1,0,Fiber optic,Electronic check,0,0,0,0,3,199.1,1
CUST-002009,40,Two year,89.32,3412.05,7,1,1,No,Electronic check,1,0,1,1,3,31.9,0
CUST-002010,45,One year,100.25,4673.04,2,0,0,Fiber optic,Credit card (automatic),0,0,1,0,5,133.1,0
CUST-002011,55,Month-to-month,77.56,3882.59,5,1,1,Fiber optic,Bank transfer (automatic),0,0,0,0,2,65.6,1
CUST-002012,46,Two year,79.49,3213.07,1,0,1,Fiber optic,Electronic check,1,0,0,1,4,123.4,0
CUST-002013,36,Month-to-month,48.91,1788.44,2,0,0,Fiber optic,Credit card (automatic),1,0,0,0,1,148.7,0
CUST-002014,17,Month-to-month,63.68,1029.52,1,1,0,No,Mailed check,1,1,0,0,2,148.9,0
CUST-002015,34,One year,62.91,2078.43,7,0,0,DSL,Electronic check,1,0,1,1,2,190.7,1
CUST-002016,15,One year,30.56,478.49,7,1,1,No,Credit card (automatic),1,1,1,0,3,122.9,0
CUST-002017,28,Two year,124.1,3583.25,0,0,0,DSL,Bank transfer (automatic),1,1,1,0,3,177.8,1
CUST-002018,25,One year,78.91,1851.69,3,1,1,No,Credit card (automatic),0,0,1,1,2,69.8,0
CUST-002019,26,Month-to-month,68.99,1840.35,2,0,0,Fiber optic,Electronic check,1,0,1,0,3,107.5,0
CUST-002020,10,Month-to-month,141.35,1392.28,2,0,1,Fiber optic,Electronic check,1,0,1,1,2,157.2,1
CUST-002021,1,Month-to-month,77.6,79.22,2,1,1,Fiber optic,Credit card (automatic),0,1,0,0,0,130.4,1
CUST-002022,22,Two year,110.76,2434.26,0,1,1,Fiber optic,Electronic check,1,0,0,1,2,243.1,0
CUST-002023,64,Month-to-month,92.19,5456.63,1,0,1,Fiber optic,Credit card (automatic),0,0,1,0,0,12.2,0
CUST-002024,32,Month-to-month,53.46,1649.72,1,1,0,DSL,Credit card (automatic),1,0,1,0,2,33.9,0
CUST-002025,61,Month-to-month,56.58,3035.13,2,1,0,DSL,Mailed check,1,0,0,0,5,21.9,1
CUST-002026,15,Month-to-month,100.92,1527.82,1,0,0,DSL,Credit card (automatic),1,0,0,1,0,167.5,1
CUST-002027,21,Month-to-month,111.91,2396.75,5,0,1,Fiber optic,Credit card (automatic),1,1,1,0,1,208.9,0
CUST-002028,72,One year,86.94,6039.21,0,0,0,Fiber optic,Credit card (automatic),1,0,0,0,4,84.6,0
CUST-002029,15,Month-to-month,15.0,223.7,0,0,1,DSL,Mailed check,1,1,0,0,2,168.3,0
CUST-002030,45,Two year,97.61,4178.52,0,0,1,Fiber optic,Bank transfer (automatic),0,0,1,0,4,66.0,0
CUST-002031,45,Two year,33.84,1618.46,1,0,0,DSL,Mailed check,1,0,0,1,5,116.2,0
CUST-002032,41,Month-to-month,78.46,3010.02,1,0,1,DSL,Electronic check,1,0,1,1,4,123.9,0
CUST-002033,45,Two year,72.15,3196.26,5,0,0,Fiber optic,Credit card (automatic),0,0,1,0,3,64.5,0
CUST-002034,15,Month-to-month,74.76,1048.61,1,1,1,Fiber optic,Credit card (automatic),1,0,0,0,0,83.4,1
CUST-002035,23,Month-to-month,49.05,1141.4,1,0,0,DSL,Electronic check,1,0,1,0,5,97.5,1
CUST-002036,2,Month-to-month,90.51,190.42,1,0,0,No,Bank transfer (automatic),0,0,0,0,2,92.5,1
CUST-002037,72,Two year,45.84,2957.89,1,1,0,Fiber optic,Credit card (automatic),1,0,1,0,5,81.9,0
CUST-002038,45,One year,108.44,5039.37,1,1,1,Fiber optic,Bank transfer (automatic),1,0,0,0,2,104.1,0
CUST-002039,17,Month-to-month,73.56,1352.53,0,0,1,DSL,Electronic check,0,0,1,0,2,210.9,1
CUST-002040,15,One year,88.18,1331.23,3,1,0,Fiber optic,Electronic check,0,0,1,0,5,248.7,1
CUST-002041,65,One year,53.8,3379.02,1,1,0,No,Bank transfer (automatic),0,0,1,0,4,48.5,0
CUST-002042,16,One year,102.16,1631.45,2,0,1,Fiber optic,Credit card (automatic),1,0,1,1,4,129.1,0
CUST-002043,17,Month-to-month,54.0,892.96,1,1,0,DSL,Electronic check,0,0,0,0,0,194.3,1
CUST-002044,12,Two year,78.77,1038.08,0,1,1,Fiber optic,Mailed check,1,0,1,0,5,334.1,0
CUST-002045,51,One year,91.59,4866.11,1,1,1,Fiber optic,Credit card (automatic),0,0,0,1,2,56.7,0
CUST-002046,60,Month-to-month,107.99,6771.12,2,0,0,DSL,Credit card (automatic),1,0,1,0,4,113.2,1
CUST-002047,25,Two year,52.18,1445.06,5,1,1,Fiber optic,Credit card (automatic),1,0,0,0,2,142.8,1
CUST-002048,60,Month-to-month,77.52,4963.89,1,1,1,DSL,Credit card (automatic),0,0,0,0,4,143.1,0
CUST-002049,39,One year,61.42,2380.84,1,0,0,No,Bank transfer (automatic),0,0,0,1,0,129.6,1
CUST-002050,12,One year,84.49,1015.17,0,0,1,Fiber optic,Credit card (automatic),1,0,1,0,4,113.4,0
CUST-002051,72,Month-to-month,51.83,4172.07,5,0,0,Fiber optic,Bank transfer (automatic),0,0,0,0,3,42.3,1
CUST-002052,12,Month-to-month,21.11,243.96,3,1,1,No,Bank transfer (automatic),1,0,0,0,4,93.3,1
CUST-002053,27,One year,98.5,2636.68,0,1,1,Fiber optic,Electronic check,1,0,1,0,5,241.7,0
CUST-002054,25,Two year,33.27,789.63,1,0,0,DSL,Mailed check,1,0,1,1,3,209.3,0
CUST-002055,22,Two year,115.41,2308.19,2,0,0,Fiber optic,Electronic check,1,0,0,0,1,46.5,1
CUST-002056,4,One year,64.6,247.03,0,1,1,Fiber optic,Credit card (automatic),1,0,0,1,1,10.4,0
CUST-002057,72,Month-to-month,103.77,7150.12,1,0,0,Fiber optic,Electronic check,1,0,0,0,3,235.7,1
CUST-002058,5,Month-to-month,50.6,245.09,0,1,1,No,Mailed check,0,0,1,0,5,48.6,0
CUST-002059,72,One year,74.4,5520.79,4,0,0,Fiber optic,Credit card (automatic),1,0,0,0,3,141.0,0
CUST-002060,14,Month-to-month,42.15,589.75,2,0,1,No,Credit card (automatic),1,0,1,0,5,182.0,0
CUST-002061,19,One year,75.92,1515.4,3,0,1,DSL,Credit card (automatic),0,0,0,0,4,91.4,1
CUST-002062,72,Month-to-month,82.89,6013.13,0,0,0,DSL,Bank transfer (automatic),1,0,1,0,5,148.0,0
CUST-002063,42,Month-to-month,57.11,2420.09,3,0,0,DSL,Electronic check,1,0,0,0,1,143.5,1
CUST-002064,9,One year,104.78,929.28,0,0,0,Fiber optic,Electronic check,1,0,0,1,2,75.8,1
CUST-002065,8,One year,65.32,573.43,1,0,0,DSL,Credit card (automatic),1,0,0,0,0,90.3,0
CUST-002066,38,One year,31.64,1176.87,1,1,0,DSL,Credit card (automatic),1,0,0,1,4,168.6,1
CUST-002067,12,Month-to-month,74.46,934.47,3,1,0,No,Mailed check,1,0,0,0,3,47.0,0
CUST-002068,43,Two year,57.49,2325.95,4,0,0,DSL,Electronic check,1,0,1,0,4,168.0,1
CUST-002069,46,Month-to-month,15.0,681.6,0,1,0,DSL,Electronic check,1,0,1,1,1,85.6,0
CUST-002070,16,One year,80.23,1412.53,0,1,1,Fiber optic,Bank transfer (automatic),1,0,1,1,1,125.5,0
CUST-002071,20,One year,22.66,468.72,2,1,0,DSL,Electronic check,0,0,1,0,0,37.6,0
CUST-002072,39,Month-to-month,34.21,1240.82,5,1,1,DSL,Electronic check,0,0,1,0,4,64.4,0
CUST-002073,15,One year,58.78,836.21,5,1,0,DSL,Mailed check,1,0,1,1,1,192.9,0
CUST-002074,32,One year,63.12,2181.64,2,0,0,DSL,Bank transfer (automatic),1,0,0,1,5,305.7,0
CUST-002075,72,Month-to-month,44.12,3190.67,2,1,0,No,Bank transfer (automatic),0,0,0,0,2,237.1,0
CUST-002076,40,One year,103.18,4070.4,4,0,1,Fiber optic,Mailed check,1,0,0,0,5,91.0,0
CUST-002077,22,Month-to-month,87.14,1842.41,2,1,1,Fiber optic,Mailed check,1,0,1,0,2,72.7,0
CUST-002078,72,Two year,79.4,5626.07,1,0,1,Fiber optic,Electronic check,1,0,1,0,5,134.3,0
CUST-002079,53,Month-to-month,91.09,5169.07,1,1,1,Fiber optic,Bank transfer (automatic),1,1,1,0,2,118.7,0
CUST-002080,12,Month-to-month,95.13,1101.6,2,0,0,No,Electronic check,0,0,0,0,3,8.6,1
CUST-002081,14,One year,36.24,492.09,1,0,1,Fiber optic,Credit card (automatic),1,1,0,0,1,137.1,0
CUST-002082,6,Month-to-month,97.49,602.47,1,1,0,DSL,Electronic check,0,0,0,0,0,42.9,1
CUST-002083,38,Two year,49.58,1786.1,0,1,0,DSL,Credit card (automatic),0,0,0,0,3,20.0,0
CUST-002084,3,Month-to-month,45.53,130.2,3,1,0,DSL,Mailed check,0,0,1,1,3,64.9,1
CUST-002085,72,Month-to-month,54.95,3957.65,0,1,1,No,Bank transfer (automatic),1,0,1,0,1,150.2,0
CUST-002086,24,Month-to-month,67.83,1630.47,1,1,1,Fiber optic,Bank transfer (automatic),1,0,0,0,4,76.3,1
CUST-002087,56,Month-to-month,38.99,2095.09,0,0,0,DSL,Electronic check,0,0,1,0,2,142.1,0
CUST-002088,23,Month-to-month,86.17,2028.8,2,1,0,DSL,Mailed check,1,0,0,0,3,132.8,1
CUST-002089,38,Month-to-month,68.99,2650.3,1,1,1,No,Electronic check,1,1,0,1,5,70.0,1
CUST-002090,27,Month-to-month,42.06,1023.56,0,0,1,Fiber optic,Bank transfer (automatic),1,0,0,1,3,291.4,1
CUST-002091,31,Month-to-month,81.85,2636.37,5,1,0,DSL,Credit card (automatic),1,0,1,0,2,26.5,0
CUST-002092,68,Month-to-month,78.21,5166.82,1,0,0,No,Bank transfer (automatic),0,0,0,0,0,45.3,0
CUST-002093,72,Month-to-month,52.89,3961.56,1,0,0,Fiber optic,Bank transfer (automatic),1,1,0,1,1,61.2,1
CUST-002094,72,Month-to-month,94.51,7512.31,1,0,0,Fiber optic,Electronic check,1,0,0,1,5,31.4,0
CUST-002095,72,Month-to-month,105.51,7571.24,0,0,0,Fiber optic,Mailed check,1,0,1,0,5,91.6,0
CUST-002096,17,Month-to-month,49.89,820.78,2,1,0,Fiber optic,Bank transfer (automatic),1,0,0,0,5,68.2,0
CUST-002097,40,Month-to-month,72.13,3084.1,2,0,1,DSL,Electronic check,1,0,0,0,4,98.9,1
CUST-002098,17,Month-to-month,48.12,783.72,1,0,1,No,Electronic check,0,1,0,0,1,48.4,0
CUST-002099,66,Month-to-month,103.55,7480.98,1,1,1,Fiber optic,Electronic check,1,0,1,0,0,102.9,0
CUST-002100,13,Two year,66.66,846.49,2,0,0,Fiber optic,Electronic check,0,1,1,1,2,119.4,1
CUST-002101,69,Month-to-month,116.06,7757.11,1,1,0,Fiber optic,Credit card (automatic),0,0,1,1,4,163.1,0
CUST-002102,35,Month-to-month,58.91,2305.76,0,1,1,No,Electronic check,1,0,1,0,0,110.4,1
CUST-002103,28,One year,49.63,1414.86,3,1,1,DSL,Electronic check,1,0,1,0,0,95.2,0
CUST-002104,31,Month-to-month,46.94,1573.15,0,1,1,DSL,Electronic check,0,1,0,0,0,191.0,0
CUST-002105,11,Month-to-month,111.85,1228.74,1,1,0,Fiber optic,Electronic check,0,0,0,0,5,195.9,1
CUST-002106,12,One year,46.92,560.3,1,0,1,DSL,Mailed check,1,0,0,1,2,217.8,1
CUST-002107,35,One year,116.51,3481.42,0,1,1,Fiber optic,Electronic check,0,0,1,0,5,104.8,0
CUST-002108,35,Two year,95.34,3505.7,5,0,1,Fiber optic,Electronic check,1,0,1,1,2,226.7,1
CUST-002109,18,Two year,30.36,557.01,0,0,1,DSL,Electronic check,0,0,0,0,5,35.1,0
CUST-002110,24,One year,65.65,1566.79,1,1,0,DSL,Credit card (automatic),1,1,1,0,4,109.0,0
CUST-002111,43,One year,91.17,4036.33,8,0,0,Fiber optic,Bank transfer (automatic),0,1,1,1,5,283.4,0
CUST-002112,15,Month-to-month,29.55,444.1,2,0,0,DSL,Bank transfer (automatic),1,0,1,1,2,23.6,0
CUST-002113,5,Two year,65.21,310.67,0,0,0,DSL,Electronic check,0,0,1,1,4,76.1,0
CUST-002114,72,One year,103.55,7590.78,1,0,0,Fiber optic,Mailed check,1,0,0,1,3,66.0,0
CUST-002115,37,Month-to-month,93.2,3415.52,1,0,0,DSL,Credit card (automatic),0,0,0,1,1,223.7,0
CUST-002116,20,Month-to-month,117.11,2428.99,2,0,0,Fiber optic,Electronic check,0,0,0,0,5,156.3,1
CUST-002117,17,One year,124.73,2090.69,2,1,1,No,Mailed check,0,0,1,0,1,141.8,0
CUST-002118,15,Month-to-month,90.01,1318.51,2,1,0,Fiber optic,Electronic check,1,0,0,0,4,103.4,0
CUST-002119,66,Two year,103.85,6667.6,3,0,0,Fiber optic,Electronic check,1,0,1,0,4,158.2,1
CUST-002120,9,Month-to-month,74.84,643.79,8,0,1,Fiber optic,Bank transfer (automatic),0,0,1,1,1,45.7,1
CUST-002121,40,Two year,112.11,4367.23,2,1,0,No,Bank transfer (automatic),1,0,1,0,1,82.2,0
CUST-002122,40,Month-to-month,42.73,1746.11,1,0,0,No,Mailed check,1,0,0,0,3,102.1,1
CUST-002123,52,One year,110.98,5554.64,1,0,1,No,Mailed check,1,0,0,1,1,227.0,1
CUST-002124,22,Month-to-month,107.77,2231.6,1,0,1,DSL,Mailed check,1,0,0,1,0,138.9,1
CUST-002125,72,Month-to-month,45.38,3396.32,1,0,0,DSL,Mailed check,1,1,1,0,2,192.6,1
CUST-002126,53,Month-to-month,90.91,4784.95,1,0,0,DSL,Credit card (automatic),1,0,0,0,3,283.5,0
CUST-002127,21,Month-to-month,76.42,1666.45,2,1,0,DSL,Bank transfer (automatic),0,0,0,0,3,27.3,0
CUST-002128,16,Month-to-month,54.7,865.56,0,0,0,DSL,Electronic check,1,0,1,0,0,147.7,0
CUST-002129,27,Two year,61.6,1615.65,2,0,0,No,Electronic check,1,1,0,1,3,63.4,1
CUST-002130,21,Month-to-month,71.64,1373.31,3,0,0,DSL,Bank transfer (automatic),1,0,1,0,5,204.7,0
CUST-002131,14,One year,74.02,977.73,1,0,1,DSL,Electronic check,1,1,0,0,1,41.5,1
CUST-002132,32,One year,102.35,3132.3,0,0,0,No,Credit card (automatic),1,0,0,0,4,106.7,0
CUST-002133,24,Month-to-month,79.28,1929.45,1,0,0,No,Credit card (automatic),0,0,0,0,4,33.0,0
CUST-002134,72,Two year,45.75,3276.05,4,1,0,DSL,Electronic check,1,0,1,0,5,136.4,0
CUST-002135,21,One year,83.59,1665.38,1,0,0,DSL,Credit card (automatic),0,0,0,0,5,47.5,1
CUST-002136,16,One year,21.31,293.55,1,0,0,No,Electronic check,1,0,1,1,2,109.1,0
CUST-002137,30,Two year,55.34,1698.6,0,1,0,No,Electronic check,1,0,1,0,5,238.6,0
CUST-002138,36,One year,82.74,3109.31,3,1,1,Fiber optic,Credit card (automatic),0,1,1,1,1,102.7,1
CUST-002139,39,Two year,106.46,4352.21,1,1,0,Fiber optic,Credit card (automatic),1,0,0,0,0,36.8,0
CUST-002140,38,Month-to-month,134.27,4856.13,1,0,1,Fiber optic,Mailed check,1,0,0,0,3,64.2,1
CUST-002141,31,Month-to-month,95.44,3110.54,3,1,1,Fiber optic,Credit card (automatic),1,0,1,0,5,70.1,0
CUST-002142,29,One year,55.97,1669.07,7,0,0,DSL,Electronic check,0,0,1,0,1,296.3,1
CUST-002143,47,Month-to-month,72.54,3505.05,1,0,1,Fiber optic,Bank transfer (automatic),1,0,0,0,0,175.5,0
CUST-002144,13,One year,85.88,1082.42,7,1,0,No,Credit card (automatic),1,1,1,0,4,180.5,1
CUST-002145,16,Month-to-month,85.13,1353.04,1,1,0,Fiber optic,Credit card (automatic),0,0,0,0,1,97.2,1
CUST-002146,7,Month-to-month,52.42,400.54,3,0,0,DSL,Mailed check,0,0,1,0,3,38.9,1
CUST-002147,13,Two year,113.78,1603.19,1,0,0,Fiber optic,Mailed check,0,0,1,0,0,96.0,0
CUST-002148,61,Month-to-month,119.23,7255.47,0,1,0,Fiber optic,Credit card (automatic),1,0,1,1,3,45.9,0
CUST-002149,45,Month-to-month,41.02,1863.59,5,0,1,DSL,Electronic check,0,1,1,1,0,23.6,0
CUST-002150,72,One year,27.59,1768.46,4,1,1,DSL,Credit card (automatic),0,0,0,0,2,75.2,0
CUST-002151,72,One year,62.56,4775.47,7,0,0,DSL,Mailed check,1,0,1,0,4,225.8,0
CUST-002152,46,Two year,36.49,1741.12,0,1,0,No,Electronic check,1,0,1,0,4,84.5,0
CUST-002153,34,Month-to-month,33.07,1143.78,0,0,1,DSL,Electronic check,0,0,1,0,1,109.2,0
CUST-002154,31,Two year,38.98,1171.98,1,0,1,No,Bank transfer (automatic),1,0,0,0,2,61.6,0
CUST-002155,3,One year,116.16,349.64,0,0,1,Fiber optic,Electronic check,1,0,0,0,1,115.8,1
CUST-002156,28,Two year,81.26,2442.03,0,1,0,No,Mailed check,0,0,0,0,0,78.8,0
CUST-002157,19,Month-to-month,126.44,2445.84,3,0,1,No,Credit card (automatic),1,1,0,1,2,53.7,0
CUST-002158,14,Month-to-month,48.95,775.47,1,0,0,No,Electronic check,1,0,1,0,3,108.5,0
CUST-002159,40,Month-to-month,98.25,4089.46,2,0,0,No,Bank transfer (automatic),1,1,1,1,3,56.2,0
CUST-002160,26,One year,102.34,2538.6,0,0,0,Fiber optic,Mailed check,1,0,0,1,4,46.4,0
CUST-002161,32,Month-to-month,51.09,1601.3,0,0,0,DSL,Bank transfer (automatic),0,0,0,1,1,32.0,0
CUST-002162,12,Month-to-month,61.33,709.84,0,1,1,DSL,Mailed check,1,1,0,1,4,411.8,1
CUST-002163,54,One year,75.97,4278.31,1,1,1,Fiber optic,Credit card (automatic),1,0,0,0,0,102.7,0
CUST-002164,21,Month-to-month,71.47,1587.44,0,0,0,DSL,Mailed check,0,1,1,1,3,57.5,0
CUST-002165,39,Month-to-month,114.67,4855.9,2,1,1,Fiber optic,Bank transfer (automatic),1,0,1,0,1,155.7,0
CUST-002166,22,Month-to-month,55.79,1206.98,0,0,1,DSL,Electronic check,1,0,0,0,1,468.5,0
CUST-002167,2,Two year,111.21,227.62,0,0,0,Fiber optic,Mailed check,1,0,0,0,3,85.1,1
CUST-002168,42,One year,96.78,4324.99,0,1,1,DSL,Electronic check,1,0,1,0,1,125.5,0
CUST-002169,27,One year,102.35,2977.59,0,1,0,DSL,Bank transfer (automatic),1,0,0,1,0,172.6,1
CUST-002170,6,Two year,60.68,341.68,2,1,0,Fiber optic,Mailed check,1,0,1,0,5,224.5,0
CUST-002171,11,One year,88.77,1006.75,0,0,0,Fiber optic,Credit card (automatic),0,0,1,0,5,79.6,0
CUST-002172,55,Month-to-month,82.74,4279.24,0,0,0,No,Mailed check,1,0,1,1,2,137.7,1
CUST-002173,7,One year,62.83,426.58,0,1,1,Fiber optic,Bank transfer (automatic),0,0,0,1,5,71.9,0
CUST-002174,20,Two year,57.26,1070.37,2,1,1,Fiber optic,Electronic check,1,0,0,1,4,143.6,0
CUST-002175,72,Month-to-month,64.34,4488.65,0,0,1,DSL,Bank transfer (automatic),1,1,0,0,2,83.3,0
CUST-002176,42,One year,54.68,2130.09,0,0,0,DSL,Credit card (automatic),0,0,0,0,2,482.1,0
CUST-002177,50,Month-to-month,85.69,4031.3,0,1,0,Fiber optic,Mailed check,0,0,1,1,1,91.0,1
CUST-002178,24,Two year,53.22,1219.51,2,0,0,DSL,Electronic check,0,0,0,0,4,220.2,0
CUST-002179,6,One year,119.0,724.82,0,1,0,No,Bank transfer (automatic),1,0,1,1,0,26.9,0
CUST-002180,34,Two year,53.46,1820.72,2,0,1,No,Electronic check,1,0,1,0,2,204.8,0
CUST-002181,11,One year,79.64,804.03,2,0,0,DSL,Mailed check,0,0,1,1,3,139.2,0
CUST-002182,10,Month-to-month,102.96,1170.73,2,0,0,Fiber optic,Electronic check,1,0,0,1,1,113.6,0
CUST-002183,32,Month-to-month,47.78,1491.61,2,1,1,Fiber optic,Mailed check,1,0,0,0,5,126.1,0
CUST-002184,12,Two year,101.65,1138.73,1,1,1,DSL,Credit card (automatic),1,0,0,0,1,85.0,0
CUST-002185,29,Month-to-month,105.64,3152.79,0,1,0,Fiber optic,Electronic check,1,0,0,0,0,72.5,0
CUST-002186,17,Month-to-month,93.92,1596.27,2,0,1,Fiber optic,Mailed check,0,0,1,0,1,97.1,1
CUST-002187,28,One year,91.44,2456.29,1,0,0,No,Electronic check,1,1,0,0,0,274.9,0
CUST-002188,19,Month-to-month,63.81,1236.07,0,1,1,DSL,Electronic check,1,0,0,1,0,39.6,0
CUST-002189,29,Month-to-month,112.05,3140.2,2,1,1,Fiber optic,Bank transfer (automatic),0,0,0,0,0,23.5,0
CUST-002190,72,Month-to-month,18.09,1283.22,2,1,0,DSL,Bank transfer (automatic),1,0,1,0,3,31.6,0
CUST-002191,51,Month-to-month,85.44,4676.76,3,1,0,DSL,Credit card (automatic),1,0,0,0,2,274.0,0
CUST-002192,26,One year,94.59,2474.53,0,0,0,Fiber optic,Electronic check,0,0,1,1,5,165.7,0
CUST-002193,69,Month-to-month,94.98,6754.86,3,0,0,Fiber optic,Electronic check,1,0,1,0,2,142.0,1
CUST-002194,39,Month-to-month,68.94,2618.47,4,0,0,Fiber optic,Mailed check,1,1,0,0,4,93.0,1
CUST-002195,66,Two year,59.53,3959.08,3,1,0,No,Bank transfer (automatic),1,0,1,1,0,121.9,0
CUST-002196,8,Month-to-month,58.8,452.27,0,1,0,DSL,Bank transfer (automatic),0,0,0,0,2,112.8,1
CUST-002197,12,One year,61.52,708.15,1,0,1,Fiber optic,Credit card (automatic),1,0,1,1,5,50.4,1
CUST-002198,34,Month-to-month,73.96,2462.79,5,1,0,DSL,Credit card (automatic),0,0,1,0,3,175.9,0
CUST-002199,26,Month-to-month,104.33,2618.38,0,0,0,No,Electronic check,0,0,0,0,4,44.4,1
CUST-002200,29,One year,29.47,898.99,0,0,0,DSL,Credit card (automatic),0,0,1,0,0,142.3,0
CUST-002201,44,One year,77.26,3497.88,0,0,0,DSL,Credit card (automatic),0,0,0,1,1,110.9,0
CUST-002202,34,Two year,79.49,2392.89,0,0,0,Fiber optic,Electronic check,1,0,0,0,3,108.9,0
CUST-002203,54,Month-to-month,76.6,4493.0,3,0,0,Fiber optic,Mailed check,1,0,0,0,5,117.6,0
CUST-002204,53,Month-to-month,91.87,5025.2,1,1,1,Fiber optic,Credit card (automatic),0,0,0,0,2,94.6,1
CUST-002205,13,Month-to-month,67.25,924.28,1,1,1,No,Mailed check,1,0,1,0,1,42.3,1
CUST-002206,3,Month-to-month,94.62,281.43,2,1,1,Fiber optic,Electronic check,0,0,0,0,5,83.3,1
CUST-002207,12,Month-to-month,61.73,685.42,3,0,0,Fiber optic,Mailed check,1,0,1,0,0,174.9,1
CUST-002208,11,Two year,92.25,947.57,1,1,1,No,Bank transfer (automatic),1,1,1,0,1,121.7,1
CUST-002209,30,One year,92.03,2996.58,0,0,1,Fiber optic,Credit card (automatic),1,0,0,0,3,149.5,0
CUST-002210,30,Month-to-month,79.85,2200.59,2,1,1,DSL,Credit card (automatic),1,0,0,0,5,199.3,1
CUST-002211,25,Month-to-month,95.36,2211.68,1,1,1,No,Credit card (automatic),1,0,1,1,5,167.2,0
CUST-002212,40,Month-to-month,41.97,1642.47,1,0,1,Fiber optic,Mailed check,1,0,0,0,3,263.8,0
CUST-002213,72,Month-to-month,105.76,7087.49,2,0,0,Fiber optic,Credit card (automatic),0,0,1,0,2,89.0,0
CUST-002214,24,One year,85.9,2116.56,7,0,0,Fiber optic,Electronic check,1,1,1,0,2,54.0,1
CUST-002215,35,Two year,90.47,3263.15,0,0,0,DSL,Bank transfer (automatic),0,1,0,0,5,126.5,0
CUST-002216,29,Month-to-month,44.97,1331.11,2,1,0,No,Credit card (automatic),0,0,1,0,5,163.8,0
CUST-002217,18,Month-to-month,88.38,1541.99,0,1,1,DSL,Credit card (automatic),1,0,1,0,4,98.6,0
CUST-002218,44,Month-to-month,38.62,1723.81,0,0,1,No,Bank transfer (automatic),1,1,1,1,5,48.9,0
CUST-002219,23,Month-to-month,75.06,1880.34,1,1,0,No,Electronic check,1,0,0,0,4,66.6,0
CUST-002220,15,Two year,72.11,1004.1,1,1,1,No,Electronic check,1,0,1,0,3,69.3,0
CUST-002221,16,One year,61.11,1032.35,0,0,0,DSL,Bank transfer (automatic),0,0,1,0,5,130.8,0
CUST-002222,56,Two year,64.2,3740.44,3,1,1,Fiber optic,Mailed check,1,0,0,1,3,216.7,0
CUST-002223,44,Two year,55.78,2441.4,0,0,1,DSL,Mailed check,1,0,0,0,5,109.0,0
CUST-002224,20,Month-to-month,113.07,2280.21,0,0,0,Fiber optic,Credit card (automatic),0,0,0,0,2,32.1,1
CUST-002225,40,One year,127.19,5178.34,1,1,0,Fiber optic,Electronic check,0,0,1,1,1,202.6,0
CUST-002226,29,One year,138.85,3830.04,8,0,0,Fiber optic,Mailed check,1,0,0,0,3,67.5,1
CUST-002227,36,Month-to-month,103.17,3410.99,0,1,0,Fiber optic,Electronic check,1,0,1,0,3,164.0,0
CUST-002228,17,Month-to-month,71.29,1266.86,5,1,1,No,Electronic check,1,0,1,1,4,123.0,0
CUST-002229,12,One year,76.22,857.71,6,0,1,DSL,Electronic check,1,0,1,1,3,137.1,0
CUST-002230,23,Two year,138.21,3005.08,2,0,1,Fiber optic,Electronic check,0,0,0,0,2,97.2,0
CUST-002231,14,Month-to-month,103.02,1405.1,1,0,0,Fiber optic,Bank transfer (automatic),1,0,0,1,2,33.3,1
CUST-002232,13,Two year,67.18,885.76,1,0,0,DSL,Mailed check,1,0,1,0,4,269.3,1
CUST-002233,8,Two year,83.12,648.36,2,0,0,Fiber optic,Mailed check,0,1,0,1,1,15.6,1
CUST-002234,3,Two year,86.01,248.69,1,1,0,Fiber optic,Credit card (automatic),1,0,1,1,2,49.8,1
CUST-002235,20,Month-to-month,99.66,2088.15,2,0,1,Fiber optic,Mailed check,1,0,0,0,2,108.4,1
CUST-002236,63,Month-to-month,71.21,4411.49,0,0,0,Fiber optic,Bank transfer (automatic),1,0,0,1,3,192.3,0
CUST-002237,53,One year,49.34,2510.61,1,1,1,No,Bank transfer (automatic),0,0,0,0,0,238.4,0
CUST-002238,72,Month-to-month,63.4,4654.87,2,0,0,No,Bank transfer (automatic),0,0,0,0,1,28.8,0
CUST-002239,12,Month-to-month,53.7,646.29,3,1,0,DSL,Mailed check,1,0,1,1,5,97.0,1
CUST-002240,46,One year,104.91,4832.79,0,1,0,Fiber optic,Credit card (automatic),1,0,1,0,1,153.1,0
CUST-002241,26,Month-to-month,81.85,2175.28,1,0,1,No,Mailed check,0,0,0,0,4,66.6,1
CUST-002242,16,Month-to-month,71.56,1137.09,2,1,0,DSL,Bank transfer (automatic),0,1,1,0,0,138.8,1
CUST-002243,58,Two year,102.25,6180.98,0,1,1,Fiber optic,Bank transfer (automatic),1,0,1,0,3,220.4,0
CUST-002244,26,Month-to-month,92.94,2243.86,1,0,0,Fiber optic,Credit card (automatic),1,0,1,1,3,269.2,0
CUST-002245,5,Two year,15.0,79.65,0,1,0,DSL,Bank transfer (automatic),1,0,0,0,1,179.7,1
CUST-002246,52,Month-to-month,68.1,3379.51,7,0,0,Fiber optic,Mailed check,1,1,0,0,0,87.0,1
CUST-002247,38,Month-to-month,107.68,3757.0,0,0,0,Fiber optic,Mailed check,1,0,0,0,1,104.7,0
CUST-002248,32,Month-to-month,44.03,1353.42,0,1,0,DSL,Credit card (automatic),0,0,0,1,4,55.6,1
CUST-002249,10,Month-to-month,86.39,848.8,1,1,0,DSL,Mailed check,0,0,1,0,3,161.2,0
CUST-002250,35,Month-to-month,87.79,2959.73,1,1,0,No,Credit card (automatic),1,0,0,0,0,95.2,1
CUST-002251,72,Two year,58.36,3999.14,0,1,0,No,Credit card (automatic),1,0,1,1,0,65.8,0
CUST-002252,37,Two year,75.24,2924.55,3,1,0,Fiber optic,Electronic check,0,0,1,0,4,98.9,0
CUST-002253,7,Month-to-month,90.24,604.18,0,0,1,Fiber optic,Mailed check,1,0,0,0,3,51.1,1
CUST-002254,39,Month-to-month,63.9,2210.77,2,1,0,DSL,Credit card (automatic),0,0,0,0,0,54.1,0
CUST-002255,38,One year,80.68,3012.12,2,1,0,No,Electronic check,1,0,1,0,0,10.8,0
CUST-002256,49,Month-to-month,15.0,810.17,1,0,1,DSL,Mailed check,0,0,0,0,4,106.7,0
CUST-002257,37,Month-to-month,46.65,1634.22,1,0,1,No,Electronic check,1,1,0,0,3,125.2,1
CUST-002258,13,Month-to-month,64.69,803.14,7,0,1,Fiber optic,Electronic check,0,1,0,1,2,129.7,1
CUST-002259,30,Month-to-month,15.0,440.92,2,1,1,DSL,Mailed check,1,1,0,0,1,22.4,0
CUST-002260,23,Month-to-month,77.63,1923.35,8,0,0,Fiber optic,Credit card (automatic),1,0,1,0,5,79.9,1
CUST-002261,33,Month-to-month,27.51,891.51,0,1,0,No,Bank transfer (automatic),0,0,0,1,4,127.1,0
CUST-002262,60,One year,55.31,3148.8,1,0,0,No,Electronic check,1,0,0,0,5,114.5,1
CUST-002263,17,Month-to-month,77.8,1346.61,2,1,0,Fiber optic,Bank transfer (automatic),1,0,0,0,2,244.6,0
CUST-002264,72,Month-to-month,76.33,5575.08,3,0,1,DSL,Mailed check,0,0,0,1,2,101.2,1
CUST-002265,39,Month-to-month,83.75,3345.73,7,1,1,Fiber optic,Bank transfer (automatic),1,0,1,0,1,90.1,0
CUST-002266,52,Month-to-month,47.71,2349.14,0,0,0,Fiber optic,Mailed check,1,0,1,1,4,77.8,0
CUST-002267,48,Two year,98.66,4602.02,0,0,0,Fiber optic,Credit card (automatic),1,0,0,1,2,108.4,1
CUST-002268,38,One year,125.5,5037.42,0,0,1,DSL,Credit card (automatic),0,0,1,0,4,198.9,1
CUST-002269,43,Two year,91.88,4031.64,1,0,0,No,Bank transfer (automatic),0,1,0,0,5,75.8,0
CUST-002270,0,Month-to-month,106.98,0.0,1,0,0,Fiber optic,Bank transfer (automatic),1,0,0,1,5,118.0,1
CUST-002271,48,Month-to-month,60.11,2877.47,1,0,0,DSL,Bank transfer (automatic),1,0,0,1,4,160.0,0
CUST-002272,14,Month-to-month,52.73,777.21,2,0,0,DSL,Mailed check,0,0,0,1,1,32.5,1
CUST-002273,28,Month-to-month,50.99,1448.65,0,0,0,DSL,Credit card (automatic),1,0,0,0,5,57.9,1
CUST-002274,38,One year,96.02,3553.25,3,0,0,Fiber optic,Credit card (automatic),1,0,1,0,1,64.1,0
CUST-002275,61,Month-to-month,36.6,2315.82,1,1,0,DSL,Credit card (automatic),0,0,1,0,1,45.2,0
CUST-002276,14,Month-to-month,95.51,1278.64,0,0,0,Fiber optic,Bank transfer (automatic),1,0,1,0,5,69.3,0
CUST-002277,20,Month-to-month,48.41,1042.92,2,0,0,DSL,Bank transfer (automatic),1,0,0,1,4,29.7,0
CUST-002278,23,Month-to-month,22.14,534.89,0,1,1,DSL,Mailed check,1,0,1,0,1,174.6,0
CUST-002279,34,Month-to-month,48.06,1610.13,1,1,1,DSL,Electronic check,1,0,0,0,4,56.5,0
CUST-002280,24,One year,121.28,2883.8,1,0,0,Fiber optic,Bank transfer (automatic),1,0,1,1,5,72.2,0
CUST-002281,43,Two year,93.46,4045.38,1,0,0,Fiber optic,Credit card (automatic),0,0,0,1,0,63.4,0
CUST-002282,5,Month-to-month,15.0,74.35,0,0,0,Fiber optic,Credit card (automatic),1,0,1,1,4,104.9,0
CUST-002283,26,Month-to-month,73.16,2027.61,1,0,1,Fiber optic,Credit card (automatic),1,0,1,1,2,47.9,0
CUST-002284,72,Month-to-month,112.58,7887.41,2,0,1,Fiber optic,Mailed check,1,0,0,1,2,199.9,1
CUST-002285,24,Month-to-month,82.54,1832.14,1,1,0,Fiber optic,Bank transfer (automatic),0,1,0,1,3,115.4,0
CUST-002286,39,One year,78.09,3006.12,1,0,0,DSL,Bank transfer (automatic),0,0,1,0,5,168.5,0
CUST-002287,55,Month-to-month,80.12,4572.41,1,0,0,Fiber optic,Bank transfer (automatic),0,1,1,1,1,220.4,0
CUST-002288,38,Two year,69.6,2778.98,2,0,0,DSL,Electronic check,0,0,1,0,0,83.6,0
CUST-002289,72,Two year,90.88,6580.6,3,1,0,Fiber optic,Bank transfer (automatic),0,0,1,1,3,56.7,0
CUST-002290,31,Month-to-month,73.85,2216.8,0,1,0,Fiber optic,Electronic check,1,0,0,1,5,166.5,0
CUST-002291,45,Two year,104.29,4682.71,1,0,1,Fiber optic,Bank transfer (automatic),1,1,1,0,2,128.3,0
CUST-002292,35,One year,128.29,4343.06,2,1,1,Fiber optic,Credit card (automatic),1,1,0,0,4,219.4,0
CUST-002293,71,Two year,99.62,6257.76,1,0,0,Fiber optic,Bank transfer (automatic),1,0,1,0,5,65.9,0
CUST-002294,21,Month-to-month,67.6,1359.12,8,0,0,DSL,Electronic check,0,1,0,0,2,128.9,1
CUST-002295,72,Two year,43.92,3242.94,2,0,1,No,Mailed check,1,0,0,1,4,83.4,0
CUST-002296,17,Month-to-month,88.46,1483.47,1,0,0,DSL,Bank transfer (automatic),1,1,1,0,5,153.1,1
CUST-002297,72,Month-to-month,52.22,3701.84,0,1,0,DSL,Bank transfer (automatic),1,0,1,0,1,139.1,0
CUST-002298,12,Two year,79.02,1000.72,4,1,0,DSL,Electronic check,1,0,0,1,4,107.8,0
CUST-002299,46,Month-to-month,84.04,3679.51,0,1,0,No,Bank transfer (automatic),0,0,1,1,4,51.6,0
CUST-002300,29,Month-to-month,89.69,2488.36,0,0,0,No,Credit card (automatic),1,0,0,0,5,58.3,0
CUST-002301,54,Month-to-month,90.15,4948.65,0,1,1,DSL,Electronic check,0,0,0,0,2,69.0,1
CUST-002302,40,Month-to-month,89.25,3442.94,7,0,1,DSL,Bank transfer (automatic),1,0,1,0,1,210.4,0
CUST-002303,52,Month-to-month,58.59,2937.48,0,0,1,Fiber optic,Credit card (automatic),1,0,0,0,1,79.2,1
CUST-002304,12,Month-to-month,43.52,562.69,2,1,0,DSL,Credit card (automatic),1,0,1,0,5,118.1,1
CUST-002305,6,Month-to-month,30.69,174.27,5,1,0,DSL,Credit card (automatic),1,0,1,0,1,191.8,1
CUST-002306,10,Two year,54.0,520.22,1,1,0,Fiber optic,Credit card (automatic),1,0,0,0,3,51.3,0
CUST-002307,10,Month-to-month,128.13,1309.42,1,1,0,Fiber optic,Bank transfer (automatic),1,0,0,0,1,248.5,1
CUST-002308,12,Two year,65.35,782.28,2,0,0,Fiber optic,Mailed check,1,0,1,0,0,116.0,1
CUST-002309,18,One year,61.84,1036.68,2,0,0,Fiber optic,Electronic check,0,0,1,0,5,85.7,1
CUST-002310,18,One year,88.6,1737.06,2,0,0,Fiber optic,Electronic check,0,0,1,0,1,46.1,1
CUST-002311,30,One year,71.35,2055.49,1,0,1,Fiber optic,Bank transfer (automatic),1,0,1,0,4,254.2,0
CUST-002312,14,Two year,121.55,1680.81,0,1,1,DSL,Electronic check,1,1,0,1,5,127.2,1
CUST-002313,16,Month-to-month,58.16,950.88,2,0,0,DSL,Mailed check,0,0,0,0,0,81.8,1
CUST-002314,25,One year,76.13,2109.03,3,0,1,No,Credit card (automatic),1,1,0,0,3,116.7,0
CUST-002315,59,Two year,45.49,2628.92,7,1,0,DSL,Electronic check,0,0,0,1,0,58.8,0
CUST-002316,21,One year,48.45,970.68,0,1,0,Fiber optic,Electronic check,0,0,0,0,3,160.8,0
CUST-002317,28,Month-to-month,46.78,1342.44,0,1,0,DSL,Bank transfer (automatic),1,0,0,0,0,132.1,0
CUST-002318,32,One year,47.05,1662.8,6,0,1,DSL,Electronic check,0,1,0,0,5,134.7,1
CUST-002319,13,One year,71.88,940.79,1,0,0,Fiber optic,Bank transfer (automatic),1,0,0,1,0,194.1,1
CUST-002320,22,Month-to-month,25.0,542.15,1,1,1,DSL,Electronic check,1,0,1,1,1,67.0,0
CUST-002321,17,One year,93.4,1618.87,1,1,1,Fiber optic,Credit card (automatic),1,0,1,1,5,80.1,0
CUST-002322,56,Two year,81.58,4094.42,1,0,0,Fiber optic,Bank transfer (automatic),0,0,1,0,1,70.3,1
CUST-002323,53,Month-to-month,51.45,2643.0,2,1,0,Fiber optic,Bank transfer (automatic),1,0,0,0,0,173.0,1
CUST-002324,15,Month-to-month,92.66,1263.05,4,1,1,Fiber optic,Electronic check,1,0,1,1,1,193.3,0
CUST-002325,28,Month-to-month,84.06,2311.31,2,1,0,DSL,Bank transfer (automatic),0,1,0,1,4,98.5,1
CUST-002326,45,One year,94.94,4162.72,0,0,0,No,Mailed check,0,1,0,1,2,38.6,0
CUST-002327,37,Month-to-month,15.0,481.81,0,0,1,No,Bank transfer (automatic),1,0,0,0,1,36.9,0
CUST-002328,40,One year,46.73,1885.95,2,1,1,DSL,Electronic check,1,1,0,0,2,63.3,0
CUST-002329,13,Month-to-month,55.73,746.88,4,0,0,Fiber optic,Electronic check,1,0,0,0,0,79.3,1
CUST-002330,72,Two year,73.69,5254.37,3,0,0,Fiber optic,Electronic check,1,1,0,0,1,50.1,1
CUST-002331,18,One year,124.71,2073.23,0,0,1,Fiber optic,Electronic check,1,0,1,0,3,96.4,0
CUST-002332,17,Two year,46.82,846.29,0,1,0,DSL,Electronic check,0,0,1,0,2,65.3,0
CUST-002333,9,Month-to-month,53.12,523.43,3,1,0,DSL,Electronic check,1,0,0,1,5,188.6,0
CUST-002334,26,Month-to-month,44.27,1174.05,1,0,0,DSL,Credit card (automatic),0,0,1,0,2,123.8,0
CUST-002335,64,One year,105.65,6641.87,2,0,0,DSL,Bank transfer (automatic),1,0,1,0,0,248.9,1
CUST-002336,37,Month-to-month,32.51,1182.36,5,1,0,Fiber optic,Bank transfer (automatic),0,0,1,0,3,91.9,0
CUST-002337,27,Month-to-month,51.09,1409.32,1,1,0,No,Electronic check,0,0,0,1,3,230.8,0
CUST-002338,50,Month-to-month,68.36,3433.38,2,0,0,Fiber optic,Electronic check,1,0,0,1,3,100.3,0
CUST-002339,63,Month-to-month,46.97,3023.55,2,0,1,Fiber optic,Credit card (automatic),1,0,1,0,2,67.8,0
CUST-002340,52,One year,92.56,4921.4,0,1,0,DSL,Electronic check,1,0,1,0,3,99.4,0
CUST-002341,5,Month-to-month,44.92,216.31,1,0,1,Fiber optic,Credit card (automatic),0,0,1,0,2,60.9,0
CUST-002342,50,Month-to-month,78.51,3763.99,3,1,0,Fiber optic,Bank transfer (automatic),0,0,0,1,0,87.1,0
CUST-002343,41,Month-to-month,63.03,2548.0,0,0,1,No,Mailed check,1,1,0,0,0,62.2,0
CUST-002344,15,Month-to-month,71.23,1093.43,2,0,1,Fiber optic,Bank transfer (automatic),1,0,1,0,1,76.6,1
CUST-002345,41,Month-to-month,46.64,1763.14,1,1,1,Fiber optic,Credit card (automatic),1,0,1,0,2,152.1,0
CUST-002346,64,Two year,60.79,3846.08,5,1,1,DSL,Credit card (automatic),0,0,1,0,0,95.6,0
CUST-002347,18,Two year,45.95,825.61,4,1,0,No,Bank transfer (automatic),1,1,0,1,1,69.5,0
CUST-002348,55,Two year,85.22,4573.02,1,1,0,DSL,Electronic check,0,0,1,0,5,41.5,0
CUST-002349,37,Month-to-month,77.9,3084.45,0,1,1,DSL,Bank transfer (automatic),1,0,0,0,3,87.5,0
CUST-002350,1,Month-to-month,138.61,147.15,4,0,0,Fiber optic,Electronic check,1,0,0,0,0,156.2,1
CUST-002351,29,Month-to-month,67.75,2005.57,1,0,1,DSL,Mailed check,0,0,0,0,3,218.2,0
CUST-002352,36,One year,79.73,3124.36,3,1,1,DSL,Bank transfer (automatic),0,0,1,0,5,67.1,0
CUST-002353,23,One year,56.03,1345.29,1,1,0,No,Electronic check,1,1,1,0,4,164.3,1
CUST-002354,38,One year,107.79,4123.49,1,0,0,DSL,Credit card (automatic),1,0,0,1,0,239.3,0
CUST-002355,27,Month-to-month,65.26,1720.0,5,1,1,DSL,Credit card (automatic),1,0,1,1,2,225.3,1
CUST-002356,72,One year,62.44,4406.83,1,0,0,DSL,Electronic check,1,0,1,0,1,174.2,0
CUST-002357,22,Two year,78.51,1760.08,3,1,1,DSL,Electronic check,0,0,0,0,4,217.3,0
CUST-002358,15,Month-to-month,48.88,719.57,0,0,0,No,Mailed check,1,1,0,0,2,133.2,0
CUST-002359,53,Two year,77.51,3796.45,0,0,1,Fiber optic,Electronic check,1,0,1,0,4,267.1,0
CUST-002360,24,One year,78.5,1848.14,4,0,1,No,Electronic check,0,0,1,1,4,249.5,0
CUST-002361,28,Month-to-month,83.31,2452.53,0,1,1,No,Credit card (automatic),1,1,0,1,0,151.6,1
CUST-002362,26,Two year,104.93,2377.05,1,0,1,Fiber optic,Electronic check,1,0,1,1,0,120.8,0
CUST-002363,51,Two year,88.0,4802.84,0,1,1,Fiber optic,Electronic check,0,0,1,0,1,87.5,0
CUST-002364,12,One year,96.76,1194.45,0,0,1,Fiber optic,Mailed check,1,0,1,0,2,183.5,0
CUST-002365,55,Month-to-month,114.01,6197.05,0,0,0,Fiber optic,Electronic check,1,0,1,0,2,22.6,1
CUST-002366,43,Month-to-month,62.65,2732.7,0,1,0,Fiber optic,Credit card (automatic),0,0,0,1,1,28.7,0
CUST-002367,72,One year,90.03,6793.66,0,0,0,Fiber optic,Credit card (automatic),0,0,0,0,5,42.4,0
CUST-002368,34,Month-to-month,17.21,586.12,0,1,0,Fiber optic,Mailed check,1,0,0,0,0,87.0,0
CUST-002369,12,Month-to-month,108.51,1363.88,9,1,1,Fiber optic,Electronic check,1,0,0,1,3,147.8,1
CUST-002370,34,Month-to-month,45.43,1610.33,0,1,0,DSL,Credit card (automatic),1,1,0,0,5,65.7,0
CUST-002371,38,Month-to-month,71.1,2725.46,2,0,0,Fiber optic,Bank transfer (automatic),1,0,1,0,5,81.2,0
CUST-002372,68,One year,86.95,5584.24,0,1,0,Fiber optic,Bank transfer (automatic),0,0,0,1,2,384.1,0
CUST-002373,12,Month-to-month,105.48,1259.57,1,1,0,Fiber optic,Mailed check,0,0,0,1,5,113.1,0
CUST-002374,7,Month-to-month,149.8,941.57,9,0,1,Fiber optic,Bank transfer (automatic),0,0,1,0,3,426.7,1
CUST-002375,35,Month-to-month,51.17,1830.86,0,1,1,Fiber optic,Electronic check,0,0,0,0,2,82.9,0
CUST-002376,72,Month-to-month,68.76,4846.83,0,0,0,Fiber optic,Mailed check,0,1,0,1,2,79.4,0
CUST-002377,48,Month-to-month,70.72,3290.13,4,0,1,DSL,Bank transfer (automatic),1,0,0,0,0,291.9,1
CUST-002378,50,Month-to-month,71.83,3709.21,6,0,0,Fiber optic,Mailed check,1,0,0,0,2,79.8,0
CUST-002379,9,Month-to-month,85.9,723.99,0,1,0,DSL,Bank transfer (automatic),1,0,0,0,4,78.8,1
CUST-002380,31,Month-to-month,60.81,1895.68,1,1,1,DSL,Bank transfer (automatic),1,0,0,0,2,24.3,0
CUST-002381,69,One year,87.13,5909.83,2,0,1,DSL,Credit card (automatic),1,0,1,1,2,124.2,1
CUST-002382,38,Month-to-month,83.79,3155.3,0,1,1,Fiber optic,Bank transfer (automatic),1,0,0,0,3,104.0,0
CUST-002383,6,One year,103.62,630.56,0,0,1,Fiber optic,Electronic check,0,1,0,0,1,74.6,1
CUST-002384,30,Month-to-month,41.07,1344.43,1,0,1,DSL,Bank transfer (automatic),1,0,0,0,0,202.3,0
CUST-002385,46,One year,113.44,5322.21,1,0,0,No,Credit card (automatic),0,0,0,0,2,158.0,0
CUST-002386,28,One year,47.51,1420.62,0,1,1,Fiber optic,Electronic check,0,1,1,0,2,60.2,0
CUST-002387,14,Month-to-month,72.31,1082.97,1,0,0,Fiber optic,Credit card (automatic),1,1,0,1,4,131.8,0
CUST-002388,54,One year,54.49,3055.7,2,1,1,Fiber optic,Credit card (automatic),1,0,1,1,5,106.2,0
CUST-002389,21,One year,110.01,2097.22,1,1,1,Fiber optic,Bank transfer (automatic),1,0,0,0,3,163.8,0
CUST-002390,41,Month-to-month,103.49,4192.25,2,0,0,Fiber optic,Electronic check,1,0,0,0,4,269.7,1
CUST-002391,30,One year,34.55,979.98,1,1,0,DSL,Bank transfer (automatic),1,0,1,1,3,61.6,0
CUST-002392,20,One year,89.93,2056.13,0,0,1,DSL,Mailed check,1,0,1,1,0,73.5,1
CUST-002393,72,Month-to-month,72.54,4960.75,1,1,0,Fiber optic,Mailed check,0,1,0,0,5,112.6,0
CUST-002394,19,Two year,74.68,1312.7,0,1,0,No,Electronic check,0,0,1,0,0,74.5,0
CUST-002395,32,Month-to-month,105.55,2909.74,0,0,0,Fiber optic,Bank transfer (automatic),1,0,0,0,0,162.0,1
CUST-002396,30,One year,83.88,2386.02,5,1,1,Fiber optic,Bank transfer (automatic),1,1,0,1,2,99.3,0
CUST-002397,34,Two year,87.75,3001.83,1,1,0,DSL,Mailed check,1,1,1,0,4,77.7,0
CUST-002398,72,Two year,86.4,6558.98,1,0,1,Fiber optic,Mailed check,1,1,1,0,4,127.8,0
CUST-002399,46,One year,73.47,3198.78,2,1,0,No,Mailed check,1,0,1,0,0,75.6,0
CUST-002400,20,One year,83.15,1760.41,0,0,0,Fiber optic,Mailed check,0,0,0,1,4,178.3,0
CUST-002401,72,Month-to-month,43.29,3106.95,2,1,1,Fiber optic,Mailed check,0,0,1,0,2,72.0,0
CUST-002402,51,Month-to-month,61.91,3080.78,0,0,1,DSL,Electronic check,1,0,0,0,4,138.4,0
CUST-002403,21,Two year,43.16,914.19,3,0,0,DSL,Mailed check,0,0,1,0,2,30.8,1
CUST-002404,71,Month-to-month,99.81,7588.79,3,1,1,DSL,Electronic check,0,0,0,0,3,174.9,0
CUST-002405,9,Two year,55.9,504.39,1,1,1,Fiber optic,Credit card (automatic),0,0,0,0,2,255.1,0
CUST-002406,11,Month-to-month,120.63,1253.4,1,1,1,Fiber optic,Bank transfer (automatic),1,0,0,0,1,10.6,1
CUST-002407,6,Month-to-month,60.53,370.88,1,0,0,DSL,Credit card (automatic),1,0,0,1,2,66.8,0
CUST-002408,3,Month-to-month,75.16,230.08,2,0,0,No,Mailed check,0,0,0,0,5,112.5,0
CUST-002409,67,Month-to-month,30.5,2024.06,2,1,1,No,Electronic check,1,0,1,0,4,130.2,0
CUST-002410,35,Month-to-month,82.28,3026.89,1,0,1,Fiber optic,Electronic check,1,0,1,0,3,172.9,0
CUST-002411,7,Month-to-month,48.38,299.9,2,0,0,No,Electronic check,1,0,1,0,3,86.9,1
CUST-002412,29,Two year,117.58,3470.7,3,0,1,No,Mailed check,0,0,0,0,0,238.8,1
CUST-002413,56,One year,47.77,2780.03,0,1,1,DSL,Credit card (automatic),1,0,0,0,5,129.9,0
CUST-002414,16,One year,93.83,1392.53,2,0,0,No,Electronic check,0,0,1,1,5,413.4,0
CUST-002415,23,Month-to-month,119.18,2537.85,1,0,0,Fiber optic,Mailed check,1,0,0,1,5,89.3,1
CUST-002416,72,Month-to-month,93.48,7066.46,8,0,1,DSL,Electronic check,0,1,0,1,4,229.1,1
CUST-002417,25,One year,50.15,1327.37,2,0,0,DSL,Mailed check,1,0,0,0,4,84.8,0
CUST-002418,7,Month-to-month,135.12,1010.15,0,1,0,Fiber optic,Bank transfer (automatic),1,0,1,0,0,60.8,0
CUST-002419,19,Month-to-month,115.3,2114.79,0,0,1,No,Electronic check,1,0,0,1,0,91.1,0
CUST-002420,6,Two year,99.18,601.06,1,0,1,Fiber optic,Electronic check,1,0,0,1,0,53.4,0
CUST-002421,48,Month-to-month,78.37,3824.44,1,0,0,Fiber optic,Bank transfer (automatic),1,0,0,0,2,162.6,1
CUST-002422,14,Two year,43.48,556.76,1,1,0,DSL,Mailed check,1,0,1,0,2,154.4,0
CUST-002423,14,Month-to-month,76.79,1083.51,1,0,1,No,Mailed check,1,0,1,1,5,127.5,0
CUST-002424,72,Month-to-month,66.62,4829.91,2,0,0,DSL,Bank transfer (automatic),1,0,1,0,2,87.3,0
CUST-002425,10,Month-to-month,94.57,980.94,0,1,0,Fiber optic,Electronic check,0,0,0,0,4,39.0,1
CUST-002426,8,Two year,56.3,437.53,1,1,0,Fiber optic,Credit card (automatic),0,1,1,1,4,230.1,0
CUST-002427,12,One year,65.82,839.22,4,0,1,DSL,Credit card (automatic),1,1,1,0,1,148.6,0
CUST-002428,57,One year,93.6,5356.63,1,1,1,No,Mailed check,1,0,0,0,1,100.6,0
CUST-002429,44,Month-to-month,85.38,4077.87,1,1,1,No,Mailed check,1,0,0,0,0,143.6,0
CUST-002430,19,Two year,79.65,1569.84,5,0,0,Fiber optic,Mailed check,1,0,0,0,2,169.3,0
CUST-002431,18,One year,87.27,1592.67,1,1,0,Fiber optic,Credit card (automatic),0,0,0,0,2,235.4,1
CUST-002432,41,One year,28.29,1091.35,2,0,0,No,Electronic check,1,0,1,0,2,147.6,0
CUST-002433,36,One year,48.37,1626.39,1,0,1,DSL,Bank transfer (automatic),1,0,0,0,3,46.0,0
CUST-002434,26,One year,56.5,1586.58,0,0,1,DSL,Mailed check,1,0,0,0,5,41.5,0
CUST-002435,45,One year,105.84,4971.82,1,0,1,Fiber optic,Credit card (automatic),0,0,0,0,0,86.0,0
CUST-002436,11,Month-to-month,72.34,784.4,1,1,0,Fiber optic,Credit card (automatic),0,0,1,0,0,148.2,1
CUST-002437,14,Two year,64.1,878.7,0,1,0,Fiber optic,Electronic check,0,0,0,0,2,204.6,0
CUST-002438,47,Month-to-month,108.94,5176.98,0,1,1,Fiber optic,Mailed check,1,0,1,0,1,81.7,1
CUST-002439,38,Two year,79.43,2815.33,1,0,1,Fiber optic,Bank transfer (automatic),1,0,0,0,2,112.6,0
CUST-002440,31,Month-to-month,44.03,1333.01,0,0,0,DSL,Bank transfer (automatic),1,0,0,0,0,52.4,1
CUST-002441,72,Month-to-month,85.31,6330.44,3,1,1,DSL,Electronic check,1,0,0,0,3,62.0,0
CUST-002442,52,Month-to-month,76.47,4124.82,4,1,1,DSL,Bank transfer (automatic),1,0,1,0,3,240.7,0
CUST-002443,20,One year,84.81,1664.98,0,0,1,Fiber optic,Bank transfer (automatic),1,0,1,1,4,242.5,1
CUST-002444,15,Month-to-month,81.22,1315.78,5,1,0,Fiber optic,Credit card (automatic),1,0,0,0,3,197.8,1
CUST-002445,39,Two year,74.49,3056.9,0,0,0,No,Bank transfer (automatic),1,0,1,0,5,68.5,0
CUST-002446,67,One year,103.47,6666.02,0,0,1,Fiber optic,Bank transfer (automatic),0,1,0,1,4,172.2,0
CUST-002447,5,Month-to-month,95.22,445.73,0,1,0,Fiber optic,Electronic check,1,0,1,0,2,56.0,0
CUST-002448,37,Month-to-month,68.02,2591.56,3,1,1,DSL,Electronic check,1,1,1,0,0,43.7,0
CUST-002449,23,One year,74.83,1682.36,1,0,0,Fiber optic,Bank transfer (automatic),1,0,0,1,1,143.7,0
CUST-002450,35,Two year,51.33,1739.06,1,1,1,No,Bank transfer (automatic),0,1,0,0,2,113.4,0
CUST-002451,8,Month-to-month,60.7,491.01,2,0,1,DSL,Credit card (automatic),1,0,1,1,2,90.4,0
CUST-002452,67,Two year,65.97,4578.97,1,1,0,Fiber optic,Mailed check,0,0,1,0,1,52.3,0
CUST-002453,72,Month-to-month,38.05,2848.08,2,1,1,DSL,Electronic check,0,1,0,0,2,125.9,0
CUST-002454,49,One year,62.76,3083.73,1,0,0,DSL,Electronic check,1,0,0,1,2,75.0,1
CUST-002455,72,One year,114.74,7313.75,1,0,0,Fiber optic,Mailed check,1,0,1,0,2,108.1,0
CUST-002456,22,Month-to-month,38.18,880.04,4,1,0,Fiber optic,Mailed check,1,0,0,0,0,140.5,1
CUST-002457,36,Month-to-month,80.21,2771.18,2,1,0,Fiber optic,Electronic check,0,0,1,0,1,164.7,0
CUST-002458,49,One year,71.81,3572.94,2,1,0,No,Electronic check,0,0,1,1,0,206.0,0
CUST-002459,39,Month-to-month,91.81,3558.72,1,0,0,No,Mailed check,1,0,1,0,1,41.4,1
CUST-002460,24,Month-to-month,135.0,3603.54,1,0,1,Fiber optic,Mailed check,0,0,1,0,5,114.0,1
CUST-002461,26,Month-to-month,58.55,1678.94,1,0,1,DSL,Credit card (automatic),1,0,0,0,5,179.5,1
CUST-002462,72,One year,139.31,9799.89,2,0,0,Fiber optic,Credit card (automatic),0,0,1,1,5,236.2,0
CUST-002463,29,Month-to-month,101.39,2742.63,5,1,1,Fiber optic,Electronic check,0,0,0,1,5,31.6,0
CUST-002464,65,Month-to-month,110.36,6719.17,0,1,0,Fiber optic,Credit card (automatic),0,0,1,0,1,98.2,0
CUST-002465,28,Two year,63.37,1798.45,0,1,1,Fiber optic,Mailed check,0,0,1,0,4,100.3,0
CUST-002466,64,One year,101.34,6310.73,1,0,1,Fiber optic,Credit card (automatic),1,0,0,0,2,89.7,0
CUST-002467,32,Month-to-month,87.51,2644.74,3,0,1,DSL,Bank transfer (automatic),1,1,0,0,1,119.2,0
CUST-002468,46,Month-to-month,47.77,2139.88,1,1,0,DSL,Electronic check,0,0,0,0,0,107.8,1
CUST-002469,17,Month-to-month,24.86,432.15,0,0,0,Fiber optic,Electronic check,0,0,0,0,4,110.1,0
CUST-002470,36,Month-to-month,68.73,2464.6,2,0,0,No,Credit card (automatic),1,0,1,0,0,68.8,1
CUST-002471,17,Month-to-month,84.63,1404.01,1,0,1,Fiber optic,Credit card (automatic),0,0,0,0,4,100.8,1
CUST-002472,21,Month-to-month,98.61,2033.86,0,1,1,No,Mailed check,1,1,0,0,1,31.8,0
CUST-002473,23,Month-to-month,76.54,1746.17,1,0,0,Fiber optic,Bank transfer (automatic),1,0,1,0,0,80.4,0
CUST-002474,26,One year,47.37,1245.33,1,1,0,DSL,Bank transfer (automatic),1,0,1,0,1,68.6,0
CUST-002475,59,Month-to-month,60.71,3632.27,1,0,1,Fiber optic,Credit card (automatic),1,0,1,1,3,69.3,0
CUST-002476,21,Month-to-month,49.25,949.01,1,0,0,No,Mailed check,1,0,0,1,4,168.4,1
CUST-002477,34,Two year,150.0,5142.51,2,0,0,Fiber optic,Electronic check,1,0,0,0,5,191.8,1
CUST-002478,65,Month-to-month,50.33,3212.23,2,0,1,Fiber optic,Mailed check,0,1,0,0,1,21.1,0
CUST-002479,46,One year,56.62,2472.5,1,0,1,Fiber optic,Bank transfer (automatic),1,1,0,0,2,54.7,0
CUST-002480,5,Month-to-month,63.64,312.27,2,1,0,DSL,Mailed check,0,0,0,0,4,77.6,1
CUST-002481,7,One year,114.36,846.8,0,0,1,DSL,Credit card (automatic),0,0,1,0,0,103.9,1
CUST-002482,40,Month-to-month,83.54,3476.7,2,0,0,DSL,Credit card (automatic),0,0,0,0,2,41.5,1
CUST-002483,20,Month-to-month,128.81,2588.72,0,0,0,Fiber optic,Electronic check,0,0,1,1,5,208.4,1
CUST-002484,6,Two year,55.37,317.32,0,0,0,No,Credit card (automatic),1,0,0,1,5,111.6,0
CUST-002485,19,Month-to-month,30.25,535.68,0,1,0,DSL,Bank transfer (automatic),1,0,1,0,3,116.5,0
CUST-002486,41,Month-to-month,53.77,2100.76,0,1,1,DSL,Bank transfer (automatic),1,0,0,0,4,117.2,0
CUST-002487,23,Month-to-month,86.88,1999.46,1,1,0,Fiber optic,Electronic check,1,0,0,0,5,157.4,1
CUST-002488,31,Month-to-month,65.27,2026.74,1,0,1,No,Mailed check,1,0,0,1,5,69.0,1
CUST-002489,24,Month-to-month,84.65,1965.43,1,1,0,Fiber optic,Credit card (automatic),0,0,1,1,0,60.7,0
CUST-002490,17,Month-to-month,104.77,1859.26,0,1,1,Fiber optic,Bank transfer (automatic),1,0,1,0,5,66.0,0
CUST-002491,36,Month-to-month,72.2,2649.17,0,0,1,Fiber optic,Bank transfer (automatic),1,0,1,1,2,227.1,0
CUST-002492,6,One year,66.82,347.77,2,1,0,Fiber optic,Electronic check,0,0,0,1,0,132.0,0
CUST-002493,15,Two year,34.88,526.06,1,0,1,No,Mailed check,1,0,0,1,0,32.4,1
CUST-002494,52,Month-to-month,70.13,3784.51,1,1,1,DSL,Mailed check,0,0,0,0,4,55.0,1
CUST-002495,8,Two year,67.64,546.6,0,1,0,No,Bank transfer (automatic),1,0,1,0,3,48.6,0
CUST-002496,30,Month-to-month,117.29,3621.01,3,1,0,Fiber optic,Credit card (automatic),0,1,1,1,0,59.5,0
CUST-002497,21,Month-to-month,128.67,2666.47,0,1,1,Fiber optic,Mailed check,0,0,0,0,1,10.5,0
CUST-002498,20,One year,34.82,694.13,1,1,0,DSL,Electronic check,1,0,1,0,0,282.7,0
CUST-002499,56,One year,65.59,3664.89,0,0,1,No,Electronic check,0,0,1,0,5,169.9,0
CUST-002500,63,Month-to-month,84.87,5396.02,0,0,0,Fiber optic,Electronic check,0,0,1,0,1,405.7,0
CUST-002501,12,Two year,51.58,601.04,2,0,1,Fiber optic,Electronic check,0,0,0,1,2,101.0,0
CUST-002502,26,Two year,76.8,2105.87,1,1,0,Fiber optic,Mailed check,1,0,0,0,5,92.7,0
CUST-002503,4,Month-to-month,104.17,446.32,1,1,0,DSL,Credit card (automatic),1,0,0,0,5,87.1,0
CUST-002504,53,One year,49.18,2537.33,10,0,0,DSL,Mailed check,1,0,0,0,2,36.3,1
CUST-002505,29,One year,45.03,1229.56,1,0,0,DSL,Credit card (automatic),1,1,1,1,4,171.8,0
CUST-002506,7,Two year,63.7,415.91,5,1,1,DSL,Credit card (automatic),0,0,0,0,2,265.6,1
CUST-002507,15,One year,112.79,1726.11,2,1,0,Fiber optic,Electronic check,1,1,0,0,0,49.8,1
CUST-002508,11,Month-to-month,82.38,932.81,3,1,1,Fiber optic,Bank transfer (automatic),0,0,0,0,3,99.1,0
CUST-002509,15,One year,93.19,1426.45,0,1,1,Fiber optic,Electronic check,1,0,0,0,4,102.6,0
CUST-002510,5,Month-to-month,32.89,168.52,1,0,0,Fiber optic,Electronic check,1,0,1,0,4,28.1,1
CUST-002511,72,One year,79.31,5548.04,2,0,0,DSL,Electronic check,1,0,0,1,5,211.9,1
CUST-002512,12,One year,95.53,1032.29,3,0,1,Fiber optic,Electronic check,1,0,1,0,5,122.5,1
CUST-002513,30,One year,112.12,3279.97,7,1,1,Fiber optic,Bank transfer (automatic),1,0,1,0,0,222.5,1
CUST-002514,41,Month-to-month,43.31,1922.55,1,1,0,Fiber optic,Bank transfer (automatic),0,1,0,0,2,59.6,1
CUST-002515,63,Month-to-month,57.44,3666.63,0,1,0,DSL,Bank transfer (automatic),0,1,0,1,3,201.7,0
CUST-002516,31,One year,89.1,2820.73,1,0,0,No,Bank transfer (automatic),0,0,1,0,2,213.7,0
CUST-002517,24,Month-to-month,76.08,1908.52,2,1,0,Fiber optic,Credit card (automatic),1,0,1,0,4,128.8,0
CUST-002518,32,Month-to-month,66.28,2031.87,0,0,0,No,Credit card (automatic),0,0,0,0,0,49.0,0
CUST-002519,12,Month-to-month,79.76,967.81,1,1,1,Fiber optic,Credit card (automatic),1,0,1,0,2,51.1,0
CUST-002520,13,Two year,80.37,1071.57,2,0,0,Fiber optic,Bank transfer (automatic),1,1,0,0,3,199.8,1
CUST-002521,24,Month-to-month,94.18,2154.93,3,0,0,No,Mailed check,0,0,0,1,1,210.4,1
CUST-002522,3,One year,29.42,89.87,4,1,0,No,Bank transfer (automatic),1,1,1,1,4,50.4,0
CUST-002523,17,Month-to-month,63.74,1153.76,1,0,1,No,Mailed check,1,0,1,0,1,141.8,0
CUST-002524,20,Two year,71.29,1397.23,0,1,0,No,Electronic check,1,0,0,1,2,162.7,0
CUST-002525,72,Month-to-month,88.45,5819.97,1,1,0,No,Credit card (automatic),1,0,0,0,3,194.0,0
CUST-002526,69,Month-to-month,86.95,6051.32,2,0,0,Fiber optic,Credit card (automatic),0,0,1,0,1,213.3,0
CUST-002527,41,Month-to-month,89.22,3537.94,10,0,1,DSL,Credit card (automatic),0,0,1,0,0,32.6,1
CUST-002528,54,Month-to-month,88.63,4829.35,3,1,1,Fiber optic,Electronic check,0,0,1,0,5,97.5,1
CUST-002529,12,Two year,92.99,1068.89,1,0,0,Fiber optic,Electronic check,1,1,1,0,2,45.7,1
CUST-002530,32,One year,92.03,2953.94,0,0,0,Fiber optic,Electronic check,0,0,0,0,1,244.6,1
CUST-002531,50,One year,106.38,5645.38,1,1,1,Fiber optic,Credit card (automatic),1,0,0,1,3,57.8,0
CUST-002532,13,One year,103.54,1344.15,1,0,1,Fiber optic,Bank transfer (automatic),0,0,1,1,2,24.3,0
CUST-002533,7,Two year,37.17,238.74,0,0,1,No,Credit card (automatic),1,0,0,0,2,141.8,0
CUST-002534,38,Two year,95.43,3694.47,0,0,0,Fiber optic,Credit card (automatic),1,0,1,0,3,210.1,0
CUST-002535,8,One year,78.52,628.79,0,1,1,DSL,Electronic check,1,0,0,0,5,103.9,0
CUST-002536,43,Month-to-month,126.54,5499.23,0,0,0,Fiber optic,Mailed check,1,0,0,0,4,40.1,0
CUST-002537,63,Month-to-month,64.78,4279.73,2,0,0,Fiber optic,Credit card (automatic),1,0,1,0,5,66.4,1
CUST-002538,13,One year,78.46,993.2,1,0,0,DSL,Electronic check,0,0,1,1,3,127.5,0
CUST-002539,14,One year,81.3,1121.81,0,1,0,Fiber optic,Bank transfer (automatic),1,0,1,0,3,129.4,1
CUST-002540,61,One year,69.8,4038.65,6,0,0,No,Mailed check,0,1,0,1,2,92.5,1
CUST-002541,31,Month-to-month,38.16,1194.4,3,1,0,DSL,Bank transfer (automatic),1,0,0,0,2,129.4,1
CUST-002542,56,One year,89.67,5063.48,6,0,1,Fiber optic,Credit card (automatic),0,0,1,1,3,107.7,1
CUST-002543,24,Month-to-month,97.97,2320.75,4,0,0,Fiber optic,Electronic check,1,0,0,0,1,8.9,1
CUST-002544,26,Month-to-month,65.75,1773.36,1,1,0,Fiber optic,Mailed check,0,0,1,0,1,83.3,1
CUST-002545,30,Two year,126.22,3590.32,3,0,1,Fiber optic,Credit card (automatic),1,1,0,0,1,173.9,0
CUST-002546,72,One year,51.39,3723.57,1,0,1,Fiber optic,Mailed check,0,0,1,0,1,79.6,0
CUST-002547,53,Month-to-month,103.44,5647.09,1,1,1,Fiber optic,Bank transfer (automatic),1,0,0,1,3,80.6,1
CUST-002548,16,Month-to-month,15.0,233.5,1,0,0,No,Credit card (automatic),1,0,0,0,1,205.2,0
CUST-002549,34,One year,58.63,1856.52,2,1,0,DSL,Electronic check,1,0,0,1,4,308.4,0
CUST-002550,23,Month-to-month,101.99,2146.92,1,1,0,Fiber optic,Electronic check,0,0,0,1,5,59.2,0
CUST-002551,20,Month-to-month,107.82,2173.15,0,0,0,Fiber optic,Electronic check,1,0,1,0,3,83.3,0
CUST-002552,43,One year,62.37,2909.07,6,0,0,DSL,Electronic check,1,0,1,0,4,128.0,1
CUST-002553,37,One year,58.96,2115.01,1,0,1,No,Mailed check,1,0,0,1,4,83.6,0
CUST-002554,13,Month-to-month,104.19,1385.04,3,1,1,Fiber optic,Electronic check,1,0,0,0,0,93.4,0
CUST-002555,30,Month-to-month,88.77,2340.15,2,0,1,DSL,Mailed check,0,1,0,0,3,75.1,0
CUST-002556,19,One year,99.49,1925.59,1,0,1,DSL,Credit card (automatic),1,1,1,0,2,202.3,0
CUST-002557,41,Month-to-month,32.73,1268.9,0,1,0,DSL,Electronic check,1,0,1,0,0,249.0,0
CUST-002558,18,Month-to-month,84.98,1499.56,1,0,1,Fiber optic,Mailed check,0,0,1,0,4,107.5,0
CUST-002559,26,Month-to-month,35.16,917.76,0,0,0,Fiber optic,Electronic check,1,0,0,1,0,153.5,1
CUST-002560,20,Month-to-month,55.81,1023.51,3,1,1,Fiber optic,Bank transfer (automatic),1,1,1,0,5,69.6,0
CUST-002561,5,Two year,72.4,418.94,1,1,0,Fiber optic,Mailed check,0,0,0,1,3,42.7,1
CUST-002562,72,Month-to-month,111.63,7794.1,1,0,0,Fiber optic,Electronic check,0,0,0,0,5,562.2,0
CUST-002563,30,Two year,52.98,1637.64,0,0,1,No,Credit card (automatic),0,0,1,1,3,81.5,0
CUST-002564,72,Month-to-month,57.78,4470.65,1,0,1,No,Credit card (automatic),1,0,0,0,1,170.7,0
CUST-002565,31,One year,72.5,2280.45,2,1,0,DSL,Bank transfer (automatic),0,1,1,1,5,130.6,0
CUST-002566,48,Month-to-month,73.24,3299.72,2,0,0,Fiber optic,Bank transfer (automatic),1,0,1,0,1,296.6,1
CUST-002567,17,One year,15.13,258.53,2,0,0,No,Mailed check,0,0,1,0,1,59.4,0
CUST-002568,18,Two year,71.35,1166.3,1,0,0,Fiber optic,Electronic check,1,0,1,0,1,90.2,1
CUST-002569,29,Month-to-month,61.98,1767.67,0,0,1,DSL,Mailed check,1,0,0,0,5,56.0,1
CUST-002570,72,Month-to-month,76.71,5986.2,2,0,0,DSL,Credit card (automatic),1,0,0,1,3,46.6,0
CUST-002571,13,Two year,59.84,723.03,2,0,0,No,Credit card (automatic),0,0,0,0,3,105.0,0
CUST-002572,4,Two year,101.3,388.5,1,0,0,Fiber optic,Bank transfer (automatic),0,0,0,0,3,30.6,0
CUST-002573,60,Two year,113.12,7416.24,0,0,0,Fiber optic,Mailed check,1,0,1,0,3,118.4,0
CUST-002574,50,Month-to-month,93.01,4609.99,1,1,0,No,Bank transfer (automatic),0,0,0,0,2,55.9,0
CUST-002575,21,Month-to-month,69.31,1390.47,1,0,1,DSL,Bank transfer (automatic),0,0,1,0,3,203.1,0
CUST-002576,72,Month-to-month,36.57,2684.28,0,0,1,No,Electronic check,0,0,0,0,2,282.1,0
CUST-002577,72,One year,58.87,4139.29,0,1,0,Fiber optic,Mailed check,1,0,1,0,4,21.9,0
CUST-002578,5,Month-to-month,61.2,264.45,2,1,1,Fiber optic,Electronic check,1,0,0,1,1,100.2,1
CUST-002579,17,Month-to-month,38.13,604.12,4,0,0,DSL,Mailed check,1,0,1,0,0,44.2,1
CUST-002580,29,One year,67.49,2158.51,0,0,1,DSL,Credit card (automatic),0,0,0,1,5,57.7,0
CUST-002581,40,Month-to-month,137.19,5577.64,2,1,0,Fiber optic,Mailed check,1,0,1,0,4,40.5,0
CUST-002582,36,One year,70.3,2716.01,1,0,0,DSL,Bank transfer (automatic),1,0,1,1,5,78.7,0
CUST-002583,30,Month-to-month,62.9,1789.9,0,0,0,DSL,Mailed check,0,0,0,0,4,82.4,1
CUST-002584,12,Two year,89.05,1065.66,1,0,1,DSL,Electronic check,0,0,0,0,2,84.5,0
CUST-002585,44,Month-to-month,69.29,3023.01,3,1,1,Fiber optic,Bank transfer (automatic),0,0,1,0,2,47.4,0
CUST-002586,45,One year,91.05,3985.13,1,0,1,No,Bank transfer (automatic),1,0,0,0,0,22.7,0
CUST-002587,57,Month-to-month,89.2,5137.85,0,1,0,DSL,Credit card (automatic),1,1,1,0,4,119.1,1
CUST-002588,10,Month-to-month,66.47,627.65,1,1,1,DSL,Bank transfer (automatic),1,0,1,0,5,300.2,0
CUST-002589,25,Month-to-month,142.34,3773.7,1,0,0,Fiber optic,Credit card (automatic),1,0,0,0,1,152.2,1
CUST-002590,20,Two year,117.88,2412.68,1,1,0,Fiber optic,Electronic check,0,0,1,1,2,185.5,0
CUST-002591,10,Month-to-month,91.13,903.37,3,1,0,Fiber optic,Bank transfer (automatic),1,0,1,1,0,82.5,1
CUST-002592,25,Month-to-month,61.41,1545.48,1,0,0,No,Mailed check,1,0,1,0,5,115.2,0
CUST-002593,12,One year,54.2,640.57,0,0,1,DSL,Bank transfer (automatic),1,0,1,0,5,139.6,0
CUST-002594,8,Month-to-month,86.73,634.05,1,1,0,Fiber optic,Bank transfer (automatic),1,0,0,0,2,31.8,1
CUST-002595,51,Month-to-month,62.46,3027.67,0,1,1,No,Electronic check,0,0,1,1,5,72.1,0
CUST-002596,21,Month-to-month,82.01,1706.7,0,0,0,Fiber optic,Bank transfer (automatic),0,0,0,0,3,100.2,0
CUST-002597,16,Month-to-month,84.65,1330.51,0,0,0,Fiber optic,Bank transfer (automatic),1,0,1,0,5,92.4,0
CUST-002598,67,Month-to-month,35.19,2434.07,8,0,0,No,Electronic check,1,0,0,0,2,50.5,1
CUST-002599,46,Month-to-month,50.8,2402.27,4,1,1,DSL,Bank transfer (automatic),0,0,0,1,2,166.5,1
CUST-002600,4,Month-to-month,25.07,97.47,0,1,1,DSL,Credit card (automatic),1,0,1,0,2,122.0,0
CUST-002601,40,Month-to-month,75.36,2870.16,0,0,1,DSL,Electronic check,0,0,1,1,3,137.4,0
CUST-002602,40,One year,67.0,2781.15,6,1,1,No,Bank transfer (automatic),1,1,0,0,4,141.3,0
CUST-002603,24,One year,61.94,1500.63,1,0,1,No,Credit card (automatic),1,0,0,0,1,75.3,0
CUST-002604,23,Month-to-month,87.16,1942.38,1,0,0,DSL,Electronic check,0,0,1,1,2,313.0,0
CUST-002605,6,Month-to-month,68.41,387.02,4,0,0,Fiber optic,Electronic check,1,0,1,0,0,200.1,1
CUST-002606,72,One year,72.23,5024.82,0,0,0,Fiber optic,Bank transfer (automatic),0,0,0,1,5,95.6,1
CUST-002607,25,Month-to-month,27.97,712.95,0,0,0,DSL,Bank transfer (automatic),0,0,0,0,4,69.2,1
CUST-002608,39,Two year,90.58,3830.56,5,1,0,No,Credit card (automatic),1,0,0,0,0,47.9,0
CUST-002609,26,Month-to-month,105.14,2704.68,1,1,1,Fiber optic,Bank transfer (automatic),0,0,1,1,1,117.2,0
CUST-002610,17,Month-to-month,98.24,1600.52,0,1,0,No,Bank transfer (automatic),0,0,1,0,5,209.0,0
CUST-002611,53,Month-to-month,129.56,7607.32,0,1,0,Fiber optic,Mailed check,0,0,1,0,1,57.7,0
CUST-002612,33,One year,54.39,1761.5,0,0,1,DSL,Electronic check,1,0,0,1,0,105.0,0
CUST-002613,25,Month-to-month,72.22,1733.81,1,1,1,Fiber optic,Bank transfer (automatic),0,0,1,0,5,120.7,0
CUST-002614,38,Month-to-month,45.11,1679.27,0,0,0,Fiber optic,Electronic check,1,0,1,0,2,76.3,0
CUST-002615,28,Month-to-month,37.55,1027.37,2,0,0,DSL,Credit card (automatic),0,0,0,0,5,140.3,0
CUST-002616,72,One year,56.88,4355.53,2,1,0,DSL,Electronic check,1,0,0,0,2,54.0,1
CUST-002617,52,Month-to-month,15.0,714.72,1,0,0,No,Electronic check,1,0,1,0,3,28.3,1
CUST-002618,43,One year,63.07,2792.63,1,0,1,Fiber optic,Credit card (automatic),0,0,1,0,5,202.3,0
CUST-002619,7,Month-to-month,87.93,615.17,0,1,0,Fiber optic,Electronic check,1,0,0,0,5,86.1,0
CUST-002620,44,Month-to-month,87.34,3735.99,4,1,0,DSL,Mailed check,0,0,0,1,4,117.1,1
CUST-002621,43,Month-to-month,72.07,3046.96,1,0,1,Fiber optic,Credit card (automatic),0,0,1,0,0,119.6,1
CUST-002622,12,Two year,93.2,1104.38,0,0,0,Fiber optic,Credit card (automatic),0,0,1,1,2,131.7,0
CUST-002623,7,Month-to-month,111.59,784.57,1,0,0,DSL,Electronic check,1,0,1,0,1,159.5,1
CUST-002624,51,Month-to-month,19.85,989.5,0,1,1,DSL,Electronic check,0,0,1,1,0,34.9,0
CUST-002625,55,Two year,117.15,6422.15,1,1,0,Fiber optic,Bank transfer (automatic),1,1,0,0,0,47.0,1
CUST-002626,18,Month-to-month,99.52,1721.73,4,1,0,Fiber optic,Mailed check,1,1,0,0,1,37.3,0
CUST-002627,17,Month-to-month,96.66,1822.49,2,1,1,DSL,Electronic check,1,0,1,0,1,116.7,1
CUST-002628,33,Month-to-month,89.17,3091.1,2,0,0,No,Electronic check,0,0,0,0,5,50.3,0
CUST-002629,21,One year,48.42,1041.66,5,0,1,DSL,Credit card (automatic),1,0,0,0,5,79.0,0
CUST-002630,7,Month-to-month,65.05,445.25,0,1,0,No,Mailed check,1,0,0,0,3,80.5,0
CUST-002631,12,Two year,28.49,355.92,0,0,1,DSL,Credit card (automatic),0,0,1,0,5,314.0,0
CUST-002632,37,One year,76.93,2889.0,2,0,0,Fiber optic,Electronic check,0,0,1,0,4,25.6,0
CUST-002633,13,Month-to-month,90.73,1186.51,0,1,0,Fiber optic,Bank transfer (automatic),1,0,0,0,0,102.0,1
CUST-002634,57,Month-to-month,97.59,5414.38,0,1,0,Fiber optic,Bank transfer (automatic),1,0,1,0,4,43.8,0
CUST-002635,43,One year,84.74,3693.85,9,1,0,No,Mailed check,0,0,0,0,0,260.5,1
CUST-002636,39,Two year,104.57,4421.53,3,0,1,DSL,Bank transfer (automatic),0,0,1,0,1,125.3,0
CUST-002637,32,Two year,54.11,1738.5,1,0,0,DSL,Electronic check,0,0,0,0,3,46.4,0
CUST-002638,16,Month-to-month,93.62,1478.17,1,0,0,DSL,Credit card (automatic),1,0,0,1,1,169.1,1
CUST-002639,47,One year,96.68,4566.51,0,1,0,Fiber optic,Bank transfer (automatic),0,0,1,1,2,80.4,0
CUST-002640,15,One year,32.31,485.71,3,0,0,No,Electronic check,1,0,1,0,5,333.5,1
CUST-002641,59,Two year,61.24,3514.32,3,0,0,DSL,Bank transfer (automatic),1,0,0,0,3,191.2,0
CUST-002642,72,Month-to-month,92.9,6440.91,2,0,0,Fiber optic,Credit card (automatic),0,1,0,1,1,239.2,0
CUST-002643,33,One year,69.08,2370.06,1,1,0,Fiber optic,Mailed check,1,0,0,0,1,125.2,0
CUST-002644,72,One year,38.99,2976.47,2,1,0,No,Mailed check,1,0,1,1,1,45.6,0
CUST-002645,12,Two year,63.15,843.65,7,1,1,Fiber optic,Credit card (automatic),1,0,1,0,5,20.6,0
CUST-002646,43,One year,51.41,2261.28,0,0,1,No,Electronic check,1,0,0,0,2,136.7,0
CUST-002647,29,Two year,68.38,1994.59,1,1,0,Fiber optic,Bank transfer (automatic),0,0,0,0,2,47.6,0
CUST-002648,51,Month-to-month,95.76,5103.96,2,0,0,No,Electronic check,0,0,1,1,5,91.2,1
CUST-002649,4,Month-to-month,28.72,109.66,2,0,0,Fiber optic,Bank transfer (automatic),0,0,0,0,1,186.9,1
CUST-002650,49,Month-to-month,67.78,3427.93,4,1,0,DSL,Mailed check,1,0,1,0,3,43.4,0
CUST-002651,17,Two year,78.21,1398.63,0,0,0,No,Electronic check,1,1,0,0,4,83.2,0
CUST-002652,31,Month-to-month,65.93,2148.5,1,1,1,Fiber optic,Credit card (automatic),1,0,0,0,3,188.4,0
CUST-002653,72,One year,59.2,4617.73,2,1,0,DSL,Bank transfer (automatic),0,0,1,0,5,100.2,0
CUST-002654,44,Two year,81.45,3476.57,1,0,0,Fiber optic,Mailed check,0,0,1,0,4,40.9,0
CUST-002655,40,Two year,63.07,2460.7,3,0,0,No,Bank transfer (automatic),1,0,1,1,2,105.3,0
CUST-002656,38,One year,106.57,4006.09,0,1,1,Fiber optic,Mailed check,1,1,0,0,0,90.4,0
CUST-002657,64,One year,79.33,4793.93,7,1,0,DSL,Electronic check,1,0,0,0,1,172.2,1
CUST-002658,53,Month-to-month,50.0,2721.34,0,0,0,No,Bank transfer (automatic),0,0,0,0,4,47.1,0
CUST-002659,38,Month-to-month,52.39,2058.03,1,0,0,Fiber optic,Credit card (automatic),0,1,0,0,0,204.6,0
CUST-002660,35,Month-to-month,69.13,2487.49,1,0,1,DSL,Electronic check,1,0,1,1,1,129.7,0
CUST-002661,33,One year,48.58,1615.11,1,0,0,DSL,Credit card (automatic),0,0,0,0,1,97.4,1
CUST-002662,28,Month-to-month,51.81,1523.64,0,1,0,DSL,Bank transfer (automatic),1,0,1,0,1,84.7,0
CUST-002663,10,Month-to-month,95.59,983.39,1,1,1,Fiber optic,Electronic check,0,0,0,0,5,180.6,1
CUST-002664,43,One year,54.12,2257.05,1,1,0,DSL,Bank transfer (automatic),0,0,1,1,3,57.6,1
CUST-002665,19,Month-to-month,72.67,1177.08,0,0,0,DSL,Mailed check,1,0,0,0,5,115.8,0
CUST-002666,26,Two year,150.0,3835.49,2,0,1,Fiber optic,Credit card (automatic),0,0,0,0,4,84.1,0
CUST-002667,55,Month-to-month,82.15,4527.07,0,1,0,No,Bank transfer (automatic),1,0,0,0,3,235.8,1
CUST-002668,29,Two year,123.62,3593.47,3,0,0,Fiber optic,Electronic check,1,0,0,0,0,172.3,0
CUST-002669,27,Month-to-month,102.77,2749.93,3,1,1,Fiber optic,Electronic check,1,1,0,0,2,98.5,1
CUST-002670,33,One year,91.93,2952.26,2,1,1,Fiber optic,Mailed check,0,0,1,1,1,83.7,0
CUST-002671,23,One year,78.15,1721.35,1,0,0,DSL,Mailed check,1,0,0,0,2,29.2,0
CUST-002672,72,Month-to-month,76.93,5252.88,0,0,1,No,Credit card (automatic),0,0,1,0,1,112.0,0
CUST-002673,72,Month-to-month,86.57,6368.6,4,0,0,DSL,Credit card (automatic),1,0,0,1,2,48.5,1
CUST-002674,72,Two year,66.48,5047.02,0,1,0,DSL,Credit card (automatic),0,0,1,0,1,149.8,0
CUST-002675,38,Month-to-month,57.29,2040.82,1,1,1,Fiber optic,Bank transfer (automatic),0,1,1,0,4,50.8,1
CUST-002676,18,One year,28.3,507.84,3,1,0,DSL,Electronic check,1,0,0,0,4,169.5,0
CUST-002677,56,Month-to-month,76.53,4454.69,1,0,1,DSL,Bank transfer (automatic),0,0,1,0,1,79.4,0
CUST-002678,23,One year,61.85,1409.12,7,0,0,Fiber optic,Electronic check,0,0,0,0,2,58.2,1
CUST-002679,59,Month-to-month,107.16,6548.79,2,1,0,Fiber optic,Electronic check,0,0,0,0,4,144.8,1
CUST-002680,17,One year,98.47,1764.25,0,0,0,DSL,Electronic check,1,0,1,0,4,86.7,0
CUST-002681,40,One year,84.48,3445.84,0,1,1,Fiber optic,Credit card (automatic),0,1,0,0,1,117.6,0
CUST-002682,65,Month-to-month,120.28,7624.43,1,0,0,Fiber optic,Bank transfer (automatic),1,0,1,0,2,126.9,1
CUST-002683,24,Month-to-month,71.47,1828.06,0,0,1,No,Electronic check,0,0,0,1,0,59.9,0
CUST-002684,24,Two year,65.65,1554.53,1,0,1,DSL,Credit card (automatic),0,1,0,0,4,158.8,0
CUST-002685,8,One year,66.82,527.41,3,1,0,No,Credit card (automatic),1,1,0,0,0,30.3,1
CUST-002686,17,Two year,69.23,1207.21,2,0,0,Fiber optic,Bank transfer (automatic),1,0,1,0,3,40.0,1
CUST-002687,37,One year,66.03,2406.28,1,1,0,Fiber optic,Electronic check,0,0,1,0,2,188.7,0
CUST-002688,41,One year,23.9,968.93,2,0,0,DSL,Mailed check,0,0,1,1,2,66.6,0
CUST-002689,46,One year,71.67,3235.21,1,0,0,Fiber optic,Mailed check,1,0,0,1,1,138.7,0
CUST-002690,5,Two year,118.48,587.05,0,1,0,DSL,Bank transfer (automatic),1,0,0,1,5,16.4,0
CUST-002691,23,Month-to-month,52.67,1223.34,6,1,1,Fiber optic,Bank transfer (automatic),0,0,0,0,3,234.1,0
CUST-002692,9,Month-to-month,60.59,491.52,3,0,1,Fiber optic,Electronic check,0,0,0,0,3,102.7,1
CUST-002693,36,Two year,44.86,1607.05,7,1,1,DSL,Mailed check,1,0,0,0,1,226.5,0
CUST-002694,6,Two year,46.03,251.81,3,0,0,DSL,Bank transfer (automatic),0,0,0,0,5,77.3,0
CUST-002695,11,Month-to-month,71.73,772.99,2,0,0,No,Credit card (automatic),0,0,1,0,1,85.1,0
CUST-002696,52,Month-to-month,74.7,3950.07,1,0,0,Fiber optic,Electronic check,1,0,1,0,2,148.6,0
CUST-002697,19,One year,85.04,1589.3,2,0,1,Fiber optic,Bank transfer (automatic),0,0,1,0,3,136.3,0
CUST-002698,72,One year,43.76,3261.46,4,0,0,No,Credit card (automatic),0,0,1,0,2,232.2,0
CUST-002699,47,Month-to-month,53.12,2540.03,4,1,1,DSL,Bank transfer (automatic),0,0,1,1,4,27.8,0
CUST-002700,24,One year,88.51,1895.24,1,0,0,Fiber optic,Mailed check,1,1,1,0,1,133.1,1
CUST-002701,58,Month-to-month,86.64,5326.11,1,1,0,Fiber optic,Bank transfer (automatic),0,1,1,1,3,51.7,0
CUST-002702,26,Month-to-month,114.52,3014.69,3,0,1,DSL,Credit card (automatic),1,0,0,1,5,22.0,0
CUST-002703,50,One year,64.3,3123.5,2,1,0,DSL,Credit card (automatic),0,0,0,0,4,101.0,0
CUST-002704,17,Month-to-month,59.76,992.06,1,0,1,No,Electronic check,0,0,1,0,2,177.9,0
CUST-002705,60,One year,15.0,806.19,0,0,1,DSL,Electronic check,0,0,1,0,2,325.6,1
CUST-002706,7,Month-to-month,71.0,502.41,2,0,0,DSL,Electronic check,0,0,1,0,5,176.7,1
CUST-002707,11,Two year,40.62,461.37,1,0,1,Fiber optic,Electronic check,1,1,0,1,1,218.9,0
CUST-002708,13,Month-to-month,103.79,1303.39,2,0,0,Fiber optic,Bank transfer (automatic),1,0,1,1,5,108.6,1
CUST-002709,18,Two year,93.56,1607.88,1,1,0,Fiber optic,Electronic check,1,0,0,1,3,71.1,0
CUST-002710,38,One year,84.95,3250.78,2,1,1,DSL,Bank transfer (automatic),0,0,1,0,5,104.1,0
CUST-002711,30,Month-to-month,74.14,2357.06,1,1,1,Fiber optic,Bank transfer (automatic),0,0,1,0,1,276.7,0
CUST-002712,50,Two year,90.67,4780.76,2,1,0,Fiber optic,Bank transfer (automatic),1,0,1,0,5,110.7,0
CUST-002713,66,Month-to-month,106.89,7347.13,2,1,0,Fiber optic,Electronic check,0,0,1,0,5,169.1,1
CUST-002714,6,Month-to-month,41.76,275.87,1,0,0,No,Mailed check,0,1,1,0,0,131.2,1
CUST-002715,71,Two year,80.25,5961.08,1,1,1,DSL,Electronic check,1,0,0,0,1,140.4,0
CUST-002716,26,Two year,104.11,2863.41,0,1,0,Fiber optic,Credit card (automatic),1,0,0,0,1,39.2,0
CUST-002717,72,One year,86.63,6264.52,0,0,0,Fiber optic,Mailed check,1,0,0,0,3,118.3,0
CUST-002718,16,Two year,129.46,2035.45,2,0,0,Fiber optic,Electronic check,0,0,1,0,5,152.4,0
CUST-002719,4,Month-to-month,102.89,434.91,0,0,0,Fiber optic,Electronic check,1,0,1,0,2,181.2,1
CUST-002720,47,Month-to-month,23.15,1034.68,1,1,0,DSL,Bank transfer (automatic),1,1,1,0,1,35.7,0
CUST-002721,45,Month-to-month,114.72,5271.79,0,1,1,Fiber optic,Bank transfer (automatic),1,0,0,1,3,351.1,1
CUST-002722,11,Month-to-month,73.55,784.46,1,0,1,Fiber optic,Credit card (automatic),0,0,0,1,0,217.2,1
CUST-002723,13,One year,109.94,1453.46,1,0,0,Fiber optic,Electronic check,1,1,0,0,0,25.3,1
CUST-002724,53,Month-to-month,72.39,3888.06,8,0,1,DSL,Electronic check,1,0,1,1,1,97.0,1
CUST-002725,39,One year,15.0,589.77,0,0,1,DSL,Credit card (automatic),1,0,0,0,0,78.5,0
CUST-002726,24,Month-to-month,80.12,1921.18,0,0,1,DSL,Mailed check,0,0,1,0,0,71.1,0
CUST-002727,42,Month-to-month,59.46,2563.82,2,1,0,DSL,Mailed check,1,1,0,0,1,93.5,0
CUST-002728,37,One year,53.51,2048.45,0,1,1,DSL,Credit card (automatic),0,0,0,0,0,76.7,1
CUST-002729,14,Month-to-month,54.45,708.98,0,1,0,DSL,Bank transfer (automatic),1,0,1,0,0,141.1,0
CUST-002730,56,One year,84.72,4733.56,3,0,1,DSL,Mailed check,0,0,0,1,2,181.7,0
CUST-002731,48,One year,41.97,1972.45,4,0,0,DSL,Credit card (automatic),0,0,1,0,3,268.3,0
CUST-002732,30,One year,92.83,2811.93,1,0,0,No,Electronic check,1,0,1,0,0,144.9,0
CUST-002733,53,Two year,52.01,2699.18,8,1,0,Fiber optic,Electronic check,1,0,1,0,3,57.1,0
CUST-002734,72,Two year,72.39,5544.37,1,1,0,DSL,Electronic check,1,0,0,0,0,52.1,0
CUST-002735,12,Month-to-month,109.31,1307.24,1,0,0,Fiber optic,Electronic check,1,0,0,0,1,117.8,1
CUST-002736,24,One year,108.7,2737.49,1,1,1,Fiber optic,Mailed check,0,1,0,0,3,165.3,0
CUST-002737,25,Month-to-month,69.6,1657.16,1,1,0,DSL,Credit card (automatic),1,1,0,0,2,52.1,0
CUST-002738,52,Month-to-month,84.83,4349.24,2,1,1,Fiber optic,Credit card (automatic),0,1,1,0,4,88.9,1
CUST-002739,18,One year,51.25,894.15,0,1,0,DSL,Bank transfer (automatic),0,0,1,0,1,130.9,0
CUST-002740,50,One year,59.44,3030.5,1,0,0,Fiber optic,Credit card (automatic),1,0,1,0,1,104.8,0
CUST-002741,20,Two year,47.86,900.49,1,0,1,DSL,Mailed check,1,0,0,1,5,145.7,0
CUST-002742,11,One year,65.97,663.67,1,0,1,Fiber optic,Mailed check,1,0,0,0,1,117.4,0
CUST-002743,32,One year,36.87,1142.93,2,1,0,DSL,Electronic check,1,0,1,0,4,179.7,0
CUST-002744,20,One year,110.09,2263.57,1,1,0,DSL,Bank transfer (automatic),0,0,1,0,1,89.8,0
CUST-002745,34,Month-to-month,47.01,1533.63,2,0,0,Fiber optic,Mailed check,1,0,0,0,0,308.9,0
CUST-002746,40,Month-to-month,93.14,3775.07,0,0,0,DSL,Electronic check,0,0,1,0,3,197.1,1
CUST-002747,7,Month-to-month,59.09,400.24,5,0,1,Fiber optic,Credit card (automatic),1,0,1,0,3,64.2,0
CUST-002748,21,One year,39.45,755.84,0,0,1,DSL,Electronic check,1,1,0,0,3,119.4,0
CUST-002749,32,Month-to-month,64.04,2136.57,3,0,1,Fiber optic,Bank transfer (automatic),0,1,1,1,2,83.4,0
CUST-002750,53,Month-to-month,62.24,3405.82,2,0,1,Fiber optic,Electronic check,1,1,1,1,1,77.5,0
CUST-002751,49,Month-to-month,88.07,4306.84,1,0,0,No,Bank transfer (automatic),0,0,0,0,3,53.8,1
CUST-002752,15,One year,104.71,1574.02,0,1,1,Fiber optic,Bank transfer (automatic),0,0,0,0,4,59.4,0
CUST-002753,26,Month-to-month,59.19,1522.97,4,0,0,No,Electronic check,0,1,1,1,3,22.3,1
CUST-002754,42,Month-to-month,132.68,5284.86,1,0,0,DSL,Electronic check,1,0,1,1,2,128.3,0
CUST-002755,25,Month-to-month,89.58,2385.74,6,0,1,Fiber optic,Bank transfer (automatic),0,0,0,0,1,214.0,1
CUST-002756,16,Month-to-month,91.5,1456.64,1,0,0,Fiber optic,Bank transfer (automatic),0,0,0,0,3,153.0,0
CUST-002757,29,Month-to-month,72.86,2151.15,3,0,0,Fiber optic,Mailed check,1,0,1,0,0,83.6,0
CUST-002758,39,Two year,69.88,2657.35,1,0,0,Fiber optic,Mailed check,1,0,1,0,3,146.0,0
CUST-002759,14,Month-to-month,51.67,739.4,7,1,0,No,Electronic check,0,0,0,0,3,168.6,1
CUST-002760,45,Month-to-month,111.29,5294.8,1,1,1,Fiber optic,Electronic check,1,0,1,1,4,100.7,0
CUST-002761,33,One year,79.28,2638.04,5,0,0,DSL,Credit card (automatic),0,0,1,0,2,180.2,0
CUST-002762,46,One year,122.27,5725.82,1,0,1,Fiber optic,Electronic check,0,0,0,0,0,136.9,0
CUST-002763,29,Month-to-month,47.07,1424.96,2,0,1,DSL,Mailed check,1,0,1,0,0,104.3,0
CUST-002764,72,Month-to-month,104.74,7807.99,0,0,0,Fiber optic,Bank transfer (automatic),0,0,1,0,1,113.2,1
CUST-002765,39,Two year,97.64,4006.76,1,0,0,Fiber optic,Credit card (automatic),1,0,0,1,2,115.7,0
CUST-002766,50,Two year,75.86,3853.85,1,0,0,DSL,Electronic check,1,0,1,1,1,215.5,0
CUST-002767,45,Month-to-month,43.41,1984.74,2,1,0,DSL,Bank transfer (automatic),1,0,0,0,1,93.7,1
CUST-002768,26,One year,39.03,1026.93,7,1,0,No,Bank transfer (automatic),0,0,0,1,1,119.8,0
CUST-002769,36,Month-to-month,78.48,2947.44,7,0,0,DSL,Electronic check,1,0,0,1,1,49.5,1
CUST-002770,18,Month-to-month,86.82,1529.02,1,1,0,DSL,Electronic check,1,0,0,0,4,81.5,0
CUST-002771,72,Month-to-month,49.54,3661.5,1,0,0,DSL,Credit card (automatic),1,0,0,0,5,63.2,1
CUST-002772,42,One year,105.23,4927.35,1,1,0,Fiber optic,Mailed check,1,0,0,0,2,120.5,1
CUST-002773,15,Month-to-month,94.98,1450.27,5,0,0,DSL,Electronic check,1,0,0,0,0,96.5,1
CUST-002774,72,Month-to-month,80.96,5480.2,2,1,1,Fiber optic,Bank transfer (automatic),1,1,0,0,4,41.5,0
CUST-002775,27,Month-to-month,29.03,772.44,1,1,1,DSL,Mailed check,0,0,0,1,3,146.2,0
CUST-002776,55,Month-to-month,32.16,1823.7,2,1,0,DSL,Electronic check,1,1,1,0,0,116.0,0
CUST-002777,6,Month-to-month,48.09,278.87,0,1,0,DSL,Electronic check,0,0,1,0,4,62.3,0
CUST-002778,64,Month-to-month,53.85,3277.89,3,1,0,DSL,Mailed check,0,1,0,1,1,98.7,0
CUST-002779,40,One year,89.1,3318.21,5,0,1,Fiber optic,Bank transfer (automatic),0,1,0,0,3,107.3,1
CUST-002780,14,Month-to-month,64.6,894.98,0,1,1,DSL,Mailed check,0,0,0,1,4,82.8,0
CUST-002781,40,Month-to-month,83.19,3595.76,1,0,0,Fiber optic,Electronic check,1,1,0,1,5,34.6,0
CUST-002782,72,One year,106.98,7497.98,0,1,0,Fiber optic,Bank transfer (automatic),1,0,0,0,1,88.8,0
CUST-002783,19,Month-to-month,45.98,911.88,0,0,0,DSL,Bank transfer (automatic),1,0,0,1,0,87.7,0
CUST-002784,19,Month-to-month,96.62,1810.17,5,1,1,DSL,Bank transfer (automatic),0,0,0,0,3,123.3,0
CUST-002785,26,Two year,113.5,2893.86,0,1,1,Fiber optic,Electronic check,0,0,0,0,2,124.1,0
CUST-002786,32,One year,111.67,3665.8,1,0,1,Fiber optic,Electronic check,1,0,1,0,2,15.5,0
CUST-002787,57,Month-to-month,73.51,3868.75,2,1,0,Fiber optic,Credit card (automatic),0,0,1,1,0,121.1,0
CUST-002788,42,Month-to-month,62.09,2825.45,2,0,0,No,Electronic check,1,0,1,0,2,35.7,1
CUST-002789,26,Month-to-month,83.07,2217.85,8,1,0,DSL,Mailed check,1,0,1,1,1,95.9,1
CUST-002790,37,Month-to-month,85.0,3310.34,1,0,0,Fiber optic,Bank transfer (automatic),1,1,0,0,5,136.1,0
CUST-002791,72,Two year,72.52,5154.12,0,0,0,Fiber optic,Credit card (automatic),1,0,0,0,5,245.0,0
CUST-002792,47,One year,46.52,2240.71,7,0,1,DSL,Credit card (automatic),1,1,0,0,2,105.4,0
CUST-002793,28,Month-to-month,72.74,2131.71,0,0,0,Fiber optic,Mailed check,0,0,1,0,3,115.8,0
CUST-002794,25,Month-to-month,60.98,1517.59,1,0,0,Fiber optic,Credit card (automatic),1,1,1,1,5,285.2,1
CUST-002795,36,Month-to-month,150.0,5164.24,1,0,0,Fiber optic,Electronic check,0,0,1,0,2,58.3,1
CUST-002796,57,Month-to-month,41.19,2237.12,1,0,1,Fiber optic,Credit card (automatic),0,0,1,1,0,44.6,0
CUST-002797,17,Month-to-month,40.48,673.61,3,1,0,DSL,Electronic check,0,0,0,0,2,70.7,0
CUST-002798,52,Month-to-month,104.9,5516.71,2,0,0,Fiber optic,Credit card (automatic),0,0,1,0,4,80.0,1
CUST-002799,28,Two year,72.96,2026.25,1,1,1,Fiber optic,Credit card (automatic),1,0,1,1,4,133.1,0
CUST-002800,31,One year,81.21,2455.9,2,0,1,Fiber optic,Credit card (automatic),0,1,1,1,1,85.7,0
CUST-002801,72,Two year,99.88,7435.16,7,0,1,Fiber optic,Bank transfer (automatic),0,0,1,0,0,24.6,0
CUST-002802,48,Two year,115.81,5430.73,0,0,1,Fiber optic,Electronic check,1,0,0,1,2,84.4,0
CUST-002803,20,Two year,83.16,1613.5,0,0,1,Fiber optic,Mailed check,1,0,0,0,1,139.9,0
CUST-002804,40,Two year,88.05,3687.42,1,0,0,DSL,Electronic check,1,1,0,1,5,197.3,0
CUST-002805,59,Month-to-month,47.56,2883.28,0,0,0,Fiber optic,Bank transfer (automatic),1,0,1,1,5,101.7,0
CUST-002806,49,Month-to-month,74.85,3443.0,0,1,0,Fiber optic,Electronic check,1,0,0,0,5,31.9,0
CUST-002807,3,Month-to-month,77.37,216.66,1,1,0,DSL,Electronic check,0,0,1,0,2,144.7,0
CUST-002808,30,One year,114.33,3239.93,3,1,1,DSL,Electronic check,1,0,0,0,5,88.1,1
CUST-002809,42,One year,40.87,1713.91,1,1,0,DSL,Credit card (automatic),1,0,0,1,4,69.3,0
CUST-002810,39,Month-to-month,61.46,2538.17,5,0,0,Fiber optic,Mailed check,1,0,0,0,2,196.4,0
CUST-002811,21,Two year,73.54,1656.1,2,0,1,DSL,Bank transfer (automatic),0,0,0,1,3,57.6,0
CUST-002812,49,One year,66.33,3372.13,3,0,0,No,Electronic check,0,1,1,1,0,155.6,1
CUST-002813,65,One year,47.04,3350.04,1,1,1,No,Mailed check,0,0,1,0,1,120.8,0
CUST-002814,7,Month-to-month,34.58,244.5,2,1,1,No,Bank transfer (automatic),1,1,0,0,5,115.5,0
CUST-002815,6,Month-to-month,52.15,330.25,2,1,0,DSL,Electronic check,1,0,1,0,1,189.5,0
CUST-002816,40,Month-to-month,103.03,4003.5,0,0,0,Fiber optic,Bank transfer (automatic),1,1,0,0,0,95.9,1
CUST-002817,52,Month-to-month,56.67,2717.56,2,0,0,No,Mailed check,0,0,0,0,5,331.5,0
CUST-002818,19,One year,119.28,2231.34,5,1,0,Fiber optic,Credit card (automatic),0,0,0,0,3,123.6,1
CUST-002819,4,Month-to-month,61.6,244.86,1,1,1,DSL,Electronic check,1,0,0,0,3,277.4,0
CUST-002820,30,Month-to-month,80.04,2711.54,4,0,1,No,Mailed check,1,1,1,0,3,17.6,1
CUST-002821,40,Month-to-month,96.96,3878.32,4,0,0,Fiber optic,Credit card (automatic),1,1,0,0,3,224.0,1
CUST-002822,24,One year,79.91,1820.24,1,0,0,Fiber optic,Credit card (automatic),0,0,0,0,5,65.7,0
CUST-002823,60,Month-to-month,85.83,5398.19,3,0,0,No,Mailed check,1,0,1,1,0,89.2,0
CUST-002824,38,Two year,34.57,1263.77,2,1,1,No,Electronic check,1,0,1,0,3,142.1,0
CUST-002825,17,Month-to-month,76.16,1304.01,1,0,0,Fiber optic,Mailed check,1,0,1,1,1,89.9,1
CUST-002826,19,Two year,54.65,1083.9,2,0,1,DSL,Bank transfer (automatic),0,0,1,1,4,77.2,0
CUST-002827,31,Month-to-month,99.54,2942.0,0,0,0,Fiber optic,Electronic check,1,1,0,1,1,47.1,0
CUST-002828,23,Month-to-month,105.77,2617.29,2,1,1,Fiber optic,Electronic check,0,0,0,0,0,101.0,0
CUST-002829,6,Two year,69.62,441.25,6,1,0,Fiber optic,Bank transfer (automatic),1,0,1,0,0,33.9,0
CUST-002830,36,One year,66.1,2421.63,0,1,1,Fiber optic,Electronic check,0,0,1,0,2,131.2,0
CUST-002831,19,One year,91.96,1900.27,1,0,0,Fiber optic,Credit card (automatic),0,1,0,0,3,67.6,0
CUST-002832,22,One year,51.56,1112.64,0,0,1,Fiber optic,Electronic check,1,1,0,1,2,181.9,0
CUST-002833,12,Month-to-month,90.2,1125.38,1,1,0,No,Credit card (automatic),0,0,1,1,4,186.9,0
CUST-002834,72,One year,59.4,4336.42,4,0,1,No,Bank transfer (automatic),1,0,1,1,4,175.0,0
CUST-002835,46,Month-to-month,60.76,2705.82,1,1,1,Fiber optic,Credit card (automatic),1,0,1,0,4,25.5,0
CUST-002836,72,One year,60.27,4207.57,1,1,0,Fiber optic,Credit card (automatic),1,0,0,1,5,105.7,0
CUST-002837,24,Two year,97.83,2586.36,2,1,0,Fiber optic,Electronic check,1,0,0,0,2,70.5,1
CUST-002838,48,Two year,97.15,4910.19,2,1,0,Fiber optic,Electronic check,1,0,0,1,3,100.2,0
CUST-002839,36,One year,45.79,1721.75,1,0,1,DSL,Electronic check,1,0,1,1,5,183.4,0
CUST-002840,18,One year,87.15,1519.66,0,0,1,Fiber optic,Bank transfer (automatic),1,0,1,0,2,201.5,0
CUST-002841,24,Month-to-month,61.77,1534.96,2,0,0,Fiber optic,Electronic check,1,0,0,0,5,205.5,0
CUST-002842,46,Month-to-month,83.54,3772.13,3,0,0,Fiber optic,Bank transfer (automatic),1,0,1,0,4,117.6,1
CUST-002843,12,Two year,101.89,1326.49,2,1,0,No,Credit card (automatic),0,0,0,0,1,103.5,1
CUST-002844,60,One year,118.26,7525.91,2,1,0,No,Mailed check,1,0,0,0,5,97.7,0
CUST-002845,34,Month-to-month,59.71,2123.46,4,1,1,No,Bank transfer (automatic),1,0,0,1,2,79.4,0
CUST-002846,55,One year,75.8,4339.46,2,1,1,No,Credit card (automatic),0,0,1,0,5,44.0,0
CUST-002847,40,Month-to-month,99.81,3974.88,2,1,1,Fiber optic,Credit card (automatic),1,1,0,0,4,92.1,0
CUST-002848,7,Two year,21.97,157.54,0,0,0,No,Electronic check,1,1,1,1,3,110.6,0
CUST-002849,30,Two year,36.25,1171.31,1,1,0,No,Electronic check,1,0,1,0,1,157.6,0
CUST-002850,61,Month-to-month,32.11,2004.41,2,1,1,Fiber optic,Bank transfer (automatic),1,0,0,1,1,128.5,1
CUST-002851,34,Month-to-month,76.23,2482.87,0,1,1,DSL,Electronic check,1,0,0,1,0,153.0,0
CUST-002852,30,One year,113.63,3622.8,1,1,0,DSL,Bank transfer (automatic),0,1,0,0,3,93.7,1
CUST-002853,34,Month-to-month,116.65,3831.37,0,0,0,Fiber optic,Credit card (automatic),1,0,1,0,2,111.6,0
CUST-002854,5,Two year,91.11,454.88,1,0,0,Fiber optic,Mailed check,0,1,0,0,1,144.9,0
CUST-002855,65,Month-to-month,87.59,5558.51,1,1,1,Fiber optic,Electronic check,1,0,0,0,4,73.4,0
CUST-002856,3,Month-to-month,81.19,211.8,2,0,0,Fiber optic,Electronic check,1,0,0,0,4,109.9,1
CUST-002857,72,Month-to-month,116.49,8460.78,8,0,0,Fiber optic,Credit card (automatic),0,0,1,0,1,71.9,1
CUST-002858,23,One year,70.39,1794.85,1,1,0,DSL,Electronic check,1,0,0,1,1,94.5,0
CUST-002859,42,One year,66.56,2840.25,4,1,1,DSL,Electronic check,0,0,1,1,5,198.1,0
CUST-002860,5,Two year,62.42,358.34,1,0,0,Fiber optic,Bank transfer (automatic),1,1,0,0,0,156.2,0
CUST-002861,52,Two year,80.03,4129.68,3,0,1,DSL,Mailed check,0,1,1,0,5,51.8,0
CUST-002862,46,One year,61.25,2848.7,5,1,1,No,Mailed check,0,0,0,0,3,6.2,0
CUST-002863,44,Month-to-month,74.92,3279.3,0,1,1,No,Bank transfer (automatic),1,1,1,0,0,24.7,0
CUST-002864,4,Month-to-month,114.98,461.31,0,0,0,Fiber optic,Bank transfer (automatic),1,0,0,0,4,163.9,0
CUST-002865,16,Two year,49.13,800.62,0,1,0,Fiber optic,Electronic check,1,0,0,1,5,107.3,0
CUST-002866,40,Month-to-month,57.61,2478.42,1,0,0,No,Mailed check,0,0,0,0,2,218.9,0
CUST-002867,64,Two year,53.98,3309.82,2,0,1,No,Bank transfer (automatic),1,0,0,0,5,227.1,0
CUST-002868,14,Two year,76.78,1075.39,1,0,1,Fiber optic,Mailed check,1,0,0,0,4,62.3,0
CUST-002869,14,One year,37.08,535.1,2,1,0,No,Credit card (automatic),0,0,1,0,4,107.8,0
CUST-002870,38,One year,71.81,2903.43,1,0,0,Fiber optic,Electronic check,0,1,1,1,1,243.4,0
CUST-002871,72,Two year,37.54,2411.27,0,0,1,DSL,Mailed check,1,0,1,0,2,180.3,0
CUST-002872,18,One year,110.62,1851.94,3,0,0,Fiber optic,Bank transfer (automatic),1,1,0,0,2,111.3,0
CUST-002873,23,One year,99.44,2291.76,1,0,0,Fiber optic,Bank transfer (automatic),1,0,1,1,2,47.7,1
CUST-002874,20,Month-to-month,72.7,1535.37,1,0,0,No,Electronic check,0,1,0,0,2,121.3,1
CUST-002875,28,Month-to-month,16.83,459.91,4,0,0,DSL,Bank transfer (automatic),0,0,1,1,4,70.4,0
CUST-002876,68,Month-to-month,138.72,9748.47,0,0,0,Fiber optic,Credit card (automatic),0,0,1,1,1,196.9,0
CUST-002877,29,Two year,79.79,2542.74,3,1,0,Fiber optic,Mailed check,1,0,0,0,2,164.5,0
CUST-002878,72,One year,108.62,7824.69,1,0,0,No,Electronic check,1,0,1,1,2,84.0,1
CUST-002879,33,One year,108.73,3547.16,5,1,0,Fiber optic,Electronic check,1,0,1,1,5,78.5,0
CUST-002880,72,Month-to-month,59.21,4363.7,2,1,1,DSL,Mailed check,1,0,0,0,1,152.0,0
CUST-002881,24,Two year,116.08,2811.0,0,1,0,No,Electronic check,0,0,1,1,2,84.3,0
CUST-002882,10,Month-to-month,104.18,1055.1,2,0,1,Fiber optic,Credit card (automatic),1,1,0,0,0,125.0,0
CUST-002883,29,One year,59.29,1703.86,1,0,0,No,Credit card (automatic),1,0,0,1,1,309.9,0
CUST-002884,44,Month-to-month,55.22,2398.44,0,1,0,No,Credit card (automatic),0,0,0,0,0,35.9,0
CUST-002885,16,Two year,90.8,1379.84,4,1,0,DSL,Mailed check,1,0,0,0,4,120.8,0
CUST-002886,65,One year,51.59,3456.18,0,0,0,No,Mailed check,1,0,0,1,2,149.9,1
CUST-002887,21,Month-to-month,80.54,1603.41,5,0,0,Fiber optic,Mailed check,0,0,0,0,5,68.1,1
CUST-002888,12,Month-to-month,50.08,576.41,1,0,0,No,Electronic check,0,0,0,1,0,31.7,0
CUST-002889,72,Month-to-month,46.11,3121.08,0,1,0,DSL,Bank transfer (automatic),1,0,0,1,3,39.5,1
CUST-002890,15,Month-to-month,72.64,1071.83,1,1,0,Fiber optic,Electronic check,0,0,1,1,2,90.6,0
CUST-002891,20,Month-to-month,109.31,2189.03,0,1,0,DSL,Electronic check,0,1,0,0,4,63.3,0
CUST-002892,49,Month-to-month,90.19,4176.31,1,1,0,DSL,Credit card (automatic),1,0,0,0,1,107.2,1
CUST-002893,23,Month-to-month,70.88,1608.53,1,1,1,No,Credit card (automatic),1,0,0,0,5,224.9,1
CUST-002894,13,Month-to-month,51.31,672.42,2,1,1,DSL,Credit card (automatic),0,0,1,1,5,187.7,0
CUST-002895,19,One year,51.22,896.82,1,0,0,DSL,Mailed check,0,1,0,0,3,142.4,1
CUST-002896,72,Month-to-month,55.83,3867.12,0,0,1,No,Credit card (automatic),0,0,1,0,2,99.2,0
CUST-002897,45,Month-to-month,134.72,6609.43,0,0,0,Fiber optic,Mailed check,1,0,1,0,2,30.8,1
CUST-002898,52,Two year,97.27,4878.83,0,0,0,Fiber optic,Electronic check,0,0,1,0,2,54.1,0
CUST-002899,37,Month-to-month,83.69,3206.21,0,1,0,No,Mailed check,1,1,0,0,4,68.6,1
CUST-002900,41,One year,95.0,3796.16,6,0,1,Fiber optic,Bank transfer (automatic),0,0,1,0,2,97.5,0
CUST-002901,22,Two year,42.86,952.35,1,0,0,DSL,Mailed check,1,0,1,1,5,223.9,0
CUST-002902,34,One year,92.56,3021.58,1,0,0,Fiber optic,Credit card (automatic),0,0,0,0,4,83.7,0
CUST-002903,4,Month-to-month,63.1,228.4,1,0,1,Fiber optic,Mailed check,0,0,1,0,2,377.5,0
CUST-002904,58,Month-to-month,94.88,5381.7,1,0,1,DSL,Credit card (automatic),0,0,0,0,5,55.8,0
CUST-002905,22,Two year,71.28,1602.8,1,0,0,Fiber optic,Electronic check,1,1,1,1,4,159.2,0
CUST-002906,11,Two year,75.7,860.94,2,1,0,Fiber optic,Bank transfer (automatic),1,0,1,0,4,64.6,0
CUST-002907,35,Month-to-month,85.33,3007.91,1,1,0,DSL,Credit card (automatic),1,0,1,0,2,181.2,1
CUST-002908,26,One year,47.54,1188.0,1,0,0,DSL,Bank transfer (automatic),0,0,1,0,5,222.9,0
CUST-002909,57,Two year,59.52,3548.74,0,1,0,No,Credit card (automatic),0,0,0,0,1,79.4,0
CUST-002910,29,Two year,15.0,419.3,1,0,1,DSL,Bank transfer (automatic),0,1,1,0,0,59.8,0
CUST-002911,18,Month-to-month,56.94,991.06,0,0,1,DSL,Electronic check,0,1,1,0,1,135.8,0
CUST-002912,30,Month-to-month,79.86,2278.38,2,1,1,No,Bank transfer (automatic),1,0,1,0,4,154.1,1
CUST-002913,72,Month-to-month,74.34,5239.26,0,1,1,Fiber optic,Bank transfer (automatic),1,0,1,0,1,177.9,1
CUST-002914,58,Month-to-month,78.98,4513.14,0,1,1,No,Electronic check,1,0,1,0,4,199.9,0
CUST-002915,45,One year,64.6,2949.63,0,0,1,No,Mailed check,0,0,0,1,5,48.3,0
CUST-002916,60,Month-to-month,117.2,6556.32,1,0,0,Fiber optic,Electronic check,1,0,1,0,2,84.3,0
CUST-002917,48,Month-to-month,71.63,3359.1,0,1,1,Fiber optic,Electronic check,1,1,1,0,5,144.9,1
CUST-002918,14,Month-to-month,58.96,792.4,2,0,0,DSL,Credit card (automatic),1,0,1,0,5,73.7,0
CUST-002919,52,Two year,28.26,1500.94,2,0,0,DSL,Credit card (automatic),1,0,1,0,3,193.7,0
CUST-002920,65,Two year,62.7,4137.15,1,1,1,DSL,Bank transfer (automatic),1,0,0,0,1,82.2,0
CUST-002921,67,Two year,79.46,5049.78,1,0,1,Fiber optic,Mailed check,1,0,0,0,1,66.2,0
CUST-002922,12,Two year,114.0,1401.67,4,0,0,Fiber optic,Mailed check,0,0,1,0,4,108.2,0
CUST-002923,20,Two year,49.38,985.01,0,1,0,No,Electronic check,1,0,0,0,3,98.7,0
CUST-002924,18,Month-to-month,54.41,1018.22,0,1,1,DSL,Mailed check,1,0,1,0,0,75.3,0
CUST-002925,24,Month-to-month,73.12,1698.19,2,0,0,Fiber optic,Credit card (automatic),1,0,1,0,1,273.2,0
CUST-002926,42,Two year,65.68,2840.0,2,0,1,DSL,Bank transfer (automatic),1,0,1,0,2,9.0,0
CUST-002927,34,One year,114.71,4068.82,1,0,1,DSL,Mailed check,1,1,1,1,1,139.9,0
CUST-002928,34,Month-to-month,15.0,511.76,1,1,1,Fiber optic,Electronic check,1,0,0,0,5,86.2,0
CUST-002929,9,Two year,88.8,883.03,2,1,1,Fiber optic,Credit card (automatic),1,0,0,1,1,235.0,0
CUST-002930,20,Month-to-month,119.36,2445.86,1,1,0,Fiber optic,Electronic check,1,0,0,0,3,64.3,1
CUST-002931,71,Two year,77.14,5959.68,0,1,1,Fiber optic,Mailed check,1,1,0,0,2,104.4,0
CUST-002932,65,One year,103.17,7551.63,2,0,0,Fiber optic,Mailed check,1,0,0,0,4,303.3,0
CUST-002933,29,Month-to-month,94.43,2509.41,0,0,0,No,Mailed check,1,1,0,0,2,98.8,1
CUST-002934,52,Two year,83.1,4570.03,1,1,1,Fiber optic,Bank transfer (automatic),1,0,0,0,0,100.5,0
CUST-002935,39,One year,73.69,2948.11,2,0,0,Fiber optic,Bank transfer (automatic),0,0,0,1,2,81.9,0
CUST-002936,56,One year,88.39,5010.08,0,0,1,DSL,Bank transfer (automatic),1,0,1,1,3,84.3,0
CUST-002937,54,One year,102.38,5345.84,2,0,1,Fiber optic,Electronic check,1,0,0,1,5,195.0,0
CUST-002938,31,Month-to-month,88.44,2619.46,2,1,1,Fiber optic,Credit card (automatic),0,0,0,1,2,275.9,0
CUST-002939,45,Month-to-month,80.28,3422.37,3,1,0,DSL,Bank transfer (automatic),0,0,0,0,2,96.5,1
CUST-002940,41,Month-to-month,114.01,5194.04,2,1,1,Fiber optic,Credit card (automatic),1,0,0,0,5,15.1,0
CUST-002941,31,Month-to-month,88.67,2815.76,2,0,1,Fiber optic,Electronic check,1,0,0,0,3,155.9,0
CUST-002942,26,Month-to-month,72.64,1760.29,0,0,0,DSL,Credit card (automatic),1,0,1,0,3,16.4,1
CUST-002943,72,Month-to-month,78.06,5324.52,0,0,0,No,Bank transfer (automatic),0,0,0,0,4,35.7,1
CUST-002944,31,Month-to-month,53.45,1489.17,1,0,0,DSL,Bank transfer (automatic),0,1,1,0,0,88.3,0
CUST-002945,50,One year,94.7,5016.98,1,1,1,No,Electronic check,1,1,0,0,5,46.3,0
CUST-002946,72,Month-to-month,64.23,4635.03,0,0,0,Fiber optic,Electronic check,1,0,0,1,1,127.0,0
CUST-002947,45,Month-to-month,61.72,2848.11,5,1,0,DSL,Credit card (automatic),0,1,0,1,0,93.9,1
CUST-002948,44,Two year,84.19,3704.81,1,1,1,DSL,Mailed check,0,0,0,0,2,52.3,0
CUST-002949,31,Two year,63.59,2064.71,6,0,0,Fiber optic,Bank transfer (automatic),0,0,1,0,5,200.3,0
CUST-002950,42,Two year,111.78,4601.6,3,0,1,Fiber optic,Bank transfer (automatic),0,0,0,0,5,64.9,0
CUST-002951,25,Month-to-month,94.76,2404.0,2,0,0,Fiber optic,Credit card (automatic),0,0,0,1,4,23.3,0
CUST-002952,72,One year,123.13,8986.84,3,0,0,Fiber optic,Mailed check,1,0,1,0,1,167.5,0
CUST-002953,9,Month-to-month,80.32,680.94,1,1,0,DSL,Credit card (automatic),0,0,0,0,4,122.9,0
CUST-002954,28,One year,85.93,2319.06,2,1,0,Fiber optic,Electronic check,1,0,0,1,2,151.8,0
CUST-002955,46,Two year,70.79,3207.02,0,0,1,No,Credit card (automatic),1,0,1,0,1,96.1,0
CUST-002956,44,Month-to-month,96.69,4322.64,0,1,0,Fiber optic,Mailed check,0,0,0,0,3,224.2,0
CUST-002957,25,Two year,115.58,3090.09,0,0,1,No,Electronic check,0,0,1,1,4,65.4,0
CUST-002958,6,One year,92.12,555.92,1,1,1,Fiber optic,Mailed check,1,0,1,1,5,50.9,0
CUST-002959,11,Month-to-month,86.55,947.87,1,0,1,Fiber optic,Credit card (automatic),0,0,1,1,2,101.3,1
CUST-002960,36,Month-to-month,85.11,3111.45,0,0,0,Fiber optic,Bank transfer (automatic),1,0,0,1,5,42.8,0
CUST-002961,4,Two year,69.72,276.69,1,1,0,DSL,Electronic check,0,0,1,0,5,113.0,0
CUST-002962,48,Month-to-month,36.64,1756.72,4,1,1,DSL,Electronic check,1,0,0,0,5,154.0,0
CUST-002963,68,Month-to-month,80.43,5883.78,5,0,1,Fiber optic,Bank transfer (automatic),1,0,0,0,0,212.5,1
CUST-002964,54,Month-to-month,39.7,2119.89,2,0,0,No,Electronic check,1,0,1,0,5,111.0,0
CUST-002965,62,Two year,67.96,4268.7,3,1,1,Fiber optic,Electronic check,1,0,0,1,5,166.6,0
CUST-002966,5,Month-to-month,85.1,411.78,4,1,0,DSL,Bank transfer (automatic),0,0,1,0,0,136.6,0
CUST-002967,25,Two year,65.66,1744.98,1,1,0,DSL,Mailed check,1,0,0,1,5,86.0,0
CUST-002968,13,One year,71.45,886.52,6,1,0,Fiber optic,Electronic check,1,0,0,1,3,42.2,1
CUST-002969,7,Month-to-month,86.24,601.51,0,0,0,Fiber optic,Mailed check,1,0,0,1,0,150.6,0
CUST-002970,21,Month-to-month,58.85,1296.56,7,1,0,DSL,Bank transfer (automatic),0,1,0,1,0,30.9,1
CUST-002971,72,One year,66.32,4568.28,1,1,1,DSL,Bank transfer (automatic),0,0,0,0,0,209.1,0
CUST-002972,72,Month-to-month,52.32,3930.51,3,0,1,Fiber optic,Electronic check,0,0,1,0,5,108.3,0
CUST-002973,15,Month-to-month,37.72,507.83,2,1,1,DSL,Mailed check,1,0,0,0,1,56.4,1
CUST-002974,33,Month-to-month,53.96,1683.46,3,1,0,Fiber optic,Mailed check,0,0,0,0,5,203.3,0
CUST-002975,41,Two year,67.51,2754.87,1,0,0,Fiber optic,Mailed check,1,1,0,0,0,338.9,0
CUST-002976,26,One year,46.93,1367.19,3,1,0,DSL,Electronic check,1,0,1,1,5,129.2,0
CUST-002977,72,Month-to-month,64.14,4651.67,2,0,1,Fiber optic,Electronic check,1,0,1,1,1,60.6,0
CUST-002978,22,Month-to-month,84.11,1865.85,1,1,0,DSL,Bank transfer (automatic),1,0,0,1,4,26.1,0
CUST-002979,19,Month-to-month,111.0,2230.03,1,0,1,DSL,Electronic check,0,0,0,0,4,159.2,1
CUST-002980,16,One year,85.64,1295.81,1,0,0,No,Credit card (automatic),1,0,0,0,0,175.5,1
CUST-002981,25,Month-to-month,75.87,1609.08,1,1,1,Fiber optic,Credit card (automatic),1,0,0,0,4,23.0,0
CUST-002982,1,Two year,70.25,76.34,1,1,0,DSL,Mailed check,1,0,0,0,4,121.1,1
CUST-002983,26,Two year,63.34,1696.63,1,1,1,DSL,Bank transfer (automatic),1,0,0,1,0,114.3,1
CUST-002984,34,Month-to-month,49.78,1654.84,2,0,0,DSL,Bank transfer (automatic),1,0,0,0,2,96.2,1
CUST-002985,36,Two year,98.12,3542.45,10,1,0,No,Electronic check,0,0,0,0,5,141.3,1
CUST-002986,13,One year,140.18,1918.21,0,0,0,Fiber optic,Mailed check,1,0,1,0,5,99.9,0
CUST-002987,36,One year,53.25,1904.61,8,0,0,Fiber optic,Credit card (automatic),1,0,1,1,5,42.6,0
CUST-002988,35,Month-to-month,101.01,3560.96,3,1,1,DSL,Electronic check,1,0,0,1,5,29.1,1
CUST-002989,36,Two year,50.23,1992.3,0,1,0,No,Bank transfer (automatic),0,1,1,0,1,20.5,0
CUST-002990,55,Month-to-month,58.44,3014.35,1,0,0,No,Bank transfer (automatic),1,0,0,0,1,148.2,0
CUST-002991,12,Two year,72.07,887.21,0,0,0,DSL,Electronic check,1,0,1,0,3,86.4,0
CUST-002992,26,Month-to-month,128.69,3141.5,1,1,1,Fiber optic,Bank transfer (automatic),1,0,1,0,2,45.5,0
CUST-002993,6,Month-to-month,97.03,627.68,0,1,1,Fiber optic,Credit card (automatic),0,0,0,0,0,137.7,0
CUST-002994,51,Two year,100.31,5190.78,2,0,0,Fiber optic,Electronic check,1,0,1,0,4,67.6,0
CUST-002995,14,Month-to-month,111.33,1505.09,1,0,0,Fiber optic,Electronic check,1,0,1,0,3,83.6,1
CUST-002996,61,Month-to-month,90.28,5093.89,1,1,0,DSL,Electronic check,1,0,0,0,4,239.4,0
CUST-002997,62,Two year,102.78,6260.78,1,0,0,Fiber optic,Credit card (automatic),1,0,0,1,3,177.1,0
CUST-002998,28,Month-to-month,115.43,3262.04,1,1,0,Fiber optic,Bank transfer (automatic),1,0,0,1,0,127.6,0
CUST-002999,27,Two year,75.05,2143.72,6,0,0,Fiber optic,Bank transfer (automatic),1,0,1,1,1,285.6,0
CUST-003000,8,Two year,46.64,352.72,1,1,1,Fiber optic,Credit card (automatic),1,0,0,0,5,228.0,0
CUST-003001,32,Month-to-month,110.62,3393.89,0,0,0,DSL,Credit card (automatic),1,1,1,0,5,216.4,1
CUST-003002,55,One year,64.06,3435.74,6,0,1,Fiber optic,Electronic check,1,0,0,1,0,157.7,1
CUST-003003,39,Two year,51.65,1936.28,4,1,1,No,Credit card (automatic),1,0,1,0,1,226.1,0
CUST-003004,72,Two year,81.71,5731.76,2,0,0,Fiber optic,Mailed check,0,0,0,0,5,107.0,0
CUST-003005,24,Month-to-month,52.4,1198.17,1,0,1,No,Electronic check,1,0,1,0,0,199.9,0
CUST-003006,23,One year,71.85,1687.02,1,1,1,Fiber optic,Electronic check,1,1,1,0,1,130.7,0
CUST-003007,15,One year,101.59,1487.05,1,0,1,Fiber optic,Mailed check,1,1,0,1,2,42.5,1
CUST-003008,72,Month-to-month,101.86,7337.88,0,1,0,Fiber optic,Credit card (automatic),0,1,0,0,2,68.0,0
CUST-003009,8,One year,80.5,653.8,1,1,0,DSL,Mailed check,0,1,0,1,0,177.5,1
CUST-003010,52,Month-to-month,78.93,3821.28,0,1,1,No,Bank transfer (automatic),0,0,1,0,4,41.9,0
CUST-003011,55,Month-to-month,79.58,4506.81,2,0,1,Fiber optic,Electronic check,1,0,1,1,3,144.4,0
CUST-003012,54,Month-to-month,54.54,2976.0,0,1,0,No,Electronic check,1,0,0,0,4,24.1,0
CUST-003013,16,Two year,117.98,1907.55,3,1,1,Fiber optic,Credit card (automatic),1,0,0,0,2,79.5,0
CUST-003014,28,Month-to-month,76.97,2140.8,0,1,0,Fiber optic,Credit card (automatic),1,0,0,0,1,87.2,0
CUST-003015,47,Month-to-month,51.47,2386.48,1,0,0,DSL,Mailed check,0,0,0,0,4,49.3,0
CUST-003016,19,Month-to-month,113.24,2157.35,1,0,1,Fiber optic,Electronic check,1,1,0,0,2,63.3,1
CUST-003017,25,Month-to-month,89.54,2249.21,2,1,0,Fiber optic,Electronic check,0,0,0,0,3,112.3,0
CUST-003018,19,Two year,52.37,936.31,7,0,0,No,Credit card (automatic),0,0,0,0,3,59.9,0
CUST-003019,34,Month-to-month,52.61,1929.63,7,0,0,No,Electronic check,1,0,0,0,1,225.6,1
CUST-003020,32,Month-to-month,118.1,3647.73,0,0,0,Fiber optic,Electronic check,0,0,0,0,3,175.2,1
CUST-003021,72,Two year,104.65,7559.93,0,0,1,Fiber optic,Bank transfer (automatic),0,0,0,1,3,251.0,0
CUST-003022,48,Month-to-month,70.91,3601.98,0,0,1,DSL,Credit card (automatic),0,0,1,1,4,24.7,0
CUST-003023,10,Month-to-month,60.84,598.0,0,1,0,Fiber optic,Electronic check,0,0,1,0,1,37.2,1
CUST-003024,11,Two year,71.02,790.48,0,1,0,No,Credit card (automatic),1,1,1,1,3,56.3,0
CUST-003025,53,One year,84.68,3996.32,3,0,0,Fiber optic,Mailed check,1,0,1,0,2,94.1,0
CUST-003026,32,Month-to-month,67.19,1937.03,1,0,0,Fiber optic,Bank transfer (automatic),0,0,1,0,3,127.8,1
CUST-003027,72,One year,49.96,3592.52,1,1,0,No,Electronic check,1,0,0,1,4,100.7,0
CUST-003028,72,One year,82.4,5989.0,1,1,0,DSL,Credit card (automatic),1,0,1,0,3,161.2,0
CUST-003029,15,One year,96.06,1520.59,1,0,0,No,Bank transfer (automatic),1,1,1,0,5,31.9,1
CUST-003030,39,Month-to-month,63.56,2578.14,0,1,1,Fiber optic,Credit card (automatic),1,0,0,1,4,39.4,0
CUST-003031,11,Two year,41.72,422.39,1,1,0,DSL,Bank transfer (automatic),0,0,1,0,3,190.8,0
CUST-003032,52,One year,107.35,5936.19,3,1,1,Fiber optic,Credit card (automatic),0,0,0,1,0,91.6,0
CUST-003033,72,One year,54.77,3708.69,1,1,0,DSL,Bank transfer (automatic),1,1,1,0,1,104.9,0
CUST-003034,35,Two year,103.82,3790.45,1,0,0,Fiber optic,Bank transfer (automatic),0,0,1,0,4,80.4,0
CUST-003035,23,Two year,54.43,1223.62,0,0,0,DSL,Electronic check,1,0,1,0,1,290.9,0
CUST-003036,42,One year,79.42,3788.59,3,0,1,DSL,Credit card (automatic),0,0,1,0,5,125.0,1
CUST-003037,59,Month-to-month,55.66,3187.01,3,1,0,Fiber optic,Mailed check,0,0,1,0,1,21.5,0
CUST-003038,60,Month-to-month,103.73,6200.76,2,0,0,Fiber optic,Bank transfer (automatic),1,0,0,0,5,40.0,1
CUST-003039,23,One year,15.0,347.73,1,0,1,DSL,Bank transfer (automatic),0,1,0,0,2,85.5,0
CUST-003040,19,Month-to-month,88.13,1654.17,6,1,1,No,Credit card (automatic),1,0,0,0,0,52.4,0
CUST-003041,38,One year,64.15,2316.16,2,1,1,DSL,Bank transfer (automatic),1,0,0,0,4,133.2,0
CUST-003042,24,One year,101.03,2691.94,0,0,1,Fiber optic,Bank transfer (automatic),0,0,1,0,2,151.9,0
CUST-003043,72,One year,95.93,6696.07,0,0,1,Fiber optic,Bank transfer (automatic),0,0,0,0,2,175.3,0
CUST-003044,24,Month-to-month,22.35,519.06,7,0,1,DSL,Bank transfer (automatic),1,0,0,0,0,42.1,0
CUST-003045,34,Two year,99.17,3353.34,1,1,0,No,Mailed check,1,0,0,1,4,73.0,0
CUST-003046,41,One year,98.36,4071.73,1,0,0,Fiber optic,Credit card (automatic),1,0,0,1,1,122.4,0
CUST-003047,9,Month-to-month,83.91,729.33,1,0,0,DSL,Credit card (automatic),1,0,0,0,2,187.8,0
CUST-003048,20,One year,70.02,1467.16,2,1,0,Fiber optic,Bank transfer (automatic),1,0,1,0,0,196.8,1
CUST-003049,72,Month-to-month,96.02,6966.23,3,0,1,Fiber optic,Electronic check,0,1,1,0,0,119.7,1
CUST-003050,58,One year,32.25,1872.38,2,1,0,DSL,Mailed check,1,0,0,0,1,179.6,0
CUST-003051,24,Month-to-month,68.73,1695.55,3,0,0,DSL,Credit card (automatic),1,0,0,0,1,129.9,1
CUST-003052,52,One year,66.51,3311.78,0,1,1,Fiber optic,Credit card (automatic),0,0,1,1,5,112.4,0
CUST-003053,71,Month-to-month,150.0,10338.47,3,0,0,Fiber optic,Electronic check,0,0,1,1,3,118.0,1
CUST-003054,27,Month-to-month,80.13,2161.12,0,0,0,DSL,Credit card (automatic),1,0,0,0,5,165.2,0
CUST-003055,56,Month-to-month,123.27,7224.09,1,0,0,Fiber optic,Electronic check,0,1,1,0,3,135.1,0
CUST-003056,51,Month-to-month,58.76,2960.22,0,0,0,DSL,Credit card (automatic),1,0,0,0,4,46.9,0
CUST-003057,12,Two year,74.98,885.49,1,0,0,DSL,Credit card (automatic),1,0,1,0,2,106.6,0
CUST-003058,27,Two year,112.63,2720.43,7,0,0,Fiber optic,Bank transfer (automatic),1,0,0,0,0,99.7,0
CUST-003059,72,Month-to-month,38.18,2653.64,2,1,1,DSL,Credit card (automatic),0,0,1,0,1,94.3,0
CUST-003060,72,Month-to-month,48.19,3183.34,1,0,0,DSL,Bank transfer (automatic),0,0,0,0,3,48.6,1
CUST-003061,58,One year,89.31,4817.0,2,1,0,DSL,Mailed check,0,0,1,1,3,88.5,1
CUST-003062,20,Month-to-month,84.55,1721.93,2,1,0,Fiber optic,Credit card (automatic),0,0,0,0,0,117.5,0
CUST-003063,3,Month-to-month,71.31,249.43,1,0,0,Fiber optic,Electronic check,0,0,1,0,2,66.6,1
CUST-003064,17,Month-to-month,74.23,1274.17,7,0,0,Fiber optic,Electronic check,0,1,1,0,0,144.1,1
CUST-003065,10,One year,59.44,604.29,2,1,0,Fiber optic,Electronic check,1,0,1,0,5,13.8,0
CUST-003066,72,Two year,41.02,2841.13,2,1,0,Fiber optic,Bank transfer (automatic),1,0,0,1,3,160.7,0
CUST-003067,6,Month-to-month,22.6,128.49,1,0,0,DSL,Bank transfer (automatic),0,1,0,1,3,216.3,0
CUST-003068,12,Two year,66.14,875.28,2,0,0,DSL,Credit card (automatic),0,0,0,1,5,96.7,0
CUST-003069,37,Two year,81.79,2904.37,2,1,0,DSL,Credit card (automatic),1,0,0,0,1,88.6,0
CUST-003070,32,Two year,127.97,3685.56,0,1,1,No,Credit card (automatic),1,0,0,1,4,48.7,0
CUST-003071,72,One year,63.97,4662.39,0,0,0,DSL,Bank transfer (automatic),1,1,1,0,4,119.4,0
CUST-003072,48,Two year,33.0,1549.96,1,0,0,DSL,Credit card (automatic),1,0,1,0,5,211.3,0
CUST-003073,28,One year,89.29,2574.61,0,1,0,Fiber optic,Electronic check,1,0,0,1,4,190.8,0
CUST-003074,72,Two year,107.57,8352.1,8,1,1,Fiber optic,Bank transfer (automatic),0,1,1,1,5,209.9,1
CUST-003075,23,Month-to-month,90.75,2125.76,4,0,0,No,Electronic check,1,0,0,0,4,26.3,1
CUST-003076,72,One year,113.33,8252.34,1,0,1,Fiber optic,Electronic check,1,0,1,1,1,123.1,0
CUST-003077,15,One year,79.32,1229.04,0,0,1,DSL,Electronic check,0,0,1,0,2,250.4,0
CUST-003078,31,Month-to-month,92.38,3251.06,4,1,0,Fiber optic,Electronic check,0,0,0,0,3,70.0,1
CUST-003079,4,Month-to-month,108.42,483.09,1,0,1,Fiber optic,Credit card (automatic),1,0,1,0,3,31.2,1
CUST-003080,60,Month-to-month,35.38,2089.26,0,0,1,No,Mailed check,1,1,0,0,1,255.4,0
CUST-003081,36,Month-to-month,39.8,1500.84,0,0,1,Fiber optic,Credit card (automatic),1,1,0,1,5,121.6,1
CUST-003082,72,Month-to-month,142.33,11162.93,7,1,0,Fiber optic,Mailed check,1,0,0,0,3,69.0,0
CUST-003083,26,Month-to-month,63.82,1716.85,0,0,1,DSL,Bank transfer (automatic),1,0,0,0,4,133.6,1
CUST-003084,9,Month-to-month,78.35,702.81,1,1,1,No,Mailed check,1,0,0,1,4,98.6,0
CUST-003085,44,One year,19.96,856.38,0,0,0,Fiber optic,Credit card (automatic),1,0,0,1,3,23.2,0
CUST-003086,21,Month-to-month,103.62,2186.75,1,1,0,DSL,Electronic check,1,0,1,0,4,281.4,1
CUST-003087,54,Month-to-month,118.9,6054.68,2,0,0,Fiber optic,Bank transfer (automatic),1,0,0,0,1,35.8,0
CUST-003088,16,Month-to-month,50.86,850.19,2,1,1,Fiber optic,Credit card (automatic),1,0,0,0,2,81.2,1
CUST-003089,72,Month-to-month,57.07,4394.81,1,0,0,DSL,Credit card (automatic),0,1,1,1,2,110.4,0
CUST-003090,34,Month-to-month,96.66,3221.21,2,0,0,Fiber optic,Credit card (automatic),0,0,1,0,0,321.5,1
CUST-003091,29,Two year,58.41,1655.73,0,0,0,Fiber optic,Electronic check,0,0,0,0,3,118.7,0
CUST-003092,72,Month-to-month,77.22,5266.24,2,0,1,DSL,Mailed check,0,0,0,0,2,67.3,0
CUST-003093,61,Month-to-month,91.14,5689.34,1,0,1,No,Electronic check,1,0,0,1,5,90.6,0
CUST-003094,18,One year,73.11,1315.26,1,0,1,No,Mailed check,0,0,1,0,4,177.2,0
CUST-003095,60,Two year,25.84,1438.51,1,1,1,DSL,Electronic check,0,0,0,1,5,312.3,0
CUST-003096,51,Month-to-month,64.08,3744.39,0,1,1,Fiber optic,Credit card (automatic),1,1,0,1,3,53.0,0
CUST-003097,30,Month-to-month,61.91,1692.16,2,0,0,No,Credit card (automatic),1,0,1,0,2,145.2,1
CUST-003098,56,One year,83.76,4352.89,1,1,1,Fiber optic,Bank transfer (automatic),0,0,0,1,5,155.3,0
CUST-003099,72,Month-to-month,59.27,4467.91,2,0,0,No,Credit card (automatic),1,0,1,0,1,167.4,0
CUST-003100,30,Month-to-month,58.38,1808.94,0,1,0,DSL,Bank transfer (automatic),0,0,0,0,1,35.5,1
CUST-003101,31,Two year,44.9,1342.19,1,0,0,Fiber optic,Electronic check,0,0,0,0,1,232.8,0
CUST-003102,29,Two year,110.14,3069.7,0,0,1,Fiber optic,Bank transfer (automatic),1,0,0,0,2,150.5,0
CUST-003103,17,One year,80.68,1402.96,5,1,1,DSL,Electronic check,1,0,0,0,5,168.5,0
CUST-003104,30,Month-to-month,103.06,3150.25,1,0,1,Fiber optic,Mailed check,1,1,1,1,3,60.8,1
CUST-003105,28,One year,75.74,2046.08,0,0,1,DSL,Credit card (automatic),1,0,1,0,3,136.6,0
CUST-003106,27,Two year,57.9,1640.99,0,1,0,DSL,Mailed check,1,0,0,0,4,189.8,0
CUST-003107,26,Two year,49.82,1332.36,3,0,1,DSL,Electronic check,0,1,0,1,3,108.4,0
CUST-003108,12,Month-to-month,39.56,506.44,0,1,0,DSL,Electronic check,0,0,1,0,5,25.4,0
CUST-003109,65,Month-to-month,103.57,6715.28,0,1,0,DSL,Bank transfer (automatic),1,1,0,0,0,154.6,0
CUST-003110,20,Month-to-month,89.49,1862.3,1,0,0,Fiber optic,Electronic check,0,0,0,0,0,131.2,1
CUST-003111,72,Two year,23.49,1671.98,2,0,0,DSL,Bank transfer (automatic),0,1,0,0,5,79.7,1
CUST-003112,14,Month-to-month,64.27,924.12,1,1,0,DSL,Mailed check,1,0,0,0,4,252.5,0
CUST-003113,72,Month-to-month,15.0,1099.32,1,1,0,DSL,Credit card (automatic),0,0,0,0,1,89.4,0
CUST-003114,24,Month-to-month,71.2,1781.26,0,1,1,No,Credit card (automatic),1,0,0,1,3,113.1,0
CUST-003115,60,Month-to-month,68.57,4221.07,0,0,0,DSL,Electronic check,0,0,0,0,5,102.4,1
CUST-003116,35,Two year,76.45,2423.05,7,1,0,Fiber optic,Credit card (automatic),0,1,1,1,1,22.2,0
CUST-003117,10,Month-to-month,41.51,402.1,6,0,0,DSL,Electronic check,1,1,0,0,4,154.2,1
CUST-003118,11,Month-to-month,79.06,873.28,6,0,0,DSL,Electronic check,1,0,0,0,5,117.0,1
CUST-003119,19,One year,87.92,1709.43,2,0,1,Fiber optic,Mailed check,1,0,0,0,5,32.0,1
CUST-003120,23,One year,41.46,992.91,1,1,0,Fiber optic,Mailed check,1,0,1,1,3,255.8,0
CUST-003121,31,One year,120.1,3825.24,1,1,1,Fiber optic,Credit card (automatic),1,0,1,1,1,107.5,0
CUST-003122,41,Two year,66.5,2630.43,3,1,0,Fiber optic,Credit card (automatic),0,0,0,1,0,126.0,0
CUST-003123,28,Month-to-month,32.05,938.6,4,1,1,DSL,Credit card (automatic),0,0,0,0,2,203.2,1
CUST-003124,40,Month-to-month,98.97,3798.66,2,0,1,DSL,Electronic check,0,0,1,0,2,29.8,0
CUST-003125,44,Month-to-month,91.49,4279.83,3,1,0,No,Bank transfer (automatic),0,0,1,0,1,61.2,0
CUST-003126,27,One year,54.49,1569.06,2,0,0,DSL,Bank transfer (automatic),1,0,0,0,4,65.8,0
CUST-003127,51,Two year,58.69,2991.68,5,0,1,Fiber optic,Electronic check,0,0,1,1,5,107.0,1
CUST-003128,59,Month-to-month,67.26,3839.76,0,1,0,Fiber optic,Credit card (automatic),1,0,1,0,1,258.8,1
CUST-003129,45,One year,54.06,2348.04,1,0,0,DSL,Credit card (automatic),0,0,1,0,4,155.9,0
CUST-003130,47,One year,95.4,4238.54,1,1,0,DSL,Credit card (automatic),0,0,0,0,5,96.8,0
CUST-003131,37,Two year,122.37,4318.82,9,0,0,Fiber optic,Credit card (automatic),1,1,1,1,0,96.9,1
CUST-003132,69,Month-to-month,94.15,6437.73,2,0,0,Fiber optic,Electronic check,1,0,1,0,3,68.3,1
CUST-003133,32,Month-to-month,81.25,2527.28,1,0,1,No,Credit card (automatic),1,0,0,0,4,56.6,0
CUST-003134,19,One year,59.77,1044.22,1,0,0,DSL,Credit card (automatic),0,0,1,0,3,130.0,0
CUST-003135,32,Two year,43.18,1348.35,6,1,0,No,Bank transfer (automatic),1,0,0,0,1,78.4,1
CUST-003136,10,One year,27.49,276.18,1,1,1,DSL,Electronic check,0,1,0,0,5,128.5,0
CUST-003137,9,Two year,73.07,646.48,1,0,1,DSL,Mailed check,0,0,1,1,0,182.2,0
CUST-003138,59,Month-to-month,112.51,6341.06,1,0,1,Fiber optic,Electronic check,0,0,0,0,5,108.9,1
CUST-003139,72,One year,52.23,3310.95,3,1,0,No,Electronic check,0,0,1,0,5,169.7,0
CUST-003140,25,Month-to-month,119.69,3163.62,1,0,0,Fiber optic,Credit card (automatic),1,0,1,1,1,125.3,1
CUST-003141,59,Month-to-month,80.38,4733.03,2,1,0,Fiber optic,Credit card (automatic),1,0,1,0,0,155.0,0
CUST-003142,5,Month-to-month,92.09,467.83,7,0,1,Fiber optic,Credit card (automatic),1,0,1,0,2,111.2,1
CUST-003143,45,Month-to-month,59.47,2700.35,0,0,0,No,Electronic check,1,1,0,0,4,92.8,1
CUST-003144,32,Month-to-month,95.91,3145.44,1,1,0,No,Bank transfer (automatic),0,0,1,0,0,348.2,0
CUST-003145,72,One year,102.32,7455.66,1,0,0,Fiber optic,Mailed check,0,0,0,0,0,67.2,1
CUST-003146,29,Two year,88.54,2580.32,3,1,0,Fiber optic,Mailed check,1,0,0,1,1,122.1,0
CUST-003147,13,Month-to-month,91.92,1240.57,2,0,0,Fiber optic,Mailed check,0,0,1,0,0,162.9,0
CUST-003148,8,Month-to-month,35.28,296.04,1,0,1,No,Credit card (automatic),1,0,1,0,4,34.8,1
CUST-003149,32,Month-to-month,34.16,1168.73,1,1,0,Fiber optic,Credit card (automatic),1,0,0,0,0,168.3,0
CUST-003150,37,Month-to-month,51.71,1833.69,9,1,1,DSL,Credit card (automatic),0,0,0,0,4,18.7,0
CUST-003151,27,Month-to-month,60.15,1644.3,1,1,1,No,Electronic check,1,0,0,1,5,114.2,0
CUST-003152,60,One year,103.28,5699.39,0,0,1,Fiber optic,Mailed check,1,0,0,0,1,239.9,0
CUST-003153,72,Two year,85.92,6037.33,3,0,0,Fiber optic,Bank transfer (automatic),1,0,0,1,1,115.3,0
CUST-003154,25,Month-to-month,78.27,1937.48,0,0,1,Fiber optic,Bank transfer (automatic),0,0,1,0,3,87.2,0
CUST-003155,6,One year,15.0,93.33,1,1,1,DSL,Credit card (automatic),1,1,1,0,2,54.6,0
CUST-003156,40,One year,103.18,4102.89,5,0,0,Fiber optic,Electronic check,1,0,0,0,5,132.5,0
CUST-003157,70,Month-to-month,70.28,5085.1,1,1,1,DSL,Electronic check,0,0,0,1,0,92.0,0
CUST-003158,25,Month-to-month,85.35,2096.93,0,0,0,No,Credit card (automatic),1,0,0,1,1,168.3,1
CUST-003159,47,Month-to-month,90.68,4138.85,2,0,0,Fiber optic,Bank transfer (automatic),1,0,1,0,2,135.7,1
CUST-003160,12,Month-to-month,93.67,1078.96,2,1,0,No,Bank transfer (automatic),1,0,0,0,2,61.0,1
CUST-003161,39,Two year,51.24,2067.38,2,1,1,DSL,Credit card (automatic),1,0,1,0,2,164.5,1
CUST-003162,48,Month-to-month,63.99,3013.41,4,0,0,No,Bank transfer (automatic),1,0,0,1,4,104.9,1
CUST-003163,40,Month-to-month,96.01,3374.47,0,0,1,Fiber optic,Bank transfer (automatic),1,0,0,1,0,76.3,0
CUST-003164,72,Month-to-month,106.5,7911.74,1,1,1,Fiber optic,Electronic check,0,0,0,0,5,180.2,0
CUST-003165,72,Month-to-month,75.41,5177.25,3,1,1,No,Bank transfer (automatic),1,0,0,0,5,26.1,1
CUST-003166,53,Two year,101.94,5455.01,0,0,0,Fiber optic,Mailed check,1,0,0,0,1,288.6,1
CUST-003167,65,Month-to-month,71.72,4398.62,0,1,0,No,Bank transfer (automatic),0,0,1,1,4,236.8,0
CUST-003168,39,One year,85.18,3324.47,1,1,0,Fiber optic,Bank transfer (automatic),1,0,1,0,5,90.7,0
CUST-003169,31,Month-to-month,87.53,2324.0,1,0,0,DSL,Electronic check,1,0,1,1,5,88.9,0
CUST-003170,23,Month-to-month,48.14,1105.36,1,0,1,Fiber optic,Mailed check,1,0,1,0,5,49.7,0
CUST-003171,12,Month-to-month,49.27,565.37,1,1,0,No,Mailed check,1,0,1,1,3,66.8,0
CUST-003172,72,Two year,129.8,8753.21,7,0,0,Fiber optic,Bank transfer (automatic),1,0,1,1,4,51.2,0
CUST-003173,72,Month-to-month,73.19,5471.03,1,1,1,Fiber optic,Electronic check,1,0,1,1,2,145.5,0
CUST-003174,33,One year,63.05,2068.3,2,1,1,DSL,Credit card (automatic),1,0,1,0,3,104.8,0
CUST-003175,33,Month-to-month,124.7,4064.87,1,1,0,Fiber optic,Mailed check,1,0,0,0,3,104.7,0
CUST-003176,49,One year,61.85,2920.89,3,0,1,No,Mailed check,0,1,0,1,0,109.4,0
CUST-003177,29,One year,44.15,1337.62,0,0,0,No,Bank transfer (automatic),1,0,1,0,5,95.5,0
CUST-003178,14,One year,94.96,1300.54,2,0,0,DSL,Bank transfer (automatic),0,0,1,1,3,66.2,1
CUST-003179,10,Month-to-month,57.77,620.67,1,0,0,DSL,Mailed check,1,0,1,0,3,201.8,1
CUST-003180,72,Month-to-month,59.47,4545.08,0,0,1,DSL,Electronic check,0,0,0,0,2,133.5,0
CUST-003181,7,Two year,15.49,116.16,4,1,0,DSL,Electronic check,1,0,0,0,2,104.9,0
CUST-003182,41,One year,61.82,2657.3,2,0,1,No,Electronic check,1,0,0,1,1,72.3,0
CUST-003183,8,Month-to-month,107.07,830.59,0,1,0,Fiber optic,Electronic check,0,0,1,0,1,45.6,0
CUST-003184,30,Month-to-month,54.23,1631.17,1,0,0,DSL,Bank transfer (automatic),1,0,0,1,4,207.2,0
CUST-003185,24,Month-to-month,57.97,1377.15,1,0,0,Fiber optic,Bank transfer (automatic),0,0,0,0,3,116.0,1
CUST-003186,9,Month-to-month,77.99,731.33,0,0,0,Fiber optic,Electronic check,1,1,1,1,4,77.6,0
CUST-003187,50,Month-to-month,74.62,3729.02,0,0,1,Fiber optic,Bank transfer (automatic),1,0,0,1,4,119.5,0
CUST-003188,13,Month-to-month,58.66,753.31,0,1,1,No,Electronic check,1,0,1,0,3,113.3,0
CUST-003189,8,Month-to-month,77.06,667.59,0,0,0,Fiber optic,Credit card (automatic),0,0,1,1,0,106.7,0
CUST-003190,54,One year,106.61,5662.69,3,1,1,DSL,Bank transfer (automatic),1,0,1,0,0,63.5,0
CUST-003191,25,Two year,72.56,1757.36,0,1,1,No,Bank transfer (automatic),1,0,1,1,5,93.6,0
CUST-003192,17,One year,21.49,357.99,7,0,1,DSL,Electronic check,1,0,1,1,5,84.9,0
CUST-003193,56,Month-to-month,66.79,3940.57,6,0,0,No,Bank transfer (automatic),1,0,1,0,5,86.2,0
CUST-003194,12,One year,89.0,1078.03,0,0,0,Fiber optic,Mailed check,1,0,0,0,3,160.6,1
CUST-003195,6,Month-to-month,94.86,582.21,0,1,0,No,Credit card (automatic),1,0,1,0,5,38.5,0
CUST-003196,72,One year,61.1,4451.11,1,0,0,DSL,Electronic check,0,1,1,0,0,94.0,0
CUST-003197,72,Month-to-month,85.38,5473.33,1,1,1,Fiber optic,Mailed check,0,0,0,0,1,44.9,0
CUST-003198,29,Month-to-month,111.57,3062.62,0,0,1,No,Credit card (automatic),1,0,0,0,3,77.0,0
CUST-003199,29,One year,38.28,1094.65,4,1,0,No,Bank transfer (automatic),1,1,1,0,0,58.9,1
CUST-003200,58,Month-to-month,84.94,5004.05,2,1,1,No,Bank transfer (automatic),1,1,1,1,2,261.2,0
CUST-003201,69,One year,66.6,4369.24,2,0,1,DSL,Credit card (automatic),1,0,0,1,0,227.3,0
CUST-003202,14,One year,77.48,1029.66,3,1,0,Fiber optic,Mailed check,0,1,1,0,4,92.2,0
CUST-003203,26,Month-to-month,73.8,1888.84,2,0,0,Fiber optic,Electronic check,0,0,0,0,5,192.1,1
CUST-003204,39,Month-to-month,98.96,4115.38,1,0,0,DSL,Credit card (automatic),1,1,1,0,1,137.9,1
CUST-003205,56,One year,101.63,5078.65,4,1,0,Fiber optic,Electronic check,1,1,0,0,1,70.7,0
CUST-003206,52,One year,105.03,4737.48,1,1,1,Fiber optic,Credit card (automatic),1,0,1,0,2,40.3,0
CUST-003207,46,Two year,112.24,5611.02,2,0,1,Fiber optic,Electronic check,0,0,1,0,5,125.4,0
CUST-003208,69,Month-to-month,73.55,4686.62,0,1,1,DSL,Electronic check,0,0,1,0,2,74.6,0
CUST-003209,31,Two year,38.48,1168.7,1,1,1,No,Mailed check,1,0,1,1,1,119.2,0
CUST-003210,72,Month-to-month,25.71,1712.22,3,1,0,No,Credit card (automatic),1,0,0,1,2,491.7,0
CUST-003211,21,Month-to-month,128.49,2657.47,2,1,0,Fiber optic,Electronic check,0,1,0,0,1,55.7,0
CUST-003212,53,One year,70.2,3695.28,7,0,0,No,Electronic check,1,0,0,1,0,49.1,1
CUST-003213,23,Month-to-month,66.98,1664.6,3,0,0,No,Electronic check,0,0,1,0,2,148.3,0
CUST-003214,29,Month-to-month,110.11,3308.25,4,1,1,DSL,Electronic check,0,0,0,0,0,103.7,1
CUST-003215,33,Month-to-month,63.39,1957.66,1,1,1,Fiber optic,Electronic check,0,0,1,0,2,276.5,1
CUST-003216,22,Two year,15.0,298.52,1,1,0,No,Credit card (automatic),0,1,1,0,0,208.9,0
CUST-003217,71,Two year,44.71,3253.72,0,0,1,Fiber optic,Bank transfer (automatic),1,0,1,0,3,249.6,0
CUST-003218,24,Two year,51.73,1209.26,1,1,0,DSL,Mailed check,0,0,0,0,4,97.1,0
CUST-003219,32,Month-to-month,92.93,2866.24,0,0,0,Fiber optic,Electronic check,0,0,0,0,5,48.3,1
CUST-003220,49,Month-to-month,124.79,6476.94,7,0,0,Fiber optic,Electronic check,1,0,1,1,0,107.8,1
CUST-003221,72,Two year,111.08,7295.38,0,0,0,Fiber optic,Mailed check,1,0,0,1,4,94.9,0
CUST-003222,50,Month-to-month,15.0,736.26,6,1,1,DSL,Mailed check,0,0,1,1,4,97.6,0
CUST-003223,34,Month-to-month,135.02,4735.46,0,1,1,DSL,Credit card (automatic),1,0,1,0,4,246.0,1
CUST-003224,5,Month-to-month,54.74,257.55,1,0,1,No,Electronic check,1,0,1,0,5,72.3,1
CUST-003225,29,One year,120.7,3727.49,0,1,0,Fiber optic,Mailed check,0,0,1,1,5,137.9,0
CUST-003226,19,One year,78.65,1418.76,0,0,0,No,Bank transfer (automatic),0,0,1,1,5,114.5,1
CUST-003227,25,Month-to-month,90.13,2245.32,0,0,0,Fiber optic,Mailed check,0,0,0,0,5,109.6,0
CUST-003228,23,Month-to-month,59.07,1311.51,2,0,1,No,Credit card (automatic),1,0,0,0,0,175.2,0
CUST-003229,48,One year,37.19,1540.55,1,0,0,DSL,Bank transfer (automatic),1,1,0,0,4,56.9,0
CUST-003230,28,One year,32.8,899.09,9,0,0,No,Electronic check,1,1,1,0,4,37.9,1
CUST-003231,15,Month-to-month,60.84,948.75,1,1,1,No,Credit card (automatic),1,0,1,1,5,161.5,0
CUST-003232,60,Month-to-month,55.3,3146.37,4,0,0,Fiber optic,Mailed check,1,0,0,1,2,100.0,0
CUST-003233,11,Two year,106.2,1131.51,1,0,1,DSL,Electronic check,1,0,0,0,2,374.3,0
CUST-003234,33,One year,67.42,2167.41,3,0,1,No,Bank transfer (automatic),1,0,1,0,2,117.0,0
CUST-003235,29,One year,142.32,4237.9,0,0,1,Fiber optic,Bank transfer (automatic),0,0,1,0,4,19.3,0
CUST-003236,42,One year,79.11,3262.85,3,0,0,Fiber optic,Electronic check,1,0,1,1,3,191.0,1
CUST-003237,69,Two year,75.24,5197.57,0,1,1,Fiber optic,Mailed check,0,0,0,0,1,167.8,0
CUST-003238,72,Month-to-month,79.77,5753.85,1,0,1,No,Credit card (automatic),0,1,0,1,4,147.2,1
CUST-003239,34,Month-to-month,83.52,2765.36,1,1,1,Fiber optic,Bank transfer (automatic),1,1,1,0,0,178.9,1
CUST-003240,19,Month-to-month,114.33,2355.79,0,0,0,Fiber optic,Bank transfer (automatic),1,0,1,0,1,131.0,1
CUST-003241,17,Two year,125.96,2031.55,1,0,0,Fiber optic,Bank transfer (automatic),0,1,0,0,4,20.6,1
CUST-003242,17,Month-to-month,92.48,1627.42,6,1,0,DSL,Bank transfer (automatic),1,0,0,0,4,99.0,1
CUST-003243,41,Month-to-month,99.11,4322.72,0,0,0,No,Bank transfer (automatic),1,0,1,0,0,232.0,1
CUST-003244,4,Month-to-month,85.44,339.4,1,0,0,No,Electronic check,0,1,0,1,0,405.8,1
CUST-003245,10,One year,76.27,765.02,2,0,1,Fiber optic,Mailed check,0,0,0,0,3,171.8,0
CUST-003246,41,One year,93.5,3935.16,0,1,1,DSL,Bank transfer (automatic),1,0,1,0,0,36.2,0
CUST-003247,62,Month-to-month,82.44,5016.4,1,0,0,DSL,Bank transfer (automatic),0,0,1,1,2,62.6,1
CUST-003248,62,Month-to-month,49.56,2781.41,3,1,0,DSL,Bank transfer (automatic),0,0,1,0,4,93.8,0
CUST-003249,35,One year,52.73,1822.54,0,1,1,No,Bank transfer (automatic),1,0,0,0,3,196.9,0
CUST-003250,57,Month-to-month,87.7,5410.26,0,1,0,Fiber optic,Bank transfer (automatic),1,0,1,0,3,248.5,0
CUST-003251,70,One year,117.79,8479.82,1,0,0,Fiber optic,Mailed check,0,0,1,0,4,131.0,0
CUST-003252,24,Month-to-month,67.92,1636.37,2,0,0,DSL,Credit card (automatic),1,0,0,0,2,140.0,1
CUST-003253,66,Two year,64.86,4442.63,3,1,0,DSL,Credit card (automatic),0,0,0,0,5,51.6,0
CUST-003254,7,Month-to-month,86.02,597.79,1,1,0,Fiber optic,Credit card (automatic),0,0,1,1,5,94.7,1
CUST-003255,10,One year,56.17,562.53,2,0,0,DSL,Credit card (automatic),0,0,1,1,0,7.9,1
CUST-003256,25,Month-to-month,35.9,878.15,3,0,1,DSL,Credit card (automatic),1,0,0,0,1,90.9,0
CUST-003257,6,Month-to-month,84.88,521.44,1,0,1,No,Electronic check,0,0,1,0,5,53.0,1
CUST-003258,49,One year,64.56,3078.64,1,0,0,Fiber optic,Bank transfer (automatic),1,0,1,0,0,29.4,0
CUST-003259,21,One year,66.69,1378.41,0,1,1,No,Bank transfer (automatic),1,0,0,0,4,111.4,0
CUST-003260,29,One year,54.78,1658.44,4,1,1,DSL,Mailed check,1,0,1,0,2,266.5,0
CUST-003261,30,One year,84.16,2500.27,6,1,0,DSL,Credit card (automatic),0,0,0,0,0,38.8,1
CUST-003262,24,One year,56.45,1393.09,7,1,0,No,Mailed check,1,0,1,0,1,114.6,0
CUST-003263,17,Two year,39.84,699.22,2,1,0,No,Electronic check,1,0,0,0,1,210.7,0
CUST-003264,47,Month-to-month,114.73,5371.63,0,0,1,Fiber optic,Electronic check,0,0,0,0,1,42.2,0
CUST-003265,21,Two year,69.35,1430.9,6,0,0,Fiber optic,Electronic check,1,0,1,0,3,48.0,1
CUST-003266,30,Month-to-month,68.87,1929.76,3,0,0,DSL,Mailed check,1,0,1,1,0,95.1,1
CUST-003267,42,Month-to-month,121.85,4837.15,4,0,0,Fiber optic,Electronic check,1,0,0,0,0,182.6,1
CUST-003268,70,One year,46.75,3372.16,0,0,1,DSL,Electronic check,1,0,1,0,0,101.0,0
CUST-003269,66,Month-to-month,62.41,4240.7,0,0,1,DSL,Mailed check,1,0,1,0,4,84.0,0
CUST-003270,22,Month-to-month,79.22,1656.58,1,0,0,Fiber optic,Bank transfer (automatic),1,0,1,0,3,34.8,1
CUST-003271,16,Month-to-month,68.29,1114.3,2,0,0,DSL,Bank transfer (automatic),1,0,0,1,0,223.7,1
CUST-003272,72,Month-to-month,63.29,4606.17,6,1,0,DSL,Electronic check,0,0,1,0,5,101.6,0
CUST-003273,21,One year,88.01,1934.66,0,1,0,DSL,Credit card (automatic),1,0,1,1,2,153.6,1
CUST-003274,46,Month-to-month,49.48,2522.52,2,0,0,DSL,Electronic check,0,0,1,0,2,165.0,0
CUST-003275,6,Month-to-month,96.85,597.8,1,1,0,No,Bank transfer (automatic),0,1,0,1,2,65.2,0
CUST-003276,4,Month-to-month,105.12,405.96,2,0,0,No,Credit card (automatic),1,1,1,0,4,123.1,1
CUST-003277,34,Month-to-month,71.41,2518.19,0,1,0,DSL,Credit card (automatic),1,1,1,0,2,93.3,0
CUST-003278,27,Month-to-month,45.25,1158.1,1,0,0,DSL,Bank transfer (automatic),0,1,0,1,3,45.0,0
CUST-003279,54,Month-to-month,63.97,3838.06,7,1,0,No,Electronic check,1,0,1,0,1,197.5,0
CUST-003280,17,Two year,61.88,987.45,2,0,1,DSL,Credit card (automatic),1,0,0,0,0,68.3,1
CUST-003281,40,One year,134.31,5490.19,5,1,1,Fiber optic,Bank transfer (automatic),0,0,1,0,2,332.9,1
CUST-003282,52,Month-to-month,62.42,3246.14,1,0,1,DSL,Credit card (automatic),1,0,1,0,2,50.6,1
CUST-003283,18,Month-to-month,124.57,2195.88,0,1,0,Fiber optic,Mailed check,0,0,1,0,4,52.9,0
CUST-003284,25,Month-to-month,67.79,1654.36,1,1,0,DSL,Credit card (automatic),1,0,0,1,1,89.7,0
CUST-003285,12,Month-to-month,91.15,1168.28,1,1,0,Fiber optic,Credit card (automatic),0,1,0,0,1,74.5,1
CUST-003286,56,Month-to-month,81.14,4672.53,0,0,0,Fiber optic,Bank transfer (automatic),0,0,0,0,5,202.0,0
CUST-003287,48,Two year,58.47,2785.18,0,0,0,DSL,Credit card (automatic),1,0,1,0,5,187.3,0
CUST-003288,50,One year,112.24,6098.06,11,0,1,Fiber optic,Mailed check,1,0,0,1,0,153.1,1
CUST-003289,27,Month-to-month,71.73,1925.22,2,0,1,Fiber optic,Electronic check,0,0,0,0,3,198.0,0
CUST-003290,47,Month-to-month,88.99,4336.21,0,0,0,No,Bank transfer (automatic),1,0,0,1,3,144.7,1
CUST-003291,29,One year,126.02,3409.65,0,0,0,Fiber optic,Bank transfer (automatic),1,0,0,0,5,113.9,0
CUST-003292,72,Two year,50.2,3381.82,1,0,0,DSL,Mailed check,1,0,0,0,1,45.5,0
CUST-003293,32,Month-to-month,120.2,3982.9,0,0,1,Fiber optic,Electronic check,1,0,0,0,0,24.1,1
CUST-003294,64,Two year,91.21,5927.35,1,0,1,DSL,Bank transfer (automatic),0,0,0,1,1,126.7,0
CUST-003295,27,Month-to-month,86.73,2593.06,1,1,1,No,Electronic check,0,0,0,1,1,85.5,0
CUST-003296,72,One year,49.1,3410.53,1,1,1,No,Credit card (automatic),1,0,1,0,5,40.5,0
CUST-003297,16,Month-to-month,62.01,1025.68,1,0,0,DSL,Credit card (automatic),0,0,0,0,5,94.3,1
CUST-003298,43,One year,86.98,3694.19,3,0,0,Fiber optic,Electronic check,1,0,1,1,0,100.9,0
CUST-003299,19,Month-to-month,142.27,2817.77,2,1,0,Fiber optic,Credit card (automatic),0,1,0,0,4,24.3,1
CUST-003300,39,Month-to-month,64.75,2622.32,3,1,0,DSL,Electronic check,0,1,1,0,3,154.4,0
CUST-003301,21,One year,85.42,1791.35,2,1,1,Fiber optic,Bank transfer (automatic),0,0,1,1,4,62.0,0
CUST-003302,32,One year,61.3,1888.97,0,0,1,Fiber optic,Credit card (automatic),1,0,0,0,3,148.9,0
CUST-003303,23,One year,65.7,1485.47,8,1,0,Fiber optic,Electronic check,1,0,1,1,0,237.6,0
CUST-003304,51,Month-to-month,72.9,3511.04,3,0,0,Fiber optic,Electronic check,1,0,0,0,2,177.5,1
CUST-003305,45,One year,99.03,4537.63,2,0,1,Fiber optic,Credit card (automatic),1,0,0,0,2,240.9,1
CUST-003306,19,Month-to-month,54.4,888.44,0,0,0,Fiber optic,Electronic check,1,0,0,0,1,120.7,0
CUST-003307,18,One year,73.35,1281.94,0,1,0,Fiber optic,Mailed check,1,0,1,0,4,66.1,0
CUST-003308,15,Month-to-month,43.48,681.68,0,0,1,Fiber optic,Mailed check,0,1,0,0,5,79.7,0
CUST-003309,13,Month-to-month,125.05,1697.19,1,1,0,Fiber optic,Electronic check,1,0,1,1,0,180.5,1
CUST-003310,53,Month-to-month,92.66,4515.13,2,1,0,Fiber optic,Electronic check,1,0,1,1,1,105.3,1
CUST-003311,14,Two year,72.76,1048.33,1,1,1,DSL,Credit card (automatic),1,0,1,0,1,128.6,0
CUST-003312,41,One year,62.75,2425.95,1,1,1,Fiber optic,Bank transfer (automatic),0,0,1,0,5,115.5,0
CUST-003313,22,Month-to-month,119.03,2569.13,2,0,1,Fiber optic,Mailed check,0,0,0,0,1,99.8,0
CUST-003314,62,One year,102.58,6603.53,0,1,0,DSL,Bank transfer (automatic),1,1,1,1,2,40.8,0
CUST-003315,72,Month-to-month,66.67,4566.19,2,1,1,DSL,Mailed check,1,0,1,0,0,60.6,0
CUST-003316,1,Month-to-month,78.02,83.59,4,1,1,Fiber optic,Mailed check,1,0,1,0,4,230.9,0
CUST-003317,16,Month-to-month,78.81,1277.16,2,0,0,DSL,Credit card (automatic),1,0,1,0,2,169.3,0
CUST-003318,21,One year,108.37,2328.42,2,0,0,Fiber optic,Credit card (automatic),0,0,0,0,0,225.0,0
CUST-003319,27,Two year,111.76,3180.05,0,0,1,Fiber optic,Bank transfer (automatic),0,0,0,0,1,138.7,0
CUST-003320,26,Two year,106.6,2895.0,2,1,0,Fiber optic,Bank transfer (automatic),1,0,0,0,2,106.0,1
CUST-003321,10,Month-to-month,89.1,926.78,1,0,0,No,Credit card (automatic),0,0,0,1,0,168.1,0
CUST-003322,72,Month-to-month,47.68,3320.06,0,0,0,No,Bank transfer (automatic),1,0,1,0,0,124.5,0
CUST-003323,27,Two year,87.8,2238.92,1,0,0,No,Mailed check,1,1,1,0,2,101.6,0
CUST-003324,45,Month-to-month,53.65,2380.18,0,1,0,No,Mailed check,1,0,1,0,2,137.6,0
CUST-003325,46,One year,15.0,706.37,2,1,0,DSL,Electronic check,0,0,1,1,0,20.6,0
CUST-003326,8,Two year,53.43,399.96,0,0,0,DSL,Credit card (automatic),0,1,0,0,4,105.2,0
CUST-003327,24,Month-to-month,51.15,1263.38,0,1,0,DSL,Bank transfer (automatic),0,0,0,0,2,82.1,0
CUST-003328,53,Month-to-month,71.03,3835.08,1,0,1,DSL,Mailed check,1,0,1,1,5,170.7,0
CUST-003329,72,Two year,85.95,6132.15,0,0,1,No,Mailed check,1,0,1,1,4,97.2,0
CUST-003330,25,One year,69.82,1750.87,7,0,0,No,Credit card (automatic),0,0,1,0,5,226.5,0
CUST-003331,10,Two year,140.22,1406.76,6,0,1,Fiber optic,Mailed check,1,0,1,0,4,334.6,1
CUST-003332,20,One year,51.87,1060.31,0,0,1,No,Credit card (automatic),1,0,1,0,4,100.2,0
CUST-003333,24,Month-to-month,40.31,1003.55,0,1,0,Fiber optic,Credit card (automatic),0,0,1,0,4,57.6,0
CUST-003334,23,Two year,96.95,2549.99,3,0,1,Fiber optic,Credit card (automatic),1,0,1,0,0,117.9,1
CUST-003335,15,One year,51.38,777.22,1,0,0,DSL,Mailed check,1,0,0,0,5,70.0,0
CUST-003336,9,Two year,37.86,329.77,1,0,1,No,Credit card (automatic),0,0,0,0,5,128.9,0
CUST-003337,12,Month-to-month,82.56,896.3,1,1,0,Fiber optic,Mailed check,1,0,1,0,1,83.5,0
CUST-003338,20,Month-to-month,70.41,1309.07,2,0,0,Fiber optic,Credit card (automatic),1,0,0,0,1,127.9,1
CUST-003339,53,Month-to-month,47.88,2441.54,1,0,1,DSL,Electronic check,1,0,1,1,2,40.1,0
CUST-003340,67,Month-to-month,128.06,8875.79,2,1,0,Fiber optic,Bank transfer (automatic),1,0,1,0,5,65.0,0
CUST-003341,34,Two year,68.11,2270.02,1,1,1,No,Bank transfer (automatic),0,0,1,0,2,133.1,0
CUST-003342,12,Two year,83.37,1020.79,1,0,0,Fiber optic,Credit card (automatic),0,0,1,1,2,78.6,1
CUST-003343,21,Month-to-month,104.94,2123.08,2,0,0,No,Electronic check,1,0,1,0,3,54.8,0
CUST-003344,4,Two year,82.61,337.96,1,1,1,Fiber optic,Electronic check,0,0,0,0,3,36.1,0
CUST-003345,72,Month-to-month,34.25,2573.57,1,0,0,No,Credit card (automatic),1,0,1,0,5,76.8,0
CUST-003346,18,Two year,56.84,1002.54,0,0,1,Fiber optic,Mailed check,1,0,1,1,1,114.6,0
CUST-003347,42,One year,88.0,3776.38,0,1,0,Fiber optic,Mailed check,1,0,0,0,4,53.0,0
CUST-003348,64,One year,23.94,1498.42,0,0,0,No,Electronic check,1,0,1,0,4,84.6,0
CUST-003349,72,One year,35.69,2411.4,4,0,1,No,Credit card (automatic),1,0,1,0,3,313.5,0
CUST-003350,57,One year,55.47,3249.32,2,0,0,DSL,Bank transfer (automatic),1,0,0,0,2,165.6,0
CUST-003351,23,Two year,93.3,2190.19,2,0,0,No,Bank transfer (automatic),1,0,0,0,5,47.8,0
CUST-003352,46,Month-to-month,122.3,5792.73,1,1,1,Fiber optic,Credit card (automatic),0,1,0,1,0,215.3,1
CUST-003353,72,Two year,81.49,6147.6,5,1,0,DSL,Credit card (automatic),1,1,0,0,3,116.9,0
CUST-003354,18,Month-to-month,89.9,1598.07,4,0,0,Fiber optic,Mailed check,1,0,0,0,0,84.2,1
CUST-003355,8,Month-to-month,75.74,600.61,1,0,0,Fiber optic,Electronic check,0,0,1,0,3,174.9,0
CUST-003356,15,One year,99.71,1474.35,0,0,0,Fiber optic,Bank transfer (automatic),1,0,0,0,1,149.6,1
CUST-003357,44,One year,134.55,6022.41,2,1,0,Fiber optic,Bank transfer (automatic),0,0,0,1,0,251.2,0
CUST-003358,23,Two year,68.54,1565.48,1,1,0,DSL,Electronic check,1,0,1,0,0,180.9,0
CUST-003359,30,Month-to-month,53.45,1613.6,1,0,0,DSL,Credit card (automatic),0,1,1,0,5,66.9,0
CUST-003360,49,Month-to-month,86.06,4064.99,1,0,0,Fiber optic,Mailed check,1,0,0,0,1,130.1,0
CUST-003361,15,Month-to-month,58.33,830.0,0,1,1,DSL,Mailed check,1,0,0,0,4,138.8,0
CUST-003362,29,Two year,103.72,2871.21,0,0,1,Fiber optic,Bank transfer (automatic),0,0,1,1,4,81.6,0
CUST-003363,21,Two year,70.91,1520.13,1,0,0,Fiber optic,Credit card (automatic),1,0,1,0,0,177.6,0
CUST-003364,72,Two year,75.15,5399.2,1,1,0,DSL,Electronic check,0,0,0,0,2,115.2,0
CUST-003365,56,Month-to-month,79.2,4325.75,0,1,0,DSL,Mailed check,1,1,1,0,4,219.2,0
CUST-003366,24,Two year,98.6,2444.89,2,1,0,Fiber optic,Bank transfer (automatic),1,0,1,0,3,96.0,0
CUST-003367,23,Month-to-month,37.84,933.76,0,0,0,No,Credit card (automatic),1,1,0,0,1,78.5,0
CUST-003368,72,Two year,61.26,4301.6,2,0,0,No,Mailed check,0,0,1,0,5,124.9,0
CUST-003369,72,One year,76.83,5231.94,1,0,1,Fiber optic,Mailed check,0,1,1,0,0,111.0,0
CUST-003370,44,Month-to-month,63.15,2909.91,5,0,0,DSL,Credit card (automatic),1,1,1,0,5,178.2,0
CUST-003371,31,One year,73.33,2274.98,1,0,0,Fiber optic,Bank transfer (automatic),0,0,1,0,1,131.9,0
CUST-003372,10,One year,121.08,1199.7,3,0,0,Fiber optic,Electronic check,1,0,1,1,3,131.9,0
CUST-003373,15,Month-to-month,94.67,1492.31,1,1,0,Fiber optic,Electronic check,1,0,0,0,1,85.9,1
CUST-003374,9,Month-to-month,49.55,440.1,0,0,0,Fiber optic,Bank transfer (automatic),1,0,1,0,3,76.1,0
CUST-003375,66,One year,56.76,3820.53,1,1,0,Fiber optic,Mailed check,0,0,0,0,4,116.8,0
CUST-003376,10,Two year,95.12,958.82,1,0,1,DSL,Electronic check,0,0,0,0,4,95.4,1
CUST-003377,22,One year,60.5,1546.92,0,1,1,No,Mailed check,1,0,0,0,5,60.7,0
CUST-003378,5,Month-to-month,80.25,398.56,0,0,1,Fiber optic,Credit card (automatic),1,0,0,0,3,68.7,0
CUST-003379,7,One year,93.21,683.03,8,1,0,DSL,Bank transfer (automatic),0,1,0,0,2,171.2,1
CUST-003380,51,Month-to-month,61.21,3082.59,7,0,0,No,Bank transfer (automatic),1,0,1,0,5,71.5,1
CUST-003381,39,Month-to-month,60.12,2397.44,0,1,1,Fiber optic,Electronic check,0,0,0,1,0,45.9,0
CUST-003382,32,Month-to-month,36.81,1166.38,1,0,1,DSL,Mailed check,1,0,0,0,2,67.2,1
CUST-003383,23,Month-to-month,80.69,1929.68,0,1,0,DSL,Credit card (automatic),1,0,0,0,5,85.5,0
CUST-003384,6,Month-to-month,140.74,840.4,0,1,0,Fiber optic,Bank transfer (automatic),0,0,1,1,1,161.5,0
CUST-003385,20,Month-to-month,110.99,2275.68,0,0,0,Fiber optic,Electronic check,0,1,0,0,5,422.1,1
CUST-003386,27,Month-to-month,80.45,2090.04,1,1,1,Fiber optic,Bank transfer (automatic),0,0,0,1,2,289.6,0
CUST-003387,48,One year,59.33,2734.41,0,0,1,DSL,Electronic check,1,0,0,0,4,191.2,1
CUST-003388,63,Month-to-month,66.21,3778.7,2,0,0,DSL,Mailed check,0,0,0,0,3,114.5,0
CUST-003389,52,Month-to-month,39.5,2091.57,1,1,0,Fiber optic,Electronic check,0,0,0,0,2,320.7,1
CUST-003390,39,Month-to-month,90.59,3418.37,1,0,0,Fiber optic,Credit card (automatic),0,0,0,0,4,97.2,1
CUST-003391,31,One year,104.6,3598.56,1,1,0,Fiber optic,Bank transfer (automatic),1,0,0,0,2,130.2,1
CUST-003392,36,Two year,134.32,4721.32,0,1,0,Fiber optic,Mailed check,1,0,1,1,3,27.6,0
CUST-003393,19,Month-to-month,117.27,2366.99,2,1,1,Fiber optic,Mailed check,1,0,0,1,5,76.8,0
CUST-003394,33,One year,138.25,4823.29,0,0,0,Fiber optic,Credit card (automatic),1,0,0,1,4,120.5,0
CUST-003395,27,Two year,132.01,3520.43,3,0,0,Fiber optic,Electronic check,0,0,0,0,1,137.7,1
CUST-003396,72,One year,124.87,8659.45,3,0,0,Fiber optic,Electronic check,0,0,1,0,2,96.4,0
CUST-003397,37,Month-to-month,65.66,2413.06,0,0,0,DSL,Credit card (automatic),0,0,0,1,5,210.9,0
CUST-003398,4,Month-to-month,98.62,416.86,1,1,0,Fiber optic,Credit card (automatic),1,0,0,0,4,118.8,1
CUST-003399,22,Month-to-month,23.25,569.95,1,1,1,DSL,Electronic check,1,0,0,1,2,85.1,1
CUST-003400,25,Month-to-month,93.26,2187.55,3,0,0,Fiber optic,Electronic check,1,0,0,1,1,176.6,1
CUST-003401,57,Month-to-month,104.15,5940.79,1,1,0,Fiber optic,Bank transfer (automatic),1,0,0,0,3,179.7,1
CUST-003402,40,Two year,82.92,3216.55,3,0,1,Fiber optic,Electronic check,0,1,0,0,3,26.0,1
CUST-003403,39,Month-to-month,26.46,1013.28,1,1,1,No,Bank transfer (automatic),0,0,1,1,1,167.5,0
CUST-003404,72,Month-to-month,129.57,10125.21,2,0,0,Fiber optic,Bank transfer (automatic),1,0,0,1,0,124.4,1
CUST-003405,72,Two year,75.15,5202.6,3,0,0,DSL,Bank transfer (automatic),1,0,1,0,2,97.4,0
CUST-003406,51,One year,108.02,5066.26,4,0,1,No,Mailed check,1,0,0,0,3,62.5,0
CUST-003407,23,Month-to-month,108.55,2521.87,3,0,0,Fiber optic,Credit card (automatic),1,0,1,0,5,85.3,0
CUST-003408,24,Two year,124.21,3037.62,1,0,0,Fiber optic,Credit card (automatic),0,0,0,1,0,65.0,1
CUST-003409,69,Month-to-month,94.08,6354.85,0,0,1,DSL,Bank transfer (automatic),0,0,1,0,4,55.9,0
CUST-003410,24,Month-to-month,73.01,1692.54,1,0,1,Fiber optic,Mailed check,0,1,1,1,4,86.9,0
CUST-003411,30,Month-to-month,77.28,2336.99,1,0,0,Fiber optic,Credit card (automatic),0,1,1,0,0,201.7,0
CUST-003412,21,Month-to-month,54.29,1063.14,3,0,0,No,Mailed check,0,0,0,1,0,35.5,1
CUST-003413,12,Two year,65.84,806.74,4,0,0,Fiber optic,Electronic check,1,1,0,0,0,73.3,1
CUST-003414,72,Month-to-month,134.13,9489.46,0,0,1,Fiber optic,Electronic check,1,0,1,0,4,254.3,1
CUST-003415,30,Two year,91.06,2921.25,6,0,1,Fiber optic,Mailed check,0,1,0,0,4,60.4,0
CUST-003416,72,Month-to-month,76.49,5594.96,3,1,1,No,Electronic check,1,0,0,0,2,206.0,1
CUST-003417,24,Two year,31.72,755.44,2,1,0,DSL,Credit card (automatic),0,0,0,1,5,123.7,0
CUST-003418,18,Month-to-month,110.46,1965.44,0,0,1,Fiber optic,Electronic check,1,0,1,1,5,68.1,0
CUST-003419,48,Two year,54.76,2374.34,2,0,0,DSL,Mailed check,0,0,0,0,5,95.9,0
CUST-003420,63,Month-to-month,96.52,6043.03,1,1,0,DSL,Credit card (automatic),0,0,1,1,5,73.9,0
CUST-003421,66,Two year,72.86,4759.89,0,0,1,Fiber optic,Electronic check,1,0,0,1,2,61.0,1
CUST-003422,27,Two year,123.3,3337.66,2,1,1,Fiber optic,Bank transfer (automatic),0,0,1,0,4,89.8,1
CUST-003423,51,One year,88.52,4471.56,9,0,1,No,Credit card (automatic),1,0,0,0,4,110.8,1
CUST-003424,20,Month-to-month,78.36,1679.12,1,0,0,Fiber optic,Electronic check,1,1,0,1,1,190.9,0
CUST-003425,33,One year,100.45,3270.28,2,0,1,DSL,Mailed check,1,0,0,1,0,71.7,1
CUST-003426,25,One year,93.72,2244.14,0,0,1,DSL,Electronic check,1,1,1,0,3,25.3,0
CUST-003427,22,One year,77.24,1557.84,3,1,1,DSL,Bank transfer (automatic),0,1,1,1,1,110.3,0
CUST-003428,34,One year,65.16,2166.04,0,0,0,Fiber optic,Mailed check,1,0,1,0,3,164.6,0
CUST-003429,12,Two year,110.0,1250.9,0,0,0,Fiber optic,Credit card (automatic),1,0,0,0,0,70.6,1
CUST-003430,60,Two year,91.65,5142.14,0,1,0,Fiber optic,Bank transfer (automatic),0,0,1,0,0,140.2,0
CUST-003431,22,Month-to-month,66.23,1434.35,1,0,1,DSL,Bank transfer (automatic),1,0,0,0,2,16.3,0
CUST-003432,58,Month-to-month,66.85,4097.97,1,0,1,DSL,Credit card (automatic),1,0,1,1,3,149.3,1
CUST-003433,14,Month-to-month,64.25,941.55,0,0,1,DSL,Electronic check,0,0,1,0,0,39.5,1
CUST-003434,22,One year,68.36,1407.52,6,1,0,Fiber optic,Credit card (automatic),1,0,1,1,5,169.8,0
CUST-003435,12,Two year,27.12,326.04,0,1,0,DSL,Bank transfer (automatic),0,0,1,0,3,126.4,0
CUST-003436,11,Month-to-month,21.96,246.67,1,0,0,DSL,Bank transfer (automatic),1,0,1,0,2,112.8,1
CUST-003437,16,Month-to-month,97.48,1605.28,1,0,1,Fiber optic,Bank transfer (automatic),1,0,0,0,0,66.8,1
CUST-003438,14,Month-to-month,15.0,226.84,2,0,0,DSL,Electronic check,1,0,0,0,5,289.7,1
CUST-003439,12,Month-to-month,108.16,1222.01,1,0,0,Fiber optic,Credit card (automatic),1,0,0,0,1,65.1,1
CUST-003440,31,Two year,77.65,2300.53,0,1,0,No,Bank transfer (automatic),1,0,0,1,4,39.1,0
CUST-003441,47,One year,57.43,2609.78,1,1,0,DSL,Credit card (automatic),0,0,0,1,0,112.6,0
CUST-003442,49,Month-to-month,90.66,4523.71,1,1,0,DSL,Credit card (automatic),0,0,1,1,3,185.1,1
CUST-003443,6,Month-to-month,58.5,303.23,1,0,0,DSL,Bank transfer (automatic),1,0,0,0,0,103.5,1
CUST-003444,25,Month-to-month,75.46,1864.93,4,1,0,DSL,Credit card (automatic),1,0,0,0,5,162.8,1
CUST-003445,23,One year,16.05,336.25,2,1,1,No,Electronic check,1,0,0,0,5,42.1,0
CUST-003446,72,One year,33.95,2444.12,1,1,0,Fiber optic,Electronic check,1,0,1,0,4,37.7,0
CUST-003447,26,Month-to-month,84.12,2413.5,3,0,1,Fiber optic,Mailed check,1,0,0,0,3,48.5,1
CUST-003448,29,Month-to-month,100.57,3047.92,3,1,0,Fiber optic,Electronic check,0,0,0,0,3,93.7,0
CUST-003449,8,Two year,88.76,666.54,1,1,1,DSL,Bank transfer (automatic),1,0,0,0,1,236.9,0
CUST-003450,16,Two year,85.57,1340.46,0,1,0,Fiber optic,Electronic check,1,0,1,0,0,103.4,0
CUST-003451,8,One year,71.16,543.95,3,0,1,DSL,Bank transfer (automatic),1,0,1,1,3,87.6,1
CUST-003452,33,Month-to-month,84.66,2974.62,5,0,0,No,Credit card (automatic),1,0,0,0,5,40.5,0
CUST-003453,72,Two year,86.81,5562.22,0,1,0,Fiber optic,Credit card (automatic),0,0,0,0,4,45.5,0
CUST-003454,16,One year,79.68,1246.88,0,1,1,DSL,Mailed check,1,0,1,0,2,165.7,1
CUST-003455,26,Two year,61.78,1550.34,1,1,1,Fiber optic,Credit card (automatic),0,1,1,1,1,109.6,0
CUST-003456,15,Month-to-month,23.59,333.09,10,0,1,DSL,Credit card (automatic),1,0,0,1,4,81.8,1
CUST-003457,19,Month-to-month,51.65,1062.73,6,0,1,DSL,Credit card (automatic),1,0,1,0,2,147.4,0
CUST-003458,33,Month-to-month,84.37,2566.18,4,0,1,DSL,Electronic check,1,0,1,1,0,15.4,1
CUST-003459,72,Two year,47.22,3196.82,1,0,1,DSL,Bank transfer (automatic),1,0,1,0,4,176.8,1
CUST-003460,72,One year,81.27,6318.25,0,0,1,DSL,Electronic check,0,0,0,1,1,42.5,0
CUST-003461,72,Month-to-month,39.33,2817.66,2,0,0,No,Electronic check,1,0,0,0,3,154.8,0
CUST-003462,58,Two year,50.44,2899.85,0,0,0,DSL,Electronic check,0,0,1,0,3,96.7,0
CUST-003463,25,Two year,96.05,2326.17,1,0,0,Fiber optic,Bank transfer (automatic),1,0,0,0,3,112.5,0
CUST-003464,23,Month-to-month,48.31,1111.01,5,0,1,DSL,Electronic check,1,0,0,1,4,181.7,1
CUST-003465,16,One year,52.55,822.76,1,0,0,DSL,Mailed check,0,1,0,0,5,125.6,1
CUST-003466,25,One year,15.0,361.23,8,0,1,DSL,Bank transfer (automatic),1,0,0,1,2,202.4,1
CUST-003467,72,Month-to-month,85.98,5756.78,1,0,1,DSL,Mailed check,1,0,1,0,5,119.9,0
CUST-003468,72,One year,62.04,4475.87,3,1,0,DSL,Mailed check,0,0,1,1,2,98.1,0
CUST-003469,72,Month-to-month,41.37,2889.72,1,0,0,DSL,Credit card (automatic),1,0,0,1,5,97.2,0
CUST-003470,35,Two year,110.82,3787.72,1,1,1,DSL,Credit card (automatic),1,0,1,0,4,62.5,0
CUST-003471,10,Two year,70.27,725.88,7,0,0,Fiber optic,Credit card (automatic),0,0,0,0,4,266.1,0
CUST-003472,45,Two year,52.11,2285.66,1,0,1,No,Bank transfer (automatic),1,0,0,0,3,117.1,0
CUST-003473,72,One year,40.96,2932.91,5,1,0,DSL,Electronic check,1,0,1,0,3,156.7,0
CUST-003474,72,Month-to-month,117.59,9175.0,6,1,0,Fiber optic,Electronic check,1,0,0,0,5,100.9,1
CUST-003475,21,Month-to-month,125.84,2693.33,2,1,0,Fiber optic,Mailed check,0,0,1,1,1,221.9,0
CUST-003476,11,One year,123.35,1320.23,0,1,1,Fiber optic,Credit card (automatic),1,1,0,0,0,118.1,0
CUST-003477,11,Month-to-month,123.11,1279.92,3,1,1,Fiber optic,Electronic check,0,0,0,0,5,43.7,1
CUST-003478,17,One year,75.07,1267.73,2,0,0,Fiber optic,Electronic check,1,0,0,0,3,35.4,0
CUST-003479,19,Month-to-month,106.81,2109.32,0,1,0,No,Credit card (automatic),1,0,0,1,2,82.3,1
CUST-003480,24,Month-to-month,60.11,1400.07,8,1,1,DSL,Bank transfer (automatic),1,0,0,0,5,127.2,1
CUST-003481,49,Month-to-month,51.43,2514.61,1,0,1,Fiber optic,Mailed check,0,0,0,0,1,95.0,0
CUST-003482,23,One year,79.34,1768.65,1,0,1,Fiber optic,Credit card (automatic),1,0,0,0,1,76.3,1
CUST-003483,32,Month-to-month,73.15,2293.08,2,1,1,No,Bank transfer (automatic),1,0,1,1,3,138.6,0
CUST-003484,7,One year,73.88,484.13,3,1,0,Fiber optic,Credit card (automatic),1,0,0,0,2,81.7,1
CUST-003485,16,Month-to-month,68.67,1110.28,0,0,0,No,Mailed check,1,0,0,0,3,70.0,1
CUST-003486,16,One year,103.41,1661.48,0,0,0,Fiber optic,Mailed check,0,0,1,1,0,68.7,0
CUST-003487,6,One year,100.27,644.16,1,0,0,Fiber optic,Electronic check,1,1,0,0,2,39.7,1
CUST-003488,23,One year,81.38,1875.8,2,1,0,No,Mailed check,0,0,1,0,4,65.7,0
CUST-003489,7,Month-to-month,85.5,575.22,0,0,0,Fiber optic,Electronic check,1,0,1,0,1,80.0,0
CUST-003490,22,Month-to-month,71.82,1689.6,1,0,1,Fiber optic,Electronic check,1,0,0,1,4,107.5,1
CUST-003491,34,Month-to-month,53.25,1837.55,0,1,1,Fiber optic,Electronic check,1,0,1,1,0,121.8,1
CUST-003492,72,One year,62.8,4549.52,1,0,1,DSL,Mailed check,1,1,1,0,1,34.7,0
CUST-003493,15,Month-to-month,51.57,770.45,0,0,1,No,Electronic check,0,0,1,1,5,132.3,0
CUST-003494,33,Two year,62.04,2056.02,1,1,0,No,Electronic check,1,0,1,0,1,97.5,0
CUST-003495,18,Two year,38.24,656.25,2,1,0,Fiber optic,Mailed check,1,0,1,0,0,70.3,0
CUST-003496,7,Month-to-month,27.04,187.83,2,0,0,DSL,Electronic check,1,0,1,1,2,96.3,0
CUST-003497,72,Two year,77.75,5516.68,3,1,1,DSL,Electronic check,1,0,0,1,2,88.6,0
CUST-003498,35,One year,24.11,855.89,1,0,0,DSL,Credit card (automatic),0,1,0,1,2,202.9,0
CUST-003499,43,Month-to-month,60.25,2726.15,6,1,0,DSL,Mailed check,1,0,0,0,1,161.7,1
CUST-003500,72,One year,69.23,5207.57,3,0,0,Fiber optic,Credit card (automatic),1,0,0,0,1,78.0,0
CUST-003501,22,Two year,42.64,958.72,0,0,0,No,Electronic check,0,0,0,0,1,96.6,0
CUST-003502,10,Month-to-month,92.13,838.63,0,0,1,Fiber optic,Mailed check,0,0,1,0,2,72.1,0
CUST-003503,15,Month-to-month,90.71,1326.22,1,0,0,Fiber optic,Electronic check,0,0,0,0,0,205.1,1
CUST-003504,9,One year,78.66,640.93,2,0,1,No,Mailed check,1,0,0,0,3,197.1,1
CUST-003505,65,Month-to-month,37.45,2557.3,2,1,0,No,Credit card (automatic),0,0,0,0,3,184.0,0
CUST-003506,72,One year,67.89,4841.25,0,0,0,Fiber optic,Credit card (automatic),0,0,0,0,4,194.6,0
CUST-003507,33,One year,118.08,3854.1,0,1,1,Fiber optic,Bank transfer (automatic),1,1,0,0,4,97.0,1
CUST-003508,50,One year,84.38,4059.34,3,0,0,Fiber optic,Electronic check,0,0,0,1,2,262.9,0
CUST-003509,60,Month-to-month,99.15,6303.84,2,0,0,Fiber optic,Bank transfer (automatic),0,0,1,1,1,138.3,0
CUST-003510,72,Month-to-month,52.57,3790.83,0,0,0,DSL,Bank transfer (automatic),1,0,0,0,1,158.1,1
CUST-003511,72,Two year,101.38,7231.7,8,1,1,Fiber optic,Mailed check,0,1,1,0,3,189.7,1
CUST-003512,5,Month-to-month,27.78,139.28,1,0,0,Fiber optic,Mailed check,0,0,1,0,2,29.3,1
CUST-003513,19,Month-to-month,93.79,1793.68,1,1,0,DSL,Mailed check,1,0,0,1,3,131.5,1
CUST-003514,31,Month-to-month,53.62,1645.12,2,0,1,No,Mailed check,0,0,1,0,4,107.9,0
CUST-003515,17,Month-to-month,33.78,608.47,1,0,1,No,Bank transfer (automatic),0,0,1,0,2,196.0,0
CUST-003516,24,Month-to-month,63.44,1612.49,1,1,0,Fiber optic,Electronic check,1,0,1,0,1,249.6,0
CUST-003517,41,Month-to-month,58.41,2397.56,0,0,0,DSL,Bank transfer (automatic),1,0,0,0,5,68.6,1
CUST-003518,41,One year,62.24,2443.56,4,1,0,DSL,Mailed check,1,0,0,0,5,155.5,1
CUST-003519,58,One year,93.53,5494.19,2,1,0,Fiber optic,Mailed check,0,0,1,0,4,87.1,0
CUST-003520,31,Two year,35.18,1054.26,1,1,1,No,Mailed check,0,0,1,1,0,87.6,0
CUST-003521,2,Two year,111.78,238.72,3,0,0,Fiber optic,Bank transfer (automatic),0,0,0,1,5,177.3,1
CUST-003522,23,Month-to-month,51.89,1282.98,8,0,1,DSL,Mailed check,1,0,0,0,4,60.2,1
CUST-003523,39,Month-to-month,50.64,2039.13,0,1,0,DSL,Electronic check,0,0,1,1,1,219.0,0
CUST-003524,61,Two year,59.34,3396.95,3,1,1,DSL,Mailed check,1,0,1,0,4,89.2,1
CUST-003525,55,Month-to-month,106.57,5704.2,7,0,0,Fiber optic,Electronic check,1,0,1,0,3,138.9,1
CUST-003526,28,Month-to-month,89.15,2462.43,1,0,1,Fiber optic,Mailed check,1,0,1,1,3,194.4,0
CUST-003527,18,Month-to-month,51.44,883.76,1,0,1,DSL,Bank transfer (automatic),1,0,0,0,0,109.5,1
CUST-003528,29,One year,81.91,2331.11,1,1,1,Fiber optic,Mailed check,1,0,1,1,4,115.8,0
CUST-003529,5,Month-to-month,95.48,481.29,2,0,1,No,Mailed check,0,0,0,0,4,90.9,1
CUST-003530,19,Month-to-month,116.38,2261.81,2,0,1,Fiber optic,Electronic check,1,1,1,1,5,51.7,0
CUST-003531,69,Month-to-month,74.15,5428.02,0,0,1,DSL,Mailed check,0,0,0,1,2,57.7,1
CUST-003532,29,One year,93.72,2705.52,1,1,0,Fiber optic,Electronic check,0,0,0,0,3,113.7,0
CUST-003533,40,Month-to-month,122.84,4822.88,0,1,0,No,Credit card (automatic),0,0,1,1,4,82.3,0
CUST-003534,8,One year,76.59,571.14,2,0,1,DSL,Bank transfer (automatic),1,0,1,0,0,78.3,1
CUST-003535,61,Month-to-month,69.52,4299.75,0,1,1,DSL,Bank transfer (automatic),1,0,1,1,0,25.6,0
CUST-003536,27,Month-to-month,84.95,2233.84,10,0,0,Fiber optic,Electronic check,0,1,1,0,2,100.6,1
CUST-003537,39,Month-to-month,73.92,2842.94,0,0,0,DSL,Credit card (automatic),0,0,0,0,0,163.5,0
CUST-003538,45,Month-to-month,15.0,653.6,6,0,1,No,Bank transfer (automatic),1,0,0,0,3,177.5,1
CUST-003539,59,Month-to-month,115.69,6618.98,1,1,0,Fiber optic,Mailed check,1,0,0,1,1,119.7,0
CUST-003540,35,Two year,33.21,1200.12,0,1,1,DSL,Bank transfer (automatic),1,0,0,0,5,157.4,0
CUST-003541,27,Month-to-month,47.05,1262.43,0,1,0,No,Mailed check,0,0,1,1,4,186.0,0
CUST-003542,10,Two year,55.0,591.09,2,1,1,Fiber optic,Credit card (automatic),0,0,1,0,4,79.0,0
CUST-003543,8,Month-to-month,71.59,538.77,2,0,1,Fiber optic,Electronic check,0,0,1,1,0,119.9,1
CUST-003544,34,Month-to-month,56.49,2034.26,1,1,0,DSL,Credit card (automatic),1,0,1,1,1,154.7,1
CUST-003545,39,One year,112.23,4254.28,0,1,0,Fiber optic,Credit card (automatic),1,0,1,0,5,69.6,0
CUST-003546,44,Two year,97.23,4251.87,1,1,0,No,Mailed check,0,0,1,0,3,126.1,0
CUST-003547,15,Month-to-month,113.53,1739.31,2,0,0,DSL,Credit card (automatic),1,1,1,0,3,64.8,1
CUST-003548,19,Month-to-month,92.56,1842.98,2,1,0,Fiber optic,Electronic check,0,1,1,0,2,38.5,0
CUST-003549,34,One year,59.52,2124.72,1,0,1,No,Bank transfer (automatic),0,0,0,1,0,124.4,0
CUST-003550,21,Month-to-month,109.49,2411.86,1,1,0,Fiber optic,Mailed check,1,0,0,1,1,118.7,0
CUST-003551,72,One year,43.65,3099.57,1,0,0,DSL,Mailed check,1,0,0,1,5,96.6,0
CUST-003552,19,Two year,40.85,843.9,1,0,0,DSL,Mailed check,0,0,1,0,5,44.1,0
CUST-003553,41,Month-to-month,80.82,3404.42,1,1,1,Fiber optic,Bank transfer (automatic),0,0,0,1,2,31.0,0
CUST-003554,54,Two year,89.15,4089.7,0,1,1,Fiber optic,Bank transfer (automatic),1,0,0,0,4,108.8,0
CUST-003555,56,Month-to-month,15.0,839.68,0,1,0,DSL,Electronic check,1,0,1,1,2,101.6,0
CUST-003556,21,Two year,91.67,1884.49,1,0,0,DSL,Mailed check,0,0,0,1,3,159.9,0
CUST-003557,45,Two year,96.0,4243.62,3,0,0,Fiber optic,Electronic check,0,0,1,0,3,42.3,0
CUST-003558,41,One year,109.95,4642.35,3,1,1,Fiber optic,Bank transfer (automatic),1,1,0,0,0,68.8,0
CUST-003559,47,Two year,25.74,1225.92,0,0,0,DSL,Electronic check,0,0,1,0,0,20.9,0
CUST-003560,33,Two year,73.37,2334.49,1,1,0,Fiber optic,Mailed check,1,0,0,0,4,122.6,0
CUST-003561,54,Month-to-month,72.11,4178.79,0,0,1,Fiber optic,Credit card (automatic),0,0,0,1,3,84.2,1
CUST-003562,36,Month-to-month,59.93,2014.54,0,1,0,DSL,Credit card (automatic),1,0,1,0,0,99.8,0
CUST-003563,9,Month-to-month,64.16,537.23,1,0,1,DSL,Bank transfer (automatic),1,0,0,0,5,161.4,0
CUST-003564,35,Month-to-month,86.74,2864.97,1,0,1,No,Electronic check,1,0,0,0,5,38.2,0
CUST-003565,39,One year,67.47,2684.52,0,0,1,No,Bank transfer (automatic),0,0,1,1,3,76.3,0
CUST-003566,52,Month-to-month,46.47,2456.0,4,1,0,DSL,Mailed check,1,0,1,0,0,46.2,0
CUST-003567,34,One year,119.69,3896.03,0,0,0,No,Electronic check,1,0,0,0,2,184.9,1
CUST-003568,72,Month-to-month,83.36,5811.3,2,0,0,Fiber optic,Credit card (automatic),1,0,0,1,0,84.5,0
CUST-003569,28,Month-to-month,42.33,1182.63,1,0,0,No,Mailed check,0,0,1,0,0,205.0,0
CUST-003570,20,Month-to-month,17.87,337.59,0,0,1,No,Mailed check,0,0,1,0,0,128.2,0
CUST-003571,72,Two year,92.26,6894.69,1,0,0,Fiber optic,Bank transfer (automatic),0,0,0,1,2,176.4,1
CUST-003572,28,Month-to-month,107.27,3232.77,0,0,0,Fiber optic,Credit card (automatic),1,0,1,1,0,72.8,0
CUST-003573,32,Month-to-month,36.5,1155.3,1,1,0,DSL,Credit card (automatic),0,0,1,1,2,222.0,0
CUST-003574,39,Month-to-month,105.62,4182.36,1,0,0,Fiber optic,Electronic check,1,1,0,0,4,67.3,1
CUST-003575,36,Two year,92.09,3326.61,2,1,1,Fiber optic,Bank transfer (automatic),0,1,0,0,3,27.1,0
CUST-003576,46,Month-to-month,45.67,2240.27,2,0,0,Fiber optic,Credit card (automatic),1,0,1,0,3,36.1,1
CUST-003577,50,One year,80.64,4415.26,1,1,0,DSL,Bank transfer (automatic),0,0,0,0,4,74.1,0
CUST-003578,19,Month-to-month,58.37,1086.99,4,0,0,No,Electronic check,0,0,0,1,3,91.0,0
CUST-003579,11,Month-to-month,36.85,405.2,7,0,1,No,Bank transfer (automatic),1,0,1,0,1,121.9,1
CUST-003580,13,One year,88.92,1203.27,0,0,0,DSL,Credit card (automatic),1,0,0,0,2,145.5,0
CUST-003581,70,One year,113.45,8062.7,1,1,0,Fiber optic,Electronic check,0,0,1,1,4,103.3,0
CUST-003582,26,One year,36.31,899.15,0,1,1,No,Bank transfer (automatic),0,0,1,1,0,24.9,0
CUST-003583,54,Month-to-month,97.34,4770.48,3,1,0,Fiber optic,Bank transfer (automatic),0,0,1,0,0,100.5,0
CUST-003584,51,Two year,70.08,3460.26,2,1,0,No,Bank transfer (automatic),1,0,1,0,3,197.0,0
CUST-003585,32,One year,88.3,2866.32,1,0,1,Fiber optic,Electronic check,0,0,0,0,5,148.4,0
CUST-003586,15,Two year,52.11,764.7,2,0,0,DSL,Electronic check,0,0,0,0,0,199.9,0
CUST-003587,52,Month-to-month,86.29,4241.56,3,0,0,Fiber optic,Bank transfer (automatic),1,0,1,0,4,250.2,1
CUST-003588,31,Month-to-month,113.46,3408.25,4,0,0,Fiber optic,Electronic check,0,0,1,0,4,24.4,1
CUST-003589,11,Month-to-month,75.23,901.64,1,0,1,DSL,Mailed check,0,0,0,0,5,50.3,1
CUST-003590,21,One year,41.8,826.53,3,1,0,Fiber optic,Mailed check,1,0,1,1,3,183.6,0
CUST-003591,7,One year,36.41,250.35,7,0,0,Fiber optic,Electronic check,0,0,0,0,2,127.3,1
CUST-003592,22,Month-to-month,43.57,931.91,4,0,0,Fiber optic,Bank transfer (automatic),0,0,0,0,3,68.0,1
CUST-003593,33,Month-to-month,56.04,2026.54,0,0,0,Fiber optic,Credit card (automatic),1,0,1,0,4,178.9,1
CUST-003594,29,Month-to-month,71.12,1906.56,2,0,0,Fiber optic,Mailed check,0,0,0,0,1,67.9,0
CUST-003595,26,Month-to-month,78.68,1961.32,0,1,0,Fiber optic,Electronic check,1,0,1,0,5,68.8,0
CUST-003596,33,Two year,88.36,2919.56,3,0,0,Fiber optic,Electronic check,1,0,0,0,0,252.7,0
CUST-003597,44,Month-to-month,64.15,2840.9,3,0,1,DSL,Bank transfer (automatic),1,1,0,1,0,111.8,0
CUST-003598,57,Month-to-month,63.78,3832.37,2,1,1,No,Mailed check,1,0,1,1,3,147.6,0
CUST-003599,62,Month-to-month,93.59,6086.91,5,1,1,No,Credit card (automatic),0,0,1,0,4,107.4,0
CUST-003600,17,Month-to-month,48.08,787.03,2,0,0,Fiber optic,Bank transfer (automatic),1,0,1,0,4,119.1,0
CUST-003601,66,Two year,98.35,6580.44,1,0,0,Fiber optic,Mailed check,1,0,0,0,5,53.8,0
CUST-003602,31,Month-to-month,73.23,2246.15,0,0,0,No,Mailed check,1,0,0,0,4,67.2,0
CUST-003603,24,Two year,33.43,782.43,2,0,0,DSL,Bank transfer (automatic),0,0,0,0,5,300.7,0
CUST-003604,13,One year,78.34,1068.22,2,0,1,DSL,Electronic check,0,0,1,0,0,206.0,1
CUST-003605,42,One year,74.31,3154.77,2,0,0,DSL,Mailed check,0,0,0,0,1,265.1,0
CUST-003606,41,Month-to-month,88.92,3929.43,8,1,1,Fiber optic,Electronic check,0,0,0,0,0,248.3,1
CUST-003607,20,One year,15.0,306.57,1,1,1,DSL,Bank transfer (automatic),1,0,1,0,0,48.5,0
CUST-003608,20,One year,114.09,2383.24,1,0,1,Fiber optic,Bank transfer (automatic),1,1,0,0,3,40.2,0
CUST-003609,28,Month-to-month,95.67,2310.14,0,1,1,Fiber optic,Credit card (automatic),0,0,1,1,1,35.2,0
CUST-003610,23,Two year,75.09,1731.6,5,0,0,DSL,Electronic check,1,0,0,0,5,56.8,0
CUST-003611,16,Month-to-month,15.0,244.75,0,1,1,Fiber optic,Credit card (automatic),1,0,1,0,4,126.3,0
CUST-003612,12,Month-to-month,51.71,635.67,2,1,0,DSL,Bank transfer (automatic),1,0,1,1,3,80.7,1
CUST-003613,67,Month-to-month,54.16,3902.8,1,1,0,Fiber optic,Bank transfer (automatic),0,0,0,0,1,306.4,0
CUST-003614,21,One year,97.34,2103.83,1,1,1,DSL,Bank transfer (automatic),1,0,0,0,3,72.8,0
CUST-003615,41,Month-to-month,37.37,1436.69,2,1,1,DSL,Credit card (automatic),1,1,1,1,2,121.9,0
CUST-003616,47,Month-to-month,101.98,4914.17,0,0,1,DSL,Bank transfer (automatic),1,0,0,0,5,75.7,0
CUST-003617,42,Month-to-month,113.82,4972.68,1,0,0,Fiber optic,Electronic check,0,0,0,0,2,62.5,0
CUST-003618,48,Month-to-month,70.53,3276.66,2,1,1,DSL,Mailed check,1,0,1,0,3,58.2,0
CUST-003619,42,Month-to-month,118.38,4861.6,1,0,1,Fiber optic,Credit card (automatic),0,0,1,0,3,41.7,0
CUST-003620,18,Two year,41.39,773.16,3,0,0,No,Mailed check,0,0,1,0,0,270.1,0
CUST-003621,24,Month-to-month,70.87,1698.53,1,1,0,Fiber optic,Credit card (automatic),0,1,1,0,0,73.1,1
CUST-003622,66,Two year,88.06,6121.19,6,1,0,DSL,Credit card (automatic),1,1,0,1,2,166.5,0
CUST-003623,21,One year,66.5,1407.43,7,0,1,Fiber optic,Mailed check,0,0,1,0,4,133.8,0
CUST-003624,31,One year,31.85,878.2,3,0,1,DSL,Credit card (automatic),1,0,0,1,3,252.8,0
CUST-003625,44,Two year,56.97,2510.49,1,0,0,No,Mailed check,1,0,1,1,4,7.5,0
CUST-003626,72,Month-to-month,67.95,4788.43,0,1,1,Fiber optic,Electronic check,0,0,0,0,3,185.4,0
CUST-003627,62,One year,136.63,8720.6,1,0,0,Fiber optic,Bank transfer (automatic),0,0,1,1,0,229.7,0
CUST-003628,14,Month-to-month,84.38,1204.77,1,1,0,DSL,Credit card (automatic),0,0,0,1,5,48.9,0
CUST-003629,40,Month-to-month,75.6,2877.56,1,0,0,Fiber optic,Mailed check,1,1,0,1,5,53.6,1
CUST-003630,37,Month-to-month,64.97,2424.62,2,0,0,Fiber optic,Electronic check,0,1,1,0,4,163.9,0
CUST-003631,25,One year,73.47,1883.61,1,0,0,DSL,Bank transfer (automatic),0,0,1,0,3,89.8,0
CUST-003632,32,Two year,119.69,3910.2,3,1,0,Fiber optic,Bank transfer (automatic),0,0,0,0,0,44.8,0
CUST-003633,18,Month-to-month,72.27,1362.75,0,0,1,DSL,Bank transfer (automatic),0,0,1,1,5,19.1,0
CUST-003634,27,One year,41.22,1054.63,0,0,0,No,Mailed check,0,0,1,0,2,166.3,0
CUST-003635,21,Month-to-month,29.08,605.13,2,0,0,No,Mailed check,0,0,0,0,3,50.9,1
CUST-003636,33,Month-to-month,55.55,1626.6,3,0,1,DSL,Bank transfer (automatic),1,0,1,0,3,45.3,0
CUST-003637,24,Month-to-month,72.9,1850.6,4,1,0,DSL,Electronic check,0,0,1,0,4,42.0,1
CUST-003638,72,One year,78.24,5660.49,1,0,0,Fiber optic,Credit card (automatic),0,0,1,0,1,184.5,0
CUST-003639,34,Month-to-month,90.19,3049.32,2,0,0,No,Electronic check,1,0,0,0,3,74.9,0
CUST-003640,30,Month-to-month,78.18,2330.38,2,0,1,DSL,Mailed check,0,0,1,0,2,42.5,1
CUST-003641,26,Month-to-month,70.93,1888.46,4,0,0,DSL,Credit card (automatic),1,0,0,1,4,92.8,1
CUST-003642,24,One year,102.69,2592.8,2,0,1,Fiber optic,Bank transfer (automatic),0,1,0,1,3,194.8,1
CUST-003643,11,Two year,30.27,328.12,1,0,1,DSL,Credit card (automatic),1,0,1,0,0,106.4,0
CUST-003644,54,Month-to-month,52.54,2895.25,2,1,0,DSL,Electronic check,1,0,0,0,1,104.8,0
CUST-003645,72,One year,63.99,4698.93,1,0,0,Fiber optic,Mailed check,1,0,0,0,0,50.4,0
CUST-003646,21,One year,99.61,1861.87,5,1,0,Fiber optic,Bank transfer (automatic),0,0,1,0,3,131.8,0
CUST-003647,65,Month-to-month,64.37,4035.93,0,0,0,Fiber optic,Credit card (automatic),0,0,0,0,5,238.5,0
CUST-003648,72,Month-to-month,67.05,4932.72,0,0,0,DSL,Bank transfer (automatic),1,1,0,0,1,132.3,0
CUST-003649,72,Two year,85.89,6565.59,2,1,0,Fiber optic,Electronic check,0,0,1,0,4,51.8,1
CUST-003650,72,Month-to-month,105.0,8073.73,4,0,1,Fiber optic,Electronic check,1,1,1,1,0,66.4,1
CUST-003651,12,Month-to-month,60.08,676.81,1,0,0,Fiber optic,Credit card (automatic),1,0,0,0,0,21.2,1
CUST-003652,12,Two year,76.29,961.23,1,0,1,No,Bank transfer (automatic),0,0,1,1,3,108.8,0
CUST-003653,48,Two year,38.26,1931.35,1,0,0,DSL,Electronic check,0,0,1,0,2,94.7,1
CUST-003654,31,One year,65.89,2084.74,0,0,0,Fiber optic,Mailed check,0,0,0,1,0,36.5,0
CUST-003655,4,Two year,61.44,220.94,0,0,0,No,Electronic check,1,0,0,0,1,156.8,0
CUST-003656,23,Month-to-month,94.86,2123.19,3,1,1,DSL,Electronic check,1,1,1,0,3,58.5,0
CUST-003657,47,One year,43.96,2077.31,2,0,1,No,Credit card (automatic),0,1,0,0,2,67.2,0
CUST-003658,28,Month-to-month,45.55,1260.35,2,1,1,Fiber optic,Bank transfer (automatic),1,1,0,1,4,21.6,0
CUST-003659,31,Two year,41.37,1143.41,0,1,0,DSL,Electronic check,0,0,1,0,1,53.4,0
CUST-003660,12,Month-to-month,55.37,655.76,0,1,0,DSL,Credit card (automatic),1,0,1,0,3,91.5,0
CUST-003661,22,Month-to-month,111.73,2343.68,4,1,1,DSL,Credit card (automatic),0,0,0,0,4,27.1,1
CUST-003662,48,Month-to-month,74.71,3692.02,5,0,0,No,Credit card (automatic),1,0,0,0,2,60.6,1
CUST-003663,22,One year,46.17,1040.11,2,1,1,No,Bank transfer (automatic),1,0,1,1,5,168.4,0
CUST-003664,69,Month-to-month,86.47,6122.48,1,1,1,Fiber optic,Credit card (automatic),1,0,1,0,5,75.8,0
CUST-003665,32,One year,104.27,3275.02,6,0,1,DSL,Electronic check,1,0,1,1,4,221.2,1
CUST-003666,42,Month-to-month,83.99,3531.16,2,0,0,Fiber optic,Credit card (automatic),1,0,1,0,2,45.7,0
CUST-003667,48,Month-to-month,84.29,4028.95,2,0,0,Fiber optic,Mailed check,1,0,1,0,0,48.7,1
CUST-003668,46,One year,54.86,2638.84,0,0,0,DSL,Electronic check,0,0,0,0,0,58.7,0
CUST-003669,14,Month-to-month,82.4,1122.84,1,0,1,DSL,Electronic check,1,0,0,0,2,91.6,1
CUST-003670,16,One year,76.87,1183.36,1,0,0,Fiber optic,Electronic check,1,1,0,0,1,222.5,1
CUST-003671,4,Two year,111.81,468.74,2,1,0,Fiber optic,Credit card (automatic),0,0,1,1,3,69.2,0
CUST-003672,24,One year,116.57,2912.51,0,0,1,Fiber optic,Credit card (automatic),1,0,1,0,5,20.6,1
CUST-003673,15,Month-to-month,105.34,1616.91,6,0,1,Fiber optic,Electronic check,0,0,0,0,4,100.3,1
CUST-003674,21,Month-to-month,59.39,1345.68,1,1,0,DSL,Credit card (automatic),0,0,1,0,4,131.3,1
CUST-003675,26,Two year,30.04,862.6,2,0,1,DSL,Credit card (automatic),1,0,1,0,3,271.2,0
CUST-003676,35,One year,84.4,3135.77,0,1,1,Fiber optic,Electronic check,1,0,1,0,5,127.0,0
CUST-003677,28,Two year,73.29,1975.44,0,1,0,Fiber optic,Bank transfer (automatic),0,0,0,1,1,142.2,0
CUST-003678,28,Month-to-month,45.52,1327.52,3,1,0,DSL,Electronic check,1,1,0,0,1,55.5,1
CUST-003679,40,One year,59.02,2373.81,2,0,1,No,Electronic check,0,0,0,0,2,113.4,0
CUST-003680,30,Month-to-month,101.98,2973.38,1,0,1,Fiber optic,Bank transfer (automatic),1,1,1,0,2,146.6,1
CUST-003681,56,One year,49.43,2665.51,0,0,1,DSL,Credit card (automatic),1,0,1,0,0,36.4,0
CUST-003682,30,Two year,30.63,931.27,0,1,0,DSL,Electronic check,1,0,0,1,4,117.5,0
CUST-003683,72,Two year,41.03,3074.81,2,1,1,No,Mailed check,1,0,1,0,2,88.2,0
CUST-003684,13,Month-to-month,132.26,1837.96,0,0,0,Fiber optic,Bank transfer (automatic),1,0,1,1,0,134.3,1
CUST-003685,24,Two year,78.72,1952.96,0,0,0,DSL,Bank transfer (automatic),0,0,0,1,4,152.4,1
CUST-003686,18,Month-to-month,66.06,1223.2,7,0,0,Fiber optic,Credit card (automatic),1,0,0,0,0,173.4,0
CUST-003687,36,Month-to-month,97.23,3464.25,3,0,0,DSL,Mailed check,1,1,0,0,1,132.0,1
CUST-003688,13,One year,84.0,1103.82,0,0,0,Fiber optic,Credit card (automatic),1,0,1,0,0,128.0,0
CUST-003689,9,Month-to-month,146.95,1223.7,0,0,1,Fiber optic,Bank transfer (automatic),1,0,0,0,3,171.0,1
CUST-003690,16,Month-to-month,71.55,1177.15,1,1,0,No,Electronic check,1,0,1,0,5,167.8,1
CUST-003691,9,One year,104.14,957.49,0,1,1,Fiber optic,Bank transfer (automatic),1,0,0,0,1,159.9,0
CUST-003692,27,One year,110.93,3281.77,1,0,0,Fiber optic,Mailed check,0,0,1,0,1,68.7,1
CUST-003693,35,One year,102.15,3568.15,0,0,0,DSL,Bank transfer (automatic),1,0,1,0,2,38.9,0
CUST-003694,7,Month-to-month,54.02,400.66,4,0,0,No,Electronic check,0,0,1,0,1,148.9,1
CUST-003695,23,One year,99.99,2245.22,0,1,0,DSL,Electronic check,1,0,0,0,3,133.9,0
CUST-003696,62,Month-to-month,49.41,3323.36,1,0,0,DSL,Credit card (automatic),0,0,0,0,4,105.3,1
CUST-003697,72,Month-to-month,55.96,4321.13,4,0,1,No,Credit card (automatic),1,0,0,0,0,94.0,0
CUST-003698,51,Month-to-month,65.22,3514.47,2,1,0,No,Mailed check,0,0,1,0,1,112.9,0
CUST-003699,2,One year,113.01,226.7,0,0,0,Fiber optic,Credit card (automatic),1,0,0,0,3,89.3,1
CUST-003700,33,Month-to-month,81.74,2667.45,0,1,0,Fiber optic,Credit card (automatic),1,0,0,0,1,109.8,0
CUST-003701,66,Month-to-month,106.27,6883.72,3,1,1,DSL,Electronic check,1,0,0,0,4,94.3,0
CUST-003702,21,Two year,123.16,2460.57,1,0,1,Fiber optic,Bank transfer (automatic),1,0,1,0,1,67.4,0
CUST-003703,11,Two year,65.99,742.86,1,0,0,DSL,Electronic check,0,0,1,1,2,66.5,1
CUST-003704,63,One year,40.85,2541.59,5,1,0,DSL,Credit card (automatic),0,0,0,1,2,102.1,0
CUST-003705,69,One year,115.03,8088.94,1,0,1,Fiber optic,Electronic check,1,0,0,0,1,148.1,0
CUST-003706,30,Two year,15.0,453.82,1,0,0,No,Credit card (automatic),0,0,0,0,0,194.1,0
CUST-003707,11,One year,83.53,869.5,2,1,0,No,Electronic check,0,0,1,0,5,50.0,1
CUST-003708,6,Month-to-month,44.4,280.54,5,1,0,No,Mailed check,1,0,0,0,5,49.9,0
CUST-003709,39,One year,121.41,4757.74,4,1,0,Fiber optic,Credit card (automatic),0,0,0,0,2,62.4,0
CUST-003710,19,Two year,30.35,601.51,5,0,1,DSL,Electronic check,0,0,0,0,5,71.0,0
CUST-003711,29,One year,48.45,1323.18,2,0,0,DSL,Credit card (automatic),1,0,1,1,3,164.5,0
CUST-003712,27,Month-to-month,100.95,2621.54,3,0,0,Fiber optic,Electronic check,1,0,1,1,2,44.0,1
CUST-003713,15,Two year,80.04,1177.05,1,0,1,DSL,Bank transfer (automatic),0,1,0,1,1,70.5,1
CUST-003714,6,One year,74.35,451.52,1,1,1,Fiber optic,Bank transfer (automatic),1,0,1,0,1,21.7,0
CUST-003715,22,Month-to-month,81.7,1788.09,4,0,0,Fiber optic,Electronic check,1,0,1,0,4,132.3,1
CUST-003716,34,Two year,88.82,3225.89,5,0,1,No,Bank transfer (automatic),1,0,1,0,2,45.4,0
CUST-003717,35,One year,115.17,4239.47,2,0,1,Fiber optic,Bank transfer (automatic),1,0,0,0,4,73.7,0
CUST-003718,18,Two year,81.21,1408.36,1,1,0,Fiber optic,Bank transfer (automatic),1,0,0,0,0,77.9,0
CUST-003719,68,Two year,74.82,5837.25,1,0,0,Fiber optic,Bank transfer (automatic),1,0,1,1,0,126.8,0
CUST-003720,12,Month-to-month,55.77,666.4,0,1,0,Fiber optic,Mailed check,0,0,0,0,1,74.4,0
CUST-003721,58,One year,71.34,4404.86,4,1,1,DSL,Electronic check,1,0,1,0,3,93.6,0
CUST-003722,33,Month-to-month,110.32,3588.76,1,0,1,Fiber optic,Electronic check,1,0,1,0,5,131.5,0
CUST-003723,22,Two year,93.78,2127.61,0,1,0,Fiber optic,Credit card (automatic),1,1,1,0,4,58.8,0
CUST-003724,42,Two year,41.88,1842.5,1,1,1,DSL,Mailed check,1,1,1,0,4,128.4,0
CUST-003725,25,Two year,134.66,3113.29,0,0,0,Fiber optic,Electronic check,1,0,1,0,2,97.4,1
CUST-003726,8,One year,15.0,130.48,1,1,1,No,Electronic check,1,0,1,0,3,345.7,0
CUST-003727,11,One year,86.96,919.19,1,1,0,DSL,Credit card (automatic),1,0,0,0,0,92.5,0
CUST-003728,24,Month-to-month,95.42,2250.11,1,1,1,Fiber optic,Bank transfer (automatic),1,0,1,0,2,163.3,0
CUST-003729,20,Month-to-month,76.72,1487.97,1,1,1,DSL,Electronic check,0,0,0,0,3,104.2,1
CUST-003730,57,Month-to-month,70.33,3895.11,3,0,0,Fiber optic,Credit card (automatic),0,0,0,1,0,130.1,1
CUST-003731,19,Two year,61.19,1132.38,2,1,0,No,Credit card (automatic),0,0,1,0,4,80.4,0
CUST-003732,18,One year,72.33,1224.22,0,1,1,DSL,Credit card (automatic),1,0,1,0,0,166.1,0
CUST-003733,16,One year,62.85,1043.88,2,1,0,No,Bank transfer (automatic),0,0,1,1,2,144.3,0
CUST-003734,15,Month-to-month,20.16,304.14,0,0,0,No,Mailed check,1,0,0,0,3,140.6,0
CUST-003735,15,One year,107.81,1605.97,1,0,0,DSL,Electronic check,1,0,1,1,4,68.4,0
CUST-003736,10,Month-to-month,106.25,1116.48,1,1,0,Fiber optic,Mailed check,0,1,0,1,0,127.2,0
CUST-003737,34,Two year,65.86,2437.01,5,0,1,No,Bank transfer (automatic),0,0,0,1,3,49.3,0
CUST-003738,27,Two year,67.48,1679.84,2,0,0,No,Electronic check,1,0,0,0,0,120.8,0
CUST-003739,26,Month-to-month,132.09,3713.13,3,0,1,Fiber optic,Mailed check,1,0,0,0,1,147.6,1
CUST-003740,7,Two year,46.43,324.63,2,1,0,DSL,Bank transfer (automatic),1,0,0,0,0,119.8,0
CUST-003741,40,Month-to-month,40.79,1521.39,1,1,0,DSL,Bank transfer (automatic),0,0,1,0,5,86.8,0
CUST-003742,42,Month-to-month,86.25,3697.25,1,0,1,DSL,Electronic check,1,0,0,0,3,109.1,1
CUST-003743,72,One year,101.57,7270.29,8,0,0,Fiber optic,Credit card (automatic),1,0,1,0,3,142.9,1
CUST-003744,41,One year,64.75,2768.98,0,0,0,Fiber optic,Mailed check,1,1,0,0,2,35.5,0
CUST-003745,72,Month-to-month,117.22,8501.19,2,1,1,Fiber optic,Bank transfer (automatic),0,0,1,1,5,254.1,0
CUST-003746,17,Month-to-month,97.37,1684.82,1,0,0,Fiber optic,Credit card (automatic),0,0,0,0,4,34.5,1
CUST-003747,72,Month-to-month,42.55,2996.93,1,0,1,DSL,Electronic check,0,0,0,0,4,72.3,0
CUST-003748,42,Month-to-month,77.26,3078.06,1,1,0,No,Credit card (automatic),1,0,0,1,4,147.5,0
CUST-003749,38,Month-to-month,73.52,2897.38,3,1,0,DSL,Credit card (automatic),0,1,0,1,5,120.2,1
CUST-003750,26,Month-to-month,62.8,1589.94,0,0,1,DSL,Credit card (automatic),0,1,0,0,1,30.1,1
CUST-003751,22,Two year,74.61,1674.44,3,0,0,No,Mailed check,1,0,1,0,3,46.9,0
CUST-003752,18,Month-to-month,80.65,1559.55,2,0,1,DSL,Electronic check,1,1,0,0,0,111.4,1
CUST-003753,72,Month-to-month,87.85,6274.66,2,0,0,DSL,Electronic check,0,0,0,0,5,85.8,0
CUST-003754,25,Month-to-month,67.68,1751.23,3,0,0,No,Credit card (automatic),1,0,1,0,3,43.4,1
CUST-003755,42,Month-to-month,58.23,2441.92,1,1,0,No,Electronic check,0,0,0,0,1,249.6,0
CUST-003756,49,One year,70.98,3414.61,3,0,0,No,Mailed check,1,0,1,1,4,225.0,0
CUST-003757,48,Month-to-month,94.77,4193.61,1,1,0,DSL,Credit card (automatic),0,0,1,0,4,133.1,0
CUST-003758,34,Month-to-month,80.75,2740.09,2,1,0,DSL,Mailed check,0,0,0,0,1,216.4,1
CUST-003759,72,Two year,56.83,4058.16,1,0,0,DSL,Electronic check,1,0,1,0,5,138.7,0
CUST-003760,40,One year,66.39,2539.98,1,1,1,DSL,Credit card (automatic),0,0,0,0,5,19.9,0
CUST-003761,18,Month-to-month,106.64,1724.2,4,0,0,No,Electronic check,1,0,0,1,2,81.2,1
CUST-003762,23,Month-to-month,83.73,1764.97,0,0,0,DSL,Bank transfer (automatic),1,0,0,0,0,90.1,1
CUST-003763,7,Two year,93.8,715.21,3,0,0,Fiber optic,Electronic check,0,0,0,0,4,52.0,0
CUST-003764,37,One year,93.51,3466.41,4,1,0,DSL,Mailed check,1,1,1,0,4,359.4,0
CUST-003765,45,Two year,76.42,3191.95,1,1,1,Fiber optic,Electronic check,0,0,1,0,1,120.5,0
CUST-003766,48,Month-to-month,73.22,3408.75,0,0,0,DSL,Credit card (automatic),1,0,1,1,5,225.3,0
CUST-003767,42,One year,111.89,4701.76,3,1,0,DSL,Mailed check,0,0,0,0,5,95.7,0
CUST-003768,26,Month-to-month,81.34,2162.3,1,0,0,DSL,Mailed check,1,1,1,0,5,93.0,0
CUST-003769,29,Month-to-month,105.52,3024.4,1,1,0,No,Credit card (automatic),1,1,0,1,5,124.3,0
CUST-003770,30,One year,87.91,2903.83,6,0,0,Fiber optic,Credit card (automatic),1,0,0,0,4,70.6,1
CUST-003771,58,One year,78.09,4997.62,2,0,0,Fiber optic,Bank transfer (automatic),0,0,0,1,3,68.3,0
CUST-003772,5,Month-to-month,94.01,479.05,3,0,1,DSL,Credit card (automatic),0,0,1,0,1,111.9,1
CUST-003773,21,Month-to-month,44.29,913.06,1,0,0,Fiber optic,Electronic check,0,0,0,0,5,123.5,0
CUST-003774,13,One year,94.5,1252.0,6,0,1,Fiber optic,Bank transfer (automatic),1,0,1,1,0,196.8,1
CUST-003775,72,Month-to-month,115.77,7781.59,0,0,1,Fiber optic,Credit card (automatic),1,1,1,0,2,118.3,0
CUST-003776,65,Month-to-month,104.06,7101.92,1,0,0,Fiber optic,Bank transfer (automatic),0,0,0,0,2,70.0,0
CUST-003777,21,Month-to-month,15.0,317.7,0,0,0,No,Mailed check,1,0,1,0,5,140.7,0
CUST-003778,9,Month-to-month,31.35,265.12,0,0,1,No,Credit card (automatic),1,0,0,1,3,103.7,0
CUST-003779,11,Two year,62.14,663.57,4,1,0,No,Electronic check,0,0,1,0,3,170.4,0
CUST-003780,57,Month-to-month,101.87,5973.08,1,0,0,Fiber optic,Electronic check,0,0,0,0,2,213.0,1
CUST-003781,7,Month-to-month,77.85,499.58,2,1,0,DSL,Bank transfer (automatic),1,0,0,1,2,185.2,1
CUST-003782,30,One year,64.85,1858.58,1,0,1,DSL,Electronic check,1,0,1,1,4,147.0,1
CUST-003783,51,Month-to-month,83.26,4147.35,2,1,1,DSL,Electronic check,0,0,1,0,1,84.1,0
CUST-003784,10,One year,75.92,796.22,3,1,1,DSL,Mailed check,0,0,0,0,5,152.0,1
CUST-003785,30,Month-to-month,86.78,2826.56,2,1,0,Fiber optic,Mailed check,0,0,0,0,2,80.8,1
CUST-003786,22,Two year,103.44,2318.77,0,1,0,Fiber optic,Mailed check,1,0,0,0,1,303.3,0
CUST-003787,19,One year,73.81,1180.8,2,1,0,Fiber optic,Bank transfer (automatic),0,0,1,0,1,98.8,0
CUST-003788,17,One year,105.92,1700.1,3,1,1,Fiber optic,Bank transfer (automatic),0,0,0,1,3,69.4,0
CUST-003789,54,Month-to-month,43.83,2780.5,2,1,1,No,Bank transfer (automatic),1,0,1,0,0,290.4,0
CUST-003790,72,Two year,77.19,5601.42,0,0,0,DSL,Electronic check,1,0,0,0,4,106.4,1
CUST-003791,24,One year,76.57,1598.19,1,0,1,DSL,Mailed check,0,0,0,0,3,47.4,0
CUST-003792,38,Month-to-month,82.53,3508.21,2,0,0,Fiber optic,Credit card (automatic),1,0,1,0,3,132.5,1
CUST-003793,30,Month-to-month,105.87,2963.94,10,1,0,Fiber optic,Mailed check,1,0,0,0,1,145.6,1
CUST-003794,5,Month-to-month,128.57,661.28,5,0,0,Fiber optic,Electronic check,1,1,1,0,0,157.5,1
CUST-003795,23,Month-to-month,39.5,856.43,3,1,0,No,Credit card (automatic),0,0,1,0,0,76.1,0
CUST-003796,4,Month-to-month,88.85,394.53,1,0,0,DSL,Mailed check,1,0,0,0,0,124.4,1
CUST-003797,20,Two year,117.16,2177.2,1,1,0,Fiber optic,Mailed check,0,0,1,0,4,42.9,0
CUST-003798,29,Two year,59.82,1684.01,1,0,0,No,Electronic check,1,0,1,0,2,304.9,0
CUST-003799,48,Month-to-month,110.02,5557.94,2,1,0,Fiber optic,Bank transfer (automatic),1,0,1,1,0,172.3,0
CUST-003800,36,Two year,83.64,2927.77,0,1,1,Fiber optic,Electronic check,1,0,0,0,1,57.6,0
CUST-003801,55,One year,96.41,5431.49,1,1,1,DSL,Bank transfer (automatic),0,0,0,0,1,134.9,0
CUST-003802,15,Month-to-month,15.0,234.35,1,1,1,DSL,Credit card (automatic),1,0,0,0,2,97.9,1
CUST-003803,68,Two year,101.12,6937.06,1,1,0,DSL,Bank transfer (automatic),1,0,0,1,1,29.4,1
CUST-003804,72,One year,62.19,4228.93,0,0,1,Fiber optic,Electronic check,1,0,1,0,4,51.9,0
CUST-003805,4,One year,92.25,354.48,2,0,0,Fiber optic,Electronic check,0,0,0,1,4,71.0,1
CUST-003806,7,Month-to-month,44.65,306.56,1,1,0,No,Credit card (automatic),1,0,0,0,0,39.9,1
CUST-003807,28,Month-to-month,127.41,3672.25,0,0,0,Fiber optic,Credit card (automatic),0,1,1,1,0,45.7,1
CUST-003808,19,Two year,59.27,1171.83,4,0,0,DSL,Electronic check,1,1,1,0,0,180.9,0
CUST-003809,21,Month-to-month,51.45,1091.53,0,0,1,No,Mailed check,1,0,1,0,5,53.0,0
CUST-003810,36,Month-to-month,93.0,3465.54,2,0,0,DSL,Bank transfer (automatic),1,0,1,1,3,77.8,0
CUST-003811,56,Month-to-month,108.3,5582.15,1,1,0,Fiber optic,Credit card (automatic),0,0,0,0,5,143.7,0
CUST-003812,14,Month-to-month,56.66,805.05,2,0,1,DSL,Credit card (automatic),0,0,1,0,0,78.2,1
CUST-003813,63,Month-to-month,65.22,4095.53,1,1,0,Fiber optic,Bank transfer (automatic),1,0,1,0,2,238.2,1
CUST-003814,17,Two year,36.84,641.79,2,0,0,No,Electronic check,0,0,0,0,1,201.8,1
CUST-003815,72,Month-to-month,96.88,7237.73,2,0,0,DSL,Credit card (automatic),1,0,0,1,1,183.7,1
CUST-003816,69,Two year,100.47,6568.1,5,1,1,Fiber optic,Credit card (automatic),1,0,0,0,1,128.8,0
CUST-003817,18,One year,94.34,1688.78,0,1,0,Fiber optic,Mailed check,1,0,0,1,4,240.3,0
CUST-003818,9,Month-to-month,77.31,742.22,4,0,0,DSL,Mailed check,1,0,0,1,3,127.9,1
CUST-003819,18,Month-to-month,16.28,297.49,2,1,0,DSL,Electronic check,1,0,1,0,5,229.2,0
CUST-003820,16,Month-to-month,81.89,1303.67,0,1,1,Fiber optic,Mailed check,1,1,0,0,1,157.3,0
CUST-003821,44,Two year,57.55,2378.01,2,0,0,DSL,Credit card (automatic),1,0,1,0,1,78.9,1
CUST-003822,4,One year,89.53,367.84,2,1,0,DSL,Electronic check,1,0,0,0,0,57.8,1
CUST-003823,7,Month-to-month,53.27,346.97,1,0,0,Fiber optic,Credit card (automatic),1,1,0,0,1,53.1,0
CUST-003824,43,Two year,116.34,4958.0,1,0,0,Fiber optic,Electronic check,1,0,1,0,1,318.4,0
CUST-003825,15,Two year,109.86,1607.43,0,0,1,DSL,Electronic check,1,1,0,0,1,38.6,1
CUST-003826,20,Month-to-month,22.02,449.06,1,0,1,No,Bank transfer (automatic),0,0,1,0,0,78.7,0
CUST-003827,51,One year,65.42,3236.55,2,0,1,No,Electronic check,0,0,0,0,0,39.2,0
CUST-003828,58,One year,77.48,4420.04,1,1,1,No,Bank transfer (automatic),1,0,0,0,5,205.2,0
CUST-003829,67,Two year,111.83,7151.43,6,0,0,Fiber optic,Mailed check,0,0,0,0,2,233.3,1
CUST-003830,48,Month-to-month,15.0,711.06,1,1,1,DSL,Bank transfer (automatic),0,1,1,0,3,55.7,0
CUST-003831,25,Month-to-month,73.44,1855.71,1,1,0,DSL,Credit card (automatic),1,0,1,0,0,105.1,0
CUST-003832,24,Month-to-month,59.53,1403.9,1,1,0,No,Mailed check,0,0,1,1,1,101.8,0
CUST-003833,21,Month-to-month,57.92,1197.25,0,1,0,No,Electronic check,0,1,1,0,5,128.1,0
CUST-003834,10,Month-to-month,141.73,1428.96,0,1,1,Fiber optic,Credit card (automatic),1,0,0,0,5,173.6,0
CUST-003835,14,One year,84.61,1243.83,2,0,0,Fiber optic,Electronic check,0,0,0,0,5,185.5,0
CUST-003836,61,Month-to-month,101.25,6406.2,1,1,1,Fiber optic,Electronic check,0,0,1,1,3,58.6,0
CUST-003837,16,Month-to-month,86.99,1301.8,4,0,0,Fiber optic,Credit card (automatic),1,0,0,0,2,227.0,1
CUST-003838,10,One year,71.03,737.55,1,1,0,DSL,Electronic check,0,0,1,0,1,51.4,0
CUST-003839,64,Month-to-month,103.82,7098.91,1,1,1,Fiber optic,Bank transfer (automatic),1,0,1,0,3,83.1,0
CUST-003840,34,Month-to-month,112.33,3953.98,1,1,0,Fiber optic,Electronic check,1,0,1,0,2,28.8,1
CUST-003841,72,One year,70.58,4468.52,0,0,1,Fiber optic,Bank transfer (automatic),1,0,1,0,4,65.3,0
CUST-003842,72,Two year,93.82,6844.46,3,0,1,Fiber optic,Bank transfer (automatic),1,1,1,0,1,42.5,0
CUST-003843,11,Month-to-month,94.7,1113.76,0,1,1,Fiber optic,Bank transfer (automatic),0,1,0,0,4,148.0,0
CUST-003844,27,Two year,23.8,628.19,2,0,1,DSL,Bank transfer (automatic),1,1,1,1,4,43.8,0
CUST-003845,13,Two year,41.16,612.67,7,1,0,DSL,Electronic check,1,1,0,0,4,87.3,0
CUST-003846,13,One year,87.27,1010.83,0,1,1,DSL,Electronic check,1,0,1,1,0,49.9,1
CUST-003847,21,Two year,53.46,1130.86,0,1,1,DSL,Credit card (automatic),0,0,1,1,2,143.6,0
CUST-003848,45,Month-to-month,130.3,6075.58,0,0,0,DSL,Credit card (automatic),0,0,0,0,5,163.8,0
CUST-003849,45,Month-to-month,114.08,5177.77,3,0,0,Fiber optic,Credit card (automatic),1,0,1,0,2,124.5,1
CUST-003850,41,Two year,101.3,4185.28,6,0,0,Fiber optic,Bank transfer (automatic),0,0,0,1,0,57.8,1
CUST-003851,25,Month-to-month,127.76,3027.89,0,1,0,Fiber optic,Mailed check,1,1,0,0,0,97.2,1
CUST-003852,47,Month-to-month,109.32,4990.24,1,1,0,Fiber optic,Bank transfer (automatic),1,0,1,0,5,52.9,0
CUST-003853,10,Month-to-month,94.61,973.24,3,0,1,Fiber optic,Bank transfer (automatic),0,0,0,1,2,143.5,1
CUST-003854,35,Month-to-month,29.65,928.07,1,0,1,DSL,Electronic check,0,0,0,0,1,95.8,0
CUST-003855,30,Month-to-month,106.63,3343.7,1,1,0,Fiber optic,Mailed check,0,0,1,0,1,86.8,0
CUST-003856,24,Month-to-month,99.92,2384.41,0,1,0,DSL,Electronic check,1,1,0,1,2,189.5,0
CUST-003857,36,Two year,50.18,1856.36,3,1,0,DSL,Mailed check,1,1,0,0,3,87.0,0
CUST-003858,13,Month-to-month,44.35,600.95,1,1,0,Fiber optic,Bank transfer (automatic),1,0,0,0,1,17.4,0
CUST-003859,43,Two year,38.27,1952.54,1,0,1,No,Mailed check,1,0,0,0,5,123.0,0
CUST-003860,29,Month-to-month,108.98,3381.45,1,0,0,DSL,Bank transfer (automatic),1,0,0,0,0,113.7,1
CUST-003861,7,Month-to-month,92.0,605.3,0,1,0,Fiber optic,Credit card (automatic),1,0,1,0,1,51.2,0
CUST-003862,29,Two year,101.49,3261.33,0,0,0,DSL,Credit card (automatic),0,0,1,0,5,31.3,0
CUST-003863,19,Month-to-month,65.48,1075.33,0,0,0,DSL,Credit card (automatic),0,0,1,0,3,150.7,0
CUST-003864,62,Month-to-month,52.59,3188.24,1,0,1,No,Credit card (automatic),0,0,0,0,3,98.0,0
CUST-003865,11,Two year,143.36,1590.65,1,0,1,Fiber optic,Mailed check,0,1,1,0,5,222.3,0
CUST-003866,11,Month-to-month,80.71,873.43,3,1,0,Fiber optic,Bank transfer (automatic),0,0,1,0,4,52.1,1
CUST-003867,39,Month-to-month,58.77,2324.32,1,1,0,No,Bank transfer (automatic),1,0,0,0,2,140.7,0
CUST-003868,26,Two year,101.52,2617.25,2,0,0,Fiber optic,Credit card (automatic),1,1,1,0,4,172.8,0
CUST-003869,25,Month-to-month,57.75,1536.49,2,1,0,DSL,Bank transfer (automatic),0,0,0,0,2,101.5,1
CUST-003870,72,One year,109.45,7690.39,3,0,0,Fiber optic,Mailed check,1,1,0,0,4,127.1,1
CUST-003871,46,Month-to-month,101.15,4626.0,3,1,1,Fiber optic,Credit card (automatic),1,0,0,1,3,194.7,0
CUST-003872,22,Month-to-month,102.14,2446.12,2,1,0,Fiber optic,Bank transfer (automatic),1,0,0,0,0,137.3,1
CUST-003873,6,Month-to-month,74.58,469.14,0,0,1,Fiber optic,Electronic check,0,0,1,1,5,55.8,0
CUST-003874,22,One year,48.44,1056.63,1,1,0,Fiber optic,Bank transfer (automatic),0,0,1,0,3,135.0,0
CUST-003875,10,Month-to-month,44.2,452.44,0,1,1,DSL,Bank transfer (automatic),1,0,0,0,0,44.2,1
CUST-003876,14,Two year,71.4,1093.2,0,0,1,Fiber optic,Bank transfer (automatic),0,0,1,0,1,127.2,1
CUST-003877,14,One year,72.32,942.39,0,0,0,DSL,Credit card (automatic),1,0,0,1,3,235.5,0
CUST-003878,59,One year,44.62,2489.44,0,1,1,DSL,Bank transfer (automatic),0,0,0,0,3,115.3,0
CUST-003879,8,Month-to-month,53.37,414.69,1,1,0,Fiber optic,Credit card (automatic),1,0,1,1,1,164.4,0
CUST-003880,55,One year,61.34,3410.34,2,1,0,Fiber optic,Mailed check,0,0,0,0,0,169.4,0
CUST-003881,40,One year,74.69,3132.26,3,0,0,No,Electronic check,0,0,1,1,5,191.8,0
CUST-003882,40,Month-to-month,107.19,4123.63,4,1,0,Fiber optic,Mailed check,1,0,1,0,3,25.9,1
CUST-003883,13,Two year,77.33,957.96,1,0,0,Fiber optic,Bank transfer (automatic),1,0,0,0,1,112.6,0
CUST-003884,50,Month-to-month,55.0,2569.65,0,1,0,DSL,Credit card (automatic),0,0,0,0,4,165.4,0
CUST-003885,12,Two year,105.35,1204.64,3,1,1,Fiber optic,Bank transfer (automatic),0,0,1,0,2,13.2,0
CUST-003886,72,Two year,69.14,4814.86,2,0,1,DSL,Mailed check,1,0,1,0,1,90.6,0
CUST-003887,60,Month-to-month,119.65,6402.43,0,0,1,Fiber optic,Mailed check,0,0,0,0,1,126.2,0
CUST-003888,72,Month-to-month,86.06,6022.41,0,1,1,Fiber optic,Credit card (automatic),0,0,1,0,1,61.3,0
CUST-003889,30,Month-to-month,44.21,1256.7,1,1,1,DSL,Electronic check,1,0,1,0,1,33.2,0
CUST-003890,26,Month-to-month,92.16,2376.52,5,1,0,No,Electronic check,0,0,1,0,0,174.8,1
CUST-003891,21,Two year,82.22,1873.22,1,0,0,Fiber optic,Bank transfer (automatic),1,0,0,0,5,172.2,0
CUST-003892,72,Month-to-month,70.28,4657.0,5,1,0,Fiber optic,Bank transfer (automatic),0,0,1,1,0,102.4,0
CUST-003893,45,One year,112.32,5310.64,0,1,0,Fiber optic,Mailed check,1,0,0,0,0,91.9,0
CUST-003894,10,Two year,126.23,1367.56,2,1,0,Fiber optic,Electronic check,1,0,0,0,1,285.2,0
CUST-003895,70,Two year,94.58,6940.0,0,1,0,Fiber optic,Bank transfer (automatic),1,0,1,0,3,272.4,0
CUST-003896,25,Month-to-month,39.89,1014.32,1,1,0,DSL,Electronic check,1,0,1,0,2,41.4,0
CUST-003897,2,Two year,103.37,220.32,2,0,0,No,Electronic check,1,0,1,0,0,54.2,1
CUST-003898,16,Month-to-month,99.42,1641.06,0,1,1,Fiber optic,Mailed check,0,0,1,0,2,130.1,0
CUST-003899,60,Month-to-month,95.49,6047.58,2,1,1,Fiber optic,Electronic check,1,0,0,1,2,50.5,1
CUST-003900,40,Month-to-month,79.9,3214.96,0,1,0,Fiber optic,Mailed check,0,1,1,0,4,68.8,0
CUST-003901,46,One year,93.25,4062.09,1,0,0,DSL,Credit card (automatic),1,1,1,0,1,155.7,0
CUST-003902,69,Month-to-month,62.29,4548.1,0,0,0,Fiber optic,Electronic check,1,0,1,0,3,82.6,1
CUST-003903,5,Month-to-month,59.91,338.64,1,1,0,Fiber optic,Mailed check,0,0,0,1,5,79.0,1
CUST-003904,16,Month-to-month,112.36,1767.16,3,0,0,No,Mailed check,1,0,1,0,5,107.5,1
CUST-003905,30,Two year,43.44,1304.67,0,1,1,DSL,Electronic check,0,0,1,0,1,38.6,0
CUST-003906,61,One year,113.99,6992.33,0,0,0,Fiber optic,Bank transfer (automatic),0,0,1,0,2,233.8,0
CUST-003907,12,One year,99.46,1105.85,1,1,1,No,Electronic check,0,0,0,1,2,106.4,1
CUST-003908,22,One year,70.25,1479.95,2,0,1,No,Credit card (automatic),0,0,0,0,5,95.4,0
CUST-003909,29,Month-to-month,67.97,2001.14,2,0,0,Fiber optic,Bank transfer (automatic),1,0,0,0,5,70.2,1
CUST-003910,15,Month-to-month,105.74,1578.65,0,0,0,Fiber optic,Electronic check,1,0,1,0,4,88.3,0
CUST-003911,29,Month-to-month,124.79,3621.93,0,0,0,Fiber optic,Credit card (automatic),1,0,0,0,2,238.1,0
CUST-003912,26,Month-to-month,73.56,1915.1,1,0,1,DSL,Mailed check,0,0,1,0,2,102.3,0
CUST-003913,19,Two year,71.34,1347.58,6,1,0,Fiber optic,Electronic check,1,0,1,0,4,178.9,0
CUST-003914,50,Month-to-month,97.65,4695.57,0,1,0,Fiber optic,Mailed check,0,0,1,0,1,237.8,0
CUST-003915,44,One year,30.38,1365.79,1,1,0,DSL,Bank transfer (automatic),0,0,1,0,1,239.3,1
CUST-003916,51,Two year,65.66,3403.66,3,1,1,Fiber optic,Bank transfer (automatic),1,0,1,0,2,76.8,0
CUST-003917,54,Two year,58.53,3021.51,1,1,0,DSL,Bank transfer (automatic),1,0,0,1,4,101.7,0
CUST-003918,7,Month-to-month,91.54,654.07,3,0,1,Fiber optic,Credit card (automatic),1,0,1,1,0,223.0,0
CUST-003919,8,Two year,59.95,464.65,2,0,0,Fiber optic,Credit card (automatic),1,0,0,0,3,144.7,1
CUST-003920,47,One year,71.24,3457.62,2,1,0,No,Electronic check,1,1,0,1,0,85.1,1
CUST-003921,20,Month-to-month,78.04,1557.43,1,1,0,DSL,Credit card (automatic),1,0,1,0,3,31.7,0
CUST-003922,18,One year,59.63,1094.5,2,1,1,DSL,Electronic check,0,0,1,1,0,63.4,0
CUST-003923,16,Month-to-month,36.05,581.88,1,1,1,Fiber optic,Credit card (automatic),1,0,1,0,2,171.8,1
CUST-003924,53,Two year,92.61,4894.51,3,0,0,Fiber optic,Electronic check,0,1,1,1,3,152.1,1
CUST-003925,72,One year,110.37,8076.59,1,0,1,DSL,Electronic check,1,0,0,0,4,113.1,1
CUST-003926,54,One year,101.44,5708.41,0,0,1,Fiber optic,Mailed check,1,0,0,0,4,75.2,0
CUST-003927,19,Two year,65.39,1249.9,1,1,0,No,Electronic check,1,0,0,0,0,81.6,0
CUST-003928,51,One year,80.69,4136.64,4,0,0,Fiber optic,Credit card (automatic),0,0,0,0,0,17.6,0
CUST-003929,8,Month-to-month,79.43,624.2,7,0,1,DSL,Electronic check,0,0,0,0,1,69.3,1
CUST-003930,24,Month-to-month,70.21,1531.81,2,0,0,DSL,Mailed check,1,0,1,0,3,105.9,1
CUST-003931,5,Two year,107.68,539.31,0,1,0,Fiber optic,Credit card (automatic),0,0,0,0,1,97.1,0
CUST-003932,20,One year,62.59,1172.54,1,0,1,Fiber optic,Bank transfer (automatic),1,0,1,1,3,387.4,1
CUST-003933,33,Two year,68.03,2181.46,3,1,1,No,Bank transfer (automatic),0,0,0,0,2,114.8,0
CUST-003934,72,Month-to-month,53.47,3683.14,1,1,0,DSL,Credit card (automatic),0,0,0,0,5,152.5,1
CUST-003935,64,Month-to-month,99.29,6126.57,2,1,0,Fiber optic,Electronic check,1,0,1,0,5,132.9,0
CUST-003936,5,Two year,16.36,79.12,3,1,0,No,Mailed check,0,0,1,0,1,114.9,0
CUST-003937,6,One year,55.18,339.12,2,0,1,DSL,Electronic check,0,1,0,0,3,122.7,0
CUST-003938,15,Month-to-month,78.56,1198.01,8,0,0,No,Electronic check,0,0,0,0,0,317.0,0
CUST-003939,72,Month-to-month,107.59,7789.46,2,0,0,Fiber optic,Electronic check,1,0,0,0,5,20.4,1
CUST-003940,6,Two year,89.24,567.82,5,0,0,Fiber optic,Bank transfer (automatic),0,0,1,0,4,68.2,0
CUST-003941,16,One year,35.99,663.9,2,0,0,Fiber optic,Electronic check,0,0,0,0,1,69.8,1
CUST-003942,16,Month-to-month,81.03,1329.37,2,1,1,No,Bank transfer (automatic),1,1,1,1,4,81.7,0
CUST-003943,39,Month-to-month,104.6,4264.62,1,1,0,No,Bank transfer (automatic),0,0,0,0,5,34.5,0
CUST-003944,52,Month-to-month,44.03,2321.65,1,0,0,DSL,Mailed check,0,0,0,0,4,109.0,1
CUST-003945,44,Month-to-month,79.35,3604.51,2,1,0,Fiber optic,Bank transfer (automatic),1,0,0,1,1,34.4,0
CUST-003946,35,Month-to-month,85.16,2738.52,0,0,0,DSL,Electronic check,0,0,0,0,2,205.9,1
CUST-003947,7,Month-to-month,85.83,519.56,1,0,0,DSL,Credit card (automatic),1,0,0,0,1,150.1,1
CUST-003948,31,Two year,117.43,3255.54,2,1,1,Fiber optic,Mailed check,1,0,0,0,2,119.6,1
CUST-003949,71,Month-to-month,115.37,7935.46,0,0,0,Fiber optic,Credit card (automatic),1,0,0,0,2,107.5,0
CUST-003950,72,Two year,51.69,3976.03,1,1,0,Fiber optic,Bank transfer (automatic),1,0,1,0,4,28.3,0
CUST-003951,38,Month-to-month,53.02,2040.48,3,1,0,DSL,Bank transfer (automatic),1,0,0,0,1,38.7,1
CUST-003952,6,Month-to-month,80.66,474.51,1,1,0,DSL,Mailed check,0,1,1,1,2,63.7,1
CUST-003953,38,Month-to-month,62.85,2456.3,2,1,0,DSL,Mailed check,0,0,0,1,3,56.3,0
CUST-003954,26,Month-to-month,74.15,1961.94,9,0,1,DSL,Mailed check,1,0,0,0,4,168.8,1
CUST-003955,7,One year,61.74,402.9,2,0,0,DSL,Bank transfer (automatic),1,0,0,1,2,83.8,1
CUST-003956,11,Two year,54.1,609.05,3,0,0,No,Bank transfer (automatic),0,0,1,1,1,156.8,0
CUST-003957,13,One year,58.95,798.24,1,1,0,DSL,Credit card (automatic),1,0,0,0,4,68.0,0
CUST-003958,47,One year,36.95,1919.07,2,1,0,No,Electronic check,1,0,0,1,5,46.2,0
CUST-003959,72,Two year,46.91,3364.09,1,1,0,DSL,Credit card (automatic),0,0,1,1,2,102.2,0
CUST-003960,42,One year,88.33,4024.04,0,1,0,Fiber optic,Credit card (automatic),1,0,1,0,3,168.7,0
CUST-003961,48,One year,63.78,2999.48,2,1,0,DSL,Electronic check,0,1,0,1,5,35.4,1
CUST-003962,27,One year,79.19,2386.84,2,1,1,DSL,Electronic check,0,0,1,1,5,122.0,0
CUST-003963,18,Month-to-month,82.87,1447.28,4,1,1,Fiber optic,Bank transfer (automatic),0,0,0,0,3,45.3,0
CUST-003964,43,Month-to-month,106.89,4743.96,1,0,1,DSL,Electronic check,1,0,1,1,3,40.2,0
CUST-003965,35,One year,95.75,3399.28,0,1,0,DSL,Electronic check,1,0,1,0,0,90.7,0
CUST-003966,14,One year,77.44,1164.92,9,1,0,Fiber optic,Bank transfer (automatic),0,0,1,0,1,117.5,0
CUST-003967,34,Month-to-month,94.95,3446.99,2,0,0,Fiber optic,Bank transfer (automatic),0,0,0,0,0,84.7,0
CUST-003968,28,Two year,120.32,3193.36,0,1,0,Fiber optic,Electronic check,1,0,0,1,1,153.7,0
CUST-003969,22,Month-to-month,48.98,1059.44,9,1,0,DSL,Credit card (automatic),1,1,0,0,2,184.2,1
CUST-003970,17,One year,46.31,870.97,2,0,1,DSL,Electronic check,1,0,0,1,0,43.0,0
CUST-003971,38,Two year,122.48,4677.3,1,1,0,Fiber optic,Electronic check,1,0,0,0,0,79.0,0
CUST-003972,18,Month-to-month,82.28,1541.31,2,0,0,No,Electronic check,0,0,0,0,1,184.3,1
CUST-003973,72,Two year,91.85,6259.28,1,0,1,DSL,Credit card (automatic),1,1,0,0,5,340.2,0
CUST-003974,41,Two year,72.89,2951.75,0,1,1,DSL,Credit card (automatic),1,0,0,0,2,71.5,0
CUST-003975,38,One year,83.63,3065.33,8,0,0,Fiber optic,Electronic check,1,0,0,0,4,37.6,1
CUST-003976,25,Two year,31.45,822.65,2,1,0,No,Bank transfer (automatic),0,1,0,0,4,274.0,0
CUST-003977,21,One year,68.42,1489.81,1,0,0,DSL,Electronic check,0,0,0,0,1,120.5,0
CUST-003978,4,Month-to-month,120.8,512.76,1,0,0,Fiber optic,Electronic check,1,0,1,0,5,85.4,1
CUST-003979,15,One year,121.1,1717.93,0,1,0,Fiber optic,Electronic check,1,0,0,0,4,155.2,0
CUST-003980,5,Month-to-month,91.77,471.44,1,1,0,DSL,Credit card (automatic),1,0,0,0,3,167.8,1
CUST-003981,5,Month-to-month,109.68,548.95,1,0,1,Fiber optic,Mailed check,1,1,1,0,5,221.8,0
CUST-003982,10,Month-to-month,145.28,1275.22,2,0,1,Fiber optic,Bank transfer (automatic),0,0,0,0,1,70.6,1
CUST-003983,66,Month-to-month,26.21,1769.92,1,0,0,DSL,Electronic check,0,1,1,1,2,29.9,1
CUST-003984,65,Two year,70.77,4897.22,6,0,0,DSL,Credit card (automatic),1,1,1,0,0,70.7,1
CUST-003985,15,Two year,41.58,672.68,0,1,1,DSL,Credit card (automatic),0,0,1,0,4,124.8,0
CUST-003986,7,Two year,103.81,725.39,2,1,0,DSL,Electronic check,1,0,1,0,1,85.9,1
CUST-003987,20,Month-to-month,76.18,1586.8,2,0,1,Fiber optic,Bank transfer (automatic),1,0,0,0,1,72.5,0
CUST-003988,47,One year,115.21,5562.53,1,0,0,Fiber optic,Bank transfer (automatic),0,0,0,0,0,131.8,1
CUST-003989,57,One year,53.77,2948.4,2,0,0,No,Credit card (automatic),1,0,0,0,3,61.5,0
CUST-003990,33,Month-to-month,100.51,3168.13,1,0,1,Fiber optic,Mailed check,1,0,0,0,1,62.2,0
CUST-003991,38,One year,87.29,3309.08,2,1,1,Fiber optic,Electronic check,0,0,1,1,2,24.6,0
CUST-003992,35,Month-to-month,64.66,2236.42,1,1,0,DSL,Mailed check,1,0,0,1,4,144.9,0
CUST-003993,6,Two year,98.34,592.64,9,0,1,Fiber optic,Bank transfer (automatic),1,0,0,0,3,98.1,1
CUST-003994,8,Month-to-month,87.99,689.22,1,0,0,DSL,Mailed check,0,0,0,0,2,142.2,1
CUST-003995,72,Two year,62.27,4531.07,0,0,0,DSL,Electronic check,0,0,1,1,0,138.9,0
CUST-003996,33,Two year,112.28,3507.68,0,0,0,Fiber optic,Credit card (automatic),0,0,1,0,5,64.2,1
CUST-003997,3,One year,115.95,374.35,3,0,0,Fiber optic,Credit card (automatic),1,0,1,0,5,304.5,0
CUST-003998,39,Month-to-month,54.57,1934.57,0,0,1,DSL,Mailed check,1,0,1,0,2,48.8,0
CUST-003999,13,Month-to-month,137.13,1775.47,1,0,1,Fiber optic,Bank transfer (automatic),0,0,1,0,5,42.4,0
CUST-004000,60,Two year,83.63,4966.72,1,0,1,DSL,Mailed check,1,0,0,0,3,40.3,0
CUST-004001,56,Month-to-month,79.21,4405.72,0,0,1,Fiber optic,Bank transfer (automatic),1,0,0,0,2,85.7,0
CUST-004002,45,Month-to-month,105.35,4540.7,0,0,1,Fiber optic,Electronic check,1,0,0,0,4,96.4,1
CUST-004003,33,Two year,115.96,3537.56,1,1,0,Fiber optic,Mailed check,1,0,0,0,1,173.1,0
CUST-004004,70,One year,79.74,5648.88,1,1,1,DSL,Mailed check,0,0,0,0,5,65.4,0
CUST-004005,72,One year,95.05,6773.49,2,1,0,Fiber optic,Credit card (automatic),1,0,1,1,0,94.1,0
CUST-004006,13,Month-to-month,15.0,198.75,1,0,0,DSL,Electronic check,0,0,0,0,3,124.1,0
CUST-004007,44,Month-to-month,65.82,2657.16,1,0,0,Fiber optic,Mailed check,0,0,0,1,3,318.2,0
CUST-004008,18,Two year,81.96,1601.9,1,0,1,No,Mailed check,1,0,1,1,2,212.3,0
CUST-004009,11,Month-to-month,40.32,441.75,8,0,1,DSL,Credit card (automatic),0,0,1,0,3,67.5,0
CUST-004010,72,Month-to-month,102.85,6278.99,0,0,1,Fiber optic,Mailed check,0,0,0,0,5,120.9,0
CUST-004011,50,Month-to-month,87.12,4397.12,1,1,0,DSL,Electronic check,1,1,0,1,0,217.5,1
CUST-004012,35,One year,87.18,2979.3,2,0,1,Fiber optic,Bank transfer (automatic),1,0,0,0,1,72.9,0
CUST-004013,14,Month-to-month,45.88,605.93,2,1,0,Fiber optic,Electronic check,1,0,0,0,1,55.0,1
CUST-004014,72,Two year,71.58,5471.24,2,0,0,Fiber optic,Bank transfer (automatic),1,0,1,0,0,96.7,0
CUST-004015,12,Month-to-month,107.12,1345.19,2,0,0,Fiber optic,Bank transfer (automatic),0,0,0,0,2,99.3,0
CUST-004016,10,Month-to-month,96.42,980.68,2,1,1,No,Bank transfer (automatic),0,0,0,0,3,73.3,1
CUST-004017,29,Two year,15.0,436.68,2,1,0,No,Bank transfer (automatic),1,0,0,1,4,166.1,0
CUST-004018,47,Two year,67.02,3229.45,1,1,1,No,Electronic check,1,0,1,0,4,70.8,0
CUST-004019,22,One year,28.31,573.68,5,0,0,DSL,Bank transfer (automatic),0,0,0,0,0,78.0,1
CUST-004020,32,Two year,67.26,2172.95,4,0,1,No,Credit card (automatic),1,0,0,0,4,284.3,0
CUST-004021,17,Month-to-month,61.07,1102.43,2,1,0,DSL,Mailed check,1,0,0,0,3,40.7,0
CUST-004022,19,Month-to-month,124.01,2478.72,1,0,0,DSL,Credit card (automatic),1,0,0,0,0,144.0,1
CUST-004023,72,Month-to-month,76.53,5220.71,1,0,0,Fiber optic,Bank transfer (automatic),0,0,0,1,2,190.9,1
CUST-004024,26,Month-to-month,91.22,2393.72,1,1,1,DSL,Bank transfer (automatic),1,1,0,0,5,235.3,0
CUST-004025,72,One year,115.22,7830.11,3,0,0,Fiber optic,Mailed check,0,0,1,1,5,212.7,0
CUST-004026,5,Two year,60.13,303.01,5,0,1,DSL,Credit card (automatic),0,0,0,0,2,240.8,0
CUST-004027,61,Month-to-month,92.97,5457.88,1,0,1,Fiber optic,Electronic check,0,0,0,0,1,166.3,0
CUST-004028,15,Month-to-month,65.01,932.73,3,1,0,DSL,Electronic check,0,0,0,0,2,103.3,1
CUST-004029,51,Two year,46.41,2409.29,0,1,1,DSL,Electronic check,0,0,0,0,3,87.1,0
CUST-004030,15,One year,44.24,639.52,1,1,1,No,Bank transfer (automatic),1,0,0,0,4,112.2,0
CUST-004031,20,Month-to-month,79.75,1531.62,5,0,0,Fiber optic,Bank transfer (automatic),0,0,0,0,0,164.5,0
CUST-004032,11,Month-to-month,36.54,409.01,0,0,0,DSL,Bank transfer (automatic),1,0,0,1,1,242.1,0
CUST-004033,51,Month-to-month,77.49,3659.25,1,0,0,Fiber optic,Electronic check,1,0,1,0,4,128.4,1
CUST-004034,57,Month-to-month,60.11,3371.11,0,1,1,No,Bank transfer (automatic),0,1,0,1,2,228.8,0
CUST-004035,15,Month-to-month,94.05,1302.33,0,1,1,Fiber optic,Electronic check,1,0,1,1,0,258.3,0
CUST-004036,7,Month-to-month,76.09,496.54,0,1,0,DSL,Credit card (automatic),1,0,1,0,4,279.2,0
CUST-004037,72,Month-to-month,60.09,4579.73,0,1,0,No,Electronic check,0,0,0,0,5,78.1,0
CUST-004038,17,Month-to-month,70.77,1178.04,2,0,0,Fiber optic,Mailed check,0,0,0,0,0,224.4,0
CUST-004039,25,Month-to-month,75.64,1823.18,7,0,1,DSL,Mailed check,1,0,1,0,1,157.4,1
CUST-004040,13,Month-to-month,84.77,1148.9,2,1,1,DSL,Mailed check,0,0,0,0,4,103.3,0
CUST-004041,48,Month-to-month,52.85,2741.77,1,0,0,DSL,Bank transfer (automatic),1,0,1,1,2,101.2,1
CUST-004042,49,Two year,40.43,2005.99,1,0,1,No,Credit card (automatic),1,0,1,1,2,50.1,0
CUST-004043,72,One year,53.84,4074.32,1,0,0,No,Bank transfer (automatic),0,0,0,0,1,160.3,0
CUST-004044,62,Month-to-month,85.46,5152.38,4,0,1,Fiber optic,Mailed check,1,0,1,1,4,88.3,1
CUST-004045,59,Month-to-month,118.63,7018.2,6,0,1,Fiber optic,Electronic check,0,0,0,1,2,114.2,1
CUST-004046,27,One year,82.34,2223.99,2,0,0,No,Bank transfer (automatic),1,0,0,1,0,21.2,0
CUST-004047,25,Month-to-month,89.92,2284.4,0,0,1,Fiber optic,Mailed check,1,0,1,0,1,76.2,0
CUST-004048,47,One year,137.52,6775.18,1,1,0,Fiber optic,Credit card (automatic),1,0,1,0,1,192.2,0
CUST-004049,26,Two year,64.13,1544.87,4,1,0,No,Bank transfer (automatic),0,0,1,0,2,62.7,0
CUST-004050,63,Month-to-month,100.34,6040.08,2,0,0,DSL,Mailed check,1,0,1,1,5,174.8,0
CUST-004051,12,Month-to-month,95.53,1118.54,3,1,1,DSL,Credit card (automatic),0,0,0,0,1,99.7,0
CUST-004052,5,Month-to-month,118.77,565.04,0,0,0,Fiber optic,Electronic check,0,0,0,0,3,278.8,1
CUST-004053,43,One year,98.03,4263.72,1,0,1,Fiber optic,Bank transfer (automatic),0,0,0,0,0,67.4,0
CUST-004054,19,Month-to-month,67.92,1304.5,1,1,1,DSL,Mailed check,0,0,1,0,4,111.2,0
CUST-004055,10,One year,65.13,653.21,1,1,1,DSL,Electronic check,1,0,0,0,2,152.5,0
CUST-004056,72,Month-to-month,111.25,7848.72,2,0,1,Fiber optic,Electronic check,1,0,0,1,3,194.2,0
CUST-004057,29,One year,70.27,2175.16,1,1,0,Fiber optic,Bank transfer (automatic),0,0,0,0,0,44.5,0
CUST-004058,8,One year,58.43,472.5,3,0,0,No,Electronic check,1,0,1,0,4,215.8,0
CUST-004059,17,Month-to-month,106.67,1799.77,0,0,1,No,Credit card (automatic),0,0,0,0,0,159.2,0
CUST-004060,23,Two year,105.58,2436.42,2,0,1,Fiber optic,Mailed check,1,0,0,1,3,188.3,0
CUST-004061,43,Two year,113.85,5077.75,0,1,0,Fiber optic,Mailed check,1,0,0,0,4,52.3,0
CUST-004062,17,Month-to-month,59.47,1021.8,2,0,0,Fiber optic,Bank transfer (automatic),1,1,0,0,2,71.5,0
CUST-004063,26,Two year,54.2,1348.31,0,0,0,DSL,Electronic check,0,0,0,0,3,134.1,0
CUST-004064,36,Two year,98.35,3852.68,0,0,0,Fiber optic,Electronic check,1,0,0,1,5,83.8,1
CUST-004065,41,Month-to-month,88.96,3731.61,1,0,1,Fiber optic,Mailed check,1,0,0,1,2,177.0,0
CUST-004066,27,One year,34.37,874.54,1,1,0,No,Bank transfer (automatic),1,1,1,0,0,179.9,0
CUST-004067,72,One year,83.99,5498.22,1,1,1,No,Mailed check,0,0,1,1,2,191.8,0
CUST-004068,48,One year,91.94,4565.11,0,0,0,DSL,Mailed check,1,0,1,1,3,92.0,0
CUST-004069,46,Two year,57.87,2834.06,1,1,0,No,Bank transfer (automatic),1,0,0,0,3,92.2,0
CUST-004070,45,Month-to-month,109.89,5056.81,0,0,0,Fiber optic,Credit card (automatic),0,0,0,0,3,54.7,0
CUST-004071,64,Month-to-month,115.73,7633.62,4,1,1,DSL,Mailed check,1,0,0,0,1,51.6,0
CUST-004072,34,Month-to-month,128.13,4495.36,1,1,0,Fiber optic,Credit card (automatic),1,0,1,0,4,27.0,1
CUST-004073,12,One year,58.99,708.05,2,0,0,No,Electronic check,0,0,0,0,5,231.8,0
CUST-004074,39,Month-to-month,62.41,2229.35,1,1,0,Fiber optic,Mailed check,1,0,0,0,2,198.5,0
CUST-004075,43,Month-to-month,95.75,3973.38,1,0,1,Fiber optic,Mailed check,1,0,0,0,3,49.2,1
CUST-004076,71,Month-to-month,148.67,10974.93,1,1,0,Fiber optic,Mailed check,1,0,1,1,4,98.8,1
CUST-004077,11,One year,123.45,1397.74,0,0,0,Fiber optic,Electronic check,0,1,0,0,3,88.9,0
CUST-004078,13,Month-to-month,89.85,1156.62,4,0,0,Fiber optic,Electronic check,1,0,1,1,5,121.6,1
CUST-004079,30,Month-to-month,129.06,3765.68,2,0,1,Fiber optic,Electronic check,1,0,0,1,2,51.8,1
CUST-004080,46,Month-to-month,94.22,4371.8,0,0,0,No,Electronic check,0,0,0,1,1,350.4,1
CUST-004081,9,Month-to-month,42.51,376.03,1,1,1,Fiber optic,Mailed check,1,0,1,0,0,54.8,0
CUST-004082,11,Month-to-month,91.54,1002.94,1,1,1,DSL,Mailed check,1,0,0,1,1,193.9,0
CUST-004083,54,Month-to-month,92.97,5053.57,5,0,0,Fiber optic,Electronic check,1,0,1,0,5,55.2,1
CUST-004084,9,One year,68.34,591.16,0,0,0,Fiber optic,Bank transfer (automatic),1,0,1,1,3,97.4,1
CUST-004085,14,Month-to-month,92.28,1343.6,2,0,0,Fiber optic,Mailed check,1,0,1,0,2,193.7,0
CUST-004086,56,Month-to-month,100.36,5573.88,0,1,1,Fiber optic,Electronic check,0,0,0,0,5,115.0,0
CUST-004087,45,One year,45.15,2081.28,2,1,0,DSL,Electronic check,0,0,0,0,4,16.2,0
CUST-004088,17,Month-to-month,87.0,1483.69,0,0,1,Fiber optic,Bank transfer (automatic),1,0,1,0,2,102.3,0
CUST-004089,42,Month-to-month,56.73,2566.39,1,1,0,No,Bank transfer (automatic),1,0,1,0,4,268.6,1
CUST-004090,36,Month-to-month,109.88,4063.06,0,0,0,Fiber optic,Credit card (automatic),1,0,1,1,5,71.5,1
CUST-004091,26,Month-to-month,82.47,2187.92,1,0,0,Fiber optic,Electronic check,0,0,0,1,1,202.8,0
CUST-004092,21,Month-to-month,47.5,1016.02,0,1,0,Fiber optic,Bank transfer (automatic),0,0,0,0,4,94.7,0
CUST-004093,41,Two year,78.81,3567.9,1,0,0,Fiber optic,Mailed check,0,1,1,1,3,43.7,0
CUST-004094,10,Month-to-month,66.34,661.94,1,0,1,Fiber optic,Credit card (automatic),1,0,0,1,5,75.4,1
CUST-004095,40,One year,57.65,2324.9,0,1,1,Fiber optic,Bank transfer (automatic),0,0,1,0,0,35.0,0
CUST-004096,34,Two year,119.51,4084.63,0,1,0,Fiber optic,Electronic check,1,0,1,1,5,108.0,0
CUST-004097,36,Month-to-month,110.09,3573.66,6,0,0,Fiber optic,Credit card (automatic),0,0,0,0,1,135.1,1
CUST-004098,13,One year,65.83,859.77,1,0,0,Fiber optic,Mailed check,0,0,1,0,3,189.3,0
CUST-004099,72,Month-to-month,58.27,4408.63,1,1,1,Fiber optic,Credit card (automatic),1,0,0,1,3,95.0,0
CUST-004100,17,One year,62.43,1088.63,1,0,1,DSL,Electronic check,1,0,1,1,1,165.4,1
CUST-004101,19,Two year,56.91,1162.99,2,0,0,Fiber optic,Mailed check,0,0,1,0,4,185.2,1
CUST-004102,26,Month-to-month,83.95,2268.43,1,0,1,Fiber optic,Bank transfer (automatic),1,0,0,0,2,117.2,1
CUST-004103,45,Two year,66.76,3079.61,2,0,0,DSL,Electronic check,0,0,1,0,1,60.9,0
CUST-004104,35,Month-to-month,72.61,2654.29,1,0,0,DSL,Bank transfer (automatic),0,1,0,0,3,93.6,1
CUST-004105,6,One year,98.5,601.78,8,0,0,Fiber optic,Electronic check,0,0,0,1,1,18.0,1
CUST-004106,29,Month-to-month,70.48,2015.24,0,0,0,Fiber optic,Electronic check,1,0,0,1,4,276.8,0
CUST-004107,31,Month-to-month,91.76,2826.28,0,1,1,Fiber optic,Electronic check,1,0,0,0,5,160.6,0
CUST-004108,72,Month-to-month,122.01,7738.0,1,1,0,Fiber optic,Credit card (automatic),1,0,0,0,0,95.4,0
CUST-004109,23,Two year,15.0,372.51,5,0,1,No,Credit card (automatic),1,0,0,0,4,92.0,0
CUST-004110,43,One year,73.14,3113.84,5,1,0,DSL,Mailed check,1,0,0,1,2,47.4,0
CUST-004111,72,Two year,60.54,4131.47,3,1,0,Fiber optic,Bank transfer (automatic),0,0,1,0,2,50.1,0
CUST-004112,65,Month-to-month,125.1,7982.56,0,0,0,Fiber optic,Electronic check,1,0,1,0,0,113.7,1
CUST-004113,12,Month-to-month,85.43,1115.23,2,1,0,DSL,Mailed check,1,0,0,1,3,236.4,0
CUST-004114,50,Month-to-month,84.63,4246.7,4,0,0,No,Credit card (automatic),1,1,1,0,5,111.4,1
CUST-004115,40,Month-to-month,43.67,1769.24,1,0,0,No,Credit card (automatic),0,0,1,0,5,214.9,0
CUST-004116,22,Month-to-month,71.6,1739.51,0,0,0,DSL,Bank transfer (automatic),0,0,1,0,1,189.6,0
CUST-004117,50,Two year,74.38,3874.35,2,1,0,DSL,Electronic check,0,0,1,0,5,70.2,0
CUST-004118,12,Two year,15.0,177.41,0,1,0,No,Credit card (automatic),1,0,1,0,0,148.1,0
CUST-004119,17,Month-to-month,68.66,1068.02,5,1,1,DSL,Credit card (automatic),0,0,1,0,1,39.0,0
CUST-004120,26,Month-to-month,80.33,2155.31,3,0,1,No,Credit card (automatic),1,0,0,0,0,215.2,0
CUST-004121,21,One year,29.65,601.54,1,0,0,DSL,Bank transfer (automatic),1,0,1,0,2,328.0,0
CUST-004122,46,One year,105.05,4991.75,3,1,0,Fiber optic,Electronic check,1,0,1,0,2,59.6,0
CUST-004123,28,One year,67.49,1885.16,0,0,1,DSL,Credit card (automatic),1,0,0,1,2,113.0,0
CUST-004124,20,Month-to-month,124.53,2541.5,0,1,0,Fiber optic,Bank transfer (automatic),1,0,1,0,2,84.7,0
CUST-004125,64,Month-to-month,54.67,3655.6,1,1,0,DSL,Electronic check,1,0,1,0,5,218.7,0
CUST-004126,45,Month-to-month,94.44,3882.35,0,0,0,Fiber optic,Electronic check,0,1,0,0,5,192.2,0
CUST-004127,8,Two year,73.53,592.03,3,1,1,No,Bank transfer (automatic),0,0,0,0,1,59.4,0
CUST-004128,8,One year,15.0,119.89,7,0,1,DSL,Credit card (automatic),1,0,1,0,2,97.3,1
CUST-004129,20,Two year,81.14,1646.16,0,0,1,Fiber optic,Credit card (automatic),1,1,0,1,2,69.5,1
CUST-004130,9,Month-to-month,67.16,619.68,2,0,1,DSL,Credit card (automatic),1,0,1,0,2,156.6,1
CUST-004131,57,Month-to-month,31.09,1785.6,1,1,1,Fiber optic,Bank transfer (automatic),0,0,1,1,0,186.2,0
CUST-004132,18,Month-to-month,81.86,1425.75,0,1,1,DSL,Credit card (automatic),0,1,0,1,5,145.9,0
CUST-004133,43,Two year,92.15,3738.69,0,1,0,Fiber optic,Electronic check,1,0,0,1,1,174.2,1
CUST-004134,49,Month-to-month,92.01,4150.58,0,0,1,Fiber optic,Electronic check,0,0,1,0,0,188.1,0
CUST-004135,4,One year,83.03,334.11,0,1,0,No,Electronic check,0,0,1,0,4,185.2,0
CUST-004136,19,Month-to-month,54.73,1067.26,8,1,0,No,Credit card (automatic),1,0,0,0,2,81.0,0
CUST-004137,25,Month-to-month,66.08,1623.75,1,0,1,DSL,Credit card (automatic),0,0,0,0,5,223.9,0
CUST-004138,36,Month-to-month,86.63,3248.22,0,1,1,DSL,Credit card (automatic),1,0,1,0,0,73.1,0
CUST-004139,55,Month-to-month,66.39,3630.55,2,0,1,DSL,Credit card (automatic),0,1,0,0,1,112.3,1
CUST-004140,72,Two year,43.91,3147.98,1,0,0,Fiber optic,Bank transfer (automatic),1,0,1,0,1,126.3,0
CUST-004141,72,Two year,66.29,4429.66,2,0,1,DSL,Credit card (automatic),1,1,1,0,2,125.5,0
CUST-004142,28,One year,66.6,1823.46,0,0,0,No,Mailed check,0,0,0,0,1,94.5,1
CUST-004143,28,Month-to-month,87.51,2563.08,0,1,0,No,Credit card (automatic),1,0,1,0,3,153.3,1
CUST-004144,72,One year,56.42,4346.1,1,0,1,DSL,Credit card (automatic),1,0,1,0,4,41.0,0
CUST-004145,29,Month-to-month,40.55,1164.76,1,0,0,DSL,Mailed check,0,0,0,1,0,176.4,0
CUST-004146,18,Two year,65.63,1232.56,1,0,0,Fiber optic,Electronic check,0,0,1,1,3,32.7,0
CUST-004147,58,One year,126.07,7829.18,1,0,1,Fiber optic,Electronic check,1,0,0,1,3,64.8,0
CUST-004148,37,Month-to-month,97.23,3428.9,1,0,1,Fiber optic,Credit card (automatic),1,1,0,1,1,124.0,1
CUST-004149,8,Month-to-month,99.79,810.99,0,1,0,DSL,Bank transfer (automatic),1,0,1,0,1,79.1,0
CUST-004150,23,Month-to-month,103.41,2401.06,1,0,0,No,Mailed check,1,0,0,0,2,75.0,0
CUST-004151,9,Month-to-month,71.41,677.24,2,0,0,Fiber optic,Credit card (automatic),1,0,1,0,3,26.9,1
CUST-004152,2,Two year,44.5,85.28,1,1,0,DSL,Mailed check,0,0,0,1,3,84.4,1
CUST-004153,72,One year,61.81,4520.57,1,0,0,DSL,Mailed check,1,0,0,0,4,39.2,0
CUST-004154,32,Month-to-month,105.36,3327.97,2,0,1,Fiber optic,Credit card (automatic),0,0,0,0,1,223.5,1
CUST-004155,24,Month-to-month,29.96,734.32,2,0,1,DSL,Mailed check,1,0,1,1,3,93.6,0
CUST-004156,20,One year,76.37,1620.68,0,1,1,No,Mailed check,0,0,1,0,3,225.9,0
CUST-004157,30,Month-to-month,100.11,3225.14,2,0,0,Fiber optic,Bank transfer (automatic),0,0,1,0,0,117.5,0
CUST-004158,19,Month-to-month,36.86,743.42,1,1,0,No,Mailed check,1,0,1,0,5,245.4,0
CUST-004159,13,One year,62.74,775.24,1,0,1,Fiber optic,Mailed check,0,0,0,0,0,349.3,0
CUST-004160,20,Month-to-month,76.11,1486.2,2,0,1,No,Electronic check,1,0,1,0,2,42.9,1
CUST-004161,72,Month-to-month,141.83,10725.59,0,0,0,Fiber optic,Credit card (automatic),0,0,0,1,2,237.6,0
CUST-004162,57,Month-to-month,82.63,4852.34,3,1,0,Fiber optic,Bank transfer (automatic),1,1,1,0,3,174.2,0
CUST-004163,20,Month-to-month,73.24,1445.56,1,0,1,DSL,Credit card (automatic),1,0,1,1,1,156.3,0
CUST-004164,72,Two year,74.87,5143.62,2,0,0,Fiber optic,Bank transfer (automatic),1,0,0,0,3,55.7,0
CUST-004165,28,Two year,95.91,2160.9,5,0,1,Fiber optic,Electronic check,1,0,0,0,1,92.0,1
CUST-004166,15,Two year,74.37,1026.63,2,0,0,Fiber optic,Mailed check,0,0,1,0,2,210.6,0
CUST-004167,38,Two year,83.53,3125.66,0,0,0,Fiber optic,Mailed check,1,0,0,0,5,313.5,0
CUST-004168,72,Month-to-month,126.23,8956.65,0,0,0,DSL,Bank transfer (automatic),0,1,0,1,0,159.4,1
CUST-004169,72,Month-to-month,92.68,6810.12,1,0,0,Fiber optic,Bank transfer (automatic),0,0,1,1,3,208.3,0
CUST-004170,16,One year,25.9,426.87,0,0,1,DSL,Bank transfer (automatic),0,0,1,0,0,139.8,0
CUST-004171,10,Month-to-month,106.07,1180.51,1,0,1,Fiber optic,Credit card (automatic),1,0,0,0,2,198.9,1
CUST-004172,22,Two year,118.23,2500.94,2,0,0,Fiber optic,Electronic check,1,0,1,1,5,144.3,0
CUST-004173,43,Month-to-month,81.89,3177.74,0,0,1,No,Credit card (automatic),1,0,1,1,3,98.6,0
CUST-004174,52,Month-to-month,85.58,4243.47,8,0,0,Fiber optic,Mailed check,0,0,0,0,5,293.1,1
CUST-004175,66,One year,42.07,3009.4,3,1,1,No,Bank transfer (automatic),1,0,1,1,2,59.6,0
CUST-004176,34,Two year,42.68,1452.06,0,0,0,No,Electronic check,1,0,1,1,0,30.9,0
CUST-004177,34,One year,60.26,2152.55,0,1,0,DSL,Electronic check,0,0,0,0,2,92.5,0
CUST-004178,33,One year,80.83,2592.32,0,1,0,Fiber optic,Bank transfer (automatic),0,0,1,0,4,111.5,0
CUST-004179,60,Month-to-month,51.04,2985.62,1,1,1,DSL,Mailed check,1,1,0,0,1,122.3,0
CUST-004180,52,One year,95.38,4534.66,1,1,1,No,Credit card (automatic),1,0,0,1,4,58.2,0
CUST-004181,15,One year,113.03,1667.41,1,0,1,Fiber optic,Bank transfer (automatic),1,0,0,0,3,36.3,0
CUST-004182,48,Month-to-month,96.67,4642.68,4,1,1,DSL,Bank transfer (automatic),1,0,1,1,4,112.0,0
CUST-004183,57,One year,45.29,2693.51,0,1,1,DSL,Mailed check,0,0,0,0,1,77.6,0
CUST-004184,61,Month-to-month,66.98,4200.4,1,1,0,Fiber optic,Credit card (automatic),0,0,0,0,4,58.0,0
CUST-004185,37,Month-to-month,66.93,2722.45,1,0,0,DSL,Credit card (automatic),1,0,1,0,0,117.2,0
CUST-004186,36,Two year,100.37,3585.53,0,1,1,Fiber optic,Electronic check,1,0,0,0,4,214.9,0
CUST-004187,29,Month-to-month,66.79,1960.4,0,1,0,No,Bank transfer (automatic),0,0,0,1,1,152.8,0
CUST-004188,31,One year,73.67,2281.99,6,1,0,DSL,Credit card (automatic),1,0,1,1,1,88.0,0
CUST-004189,72,Month-to-month,129.63,9008.98,1,0,0,Fiber optic,Electronic check,1,0,1,1,3,121.4,1
CUST-004190,32,Two year,84.54,2760.69,3,1,0,Fiber optic,Electronic check,1,0,0,0,3,46.4,0
CUST-004191,16,Month-to-month,85.18,1344.09,3,0,1,DSL,Credit card (automatic),1,1,1,0,3,127.4,1
CUST-004192,38,Month-to-month,77.95,3208.43,6,0,0,DSL,Mailed check,1,0,0,0,5,61.8,0
CUST-004193,51,Two year,67.38,3300.74,1,1,0,DSL,Credit card (automatic),1,0,0,0,0,109.1,0
CUST-004194,59,One year,84.03,4873.53,2,0,1,No,Mailed check,0,0,1,1,3,230.0,0
CUST-004195,12,Month-to-month,70.8,796.77,4,0,0,Fiber optic,Bank transfer (automatic),0,0,1,0,2,81.8,1
CUST-004196,72,Month-to-month,65.77,4815.56,1,1,0,Fiber optic,Mailed check,0,0,1,0,4,46.0,0
CUST-004197,50,Month-to-month,75.82,3539.37,1,1,0,No,Mailed check,1,0,0,1,2,33.7,0
CUST-004198,72,Two year,24.05,1730.9,3,0,1,DSL,Credit card (automatic),1,0,0,0,3,15.6,0
CUST-004199,9,One year,77.79,659.19,0,1,1,DSL,Bank transfer (automatic),0,1,1,0,5,104.0,0
CUST-004200,62,Two year,36.8,2169.39,0,0,0,DSL,Credit card (automatic),1,0,0,0,2,144.9,0
CUST-004201,12,Two year,127.95,1476.68,0,1,0,Fiber optic,Mailed check,0,1,1,0,4,151.1,0
CUST-004202,24,Month-to-month,80.09,1992.27,4,0,0,Fiber optic,Credit card (automatic),1,0,0,0,4,72.5,0
CUST-004203,51,One year,126.33,6412.37,7,1,0,Fiber optic,Bank transfer (automatic),1,1,0,0,1,177.7,1
CUST-004204,11,One year,59.73,653.0,1,0,0,DSL,Electronic check,1,1,0,1,2,33.2,0
CUST-004205,19,Two year,83.66,1634.24,0,1,1,Fiber optic,Mailed check,1,1,0,0,0,24.5,1
CUST-004206,8,One year,86.65,670.32,0,1,0,No,Electronic check,1,0,0,1,4,169.8,0
CUST-004207,50,Month-to-month,97.32,4387.73,2,1,1,Fiber optic,Electronic check,0,0,1,0,3,44.5,1
CUST-004208,15,Two year,63.33,897.75,5,1,0,DSL,Credit card (automatic),1,0,1,1,3,74.6,1
CUST-004209,30,One year,79.9,2362.73,2,1,1,Fiber optic,Credit card (automatic),1,0,0,0,4,119.5,0
CUST-004210,40,Two year,55.14,2200.2,1,1,1,DSL,Electronic check,1,0,0,1,1,65.6,0
CUST-004211,37,Month-to-month,123.94,4713.89,1,0,0,DSL,Electronic check,1,1,1,0,5,63.7,0
CUST-004212,35,Month-to-month,48.12,1671.97,1,1,0,Fiber optic,Electronic check,1,0,0,0,1,166.8,0
CUST-004213,35,One year,59.94,2204.57,2,0,0,Fiber optic,Credit card (automatic),1,0,1,0,4,99.0,0
CUST-004214,9,One year,119.42,1094.21,1,1,1,Fiber optic,Bank transfer (automatic),1,1,1,0,0,170.8,0
CUST-004215,25,Month-to-month,92.55,2150.85,0,1,0,DSL,Bank transfer (automatic),1,0,1,1,5,39.4,0
CUST-004216,35,Month-to-month,41.94,1280.94,2,0,0,DSL,Bank transfer (automatic),1,0,1,0,2,78.9,0
CUST-004217,32,One year,46.19,1403.63,0,1,0,Fiber optic,Credit card (automatic),1,0,0,0,4,194.0,0
CUST-004218,27,Two year,121.81,3311.54,2,1,1,Fiber optic,Electronic check,1,0,0,1,0,143.7,1
CUST-004219,17,Month-to-month,63.83,1105.24,0,0,1,Fiber optic,Electronic check,0,0,1,0,2,100.0,0
CUST-004220,37,Month-to-month,77.72,2860.48,3,0,1,Fiber optic,Bank transfer (automatic),1,0,1,0,2,221.2,1
CUST-004221,42,Month-to-month,67.4,2847.82,2,1,0,DSL,Credit card (automatic),1,0,1,0,2,206.9,0
CUST-004222,21,Month-to-month,63.18,1414.38,0,0,1,Fiber optic,Bank transfer (automatic),0,1,0,0,5,122.9,1
CUST-004223,59,Month-to-month,88.11,5202.13,0,1,1,No,Credit card (automatic),1,0,0,1,2,143.3,0
CUST-004224,72,Month-to-month,65.52,4799.96,0,0,1,DSL,Credit card (automatic),1,0,0,0,0,30.4,0
CUST-004225,31,One year,67.95,2274.6,5,0,0,Fiber optic,Electronic check,1,0,0,0,4,68.6,0
CUST-004226,16,Month-to-month,45.15,656.97,1,0,1,DSL,Bank transfer (automatic),1,0,1,0,5,222.5,0
CUST-004227,11,Month-to-month,97.42,1163.23,1,0,0,DSL,Credit card (automatic),0,0,1,0,3,50.6,1
CUST-004228,24,Two year,83.03,1737.74,1,0,0,Fiber optic,Electronic check,1,0,0,1,1,53.9,1
CUST-004229,29,Month-to-month,105.36,2929.25,2,1,0,Fiber optic,Bank transfer (automatic),1,0,0,0,1,80.4,0
CUST-004230,10,One year,64.75,629.4,1,0,0,DSL,Electronic check,1,0,0,0,2,30.9,1
CUST-004231,23,Month-to-month,46.14,974.56,0,1,0,Fiber optic,Credit card (automatic),0,0,0,0,4,150.3,0
CUST-004232,57,Two year,83.67,4729.88,1,0,0,DSL,Electronic check,1,0,1,0,1,42.0,0
CUST-004233,3,Two year,116.85,349.65,2,0,1,Fiber optic,Mailed check,1,0,0,1,1,103.3,1
CUST-004234,32,Month-to-month,136.06,4515.02,2,1,0,Fiber optic,Bank transfer (automatic),1,1,1,1,2,170.9,1
CUST-004235,19,One year,17.49,344.07,0,0,0,DSL,Bank transfer (automatic),0,1,0,0,1,85.9,0
CUST-004236,30,One year,15.0,453.9,3,1,0,Fiber optic,Electronic check,1,0,0,1,1,189.8,0
CUST-004237,72,Month-to-month,105.98,8057.27,1,0,0,Fiber optic,Electronic check,1,0,1,0,1,20.3,1
CUST-004238,29,One year,50.02,1497.36,1,0,0,No,Credit card (automatic),1,0,0,0,2,143.4,0
CUST-004239,26,Month-to-month,29.25,748.14,2,1,0,DSL,Credit card (automatic),1,0,1,0,5,157.3,0
CUST-004240,48,Month-to-month,92.69,4475.61,0,0,0,Fiber optic,Bank transfer (automatic),1,0,0,0,5,234.3,1
CUST-004241,37,Two year,53.77,1926.25,2,1,0,DSL,Electronic check,1,1,1,0,3,5.7,0
CUST-004242,32,Month-to-month,33.1,994.3,3,1,0,DSL,Bank transfer (automatic),1,0,0,0,4,181.5,1
CUST-004243,38,Month-to-month,62.93,2442.5,1,0,0,DSL,Bank transfer (automatic),0,0,1,0,0,70.5,0
CUST-004244,68,Month-to-month,104.16,6552.06,0,0,0,Fiber optic,Mailed check,1,0,0,1,0,122.4,1
CUST-004245,55,Two year,69.37,3779.59,0,0,1,DSL,Electronic check,1,0,0,0,4,84.4,0
CUST-004246,24,Month-to-month,69.56,1477.62,1,1,1,No,Electronic check,1,0,0,0,0,109.7,1
CUST-004247,72,Month-to-month,101.09,7304.31,0,1,0,Fiber optic,Electronic check,1,1,0,1,3,322.3,0
CUST-004248,20,One year,22.72,437.88,2,0,0,No,Bank transfer (automatic),1,0,0,0,1,66.1,1
CUST-004249,32,One year,63.72,2096.97,1,1,1,DSL,Mailed check,0,0,1,1,1,156.8,0
CUST-004250,35,Month-to-month,71.0,2457.36,2,1,1,DSL,Bank transfer (automatic),1,0,1,1,4,57.3,0
CUST-004251,23,Two year,80.55,1840.83,2,0,0,Fiber optic,Bank transfer (automatic),1,0,1,0,2,243.5,0
CUST-004252,72,Month-to-month,69.26,4999.73,0,0,0,Fiber optic,Bank transfer (automatic),0,1,0,1,1,95.7,0
CUST-004253,23,One year,71.35,1590.88,1,1,0,Fiber optic,Bank transfer (automatic),1,0,0,0,5,267.3,0
CUST-004254,27,One year,57.67,1512.98,1,1,1,No,Bank transfer (automatic),1,0,0,0,3,60.1,0
CUST-004255,60,Month-to-month,112.86,6579.92,2,1,0,Fiber optic,Electronic check,1,1,0,1,2,157.3,1
CUST-004256,21,Two year,103.18,2153.22,2,1,0,No,Electronic check,1,0,1,0,0,119.1,0
CUST-004257,10,One year,98.09,953.58,1,0,0,DSL,Bank transfer (automatic),1,0,1,1,4,137.4,0
CUST-004258,33,Month-to-month,50.98,1720.23,0,0,0,Fiber optic,Mailed check,0,0,1,0,4,126.3,0
CUST-004259,13,Month-to-month,66.52,788.24,0,1,0,Fiber optic,Mailed check,1,0,0,0,3,65.9,0
CUST-004260,11,Month-to-month,106.44,1083.08,2,1,0,Fiber optic,Mailed check,1,0,1,0,5,52.8,0
CUST-004261,4,Two year,122.52,536.36,1,0,0,Fiber optic,Electronic check,0,0,1,0,3,166.1,1
CUST-004262,4,Month-to-month,65.83,257.6,2,1,0,Fiber optic,Electronic check,1,0,0,0,2,148.1,1
CUST-004263,5,Two year,69.58,330.25,0,0,0,No,Bank transfer (automatic),0,0,0,0,3,57.1,1
CUST-004264,72,Month-to-month,36.7,2639.03,1,0,1,DSL,Bank transfer (automatic),0,0,0,0,3,56.5,0
CUST-004265,5,Two year,71.91,373.34,4,1,0,DSL,Bank transfer (automatic),1,0,1,0,3,320.6,0
CUST-004266,12,Two year,48.91,605.73,0,1,1,DSL,Electronic check,1,0,0,1,1,88.3,0
CUST-004267,27,Month-to-month,69.57,1808.12,0,0,0,DSL,Credit card (automatic),1,0,0,0,5,25.9,1
CUST-004268,46,Month-to-month,59.7,2675.81,1,0,0,Fiber optic,Mailed check,1,0,0,0,3,164.4,1
CUST-004269,50,Two year,49.15,2416.49,4,0,0,Fiber optic,Bank transfer (automatic),1,0,1,0,1,19.0,0
CUST-004270,16,Month-to-month,142.46,2314.85,2,1,0,DSL,Mailed check,0,0,0,0,2,143.3,0
CUST-004271,32,Month-to-month,66.73,2140.22,0,0,0,No,Mailed check,0,0,0,0,1,107.0,0
CUST-004272,27,Two year,118.37,3049.45,2,0,0,No,Credit card (automatic),1,0,0,0,3,91.6,1
CUST-004273,31,Two year,127.73,3858.75,7,0,1,Fiber optic,Electronic check,1,0,0,1,1,58.4,1
CUST-004274,34,One year,49.11,1647.59,3,1,0,Fiber optic,Electronic check,0,0,1,0,3,90.4,0
CUST-004275,40,Two year,74.04,3181.06,3,0,1,DSL,Electronic check,1,0,1,1,3,84.1,0
CUST-004276,19,One year,57.64,1085.45,1,0,0,Fiber optic,Credit card (automatic),0,0,0,1,3,76.5,0
CUST-004277,23,One year,82.6,2214.09,1,0,0,Fiber optic,Credit card (automatic),0,0,1,0,5,53.9,0
CUST-004278,72,Month-to-month,17.88,1270.03,0,0,0,DSL,Bank transfer (automatic),1,0,0,0,2,267.9,0
CUST-004279,20,One year,50.64,927.57,1,1,1,Fiber optic,Mailed check,1,0,1,1,3,248.6,0
CUST-004280,32,One year,68.63,2234.73,1,1,0,Fiber optic,Electronic check,1,0,0,1,0,114.3,0
CUST-004281,27,One year,51.36,1459.33,1,1,1,DSL,Credit card (automatic),0,0,1,0,2,78.3,0
CUST-004282,31,Two year,90.97,2887.06,0,0,1,Fiber optic,Electronic check,0,0,0,0,5,41.5,0
CUST-004283,61,Month-to-month,64.1,3948.55,1,0,1,Fiber optic,Electronic check,0,0,0,0,0,156.9,0
CUST-004284,26,One year,68.73,1753.06,6,0,1,DSL,Credit card (automatic),1,1,0,0,3,431.2,0
CUST-004285,11,Month-to-month,93.39,1012.65,8,0,0,DSL,Electronic check,0,0,0,1,3,108.0,1
CUST-004286,19,Month-to-month,71.85,1206.28,2,0,1,DSL,Credit card (automatic),0,0,0,0,5,74.5,0
CUST-004287,26,Month-to-month,88.32,2394.95,0,0,0,Fiber optic,Credit card (automatic),0,0,0,1,3,133.3,1
CUST-004288,34,Two year,98.54,3286.84,0,1,0,Fiber optic,Credit card (automatic),1,0,0,0,2,93.6,0
CUST-004289,16,Month-to-month,29.13,492.8,0,0,1,DSL,Bank transfer (automatic),1,0,1,0,2,90.6,1
CUST-004290,17,One year,88.8,1469.4,0,1,0,No,Mailed check,1,0,0,1,1,33.6,0
CUST-004291,35,One year,35.06,1223.82,2,0,0,No,Bank transfer (automatic),1,0,0,0,3,72.9,0
CUST-004292,36,Two year,128.8,4926.41,0,0,1,Fiber optic,Credit card (automatic),0,0,1,0,3,42.8,1
CUST-004293,55,One year,84.27,4944.44,0,0,1,No,Bank transfer (automatic),1,0,1,0,0,156.1,0
CUST-004294,18,Month-to-month,103.91,1949.05,1,1,0,Fiber optic,Credit card (automatic),0,1,1,0,3,49.5,1
CUST-004295,43,Month-to-month,80.0,3118.16,0,1,1,DSL,Credit card (automatic),0,0,1,0,4,9.0,0
CUST-004296,27,One year,89.95,2273.58,1,1,0,Fiber optic,Bank transfer (automatic),1,0,1,1,5,138.1,0
CUST-004297,21,Month-to-month,45.34,985.52,7,0,1,DSL,Credit card (automatic),1,0,1,0,1,189.8,1
CUST-004298,28,Month-to-month,66.46,1795.9,3,0,1,Fiber optic,Electronic check,1,0,1,0,0,130.0,1
CUST-004299,31,Month-to-month,108.78,3384.62,2,1,0,No,Credit card (automatic),0,0,1,0,3,82.0,1
CUST-004300,10,Month-to-month,92.58,935.4,0,0,0,Fiber optic,Credit card (automatic),0,0,1,0,0,211.6,0
CUST-004301,11,Two year,37.13,413.66,3,1,1,DSL,Electronic check,1,0,0,0,4,71.3,1
CUST-004302,47,Two year,77.92,3468.92,1,1,0,DSL,Bank transfer (automatic),0,1,0,1,4,128.9,0
CUST-004303,22,One year,73.57,1701.32,1,0,1,No,Bank transfer (automatic),1,1,1,0,1,177.4,1
CUST-004304,35,Month-to-month,56.77,1934.85,3,0,1,DSL,Credit card (automatic),1,0,0,0,2,118.3,1
CUST-004305,46,Two year,42.55,2015.03,0,1,0,No,Electronic check,0,0,1,0,2,156.7,0
CUST-004306,28,One year,83.39,2310.73,0,1,0,DSL,Bank transfer (automatic),0,0,1,0,1,84.6,0
CUST-004307,44,Two year,113.65,5480.87,1,0,1,Fiber optic,Bank transfer (automatic),1,1,0,0,3,62.1,1
CUST-004308,31,Month-to-month,73.06,2428.89,5,1,0,DSL,Mailed check,1,0,1,1,5,92.3,0
CUST-004309,32,Month-to-month,66.79,2365.07,1,1,1,DSL,Credit card (automatic),1,1,0,0,3,78.8,1
CUST-004310,65,One year,45.44,3197.68,3,0,1,DSL,Bank transfer (automatic),1,0,1,1,2,56.7,1
CUST-004311,26,Two year,77.0,1988.56,1,0,0,DSL,Mailed check,0,0,0,0,5,68.4,0
CUST-004312,48,Month-to-month,49.13,2295.28,0,1,1,DSL,Credit card (automatic),0,0,1,1,4,92.0,0
CUST-004313,8,Month-to-month,33.19,250.45,1,1,0,DSL,Electronic check,1,0,1,0,3,177.3,1
CUST-004314,34,One year,118.14,4070.23,2,0,0,Fiber optic,Electronic check,1,0,0,1,1,79.0,0
CUST-004315,72,Two year,64.25,4631.63,0,0,1,Fiber optic,Electronic check,1,0,0,1,4,100.9,0
CUST-004316,72,One year,17.58,1263.04,1,0,0,DSL,Credit card (automatic),1,0,0,0,3,121.8,0
CUST-004317,9,Two year,122.73,1058.78,1,0,0,Fiber optic,Credit card (automatic),0,0,1,0,0,148.8,0
CUST-004318,22,One year,46.39,1039.0,7,0,0,Fiber optic,Bank transfer (automatic),1,0,1,0,3,101.2,1
CUST-004319,13,Two year,55.26,704.66,2,1,1,No,Mailed check,1,0,0,1,1,357.3,0
CUST-004320,26,Month-to-month,62.61,1588.59,6,0,0,Fiber optic,Mailed check,0,0,0,0,2,84.1,0
CUST-004321,53,Month-to-month,71.9,3841.93,0,0,0,Fiber optic,Bank transfer (automatic),1,0,1,0,5,76.8,0
CUST-004322,66,One year,120.6,7928.61,6,1,0,No,Bank transfer (automatic),1,1,1,1,3,65.8,0
CUST-004323,68,One year,62.46,3944.41,3,0,0,No,Electronic check,0,1,1,0,2,158.8,0
CUST-004324,8,Month-to-month,74.0,568.68,2,0,0,No,Electronic check,0,0,1,1,4,82.2,1
CUST-004325,30,Month-to-month,109.76,3380.49,1,0,0,Fiber optic,Credit card (automatic),0,0,1,0,0,27.7,1
CUST-004326,18,One year,73.83,1325.77,3,0,0,Fiber optic,Bank transfer (automatic),0,0,0,0,1,58.8,1
CUST-004327,25,Two year,91.88,2073.9,2,0,1,No,Electronic check,0,0,0,0,0,44.1,0
CUST-004328,20,Month-to-month,99.4,2057.46,2,0,0,Fiber optic,Credit card (automatic),1,0,0,0,5,55.4,1
CUST-004329,8,Two year,83.85,669.14,2,1,0,DSL,Mailed check,1,0,1,0,4,77.3,1
CUST-004330,67,Month-to-month,46.88,2974.22,1,0,1,No,Bank transfer (automatic),0,0,1,0,5,124.3,0
CUST-004331,16,Month-to-month,76.1,1176.88,2,1,0,No,Electronic check,1,0,1,1,1,105.2,0
CUST-004332,18,Month-to-month,64.78,1175.67,0,0,1,DSL,Credit card (automatic),1,0,0,0,0,66.7,0
CUST-004333,72,Month-to-month,93.24,5971.92,0,1,1,DSL,Electronic check,1,0,0,1,1,139.4,1
CUST-004334,7,Month-to-month,51.49,368.01,0,1,0,No,Credit card (automatic),0,0,1,1,2,78.5,0
CUST-004335,40,One year,115.81,4860.95,0,0,0,DSL,Bank transfer (automatic),0,0,1,1,5,169.9,0
CUST-004336,58,One year,98.47,5965.57,1,1,1,Fiber optic,Electronic check,1,0,1,1,4,77.4,0
CUST-004337,72,Month-to-month,61.87,4711.73,3,0,0,DSL,Electronic check,0,0,1,0,4,57.2,0
CUST-004338,38,Two year,58.95,2152.74,0,0,1,DSL,Credit card (automatic),1,0,0,0,3,46.8,0
CUST-004339,48,Two year,89.83,4534.76,3,0,1,Fiber optic,Electronic check,1,0,0,0,2,138.9,0
CUST-004340,58,Month-to-month,49.28,2897.16,2,1,1,No,Electronic check,1,0,1,0,4,93.8,1
CUST-004341,27,Month-to-month,106.67,2759.8,1,0,0,Fiber optic,Bank transfer (automatic),1,0,1,0,0,123.4,1
CUST-004342,14,Month-to-month,64.7,926.94,0,0,1,DSL,Electronic check,1,0,0,1,0,252.5,0
CUST-004343,72,One year,113.59,8356.94,1,1,0,DSL,Bank transfer (automatic),1,1,0,0,5,137.7,0
CUST-004344,45,Month-to-month,54.17,2625.41,3,1,0,DSL,Bank transfer (automatic),1,0,1,1,1,125.9,0
CUST-004345,30,One year,61.98,1970.7,7,1,1,No,Electronic check,1,0,1,1,5,183.6,0
CUST-004346,9,One year,79.14,687.67,0,1,0,Fiber optic,Mailed check,0,0,0,0,4,69.0,0
CUST-004347,3,One year,111.73,340.9,0,0,0,No,Electronic check,1,0,0,0,5,162.8,1
CUST-004348,39,Month-to-month,28.86,1144.11,3,0,0,No,Credit card (automatic),1,0,0,0,1,78.3,1
CUST-004349,2,Month-to-month,92.34,187.0,9,0,1,Fiber optic,Electronic check,1,0,1,0,4,105.6,1
CUST-004350,30,Month-to-month,72.82,2151.3,1,1,0,DSL,Bank transfer (automatic),1,0,1,1,1,239.8,0
CUST-004351,17,Two year,36.8,680.49,0,1,0,No,Bank transfer (automatic),1,0,0,0,3,86.6,0
CUST-004352,20,One year,131.08,2539.92,0,1,0,DSL,Credit card (automatic),0,0,0,1,2,146.7,0
CUST-004353,68,One year,41.74,3074.81,3,1,0,No,Mailed check,1,0,0,0,4,127.2,0
CUST-004354,17,One year,90.84,1434.27,0,1,1,Fiber optic,Electronic check,0,1,1,0,5,244.5,0
CUST-004355,31,Month-to-month,107.1,3256.78,0,1,1,DSL,Bank transfer (automatic),1,1,1,0,2,63.0,0
CUST-004356,17,Month-to-month,80.62,1422.93,2,0,1,Fiber optic,Bank transfer (automatic),0,1,1,0,3,30.5,0
CUST-004357,37,Month-to-month,93.59,3280.54,1,1,1,Fiber optic,Credit card (automatic),1,0,1,0,3,45.8,1
CUST-004358,33,Month-to-month,81.38,2586.85,0,1,0,Fiber optic,Electronic check,0,0,0,0,0,118.9,0
CUST-004359,30,Month-to-month,88.67,2731.25,4,0,1,Fiber optic,Credit card (automatic),1,0,1,1,1,79.0,0
CUST-004360,58,Month-to-month,92.04,4876.99,0,0,0,DSL,Electronic check,1,0,1,0,0,190.8,1
CUST-004361,7,One year,79.46,586.95,3,1,1,Fiber optic,Bank transfer (automatic),1,0,1,0,5,109.5,0
CUST-004362,5,Month-to-month,23.64,126.94,1,1,1,Fiber optic,Bank transfer (automatic),1,0,0,1,3,61.3,0
CUST-004363,10,Month-to-month,64.18,690.62,0,1,0,No,Electronic check,0,1,1,0,0,89.8,1
CUST-004364,33,Month-to-month,66.57,2232.57,1,0,0,No,Credit card (automatic),1,1,0,1,1,10.4,1
CUST-004365,41,Month-to-month,94.89,3807.27,0,0,1,Fiber optic,Bank transfer (automatic),1,0,0,1,4,121.7,0
CUST-004366,1,Month-to-month,60.42,59.33,9,0,0,No,Electronic check,0,0,1,0,0,168.2,1
CUST-004367,41,Month-to-month,68.44,2846.36,1,0,1,Fiber optic,Electronic check,0,1,1,1,1,215.9,1
CUST-004368,23,Month-to-month,58.87,1362.78,0,0,0,DSL,Credit card (automatic),1,0,1,0,4,54.0,0
CUST-004369,72,Two year,109.13,7707.98,3,0,0,DSL,Credit card (automatic),1,0,0,0,4,131.6,1
CUST-004370,39,Month-to-month,63.95,2691.57,1,1,0,No,Electronic check,0,0,0,0,0,226.4,0
CUST-004371,72,Month-to-month,106.32,7560.81,1,1,1,Fiber optic,Electronic check,1,0,1,0,1,30.9,1
CUST-004372,66,Month-to-month,39.16,2770.3,0,0,1,No,Bank transfer (automatic),1,0,0,0,3,13.4,0
CUST-004373,23,Month-to-month,82.71,1911.83,1,0,0,Fiber optic,Mailed check,0,0,0,0,1,119.0,1
CUST-004374,53,One year,39.98,2122.96,5,0,1,DSL,Mailed check,1,0,1,0,5,204.1,0
CUST-004375,23,Month-to-month,122.34,2886.7,2,0,1,Fiber optic,Mailed check,0,0,0,1,5,357.2,0
CUST-004376,72,Two year,51.11,3772.85,0,1,1,Fiber optic,Bank transfer (automatic),1,0,0,0,2,163.9,1
CUST-004377,24,Two year,99.31,2366.21,2,0,1,Fiber optic,Electronic check,1,0,0,0,2,95.6,1
CUST-004378,43,One year,73.52,3250.62,3,0,0,No,Mailed check,0,0,0,0,5,104.1,0
CUST-004379,72,Month-to-month,96.9,7216.65,1,1,0,Fiber optic,Electronic check,0,0,0,0,2,119.7,0
CUST-004380,44,Month-to-month,31.38,1494.85,2,0,1,Fiber optic,Electronic check,1,1,1,0,2,255.7,0
CUST-004381,21,Month-to-month,39.43,830.98,3,0,0,Fiber optic,Credit card (automatic),0,0,1,0,1,112.9,1
CUST-004382,9,One year,67.93,587.5,1,1,1,DSL,Electronic check,0,0,1,0,2,44.9,1
CUST-004383,7,Month-to-month,41.92,283.5,0,1,1,No,Electronic check,1,0,1,1,1,58.4,1
CUST-004384,41,One year,48.93,2243.65,1,1,1,DSL,Credit card (automatic),1,0,1,0,5,125.1,0
CUST-004385,28,Month-to-month,79.39,2013.99,9,0,1,Fiber optic,Credit card (automatic),0,0,0,0,3,80.9,0
CUST-004386,11,Month-to-month,63.68,658.8,1,0,0,Fiber optic,Credit card (automatic),0,0,1,1,3,94.7,0
CUST-004387,49,Month-to-month,34.37,1686.32,2,0,1,DSL,Electronic check,0,0,1,1,3,157.7,0
CUST-004388,49,Month-to-month,90.0,4274.36,1,0,0,Fiber optic,Bank transfer (automatic),0,0,1,1,0,103.3,1
CUST-004389,27,One year,42.35,1190.27,1,1,1,Fiber optic,Bank transfer (automatic),0,0,0,0,4,126.9,0
CUST-004390,72,One year,77.35,5772.87,7,1,0,Fiber optic,Credit card (automatic),0,1,1,0,2,59.9,0
CUST-004391,6,Month-to-month,73.31,428.1,0,1,0,Fiber optic,Electronic check,0,0,0,1,1,129.0,1
CUST-004392,21,Month-to-month,64.41,1454.31,0,0,1,DSL,Mailed check,0,0,0,1,5,106.1,0
CUST-004393,44,Two year,124.68,5183.28,1,1,0,DSL,Electronic check,1,0,0,0,1,153.5,1
CUST-004394,12,Month-to-month,65.45,756.45,0,0,0,Fiber optic,Bank transfer (automatic),0,0,1,0,2,197.6,0
CUST-004395,53,One year,100.16,5725.85,0,0,1,Fiber optic,Mailed check,0,1,0,0,3,228.8,0
CUST-004396,64,Month-to-month,95.52,5714.26,1,1,0,Fiber optic,Bank transfer (automatic),0,0,0,0,2,81.7,0
CUST-004397,2,One year,79.0,160.74,0,0,0,DSL,Bank transfer (automatic),1,0,0,1,4,71.3,0
CUST-004398,72,One year,59.67,4633.12,1,1,0,DSL,Credit card (automatic),0,1,1,0,3,46.8,0
CUST-004399,42,Month-to-month,126.04,4605.7,6,1,0,Fiber optic,Credit card (automatic),0,0,1,1,4,32.0,1
CUST-004400,19,Month-to-month,82.13,1534.12,1,0,0,No,Bank transfer (automatic),0,1,0,1,5,93.4,0
CUST-004401,8,Month-to-month,107.53,901.0,1,0,0,Fiber optic,Electronic check,1,0,0,0,1,215.7,1
CUST-004402,58,Month-to-month,54.64,3126.33,1,1,0,Fiber optic,Credit card (automatic),1,0,1,0,0,114.2,0
CUST-004403,10,One year,92.41,926.84,1,0,1,Fiber optic,Electronic check,0,0,0,1,5,135.2,1
CUST-004404,42,Month-to-month,77.25,3275.0,3,1,0,Fiber optic,Electronic check,0,1,0,0,4,258.5,0
CUST-004405,10,Month-to-month,68.46,695.3,0,0,1,Fiber optic,Mailed check,1,0,0,0,4,171.8,0
CUST-004406,29,Two year,49.34,1373.21,0,1,1,DSL,Bank transfer (automatic),0,0,1,0,0,248.6,0
CUST-004407,56,Two year,88.6,5151.69,8,0,1,Fiber optic,Electronic check,1,1,0,1,0,39.0,1
CUST-004408,20,Month-to-month,76.42,1547.89,4,0,0,DSL,Electronic check,0,0,0,0,3,112.9,1
CUST-004409,72,One year,89.54,6077.45,3,0,0,DSL,Electronic check,0,1,0,1,4,77.9,0
CUST-004410,45,Month-to-month,88.37,3884.06,1,0,0,DSL,Bank transfer (automatic),1,0,1,1,3,18.7,1
CUST-004411,12,One year,72.32,806.52,2,1,1,DSL,Bank transfer (automatic),0,1,0,0,4,60.0,1
CUST-004412,8,Month-to-month,66.39,536.8,0,1,1,DSL,Bank transfer (automatic),1,0,0,1,4,60.4,1
CUST-004413,15,One year,56.89,874.28,1,1,0,DSL,Mailed check,1,0,1,1,4,165.5,0
CUST-004414,28,Month-to-month,58.81,1664.15,0,1,1,DSL,Credit card (automatic),1,0,0,0,1,34.3,0
CUST-004415,72,Month-to-month,45.49,3365.32,1,0,0,DSL,Mailed check,1,0,1,0,2,35.8,1
CUST-004416,72,Two year,54.29,3934.97,0,1,1,DSL,Mailed check,0,0,1,1,4,84.1,0
CUST-004417,19,Month-to-month,73.85,1456.62,1,1,0,DSL,Bank transfer (automatic),1,0,1,1,3,201.4,0
CUST-004418,18,Month-to-month,103.51,1851.26,0,0,0,No,Bank transfer (automatic),1,0,1,0,0,136.6,1
CUST-004419,50,Month-to-month,86.26,4464.34,1,0,0,Fiber optic,Credit card (automatic),0,0,0,0,3,144.7,0
CUST-004420,50,One year,44.81,2096.45,1,0,0,DSL,Electronic check,0,0,1,0,1,80.3,0
CUST-004421,70,Month-to-month,114.23,7437.47,3,0,0,Fiber optic,Credit card (automatic),1,0,1,0,0,97.8,1
CUST-004422,71,One year,39.94,2848.02,3,1,0,Fiber optic,Mailed check,0,0,0,0,0,74.8,1
CUST-004423,14,Month-to-month,91.08,1318.76,3,1,0,DSL,Credit card (automatic),0,0,1,0,3,55.8,0
CUST-004424,7,One year,54.18,374.01,1,1,0,Fiber optic,Bank transfer (automatic),0,0,1,0,3,223.4,0
CUST-004425,45,Two year,81.43,3781.26,1,0,0,DSL,Mailed check,1,0,1,0,2,53.3,0
CUST-004426,35,Month-to-month,78.1,2775.85,1,1,0,Fiber optic,Electronic check,1,1,0,1,1,96.5,1
CUST-004427,3,One year,98.02,263.94,1,0,0,Fiber optic,Mailed check,1,0,0,0,5,102.7,0
CUST-004428,6,Month-to-month,142.08,951.51,7,0,1,Fiber optic,Mailed check,0,0,1,0,5,102.8,1
CUST-004429,44,Month-to-month,44.06,1816.63,0,0,0,DSL,Credit card (automatic),0,0,0,0,4,60.3,0
CUST-004430,26,One year,39.99,990.63,0,1,0,DSL,Credit card (automatic),0,0,0,0,2,109.7,0
CUST-004431,44,Two year,66.96,3115.59,0,0,0,No,Mailed check,0,0,1,0,1,125.7,0
CUST-004432,11,Two year,128.13,1410.82,1,1,1,Fiber optic,Credit card (automatic),1,0,0,0,2,229.5,0
CUST-004433,47,Two year,94.48,4270.09,1,1,1,Fiber optic,Credit card (automatic),0,0,1,0,0,130.3,0
CUST-004434,38,Month-to-month,66.12,2453.56,0,0,1,No,Credit card (automatic),0,0,1,0,1,109.5,0
CUST-004435,49,One year,94.23,4414.01,3,1,1,Fiber optic,Mailed check,0,0,1,0,5,123.7,1
CUST-004436,20,Month-to-month,39.88,765.68,0,0,0,DSL,Electronic check,1,1,1,1,5,41.6,0
CUST-004437,17,Two year,94.48,1669.55,0,0,1,Fiber optic,Credit card (automatic),1,1,0,0,1,93.1,0
CUST-004438,8,One year,55.18,430.45,2,0,1,DSL,Bank transfer (automatic),0,0,1,0,2,79.0,0
CUST-004439,23,Month-to-month,123.06,2679.18,1,0,1,Fiber optic,Mailed check,0,1,1,0,3,178.8,0
CUST-004440,62,Two year,109.95,6557.85,9,0,0,Fiber optic,Mailed check,0,0,1,0,0,324.5,1
CUST-004441,72,One year,31.91,2279.67,7,0,1,DSL,Electronic check,1,1,1,0,3,57.9,1
CUST-004442,10,Two year,57.92,557.51,1,1,0,DSL,Electronic check,0,0,0,0,5,150.4,1
CUST-004443,28,One year,103.2,2845.1,1,0,0,Fiber optic,Electronic check,1,1,0,0,5,305.9,0
CUST-004444,72,Two year,65.46,4795.16,1,1,1,Fiber optic,Bank transfer (automatic),1,0,0,0,4,188.9,0
CUST-004445,72,Month-to-month,38.02,2671.63,5,0,0,DSL,Bank transfer (automatic),1,0,1,0,1,62.1,0
CUST-004446,22,Month-to-month,53.45,1125.35,1,0,0,DSL,Bank transfer (automatic),0,1,0,1,2,232.4,0
CUST-004447,66,One year,98.61,6281.51,0,0,1,Fiber optic,Electronic check,1,0,0,0,3,36.2,0
CUST-004448,58,Month-to-month,90.93,5641.04,1,0,0,No,Electronic check,1,0,1,0,4,5.7,1
CUST-004449,55,Month-to-month,95.8,5841.99,2,1,0,Fiber optic,Mailed check,1,1,0,0,1,49.4,1
CUST-004450,6,Two year,150.0,902.08,0,0,1,Fiber optic,Electronic check,1,0,0,0,2,105.6,1
CUST-004451,18,Two year,73.08,1363.12,4,0,0,Fiber optic,Credit card (automatic),1,1,1,0,4,124.3,1
CUST-004452,26,Two year,108.51,2688.67,1,0,0,Fiber optic,Mailed check,0,0,0,0,3,187.5,1
CUST-004453,25,Month-to-month,37.27,904.26,6,0,1,DSL,Mailed check,0,0,1,1,1,315.8,0
CUST-004454,28,Month-to-month,105.27,3013.87,1,1,1,DSL,Bank transfer (automatic),0,0,1,0,0,127.9,1
CUST-004455,72,Two year,98.99,6284.97,1,0,0,DSL,Bank transfer (automatic),1,0,0,0,4,366.2,1
CUST-004456,23,Month-to-month,82.79,1977.73,8,1,0,No,Electronic check,1,0,1,1,0,104.7,1
CUST-004457,39,Month-to-month,46.59,1765.72,0,0,0,Fiber optic,Bank transfer (automatic),1,0,0,0,0,134.3,0
CUST-004458,38,Month-to-month,82.56,2968.2,0,1,0,DSL,Electronic check,0,0,1,1,0,29.2,0
CUST-004459,28,Two year,69.52,1984.34,1,1,0,Fiber optic,Mailed check,1,1,0,1,1,240.5,0
CUST-004460,11,Month-to-month,76.34,900.3,0,1,1,DSL,Mailed check,1,0,0,0,4,164.3,0
CUST-004461,31,Month-to-month,53.63,1636.51,1,1,0,Fiber optic,Bank transfer (automatic),1,0,1,0,2,126.2,0
CUST-004462,3,Month-to-month,96.75,294.49,1,0,0,Fiber optic,Bank transfer (automatic),0,1,1,0,3,133.2,1
CUST-004463,42,Month-to-month,56.16,2412.23,2,1,0,No,Credit card (automatic),0,0,1,0,3,24.8,1
CUST-004464,3,One year,70.54,214.16,4,0,0,Fiber optic,Bank transfer (automatic),0,0,1,1,2,118.2,0
CUST-004465,39,One year,79.82,2957.85,5,0,0,No,Electronic check,1,1,1,0,2,56.1,0
CUST-004466,17,One year,63.72,1095.35,2,0,0,DSL,Bank transfer (automatic),1,0,0,1,5,168.6,0
CUST-004467,12,Month-to-month,84.88,1027.94,2,0,1,Fiber optic,Mailed check,0,0,0,0,3,106.6,1
CUST-004468,51,Month-to-month,83.43,3674.2,7,0,1,No,Bank transfer (automatic),1,0,0,0,2,61.5,1
CUST-004469,21,Month-to-month,112.6,2465.99,3,1,0,DSL,Mailed check,1,0,1,0,1,121.2,0
CUST-004470,30,Two year,96.89,2688.17,3,1,1,Fiber optic,Mailed check,0,1,0,0,1,30.9,1
CUST-004471,6,Month-to-month,19.85,119.86,2,1,1,No,Bank transfer (automatic),0,1,1,0,1,11.6,0
CUST-004472,72,Month-to-month,51.04,3953.76,5,1,0,Fiber optic,Bank transfer (automatic),1,0,0,1,0,142.5,1
CUST-004473,32,Month-to-month,66.72,2109.01,8,0,0,DSL,Credit card (automatic),1,0,0,0,1,163.0,1
CUST-004474,32,Two year,90.66,2749.38,1,1,0,DSL,Bank transfer (automatic),1,0,1,0,3,234.2,0
CUST-004475,43,One year,93.37,4127.16,0,1,0,Fiber optic,Mailed check,1,0,1,0,3,140.6,0
CUST-004476,1,Month-to-month,77.79,83.24,0,1,0,No,Electronic check,1,1,1,1,3,136.6,1
CUST-004477,72,One year,63.53,4320.61,3,1,0,DSL,Electronic check,1,0,0,1,1,131.3,1
CUST-004478,22,Month-to-month,89.05,1727.96,0,0,0,DSL,Electronic check,0,0,1,0,0,48.2,1
CUST-004479,72,One year,80.42,6132.64,0,0,0,DSL,Electronic check,1,0,1,1,3,92.6,0
CUST-004480,22,Two year,64.51,1479.83,5,1,1,Fiber optic,Electronic check,1,0,0,0,5,23.3,0
CUST-004481,18,One year,101.2,1856.66,9,0,0,Fiber optic,Bank transfer (automatic),1,1,1,0,2,165.7,1
CUST-004482,41,Two year,51.43,1918.87,0,0,1,Fiber optic,Mailed check,0,0,0,1,3,80.2,0
CUST-004483,72,Month-to-month,101.2,7504.15,2,1,1,Fiber optic,Electronic check,0,0,0,0,2,181.2,0
CUST-004484,65,Month-to-month,82.94,5669.7,2,0,1,Fiber optic,Mailed check,1,0,0,1,5,77.0,1
CUST-004485,44,One year,94.02,4582.92,2,0,0,Fiber optic,Credit card (automatic),1,0,1,0,2,54.7,0
CUST-004486,40,One year,98.1,3868.78,2,0,0,Fiber optic,Mailed check,0,0,1,0,1,100.6,0
CUST-004487,31,Month-to-month,72.04,2251.0,0,0,0,DSL,Credit card (automatic),0,0,0,1,1,66.5,1
CUST-004488,72,Month-to-month,100.44,6453.31,1,1,1,DSL,Credit card (automatic),1,0,1,0,2,237.8,0
CUST-004489,51,Month-to-month,65.85,3520.95,2,1,0,No,Credit card (automatic),0,0,1,0,3,129.0,0
CUST-004490,7,Month-to-month,94.72,694.34,0,0,1,Fiber optic,Bank transfer (automatic),1,1,0,0,2,73.2,0
CUST-004491,12,Two year,98.25,1202.81,2,0,0,DSL,Credit card (automatic),1,0,0,0,4,145.7,1
CUST-004492,45,Month-to-month,137.42,6551.11,2,0,1,Fiber optic,Mailed check,1,0,0,0,5,88.3,1
CUST-004493,10,Two year,89.56,860.59,0,0,0,Fiber optic,Bank transfer (automatic),1,0,0,0,4,107.6,0
CUST-004494,32,Month-to-month,52.2,1652.18,1,0,0,DSL,Electronic check,1,0,0,0,3,83.6,0
CUST-004495,55,One year,78.44,4275.57,0,1,0,Fiber optic,Electronic check,1,0,1,0,1,111.3,0
CUST-004496,41,Two year,76.27,3298.94,1,1,1,DSL,Credit card (automatic),0,0,1,0,4,100.1,0
CUST-004497,9,One year,59.92,569.52,3,0,0,No,Bank transfer (automatic),0,0,1,1,3,101.6,0
CUST-004498,13,Two year,46.27,611.07,1,0,1,Fiber optic,Electronic check,1,0,0,1,2,30.8,0
CUST-004499,42,Month-to-month,93.08,3961.22,2,0,1,No,Electronic check,1,0,0,1,0,99.8,1
CUST-004500,72,Month-to-month,110.38,8166.28,0,1,0,Fiber optic,Mailed check,1,0,0,0,3,96.5,0
CUST-004501,27,One year,93.67,2486.54,7,0,0,No,Credit card (automatic),1,1,0,1,0,137.4,1
CUST-004502,56,One year,98.6,5897.54,2,1,0,DSL,Credit card (automatic),1,0,1,0,0,212.6,0
CUST-004503,41,One year,69.77,2795.93,0,1,0,DSL,Electronic check,1,1,0,0,1,109.3,0
CUST-004504,17,One year,71.51,1241.78,3,0,1,No,Electronic check,1,0,0,0,1,44.9,0
CUST-004505,56,Month-to-month,90.17,4898.97,0,0,0,No,Electronic check,1,0,1,0,3,147.5,0
CUST-004506,6,Month-to-month,34.62,217.55,2,0,1,No,Bank transfer (automatic),0,0,1,0,4,139.4,0
CUST-004507,53,Two year,56.19,2963.24,7,0,1,No,Bank transfer (automatic),1,0,0,1,3,179.5,1
CUST-004508,43,One year,88.52,4199.66,4,1,0,Fiber optic,Bank transfer (automatic),0,0,0,0,0,51.3,1
CUST-004509,19,One year,113.05,2134.37,3,1,1,Fiber optic,Bank transfer (automatic),1,0,0,1,1,118.8,0
CUST-004510,11,One year,76.53,881.29,0,0,1,Fiber optic,Electronic check,0,0,1,1,4,226.2,0
CUST-004511,20,Two year,47.2,914.24,2,0,1,DSL,Electronic check,1,0,0,1,4,50.1,0
CUST-004512,16,Two year,79.23,1248.21,0,1,1,Fiber optic,Mailed check,1,0,1,0,2,106.0,0
CUST-004513,24,Month-to-month,76.74,1837.89,0,1,0,No,Bank transfer (automatic),1,0,0,1,4,78.4,1
CUST-004514,22,Two year,88.29,1976.51,5,0,0,Fiber optic,Bank transfer (automatic),1,1,0,0,5,132.8,0
CUST-004515,18,Month-to-month,53.73,931.04,0,1,0,Fiber optic,Credit card (automatic),1,0,0,0,2,137.9,0
CUST-004516,5,Month-to-month,58.66,284.93,1,1,0,Fiber optic,Electronic check,0,0,1,0,5,108.4,1
CUST-004517,10,Two year,68.42,687.25,0,1,0,No,Credit card (automatic),0,0,0,0,4,41.1,0
CUST-004518,63,Month-to-month,69.25,4449.72,2,1,0,DSL,Electronic check,0,1,1,0,5,139.3,0
CUST-004519,19,Month-to-month,65.69,1245.84,2,1,0,DSL,Mailed check,0,1,1,0,4,107.7,0
CUST-004520,24,One year,78.23,1860.68,0,0,0,Fiber optic,Electronic check,1,0,0,0,2,23.1,0
CUST-004521,21,Two year,84.69,1660.45,2,0,0,No,Electronic check,1,1,1,1,4,161.5,1
CUST-004522,72,Month-to-month,99.22,7322.58,2,0,0,Fiber optic,Electronic check,0,0,0,1,2,194.6,0
CUST-004523,16,One year,98.37,1640.25,1,0,0,Fiber optic,Electronic check,1,0,0,1,5,259.1,0
CUST-004524,15,Month-to-month,74.26,1167.43,0,1,1,DSL,Bank transfer (automatic),1,0,0,1,1,107.6,0
CUST-004525,44,Month-to-month,129.94,5760.28,1,1,0,Fiber optic,Credit card (automatic),0,0,0,0,0,42.3,0
CUST-004526,34,One year,39.39,1298.86,4,1,1,No,Bank transfer (automatic),1,0,1,1,4,152.8,0
CUST-004527,45,One year,79.47,3518.61,0,0,0,Fiber optic,Credit card (automatic),1,0,1,0,0,99.6,0
CUST-004528,43,One year,81.59,3535.44,2,1,1,Fiber optic,Bank transfer (automatic),0,1,1,0,2,91.3,0
CUST-004529,57,One year,121.44,6915.59,0,1,0,Fiber optic,Credit card (automatic),1,0,0,1,2,265.9,0
CUST-004530,9,Two year,80.66,695.26,1,0,1,Fiber optic,Electronic check,0,0,0,0,2,183.1,0
CUST-004531,41,Two year,70.19,2635.72,0,0,1,Fiber optic,Credit card (automatic),1,0,1,0,1,202.7,1
CUST-004532,15,Month-to-month,87.35,1273.85,0,1,1,Fiber optic,Mailed check,1,0,1,0,0,46.9,0
CUST-004533,4,One year,92.61,365.31,0,1,1,Fiber optic,Mailed check,1,0,0,1,5,141.9,0
CUST-004534,42,One year,119.91,5114.07,2,1,1,Fiber optic,Bank transfer (automatic),0,0,1,0,1,263.4,0
CUST-004535,41,Month-to-month,80.51,3233.29,2,0,1,Fiber optic,Electronic check,1,0,1,0,3,150.9,1
CUST-004536,29,One year,47.81,1369.05,0,1,0,No,Electronic check,0,1,0,1,4,109.3,0
CUST-004537,58,One year,42.25,2464.18,0,1,0,DSL,Mailed check,1,0,0,0,4,209.9,0
CUST-004538,15,Month-to-month,56.39,912.11,1,1,1,DSL,Credit card (automatic),1,0,1,1,1,266.8,0
CUST-004539,47,Month-to-month,150.0,6991.36,1,1,0,Fiber optic,Credit card (automatic),1,0,1,0,5,101.2,0
CUST-004540,26,Month-to-month,74.56,1788.45,1,0,0,No,Electronic check,1,0,0,0,5,45.5,1
CUST-004541,28,Month-to-month,104.96,2838.29,7,1,1,Fiber optic,Electronic check,1,0,1,0,4,100.8,1
CUST-004542,4,Two year,89.99,392.5,1,1,0,Fiber optic,Bank transfer (automatic),0,0,1,0,5,178.2,0
CUST-004543,58,Month-to-month,93.43,5807.51,0,1,0,Fiber optic,Mailed check,0,0,1,0,5,81.7,0
CUST-004544,39,One year,84.66,3456.86,0,1,0,DSL,Electronic check,1,0,0,0,2,18.8,0
CUST-004545,46,One year,79.07,3764.8,0,0,0,No,Mailed check,1,0,1,0,4,127.5,0
CUST-004546,13,Month-to-month,98.73,1329.24,6,0,0,Fiber optic,Bank transfer (automatic),0,0,1,0,1,336.5,1
CUST-004547,36,Month-to-month,90.4,3215.52,6,1,1,Fiber optic,Electronic check,0,1,1,1,3,20.1,1
CUST-004548,26,Month-to-month,56.19,1524.29,1,1,1,No,Electronic check,0,0,1,0,5,71.3,0
CUST-004549,41,Month-to-month,100.61,4311.92,2,0,0,Fiber optic,Electronic check,1,0,0,0,1,68.4,1
CUST-004550,35,Month-to-month,67.09,2447.3,1,1,0,DSL,Bank transfer (automatic),0,1,0,0,4,162.6,1
CUST-004551,72,Month-to-month,118.32,8264.05,1,0,0,DSL,Electronic check,1,0,0,1,4,60.7,1
CUST-004552,71,Two year,91.26,6374.26,1,0,1,DSL,Bank transfer (automatic),0,0,1,1,2,81.1,0
CUST-004553,24,One year,48.14,1118.29,0,0,0,No,Credit card (automatic),0,0,1,0,2,53.4,0
CUST-004554,42,Month-to-month,35.76,1576.79,1,1,0,No,Electronic check,0,0,1,0,4,133.1,1
CUST-004555,22,Month-to-month,80.04,1787.57,1,1,1,Fiber optic,Electronic check,1,0,1,0,5,181.1,0
CUST-004556,57,Two year,37.92,2203.82,2,0,0,No,Electronic check,1,0,1,1,2,42.4,0
CUST-004557,27,Month-to-month,53.54,1487.18,0,1,0,DSL,Credit card (automatic),1,0,0,0,5,55.9,0
CUST-004558,20,One year,40.76,757.65,1,0,1,DSL,Bank transfer (automatic),0,0,1,0,0,141.4,0
CUST-004559,36,Month-to-month,56.82,2135.71,2,1,0,DSL,Credit card (automatic),0,0,0,1,0,121.6,0
CUST-004560,67,Two year,57.12,3723.54,2,1,1,No,Credit card (automatic),0,0,0,0,4,68.0,0
CUST-004561,60,Month-to-month,68.68,4028.09,2,1,0,DSL,Credit card (automatic),0,0,1,0,5,163.2,0
CUST-004562,21,Month-to-month,59.83,1203.93,2,0,0,DSL,Credit card (automatic),0,0,1,0,3,92.6,0
CUST-004563,72,One year,42.44,3067.9,1,0,0,DSL,Electronic check,1,1,1,1,2,83.8,0
CUST-004564,14,Month-to-month,120.37,1679.55,0,0,0,Fiber optic,Bank transfer (automatic),0,0,1,0,3,136.4,1
CUST-004565,18,One year,100.07,1675.98,0,0,0,Fiber optic,Credit card (automatic),1,0,0,0,1,174.8,0
CUST-004566,55,Month-to-month,51.39,2573.61,1,0,1,DSL,Bank transfer (automatic),1,0,0,1,0,274.1,1
CUST-004567,4,Month-to-month,42.85,169.66,1,1,0,No,Credit card (automatic),1,0,1,0,2,39.0,1
CUST-004568,30,Month-to-month,28.32,884.18,2,0,1,No,Credit card (automatic),1,1,1,1,5,97.8,0
CUST-004569,24,One year,26.49,658.57,0,1,1,DSL,Bank transfer (automatic),1,1,1,1,1,249.3,0
CUST-004570,72,Two year,91.19,6894.17,0,0,1,No,Bank transfer (automatic),1,0,1,0,2,85.7,0
CUST-004571,12,Month-to-month,88.53,1051.86,1,0,1,No,Bank transfer (automatic),0,0,1,0,2,74.0,1
CUST-004572,13,Two year,50.39,643.49,0,1,1,No,Mailed check,0,0,0,0,0,183.1,0
CUST-004573,72,Two year,99.15,7099.16,0,1,1,DSL,Electronic check,1,0,0,0,5,152.1,0
CUST-004574,24,Month-to-month,80.42,2007.72,3,0,0,No,Bank transfer (automatic),0,0,0,1,4,74.1,0
CUST-004575,65,Month-to-month,95.08,6678.51,0,0,0,Fiber optic,Credit card (automatic),1,1,1,1,2,241.8,0
CUST-004576,21,Month-to-month,86.55,1775.71,1,1,0,DSL,Credit card (automatic),0,1,0,0,2,133.5,1
CUST-004577,17,Month-to-month,105.46,1768.99,1,1,1,Fiber optic,Electronic check,1,0,0,1,5,161.5,0
CUST-004578,67,One year,68.84,4619.41,1,0,1,DSL,Credit card (automatic),1,0,1,1,2,128.2,0
CUST-004579,72,Month-to-month,84.0,5967.79,8,0,0,Fiber optic,Electronic check,1,0,1,1,4,84.8,1
CUST-004580,71,Month-to-month,87.32,6019.71,1,0,1,Fiber optic,Bank transfer (automatic),1,0,0,0,0,52.6,1
CUST-004581,20,One year,49.8,989.74,1,0,1,Fiber optic,Credit card (automatic),0,1,0,0,3,75.0,0
CUST-004582,29,Month-to-month,44.98,1252.85,2,1,0,DSL,Credit card (automatic),1,0,1,0,5,58.0,0
CUST-004583,13,Two year,110.0,1481.88,2,1,0,No,Bank transfer (automatic),1,1,1,0,1,68.8,0
CUST-004584,15,One year,44.31,713.63,2,0,0,DSL,Bank transfer (automatic),0,0,0,0,2,40.2,1
CUST-004585,15,Month-to-month,18.73,276.96,0,1,0,No,Mailed check,1,0,1,0,1,225.7,1
CUST-004586,21,Month-to-month,112.6,2561.22,2,0,0,Fiber optic,Bank transfer (automatic),1,0,0,0,1,167.8,1
CUST-004587,33,Month-to-month,71.22,2337.58,0,1,0,DSL,Electronic check,1,0,1,0,2,238.6,0
CUST-004588,30,Two year,97.62,2826.48,0,1,0,Fiber optic,Electronic check,1,0,1,1,5,13.5,0
CUST-004589,50,Month-to-month,61.06,3157.77,3,1,0,No,Credit card (automatic),1,0,0,0,3,90.3,1
CUST-004590,34,Two year,87.77,2846.28,0,0,0,No,Electronic check,1,0,0,1,5,66.5,1
CUST-004591,47,Two year,103.24,5003.66,1,0,1,DSL,Bank transfer (automatic),1,0,0,1,1,303.6,0
CUST-004592,52,Month-to-month,51.96,2736.22,6,0,1,DSL,Mailed check,0,0,0,0,5,154.2,0
CUST-004593,20,One year,80.82,1583.78,4,0,1,DSL,Electronic check,1,0,0,0,4,131.2,0
CUST-004594,26,One year,117.96,2988.84,5,0,1,Fiber optic,Electronic check,1,0,0,0,3,57.5,1
CUST-004595,72,Month-to-month,50.56,3481.46,0,0,1,DSL,Electronic check,0,0,0,0,3,151.0,0
CUST-004596,19,Two year,102.74,2052.75,1,1,0,DSL,Electronic check,0,0,0,0,4,172.1,1
CUST-004597,49,Month-to-month,117.88,5711.8,1,1,1,Fiber optic,Bank transfer (automatic),1,0,1,1,2,22.2,0
CUST-004598,9,Two year,33.95,310.3,1,0,1,No,Bank transfer (automatic),1,1,1,0,2,207.0,0
CUST-004599,53,One year,104.87,5555.05,0,1,0,DSL,Mailed check,0,0,0,0,1,63.9,0
CUST-004600,16,Month-to-month,60.26,953.93,0,0,1,Fiber optic,Credit card (automatic),1,0,1,0,5,78.1,0
CUST-004601,31,Month-to-month,47.81,1506.3,0,1,0,DSL,Credit card (automatic),0,0,1,1,2,66.5,0
CUST-004602,8,Month-to-month,107.09,878.65,1,0,1,Fiber optic,Bank transfer (automatic),1,1,0,0,3,128.2,0
CUST-004603,29,Month-to-month,116.04,3388.47,2,0,1,Fiber optic,Bank transfer (automatic),1,0,1,0,5,113.4,1
CUST-004604,29,One year,67.47,1938.15,1,0,0,No,Bank transfer (automatic),0,0,0,0,1,105.0,0
CUST-004605,26,Month-to-month,74.25,1825.61,0,0,1,Fiber optic,Electronic check,1,0,1,0,3,28.4,0
CUST-004606,41,Two year,58.5,2326.12,4,0,0,DSL,Electronic check,0,0,0,0,3,55.9,0
CUST-004607,64,Month-to-month,80.54,5075.67,5,0,0,Fiber optic,Electronic check,1,0,1,0,2,137.9,0
CUST-004608,13,Month-to-month,86.03,1119.29,1,1,1,DSL,Bank transfer (automatic),1,0,1,0,5,132.3,0
CUST-004609,26,Month-to-month,54.85,1302.09,6,0,0,DSL,Mailed check,1,0,0,0,4,141.2,0
CUST-004610,5,Month-to-month,48.7,251.04,4,0,0,No,Credit card (automatic),1,0,1,1,2,29.6,1
CUST-004611,34,One year,53.07,1833.35,1,1,0,Fiber optic,Electronic check,1,0,1,0,5,114.6,0
CUST-004612,12,Month-to-month,50.14,584.17,0,0,0,No,Mailed check,0,1,1,0,0,211.3,1
CUST-004613,30,One year,62.04,1775.93,2,0,1,DSL,Electronic check,0,0,1,0,2,71.7,0
CUST-004614,35,One year,36.74,1241.75,0,1,0,No,Credit card (automatic),0,0,1,0,3,57.4,0
CUST-004615,6,Month-to-month,21.38,119.79,1,1,0,No,Mailed check,1,0,1,0,4,21.0,1
CUST-004616,39,Month-to-month,114.5,4389.74,2,0,1,Fiber optic,Bank transfer (automatic),1,1,1,0,5,173.5,0
CUST-004617,62,Month-to-month,39.99,2457.13,4,1,1,DSL,Bank transfer (automatic),0,0,0,1,0,83.2,0
CUST-004618,45,Month-to-month,32.27,1518.84,2,1,0,No,Electronic check,1,1,0,0,2,161.0,1
CUST-004619,13,One year,104.24,1387.26,2,0,1,No,Credit card (automatic),0,0,1,1,2,23.5,1
CUST-004620,28,Month-to-month,86.22,2564.7,2,0,1,DSL,Credit card (automatic),0,0,1,0,4,109.3,0
CUST-004621,31,Month-to-month,90.64,2825.61,1,1,0,No,Bank transfer (automatic),1,0,1,1,5,198.2,0
CUST-004622,27,Month-to-month,77.63,2000.52,1,1,0,No,Electronic check,0,0,1,0,4,109.6,1
CUST-004623,9,Month-to-month,97.78,956.61,0,0,0,DSL,Bank transfer (automatic),0,0,1,0,5,130.5,1
CUST-004624,15,Two year,112.09,1654.57,1,1,1,Fiber optic,Bank transfer (automatic),1,0,1,0,3,59.0,0
CUST-004625,25,Two year,56.39,1300.8,0,0,0,DSL,Credit card (automatic),1,0,0,0,5,61.2,0
CUST-004626,35,One year,63.37,2242.38,4,1,1,Fiber optic,Electronic check,0,1,0,0,2,173.7,0
CUST-004627,19,Month-to-month,32.92,575.76,2,0,0,No,Credit card (automatic),0,0,0,0,0,116.5,0
CUST-004628,4,Month-to-month,61.51,245.0,0,0,0,No,Credit card (automatic),0,0,1,0,3,140.3,1
CUST-004629,20,Month-to-month,37.5,732.18,0,0,1,DSL,Electronic check,1,0,1,1,1,250.1,1
CUST-004630,72,Two year,70.06,5176.4,0,0,1,Fiber optic,Bank transfer (automatic),0,0,1,0,1,255.3,0
CUST-004631,39,Month-to-month,86.19,3521.67,7,0,0,Fiber optic,Electronic check,1,0,0,0,0,130.2,1
CUST-004632,34,Month-to-month,124.95,4179.31,2,0,0,Fiber optic,Electronic check,1,1,1,1,0,36.6,1
CUST-004633,15,One year,52.24,768.08,0,1,0,Fiber optic,Bank transfer (automatic),1,0,1,0,5,113.5,0
CUST-004634,20,One year,90.74,1883.59,1,1,1,Fiber optic,Electronic check,1,0,1,1,4,80.0,0
CUST-004635,4,Month-to-month,33.71,129.67,1,1,0,DSL,Electronic check,1,0,1,1,2,90.2,0
CUST-004636,14,Month-to-month,51.09,717.57,2,1,1,DSL,Bank transfer (automatic),0,0,1,1,2,107.0,0
CUST-004637,38,Two year,88.25,3444.29,2,0,0,No,Credit card (automatic),0,0,1,0,0,218.7,0
CUST-004638,34,Month-to-month,43.79,1430.01,3,0,1,DSL,Electronic check,1,0,1,0,5,115.5,1
CUST-004639,17,Two year,83.42,1396.82,2,0,1,Fiber optic,Electronic check,0,0,1,0,0,251.9,0
CUST-004640,27,Month-to-month,68.53,1859.65,1,0,0,No,Electronic check,1,1,0,0,4,44.8,1
CUST-004641,30,Two year,82.53,2640.64,0,0,0,No,Electronic check,0,1,0,0,5,122.6,0
CUST-004642,18,Two year,76.3,1290.35,1,0,1,Fiber optic,Credit card (automatic),1,0,0,0,5,116.0,0
CUST-004643,41,Month-to-month,96.52,3927.8,2,1,0,DSL,Mailed check,1,0,1,1,2,160.2,0
CUST-004644,34,Two year,78.87,2863.09,1,0,0,Fiber optic,Bank transfer (automatic),1,0,1,0,4,83.8,0
CUST-004645,21,Month-to-month,102.11,2248.45,4,0,1,Fiber optic,Mailed check,0,0,0,0,1,81.5,0
CUST-004646,9,Month-to-month,85.25,756.68,1,1,0,Fiber optic,Credit card (automatic),1,0,0,0,2,46.5,1
CUST-004647,20,Month-to-month,83.52,1664.44,3,1,1,DSL,Mailed check,1,0,0,1,1,220.7,1
CUST-004648,19,One year,140.69,2734.52,0,0,0,Fiber optic,Credit card (automatic),0,0,1,0,4,53.0,1
CUST-004649,17,Month-to-month,83.06,1445.92,5,0,0,Fiber optic,Bank transfer (automatic),0,0,1,1,2,163.7,0
CUST-004650,6,Month-to-month,64.6,414.31,0,0,0,No,Credit card (automatic),0,0,1,1,4,100.3,1
CUST-004651,72,Two year,79.2,6025.0,0,1,1,Fiber optic,Mailed check,0,0,0,1,2,38.6,0
CUST-004652,71,Two year,50.35,3327.78,1,1,1,DSL,Credit card (automatic),1,1,0,0,4,75.9,0
CUST-004653,26,Month-to-month,47.52,1136.98,0,0,0,DSL,Mailed check,0,1,1,0,0,114.7,0
CUST-004654,34,Month-to-month,89.53,2961.27,1,1,0,Fiber optic,Bank transfer (automatic),1,0,0,0,5,254.8,1
CUST-004655,40,Month-to-month,70.58,2561.7,0,0,1,Fiber optic,Bank transfer (automatic),0,0,1,1,1,150.2,0
CUST-004656,26,Month-to-month,46.33,1283.63,2,1,0,DSL,Mailed check,1,0,1,0,0,347.5,0
CUST-004657,36,Two year,15.0,499.61,0,1,0,No,Bank transfer (automatic),0,0,0,0,4,233.3,0
CUST-004658,44,Two year,99.62,4317.71,2,0,0,No,Electronic check,1,0,1,1,2,237.3,0
CUST-004659,33,Month-to-month,106.1,3348.79,1,1,1,No,Credit card (automatic),1,0,1,0,5,93.3,0
CUST-004660,50,Month-to-month,106.22,4889.55,2,1,1,Fiber optic,Mailed check,0,0,0,1,4,44.9,1
CUST-004661,17,Month-to-month,43.15,776.86,3,1,1,No,Electronic check,0,0,1,0,2,26.0,0
CUST-004662,28,Month-to-month,58.41,1588.32,1,1,1,Fiber optic,Bank transfer (automatic),1,0,1,0,4,178.5,0
CUST-004663,72,Month-to-month,50.89,4013.46,2,0,0,Fiber optic,Bank transfer (automatic),0,1,0,1,0,73.5,1
CUST-004664,58,Month-to-month,80.98,5026.89,2,0,1,DSL,Electronic check,1,1,0,0,1,49.9,0
CUST-004665,33,Month-to-month,96.63,3188.28,3,0,1,DSL,Mailed check,1,0,0,1,2,77.1,0
CUST-004666,13,Month-to-month,69.15,804.78,2,0,1,DSL,Bank transfer (automatic),0,0,0,0,5,240.6,1
CUST-004667,30,Two year,86.45,2549.38,1,0,0,No,Credit card (automatic),1,0,0,0,1,234.3,0
CUST-004668,56,One year,101.12,6309.94,0,1,1,Fiber optic,Mailed check,0,0,0,0,3,75.5,0
CUST-004669,48,Month-to-month,45.73,2242.04,1,0,0,No,Electronic check,1,1,0,1,1,100.4,0
CUST-004670,5,Month-to-month,115.24,571.38,3,1,0,Fiber optic,Bank transfer (automatic),0,0,1,0,0,128.0,1
CUST-004671,6,Two year,88.64,515.58,2,1,0,DSL,Electronic check,1,1,0,0,0,42.7,1
CUST-004672,7,Month-to-month,65.24,476.94,1,0,0,Fiber optic,Credit card (automatic),1,0,1,1,4,177.2,1
CUST-004673,41,Two year,85.18,3556.94,3,0,1,DSL,Credit card (automatic),0,0,1,1,5,97.1,1
CUST-004674,7,Month-to-month,61.31,435.26,2,1,0,No,Credit card (automatic),1,0,1,1,3,173.8,1
CUST-004675,12,Two year,58.48,741.62,1,1,0,DSL,Mailed check,0,0,0,1,0,81.7,1
CUST-004676,25,Month-to-month,74.77,1970.41,1,0,0,DSL,Electronic check,0,0,0,1,5,129.6,1
CUST-004677,62,Two year,98.99,6271.56,1,0,0,Fiber optic,Bank transfer (automatic),1,0,1,0,0,220.0,0
CUST-004678,42,Month-to-month,87.22,3372.59,1,1,1,No,Electronic check,0,0,1,0,0,64.0,0
CUST-004679,23,Two year,68.77,1504.02,2,0,0,Fiber optic,Electronic check,1,0,0,0,2,145.9,0
CUST-004680,51,One year,79.14,3911.71,0,0,0,DSL,Mailed check,1,1,0,1,4,105.4,0
CUST-004681,72,Month-to-month,61.0,4383.82,1,0,0,Fiber optic,Mailed check,0,0,0,1,2,101.7,1
CUST-004682,30,One year,60.53,1952.0,3,1,1,DSL,Mailed check,1,0,1,1,0,55.2,0
CUST-004683,9,Month-to-month,87.2,865.34,9,0,0,Fiber optic,Electronic check,1,1,1,0,0,92.9,1
CUST-004684,13,Month-to-month,114.25,1514.34,0,1,0,Fiber optic,Electronic check,0,0,0,0,4,246.6,1
CUST-004685,13,Month-to-month,65.23,871.32,0,1,0,DSL,Bank transfer (automatic),1,1,1,1,4,171.5,0
CUST-004686,15,One year,83.45,1157.17,2,1,0,Fiber optic,Mailed check,0,0,0,0,5,157.7,1
CUST-004687,22,Two year,100.65,2167.49,2,0,1,DSL,Bank transfer (automatic),0,0,0,0,5,132.4,0
CUST-004688,35,Month-to-month,54.28,1847.26,2,0,0,DSL,Bank transfer (automatic),1,0,1,1,5,70.7,0
CUST-004689,8,One year,78.22,605.84,1,1,0,Fiber optic,Bank transfer (automatic),0,1,0,0,0,79.0,1
CUST-004690,9,Two year,18.09,167.53,0,0,0,DSL,Credit card (automatic),0,1,1,1,2,62.9,0
CUST-004691,44,One year,59.58,2562.41,2,1,1,DSL,Credit card (automatic),1,0,1,0,5,73.4,0
CUST-004692,19,Month-to-month,66.51,1143.95,0,0,1,Fiber optic,Electronic check,0,0,1,0,4,39.7,0
CUST-004693,14,Month-to-month,83.73,1221.61,0,0,0,Fiber optic,Mailed check,1,0,1,1,3,176.6,1
CUST-004694,24,Month-to-month,71.0,1806.54,7,1,0,No,Credit card (automatic),1,0,1,1,1,117.9,1
CUST-004695,69,Month-to-month,37.87,2650.69,3,0,1,No,Credit card (automatic),1,0,1,1,3,74.6,0
CUST-004696,48,Month-to-month,69.43,3304.61,0,0,0,Fiber optic,Electronic check,1,0,0,0,3,132.5,0
CUST-004697,46,Two year,50.01,2197.01,0,0,0,Fiber optic,Credit card (automatic),1,0,1,1,5,111.5,0
CUST-004698,72,One year,77.25,5329.15,1,1,0,Fiber optic,Credit card (automatic),1,0,1,1,1,103.0,0
CUST-004699,37,One year,66.39,2587.97,1,0,0,Fiber optic,Credit card (automatic),0,0,1,0,3,329.9,1
CUST-004700,72,Month-to-month,143.6,9952.32,1,0,0,Fiber optic,Electronic check,1,0,1,1,1,44.0,1
CUST-004701,72,Month-to-month,102.6,8130.59,3,0,0,No,Bank transfer (automatic),1,0,1,1,4,103.5,1
CUST-004702,8,One year,123.55,1035.33,3,1,1,Fiber optic,Mailed check,1,1,1,0,4,129.0,0
CUST-004703,6,Month-to-month,32.63,199.1,0,1,1,DSL,Mailed check,1,0,1,1,3,230.3,0
CUST-004704,12,Two year,85.57,1166.21,0,0,0,Fiber optic,Electronic check,1,0,1,1,0,88.4,0
CUST-004705,65,Month-to-month,34.92,2414.58,3,1,1,DSL,Electronic check,1,0,1,0,3,55.4,0
CUST-004706,24,Month-to-month,111.07,2608.31,4,0,1,No,Credit card (automatic),1,0,1,0,0,121.3,1
CUST-004707,22,One year,85.78,1790.57,6,0,0,DSL,Bank transfer (automatic),1,0,1,0,4,167.4,1
CUST-004708,52,One year,63.69,3241.67,0,0,1,Fiber optic,Bank transfer (automatic),1,0,0,1,1,117.0,0
CUST-004709,18,Month-to-month,99.24,1777.15,2,1,1,Fiber optic,Electronic check,0,0,0,0,4,97.0,1
CUST-004710,33,One year,27.94,887.06,0,1,0,DSL,Credit card (automatic),1,1,1,0,3,154.7,0
CUST-004711,44,Month-to-month,86.59,3595.75,0,1,0,Fiber optic,Credit card (automatic),1,0,0,0,0,240.3,0
CUST-004712,13,Month-to-month,60.61,797.21,0,1,0,DSL,Bank transfer (automatic),1,1,0,0,3,118.5,1
CUST-004713,10,Month-to-month,108.49,1133.08,1,1,0,Fiber optic,Mailed check,1,0,0,0,2,117.1,0
CUST-004714,30,One year,89.7,2940.95,0,0,0,DSL,Electronic check,0,0,0,1,4,162.9,0
CUST-004715,33,One year,65.51,2170.12,4,1,0,No,Bank transfer (automatic),1,0,0,0,3,294.5,0
CUST-004716,49,Month-to-month,59.4,2998.28,0,1,1,No,Credit card (automatic),1,0,1,1,2,98.4,0
CUST-004717,11,One year,15.0,149.73,1,0,1,DSL,Credit card (automatic),0,0,1,0,3,189.5,0
CUST-004718,16,One year,104.05,1736.27,3,1,1,No,Electronic check,0,0,0,0,2,40.6,1
CUST-004719,72,Month-to-month,48.56,3319.96,2,0,0,No,Mailed check,0,0,0,1,2,138.8,0
CUST-004720,57,Month-to-month,67.55,3909.03,1,1,0,DSL,Mailed check,1,0,0,0,1,59.7,0
CUST-004721,26,Month-to-month,121.48,3151.67,1,0,0,No,Mailed check,1,0,0,0,0,43.6,1
CUST-004722,64,Month-to-month,35.15,2222.4,0,0,1,DSL,Bank transfer (automatic),1,0,0,0,2,90.0,0
CUST-004723,12,Two year,65.53,728.02,2,1,0,No,Bank transfer (automatic),0,1,0,0,3,197.4,1
CUST-004724,24,Two year,102.42,2365.04,1,0,0,Fiber optic,Credit card (automatic),1,0,1,0,5,47.7,0
CUST-004725,32,Month-to-month,92.31,2812.94,2,0,1,No,Electronic check,0,0,0,1,1,92.2,0
CUST-004726,22,Month-to-month,65.03,1388.16,0,1,0,DSL,Mailed check,1,0,0,1,2,107.8,0
CUST-004727,22,Month-to-month,119.39,2781.87,2,1,1,Fiber optic,Bank transfer (automatic),1,0,1,1,0,104.0,0
CUST-004728,47,Month-to-month,54.61,2521.41,5,0,1,No,Credit card (automatic),1,0,0,0,2,32.3,0
CUST-004729,58,Month-to-month,103.59,5806.07,1,0,0,Fiber optic,Credit card (automatic),0,0,1,1,4,119.2,1
CUST-004730,20,Month-to-month,100.35,2072.18,1,0,1,Fiber optic,Credit card (automatic),0,0,1,0,0,37.8,1
CUST-004731,8,Month-to-month,87.72,713.22,3,1,1,Fiber optic,Bank transfer (automatic),1,0,1,0,1,91.6,1
CUST-004732,7,Month-to-month,98.09,756.4,4,1,0,Fiber optic,Electronic check,1,1,0,0,3,115.5,1
CUST-004733,3,Month-to-month,43.14,135.96,2,0,0,DSL,Bank transfer (automatic),1,0,0,0,4,66.0,0
CUST-004734,72,Month-to-month,57.53,3730.25,0,1,0,DSL,Credit card (automatic),1,0,1,0,2,109.5,0
CUST-004735,48,Month-to-month,32.83,1639.28,1,0,1,DSL,Electronic check,0,0,1,0,4,116.4,0
CUST-004736,40,Month-to-month,53.96,2232.45,2,1,1,DSL,Electronic check,0,0,0,0,4,111.9,1
CUST-004737,18,Month-to-month,93.45,1821.67,6,0,0,No,Electronic check,0,0,0,0,4,77.2,1
CUST-004738,18,Month-to-month,100.51,1791.23,0,0,0,Fiber optic,Bank transfer (automatic),0,0,1,0,0,114.0,0
CUST-004739,59,Two year,97.7,6080.29,8,0,0,Fiber optic,Bank transfer (automatic),1,1,0,0,0,61.6,1
CUST-004740,6,Month-to-month,25.03,147.52,3,0,0,DSL,Electronic check,1,0,1,0,0,48.3,1
CUST-004741,20,One year,73.0,1481.2,0,0,1,No,Electronic check,0,0,1,1,0,48.5,0
CUST-004742,65,Month-to-month,63.43,3905.48,1,1,1,DSL,Bank transfer (automatic),1,0,1,0,4,280.1,0
CUST-004743,20,Month-to-month,78.44,1460.99,3,0,1,DSL,Mailed check,1,0,0,0,1,66.6,1
CUST-004744,46,Month-to-month,99.58,4779.85,1,1,0,No,Electronic check,1,0,1,0,5,35.6,1
CUST-004745,27,One year,54.78,1479.32,5,1,1,DSL,Bank transfer (automatic),0,0,0,0,2,99.4,0
CUST-004746,1,Two year,82.11,76.85,1,0,0,Fiber optic,Electronic check,1,0,1,0,4,114.2,0
CUST-004747,26,Month-to-month,112.95,3056.3,2,0,0,Fiber optic,Electronic check,1,0,0,0,4,64.6,1
CUST-004748,30,Month-to-month,74.91,1939.91,0,1,0,Fiber optic,Electronic check,1,0,0,0,1,99.8,1
CUST-004749,24,One year,67.18,1547.03,2,0,1,DSL,Electronic check,0,1,1,0,3,33.4,1
CUST-004750,10,Month-to-month,15.09,138.37,2,1,0,DSL,Electronic check,1,0,0,1,3,31.0,1
CUST-004751,25,Month-to-month,82.3,2180.87,0,0,0,Fiber optic,Electronic check,0,0,1,0,0,55.2,1
CUST-004752,4,Two year,122.63,479.89,0,1,0,Fiber optic,Electronic check,1,0,0,0,4,216.4,1
CUST-004753,20,Month-to-month,73.39,1473.59,5,1,0,No,Bank transfer (automatic),1,1,0,1,0,68.9,1
CUST-004754,49,One year,87.49,4352.22,1,0,0,DSL,Credit card (automatic),0,0,1,1,1,127.4,0
CUST-004755,72,Month-to-month,113.91,8533.1,2,0,0,Fiber optic,Electronic check,1,0,1,1,5,123.2,0
CUST-004756,72,Month-to-month,98.73,7355.7,1,0,0,DSL,Bank transfer (automatic),0,0,1,0,2,75.7,1
CUST-004757,11,Two year,81.32,930.36,1,1,0,Fiber optic,Electronic check,0,0,1,0,3,138.9,0
CUST-004758,7,Month-to-month,88.56,611.69,1,0,0,No,Credit card (automatic),1,0,1,0,3,233.5,1
CUST-004759,32,Month-to-month,121.19,4043.5,0,1,0,DSL,Electronic check,1,0,0,0,4,92.7,1
CUST-004760,29,Month-to-month,64.34,1804.72,1,1,1,DSL,Electronic check,1,0,0,0,0,97.6,0
CUST-004761,43,Month-to-month,57.01,2402.16,1,1,0,Fiber optic,Mailed check,1,0,1,1,1,133.3,1
CUST-004762,16,Month-to-month,50.13,740.45,0,0,0,No,Electronic check,1,1,1,1,0,152.8,1
CUST-004763,29,Month-to-month,101.71,3196.82,2,1,1,Fiber optic,Electronic check,1,0,0,1,5,149.1,0
CUST-004764,28,Month-to-month,48.46,1289.47,0,0,0,Fiber optic,Mailed check,0,0,1,0,5,237.3,0
CUST-004765,21,Month-to-month,70.95,1595.05,0,1,0,Fiber optic,Bank transfer (automatic),0,0,0,0,5,74.6,0
CUST-004766,5,One year,56.76,291.42,3,0,0,DSL,Electronic check,1,0,0,0,4,123.7,1
CUST-004767,48,Month-to-month,67.75,3284.4,2,0,1,No,Electronic check,1,0,1,0,3,62.3,1
CUST-004768,33,Two year,109.91,3693.59,0,1,1,No,Credit card (automatic),1,0,0,0,4,92.3,0
CUST-004769,50,Month-to-month,82.2,3891.09,0,0,0,No,Electronic check,1,0,0,0,5,117.5,0
CUST-004770,59,Month-to-month,37.15,2367.81,0,1,0,No,Electronic check,0,0,0,0,5,69.5,0
CUST-004771,26,Two year,150.0,3829.47,2,0,0,No,Bank transfer (automatic),0,0,0,0,0,133.3,1
CUST-004772,48,Two year,64.59,3257.34,1,1,0,DSL,Electronic check,1,0,1,1,4,163.7,0
CUST-004773,72,Month-to-month,22.99,1610.32,0,1,0,No,Credit card (automatic),1,1,0,0,5,52.6,0
CUST-004774,72,Month-to-month,39.04,2609.71,1,0,0,DSL,Electronic check,1,0,1,1,3,139.2,1
CUST-004775,36,Two year,64.19,2540.01,1,0,1,Fiber optic,Electronic check,1,1,1,1,1,58.2,0
CUST-004776,38,Month-to-month,56.3,2074.85,0,0,0,Fiber optic,Credit card (automatic),1,0,0,0,3,84.6,0
CUST-004777,35,Month-to-month,77.82,2786.6,3,0,1,DSL,Credit card (automatic),0,0,0,0,4,159.3,0
CUST-004778,42,Month-to-month,23.33,831.52,0,0,0,Fiber optic,Bank transfer (automatic),1,0,0,1,1,115.6,0
CUST-004779,57,Two year,114.56,6506.76,6,0,1,Fiber optic,Electronic check,1,1,0,0,4,100.4,0
CUST-004780,35,One year,85.36,3077.83,3,1,1,DSL,Bank transfer (automatic),1,0,0,1,5,36.0,0
CUST-004781,72,Month-to-month,78.59,5698.8,2,1,1,Fiber optic,Credit card (automatic),0,0,1,0,3,256.6,0
CUST-004782,72,Two year,87.89,6297.07,0,1,1,DSL,Mailed check,1,1,0,0,3,86.2,0
CUST-004783,30,Month-to-month,62.68,1860.56,1,1,1,Fiber optic,Credit card (automatic),0,0,0,0,0,77.5,0
CUST-004784,30,One year,68.94,2158.23,1,0,1,Fiber optic,Bank transfer (automatic),1,1,0,1,5,59.6,0
CUST-004785,20,Month-to-month,103.74,1940.59,0,0,0,Fiber optic,Credit card (automatic),1,1,1,0,0,205.7,1
CUST-004786,44,One year,84.76,3685.3,1,1,0,Fiber optic,Electronic check,1,0,0,0,2,155.8,0
CUST-004787,22,Month-to-month,74.37,1753.51,3,0,0,Fiber optic,Credit card (automatic),1,0,0,0,1,165.1,0
CUST-004788,19,Month-to-month,62.16,1093.48,2,0,0,DSL,Credit card (automatic),0,0,1,0,3,44.0,0
CUST-004789,43,Month-to-month,122.97,5259.56,0,0,1,Fiber optic,Credit card (automatic),1,0,1,0,3,126.8,0
CUST-004790,11,Two year,122.0,1267.97,0,1,0,Fiber optic,Credit card (automatic),0,0,0,1,0,89.6,1
CUST-004791,58,Month-to-month,75.65,4453.73,0,1,0,DSL,Credit card (automatic),0,0,1,0,0,114.7,0
CUST-004792,45,Month-to-month,56.11,2529.12,0,0,0,No,Bank transfer (automatic),1,0,1,0,5,121.0,0
CUST-004793,72,Month-to-month,78.04,5353.67,7,0,0,DSL,Bank transfer (automatic),1,0,0,0,0,89.9,0
CUST-004794,36,One year,43.44,1565.74,2,0,0,No,Credit card (automatic),0,0,1,0,3,249.2,1
CUST-004795,50,One year,94.22,4726.49,2,1,0,DSL,Bank transfer (automatic),1,0,1,0,0,203.6,0
CUST-004796,54,Month-to-month,113.76,5955.9,0,1,0,Fiber optic,Bank transfer (automatic),1,0,0,0,0,96.4,1
CUST-004797,69,Month-to-month,113.29,7654.19,8,0,0,DSL,Bank transfer (automatic),1,0,0,0,4,169.9,0
CUST-004798,33,One year,44.95,1435.29,3,1,0,No,Credit card (automatic),1,0,0,0,3,9.0,0
CUST-004799,19,Month-to-month,41.84,704.32,2,1,1,No,Electronic check,0,1,0,1,4,53.6,1
CUST-004800,37,Month-to-month,78.78,3049.95,1,0,0,DSL,Bank transfer (automatic),1,0,1,0,4,33.4,1
CUST-004801,58,Month-to-month,58.16,3574.81,0,0,0,DSL,Bank transfer (automatic),1,0,1,1,1,138.3,0
CUST-004802,63,Month-to-month,114.98,6609.83,0,0,0,Fiber optic,Credit card (automatic),0,0,1,0,0,49.8,1
CUST-004803,5,Two year,97.94,519.28,0,1,1,DSL,Electronic check,1,0,1,0,4,28.8,0
CUST-004804,72,One year,107.57,7900.52,0,1,0,DSL,Bank transfer (automatic),0,0,0,0,3,113.0,0
CUST-004805,19,Month-to-month,66.46,1193.15,1,0,1,No,Electronic check,0,0,0,0,3,159.8,1
CUST-004806,50,Two year,112.01,5541.91,2,1,1,Fiber optic,Bank transfer (automatic),1,0,0,0,3,66.7,0
CUST-004807,72,Month-to-month,52.08,3617.47,1,0,0,DSL,Credit card (automatic),1,0,1,0,1,108.0,0
CUST-004808,28,Two year,95.43,2795.4,1,1,1,Fiber optic,Bank transfer (automatic),1,0,1,0,0,99.9,1
CUST-004809,65,Month-to-month,63.66,3948.06,1,1,0,DSL,Bank transfer (automatic),1,0,0,0,3,139.1,0
CUST-004810,5,Two year,62.33,344.73,1,1,0,No,Mailed check,1,1,1,1,2,185.1,0
CUST-004811,67,Two year,110.6,7839.45,1,0,0,DSL,Bank transfer (automatic),1,0,1,0,0,74.8,0
CUST-004812,61,Two year,56.45,3232.55,0,0,1,Fiber optic,Credit card (automatic),1,0,0,1,2,63.1,0
CUST-004813,40,Month-to-month,64.88,2807.8,1,0,0,DSL,Bank transfer (automatic),1,0,1,1,4,156.2,0
CUST-004814,58,Two year,66.34,3988.13,1,0,1,No,Electronic check,1,0,0,1,5,136.6,0
CUST-004815,72,One year,81.08,5793.79,2,1,0,DSL,Bank transfer (automatic),1,0,1,0,2,93.3,0
CUST-004816,72,Month-to-month,62.57,4657.25,2,1,0,Fiber optic,Bank transfer (automatic),1,1,0,0,5,135.0,0
CUST-004817,29,Month-to-month,82.53,2504.02,1,0,0,Fiber optic,Bank transfer (automatic),1,0,0,0,5,91.6,1
CUST-004818,36,One year,50.11,1735.56,1,0,0,No,Bank transfer (automatic),0,0,1,0,0,56.6,0
CUST-004819,25,Two year,15.0,390.66,1,0,1,DSL,Credit card (automatic),1,1,0,0,4,395.5,0
CUST-004820,23,One year,94.06,2116.57,1,1,1,No,Credit card (automatic),1,1,0,1,2,57.5,1
CUST-004821,54,Month-to-month,28.25,1587.61,0,1,0,No,Electronic check,0,0,1,0,1,153.5,1
CUST-004822,25,One year,24.92,618.75,0,1,0,DSL,Bank transfer (automatic),1,0,1,0,3,71.1,0
CUST-004823,54,Month-to-month,88.69,4548.04,7,0,0,DSL,Bank transfer (automatic),1,0,0,0,5,82.6,1
CUST-004824,28,Month-to-month,56.63,1635.6,1,0,0,No,Credit card (automatic),1,0,0,0,3,76.0,1
CUST-004825,31,One year,82.49,2508.77,1,1,1,Fiber optic,Electronic check,1,0,1,0,1,60.9,0
CUST-004826,15,One year,57.97,876.27,1,1,1,No,Electronic check,1,0,1,1,5,51.6,0
CUST-004827,53,One year,91.86,4968.11,5,0,0,No,Bank transfer (automatic),0,0,1,0,3,146.5,1
CUST-004828,5,Month-to-month,51.2,274.81,0,0,0,DSL,Mailed check,1,0,0,1,0,88.0,0
CUST-004829,69,Month-to-month,79.88,5391.62,4,1,0,DSL,Electronic check,0,0,0,0,4,168.5,1
CUST-004830,72,One year,61.47,4238.16,1,1,1,Fiber optic,Credit card (automatic),1,0,0,0,2,107.6,0
CUST-004831,32,Month-to-month,98.25,3402.72,1,1,1,Fiber optic,Mailed check,1,0,1,0,2,112.7,0
CUST-004832,31,Two year,112.57,3490.23,0,1,1,Fiber optic,Electronic check,1,1,0,0,0,170.6,0
CUST-004833,7,Two year,125.13,852.04,0,1,0,Fiber optic,Electronic check,0,0,0,1,3,91.9,0
CUST-004834,20,Two year,51.27,1043.98,3,0,0,Fiber optic,Electronic check,1,0,1,0,3,57.6,1
CUST-004835,59,Two year,57.58,3338.85,2,1,0,No,Electronic check,1,1,1,1,0,177.4,0
CUST-004836,65,Month-to-month,104.96,6731.06,1,1,1,DSL,Mailed check,0,0,0,0,0,58.6,1
CUST-004837,35,Month-to-month,113.05,4465.92,4,0,1,Fiber optic,Electronic check,0,0,1,0,5,70.9,1
CUST-004838,56,Two year,60.02,3195.08,3,1,0,DSL,Bank transfer (automatic),0,0,0,1,3,95.6,0
CUST-004839,15,Month-to-month,65.1,906.29,2,0,0,DSL,Mailed check,1,0,1,0,1,214.3,0
CUST-004840,42,Two year,72.43,3228.47,0,1,1,DSL,Bank transfer (automatic),0,0,0,0,1,60.0,0
CUST-004841,72,Month-to-month,55.68,3932.95,2,0,1,No,Credit card (automatic),0,0,0,1,4,89.4,0
CUST-004842,48,Two year,103.68,5056.04,1,0,0,Fiber optic,Credit card (automatic),1,0,1,0,0,55.8,1
CUST-004843,72,Month-to-month,77.26,5740.24,2,0,1,DSL,Mailed check,1,0,0,1,1,34.7,1
CUST-004844,72,Two year,62.13,4081.98,0,0,0,Fiber optic,Mailed check,1,0,1,0,5,548.2,1
CUST-004845,44,Month-to-month,77.76,3616.56,2,0,0,Fiber optic,Bank transfer (automatic),1,0,1,0,0,146.6,0
CUST-004846,0,One year,78.65,0.0,1,1,0,Fiber optic,Mailed check,1,0,0,0,3,96.3,1
CUST-004847,64,Two year,58.61,4107.18,1,0,1,DSL,Credit card (automatic),0,0,1,0,3,172.2,0
CUST-004848,10,Month-to-month,71.75,688.93,0,1,1,DSL,Bank transfer (automatic),1,0,1,0,1,190.9,1
CUST-004849,1,Month-to-month,69.51,74.95,1,1,1,DSL,Electronic check,1,0,0,0,4,98.4,1
CUST-004850,4,Month-to-month,72.01,313.2,0,0,0,Fiber optic,Mailed check,0,0,0,0,1,134.0,1
CUST-004851,67,One year,98.51,6438.63,0,0,0,DSL,Credit card (automatic),0,0,0,1,2,248.0,0
CUST-004852,44,One year,90.13,3927.99,1,0,1,Fiber optic,Bank transfer (automatic),0,0,0,0,5,110.7,0
CUST-004853,36,One year,101.59,3599.81,2,1,1,No,Bank transfer (automatic),0,0,1,1,1,88.1,0
CUST-004854,47,Month-to-month,101.0,5107.69,1,1,0,DSL,Bank transfer (automatic),1,0,0,0,0,101.4,1
CUST-004855,4,Month-to-month,38.52,155.46,0,0,0,DSL,Mailed check,1,0,1,0,1,196.9,0
CUST-004856,25,Two year,52.74,1353.62,2,1,0,No,Electronic check,1,0,0,1,1,52.6,0
CUST-004857,17,One year,79.57,1342.98,0,0,0,Fiber optic,Bank transfer (automatic),1,0,0,0,0,60.4,1
CUST-004858,34,Month-to-month,97.83,3404.74,1,1,1,Fiber optic,Electronic check,0,0,1,0,4,89.6,1
CUST-004859,35,Month-to-month,83.16,2988.77,6,1,0,No,Bank transfer (automatic),1,0,1,1,3,213.2,1
CUST-004860,45,Month-to-month,93.67,4089.37,2,1,0,Fiber optic,Electronic check,1,0,1,0,5,68.7,1
CUST-004861,51,Two year,76.23,4232.27,1,0,0,Fiber optic,Credit card (automatic),1,0,0,0,5,204.8,1
CUST-004862,5,One year,131.29,649.76,0,0,1,Fiber optic,Bank transfer (automatic),0,1,1,1,1,55.9,1
CUST-004863,26,One year,54.04,1477.4,1,0,1,No,Electronic check,1,0,1,0,0,166.8,0
CUST-004864,30,One year,108.55,3051.05,0,0,1,Fiber optic,Credit card (automatic),1,0,0,1,1,49.7,0
CUST-004865,9,Two year,64.07,596.35,2,1,0,DSL,Bank transfer (automatic),1,0,1,0,5,67.0,1
CUST-004866,8,Month-to-month,88.37,744.6,0,1,1,Fiber optic,Bank transfer (automatic),1,0,0,0,4,72.6,1
CUST-004867,7,Month-to-month,81.84,580.5,0,0,0,DSL,Mailed check,0,0,1,0,5,133.0,0
CUST-004868,56,Month-to-month,128.58,7587.83,0,0,0,Fiber optic,Bank transfer (automatic),0,0,0,0,3,221.7,1
CUST-004869,6,Two year,72.62,420.31,1,1,0,DSL,Bank transfer (automatic),1,0,1,0,1,48.6,0
CUST-004870,7,One year,77.78,557.32,2,0,0,Fiber optic,Mailed check,1,0,0,0,4,200.0,1
CUST-004871,33,Month-to-month,127.0,3872.33,1,1,1,Fiber optic,Bank transfer (automatic),0,0,0,0,0,159.7,0
CUST-004872,41,Two year,102.35,4227.52,1,0,1,Fiber optic,Electronic check,1,1,1,0,5,66.5,0
CUST-004873,30,Month-to-month,94.26,2715.69,1,0,0,Fiber optic,Credit card (automatic),1,1,0,0,5,92.5,1
CUST-004874,11,Month-to-month,90.69,994.16,1,0,1,DSL,Credit card (automatic),0,0,1,0,2,77.3,0
CUST-004875,9,One year,73.06,702.89,8,0,1,DSL,Mailed check,1,0,0,1,1,121.8,1
CUST-004876,32,Two year,150.0,5217.08,0,0,0,Fiber optic,Mailed check,0,0,0,1,3,154.6,1
CUST-004877,27,Month-to-month,90.05,2275.45,2,1,0,Fiber optic,Electronic check,1,1,0,0,5,62.8,1
CUST-004878,22,Month-to-month,93.74,2190.69,0,1,1,No,Credit card (automatic),0,0,1,0,0,35.9,0
CUST-004879,54,Two year,101.05,5838.43,2,0,0,Fiber optic,Electronic check,1,1,1,0,5,52.2,0
CUST-004880,26,One year,100.97,2667.83,1,1,0,Fiber optic,Credit card (automatic),0,0,1,0,0,95.3,0
CUST-004881,8,One year,55.95,477.99,1,0,1,No,Credit card (automatic),1,0,0,0,0,38.9,1
CUST-004882,22,Month-to-month,81.07,1746.53,0,0,1,Fiber optic,Mailed check,0,1,1,0,4,88.8,1
CUST-004883,45,Month-to-month,77.42,3394.38,2,0,1,DSL,Credit card (automatic),1,1,1,0,5,29.5,1
CUST-004884,25,Month-to-month,68.29,1663.75,2,0,0,Fiber optic,Mailed check,1,0,1,0,4,88.3,1
CUST-004885,44,Month-to-month,50.61,2306.33,8,0,1,No,Mailed check,1,1,0,0,5,245.0,1
CUST-004886,51,Two year,90.38,4586.97,1,0,1,Fiber optic,Credit card (automatic),0,0,1,0,2,111.2,0
CUST-004887,26,One year,96.01,2406.92,0,0,1,DSL,Mailed check,1,1,0,0,3,117.2,0
CUST-004888,30,Two year,92.01,2668.12,1,0,0,Fiber optic,Electronic check,0,0,0,1,2,137.4,0
CUST-004889,23,Month-to-month,66.62,1532.35,0,1,0,DSL,Bank transfer (automatic),0,0,0,0,1,94.1,0
CUST-004890,45,Month-to-month,63.53,2737.46,3,1,1,Fiber optic,Bank transfer (automatic),1,0,1,0,1,186.4,0
CUST-004891,23,One year,107.39,2552.51,0,0,1,No,Bank transfer (automatic),0,0,0,0,2,162.8,0
CUST-004892,42,Month-to-month,92.68,4125.16,1,0,1,No,Mailed check,1,0,0,0,4,172.1,0
CUST-004893,35,Month-to-month,120.49,4422.49,0,0,1,Fiber optic,Bank transfer (automatic),1,0,0,0,5,56.2,1
CUST-004894,4,Month-to-month,28.68,131.42,0,1,0,No,Electronic check,1,1,1,0,2,62.8,0
CUST-004895,44,Month-to-month,73.79,3313.45,2,1,0,No,Mailed check,0,0,1,0,3,217.2,0
CUST-004896,33,Month-to-month,41.54,1487.01,3,0,1,No,Electronic check,0,1,1,1,3,284.7,1
CUST-004897,71,Month-to-month,84.29,6039.59,3,0,1,No,Bank transfer (automatic),0,0,1,0,5,96.4,1
CUST-004898,10,Two year,73.04,720.23,1,0,0,No,Credit card (automatic),1,1,0,0,2,186.0,1
CUST-004899,36,Month-to-month,77.97,2823.64,1,0,1,DSL,Electronic check,1,0,1,0,4,53.4,0
CUST-004900,20,One year,47.08,949.43,0,0,0,DSL,Electronic check,1,0,0,0,1,127.9,0
CUST-004901,5,One year,39.0,193.79,0,0,1,DSL,Credit card (automatic),0,1,0,1,2,48.4,0
CUST-004902,3,Month-to-month,73.98,209.93,1,1,1,Fiber optic,Mailed check,0,0,0,0,2,211.6,1
CUST-004903,72,Month-to-month,72.7,4978.06,0,1,1,No,Mailed check,0,1,0,0,3,140.0,1
CUST-004904,36,Month-to-month,58.94,2242.06,4,0,0,No,Bank transfer (automatic),1,0,0,0,2,111.5,1
CUST-004905,25,Month-to-month,71.33,1857.62,1,0,1,No,Mailed check,0,0,1,0,0,109.2,0
CUST-004906,6,Month-to-month,39.4,257.42,5,1,1,No,Electronic check,0,1,0,0,5,199.3,1
CUST-004907,72,Two year,89.84,6341.45,1,1,0,Fiber optic,Credit card (automatic),0,0,0,1,4,83.6,0
CUST-004908,16,Month-to-month,124.88,1949.52,1,1,1,Fiber optic,Electronic check,1,0,1,1,3,104.6,1
CUST-004909,37,Month-to-month,98.31,3428.46,2,0,0,Fiber optic,Credit card (automatic),0,0,0,1,1,84.4,1
CUST-004910,32,Two year,74.87,2522.33,3,0,0,DSL,Credit card (automatic),0,0,0,0,3,79.0,0
CUST-004911,72,One year,100.07,6883.65,1,1,1,Fiber optic,Electronic check,1,1,1,1,2,71.6,0
CUST-004912,29,One year,77.2,2235.35,1,1,0,Fiber optic,Credit card (automatic),0,0,1,0,4,63.8,0
CUST-004913,19,Month-to-month,105.79,2041.49,1,0,0,DSL,Bank transfer (automatic),1,0,1,0,5,218.4,1
CUST-004914,36,Two year,98.93,3283.07,10,1,0,Fiber optic,Credit card (automatic),1,0,1,1,1,142.6,0
CUST-004915,39,One year,94.43,3825.83,0,0,0,Fiber optic,Bank transfer (automatic),1,0,0,0,2,64.1,0
CUST-004916,72,One year,107.17,8105.93,4,1,0,Fiber optic,Mailed check,0,0,1,0,5,104.4,0
CUST-004917,29,One year,88.52,2602.61,0,1,0,No,Bank transfer (automatic),0,0,1,0,1,138.6,0
CUST-004918,9,Month-to-month,33.86,303.42,0,0,1,DSL,Bank transfer (automatic),1,0,0,0,2,279.4,1
CUST-004919,22,Two year,66.41,1458.66,0,0,0,No,Bank transfer (automatic),1,0,1,0,0,155.9,0
CUST-004920,36,Two year,120.88,4656.34,7,0,1,DSL,Mailed check,0,1,1,0,1,127.0,0
CUST-004921,41,One year,131.38,5400.94,1,0,0,Fiber optic,Credit card (automatic),1,1,1,0,0,47.4,1
CUST-004922,6,Month-to-month,87.34,523.51,0,0,0,Fiber optic,Electronic check,0,0,0,0,3,168.1,1
CUST-004923,20,One year,83.2,1606.87,7,1,0,No,Credit card (automatic),0,1,0,1,5,167.5,1
CUST-004924,72,Month-to-month,56.83,3519.09,1,0,1,No,Mailed check,1,1,1,0,1,69.1,0
CUST-004925,13,One year,73.84,1012.54,0,1,0,DSL,Electronic check,1,0,1,0,3,121.1,1
CUST-004926,55,Month-to-month,78.54,4319.08,1,1,0,Fiber optic,Electronic check,1,0,0,0,2,75.3,0
CUST-004927,22,Two year,53.12,1117.49,0,0,0,No,Credit card (automatic),1,0,1,0,5,209.6,0
CUST-004928,30,Two year,50.2,1664.91,3,0,0,No,Credit card (automatic),0,0,0,1,3,190.1,0
CUST-004929,7,Month-to-month,107.06,765.89,1,1,0,DSL,Mailed check,0,0,1,1,5,166.7,1
CUST-004930,24,One year,52.99,1258.66,0,1,1,DSL,Credit card (automatic),1,0,1,0,0,16.6,0
CUST-004931,36,Two year,118.54,4484.69,0,0,0,Fiber optic,Electronic check,1,0,0,0,1,123.5,0
CUST-004932,29,Month-to-month,54.21,1601.01,1,1,0,No,Electronic check,1,0,1,0,3,80.9,1
CUST-004933,26,Month-to-month,51.35,1358.37,7,1,0,DSL,Electronic check,0,0,1,0,5,93.8,1
CUST-004934,45,Month-to-month,99.74,4351.7,0,1,1,Fiber optic,Mailed check,1,1,1,1,4,95.2,0
CUST-004935,9,Two year,32.53,302.96,0,1,1,No,Bank transfer (automatic),1,0,0,0,2,126.2,0
CUST-004936,37,Month-to-month,106.62,4130.41,2,1,1,Fiber optic,Electronic check,0,0,0,0,3,214.8,1
CUST-004937,3,Month-to-month,86.6,251.96,1,0,1,Fiber optic,Electronic check,0,0,0,0,4,141.8,1
CUST-004938,66,Month-to-month,51.23,3060.83,1,1,1,No,Mailed check,1,0,0,0,5,375.9,0
CUST-004939,26,Month-to-month,70.86,1929.88,0,1,0,Fiber optic,Electronic check,1,0,0,0,3,139.8,0
CUST-004940,53,Month-to-month,114.28,6247.16,0,0,1,DSL,Bank transfer (automatic),1,0,0,0,3,49.3,1
CUST-004941,1,One year,64.14,66.84,2,1,1,DSL,Bank transfer (automatic),0,0,0,0,1,56.2,1
CUST-004942,47,Month-to-month,88.09,4149.79,2,1,1,Fiber optic,Electronic check,1,0,0,0,3,29.5,1
CUST-004943,15,One year,86.82,1364.99,0,1,0,DSL,Electronic check,0,1,1,0,0,190.4,0
CUST-004944,30,One year,43.96,1275.75,0,0,0,DSL,Bank transfer (automatic),0,0,1,1,3,88.9,0
CUST-004945,48,Two year,93.36,4439.47,2,1,1,DSL,Credit card (automatic),1,0,1,0,2,98.9,0
CUST-004946,28,Month-to-month,89.11,2364.47,0,0,1,Fiber optic,Mailed check,1,0,0,0,4,80.3,0
CUST-004947,44,One year,30.41,1415.48,1,1,0,No,Bank transfer (automatic),1,0,1,0,1,545.5,0
CUST-004948,23,One year,76.74,1760.89,0,1,1,Fiber optic,Credit card (automatic),1,1,1,1,0,32.5,0
CUST-004949,70,Month-to-month,62.62,4434.21,0,1,1,Fiber optic,Credit card (automatic),1,0,0,1,0,49.1,1
CUST-004950,26,Month-to-month,67.03,1780.54,0,1,0,No,Mailed check,1,1,0,1,4,172.9,1
CUST-004951,27,Month-to-month,70.16,1871.72,0,0,0,Fiber optic,Credit card (automatic),0,0,0,1,2,54.8,1
CUST-004952,27,One year,67.41,1894.91,3,1,1,Fiber optic,Bank transfer (automatic),0,0,0,0,2,92.4,0
CUST-004953,30,Month-to-month,72.31,2349.14,2,0,0,DSL,Bank transfer (automatic),0,0,0,0,0,181.6,0
CUST-004954,9,Two year,91.1,860.06,3,1,1,Fiber optic,Bank transfer (automatic),0,1,0,0,0,28.3,0
CUST-004955,13,Two year,95.23,1131.32,4,0,0,DSL,Mailed check,0,0,0,0,1,125.8,1
CUST-004956,58,One year,119.12,6946.89,0,0,1,Fiber optic,Credit card (automatic),0,0,0,0,0,359.3,0
CUST-004957,53,Two year,66.53,3553.46,0,0,1,No,Electronic check,1,0,0,0,0,124.2,0
CUST-004958,50,One year,77.49,4115.16,0,0,1,DSL,Mailed check,1,0,1,0,4,166.6,0
CUST-004959,41,Month-to-month,29.81,1188.65,3,0,1,DSL,Electronic check,0,0,1,1,4,135.5,0
CUST-004960,19,Month-to-month,82.4,1484.16,1,1,1,No,Bank transfer (automatic),0,0,0,1,5,291.4,0
CUST-004961,18,Two year,75.27,1411.47,0,0,0,No,Electronic check,1,0,0,0,0,46.6,1
CUST-004962,29,Month-to-month,113.85,3298.48,1,0,1,Fiber optic,Mailed check,0,1,1,0,4,31.8,0
CUST-004963,64,Two year,57.34,3555.31,3,0,0,DSL,Credit card (automatic),1,0,1,0,1,65.2,0
CUST-004964,34,Month-to-month,82.56,2770.53,3,1,1,Fiber optic,Electronic check,1,0,1,1,5,123.1,0
CUST-004965,12,Month-to-month,82.72,922.6,1,0,1,Fiber optic,Electronic check,1,0,1,0,5,141.3,0
CUST-004966,7,One year,125.86,888.51,1,0,1,Fiber optic,Bank transfer (automatic),0,1,0,1,2,36.6,0
CUST-004967,54,Two year,97.07,5162.16,1,0,1,Fiber optic,Mailed check,1,0,0,0,2,103.9,0
CUST-004968,72,Two year,27.6,2040.16,1,0,1,No,Electronic check,0,0,0,0,5,168.5,0
CUST-004969,5,Month-to-month,81.11,401.39,0,1,1,DSL,Electronic check,1,0,1,1,5,56.5,0
CUST-004970,55,Month-to-month,53.42,2943.31,0,0,0,No,Electronic check,0,0,0,0,3,44.5,0
CUST-004971,40,One year,92.11,3600.52,0,0,0,DSL,Electronic check,1,0,1,0,1,382.8,0
CUST-004972,15,Two year,78.47,1162.06,0,0,0,DSL,Credit card (automatic),0,0,0,1,4,38.5,0
CUST-004973,35,Month-to-month,96.01,3170.53,0,1,0,No,Mailed check,1,0,1,0,2,111.3,0
CUST-004974,10,One year,115.97,1219.55,0,1,0,Fiber optic,Mailed check,1,0,0,0,4,44.3,0
CUST-004975,25,Month-to-month,113.43,2829.84,1,1,1,Fiber optic,Electronic check,1,0,1,0,3,279.0,0
CUST-004976,30,One year,93.36,2522.24,0,1,1,DSL,Credit card (automatic),1,0,1,0,2,103.2,0
CUST-004977,69,Month-to-month,85.38,5424.23,0,1,0,DSL,Credit card (automatic),0,0,1,1,2,245.2,0
CUST-004978,24,Two year,47.65,1202.93,0,0,0,DSL,Mailed check,0,0,1,0,4,138.5,0
CUST-004979,16,Month-to-month,61.41,980.44,0,0,0,Fiber optic,Bank transfer (automatic),0,0,1,0,0,165.9,1
CUST-004980,38,One year,44.24,1679.45,4,0,0,DSL,Mailed check,1,0,1,0,5,169.6,0
CUST-004981,45,One year,83.27,3746.65,0,0,1,No,Electronic check,0,0,0,0,0,194.4,0
CUST-004982,16,Month-to-month,34.42,564.14,0,0,0,Fiber optic,Mailed check,1,0,0,0,1,68.0,0
CUST-004983,12,Month-to-month,64.62,834.78,1,0,0,No,Bank transfer (automatic),1,0,1,0,3,201.7,1
CUST-004984,13,One year,58.35,775.43,2,0,1,No,Mailed check,1,0,1,0,0,85.9,0
CUST-004985,70,One year,120.6,8571.74,0,0,1,Fiber optic,Mailed check,0,0,1,0,1,74.3,0
CUST-004986,43,One year,87.07,3637.07,1,1,1,Fiber optic,Bank transfer (automatic),1,0,1,0,3,116.0,0
CUST-004987,22,One year,55.79,1132.71,4,1,0,No,Credit card (automatic),0,0,0,0,5,63.4,0
CUST-004988,62,Month-to-month,122.9,7800.57,1,1,1,Fiber optic,Credit card (automatic),1,0,1,1,2,137.4,0
CUST-004989,16,Two year,62.7,1031.05,1,1,1,DSL,Bank transfer (automatic),0,1,0,0,1,153.9,0
CUST-004990,28,Month-to-month,83.66,2471.28,0,0,0,Fiber optic,Bank transfer (automatic),0,0,0,0,1,206.8,0
CUST-004991,10,One year,52.77,572.87,1,1,1,DSL,Bank transfer (automatic),1,0,0,0,1,104.2,0
CUST-004992,60,Two year,97.14,5490.39,0,1,1,Fiber optic,Mailed check,0,0,1,1,4,114.0,0
CUST-004993,15,Two year,56.71,824.53,2,0,1,No,Bank transfer (automatic),1,0,1,0,0,179.5,1
CUST-004994,15,Month-to-month,81.8,1268.0,0,0,1,Fiber optic,Electronic check,1,0,0,0,5,114.0,0
CUST-004995,39,Month-to-month,101.26,3949.37,0,0,1,DSL,Credit card (automatic),1,0,0,0,3,43.3,0
CUST-004996,2,One year,66.22,142.0,0,1,0,DSL,Electronic check,0,0,1,0,5,84.1,0
CUST-004997,8,Month-to-month,78.79,624.22,0,1,0,Fiber optic,Electronic check,1,0,1,1,2,120.9,0
CUST-004998,49,One year,40.12,2162.57,1,1,1,DSL,Electronic check,0,0,1,1,3,179.3,0
CUST-004999,12,Month-to-month,94.96,1142.71,7,1,1,Fiber optic,Credit card (automatic),0,0,0,0,0,181.2,1
CUST-005000,72,Month-to-month,76.01,5918.11,2,0,1,Fiber optic,Electronic check,1,1,1,1,4,80.4,1
CUST-005001,33,Month-to-month,80.79,2345.23,7,0,0,Fiber optic,Bank transfer (automatic),1,0,1,0,0,168.4,1
CUST-005002,5,One year,68.71,351.9,1,0,1,Fiber optic,Mailed check,0,0,0,1,3,89.3,0
CUST-005003,72,One year,94.92,6842.2,0,0,1,Fiber optic,Bank transfer (automatic),0,0,1,1,4,70.7,0
CUST-005004,33,Month-to-month,32.42,957.87,0,0,1,DSL,Bank transfer (automatic),1,0,1,1,4,63.7,0
CUST-005005,25,Month-to-month,100.29,2505.33,1,0,1,Fiber optic,Credit card (automatic),1,0,1,0,2,136.2,0
CUST-005006,33,Month-to-month,76.34,2363.31,1,0,0,Fiber optic,Mailed check,0,0,1,0,2,152.5,0
CUST-005007,5,One year,82.92,403.83,2,0,1,DSL,Mailed check,1,0,0,0,2,194.3,0
CUST-005008,28,One year,102.13,2903.28,1,0,0,Fiber optic,Electronic check,0,0,0,1,1,164.0,0
CUST-005009,13,Two year,92.6,1196.4,2,1,0,Fiber optic,Mailed check,1,0,0,0,1,47.3,1
CUST-005010,27,Two year,86.15,2367.49,1,0,0,DSL,Credit card (automatic),0,1,0,1,2,222.8,0
CUST-005011,20,Month-to-month,128.92,2598.66,4,0,0,Fiber optic,Electronic check,0,0,1,0,1,145.4,1
CUST-005012,32,Two year,96.71,3459.03,0,0,0,DSL,Credit card (automatic),1,0,0,1,0,304.0,0
CUST-005013,22,Month-to-month,57.23,1275.38,1,0,0,Fiber optic,Electronic check,1,0,0,0,0,205.7,1
CUST-005014,19,One year,49.87,952.86,0,1,0,DSL,Credit card (automatic),1,0,0,0,4,65.0,0
CUST-005015,12,Month-to-month,52.93,648.53,0,0,0,No,Bank transfer (automatic),1,0,0,1,0,162.9,0
CUST-005016,5,One year,105.97,529.15,0,0,0,Fiber optic,Credit card (automatic),1,0,1,0,3,57.6,1
CUST-005017,4,One year,51.94,191.31,3,0,1,DSL,Bank transfer (automatic),1,0,1,0,3,117.2,0
CUST-005018,8,Month-to-month,50.96,421.78,0,0,0,DSL,Bank transfer (automatic),0,0,1,0,1,36.9,0
CUST-005019,46,Two year,46.65,2284.39,0,1,0,No,Electronic check,0,0,0,0,0,84.7,0
CUST-005020,11,Two year,97.47,1155.54,1,0,0,Fiber optic,Mailed check,1,0,0,0,4,147.7,0
CUST-005021,16,Two year,105.87,1752.31,2,1,1,Fiber optic,Credit card (automatic),1,0,1,0,4,57.8,1
CUST-005022,16,Month-to-month,34.71,547.89,2,1,1,No,Electronic check,1,0,1,0,0,56.4,0
CUST-005023,20,Two year,52.14,1056.51,1,1,1,DSL,Credit card (automatic),0,0,0,0,0,170.8,1
CUST-005024,41,One year,42.62,1903.5,4,1,0,Fiber optic,Mailed check,0,0,1,0,4,83.8,0
CUST-005025,22,One year,30.21,657.18,0,0,0,Fiber optic,Mailed check,1,0,0,1,1,74.3,0
CUST-005026,53,Month-to-month,77.12,3843.45,0,1,1,No,Bank transfer (automatic),1,0,1,0,2,45.7,0
CUST-005027,8,Two year,97.89,869.63,2,0,0,Fiber optic,Electronic check,0,0,1,0,4,161.2,1
CUST-005028,49,One year,69.31,3223.3,0,1,0,No,Bank transfer (automatic),0,0,0,1,3,60.3,0
CUST-005029,72,One year,129.67,8602.5,2,0,0,Fiber optic,Credit card (automatic),0,0,0,0,4,89.9,1
CUST-005030,28,Two year,23.11,657.41,2,1,1,No,Electronic check,1,0,0,1,1,220.8,0
CUST-005031,10,Month-to-month,15.0,153.07,1,0,0,DSL,Electronic check,1,0,0,0,1,124.4,0
CUST-005032,41,One year,61.92,2596.86,0,1,0,Fiber optic,Electronic check,0,1,0,0,2,179.4,0
CUST-005033,29,Month-to-month,15.0,454.1,1,0,0,DSL,Bank transfer (automatic),1,0,1,0,0,231.2,0
CUST-005034,36,Month-to-month,49.67,1773.67,3,0,0,No,Bank transfer (automatic),0,0,0,0,3,60.0,0
CUST-005035,54,Month-to-month,79.57,4265.14,2,1,0,DSL,Credit card (automatic),1,0,0,1,5,62.2,0
CUST-005036,21,Month-to-month,97.41,1986.98,5,1,1,Fiber optic,Mailed check,1,0,1,1,2,62.8,1
CUST-005037,18,Month-to-month,90.69,1643.59,0,0,0,DSL,Electronic check,1,0,1,0,3,166.2,1
CUST-005038,72,Month-to-month,74.27,5492.34,2,0,1,DSL,Electronic check,1,0,1,1,3,176.9,0
CUST-005039,42,Month-to-month,54.9,2410.34,0,1,1,DSL,Mailed check,0,0,1,1,0,54.6,1
CUST-005040,60,One year,76.85,4404.01,2,0,0,Fiber optic,Bank transfer (automatic),0,0,1,0,1,20.2,1
CUST-005041,52,Month-to-month,75.94,3702.82,0,1,0,DSL,Credit card (automatic),0,0,0,0,2,25.7,0
CUST-005042,61,Month-to-month,26.75,1703.95,0,0,0,No,Electronic check,0,0,0,0,0,243.6,0
CUST-005043,37,Month-to-month,15.0,540.32,0,0,1,Fiber optic,Credit card (automatic),0,0,0,1,5,145.0,0
CUST-005044,56,Month-to-month,74.76,3980.34,1,1,1,No,Mailed check,1,0,1,0,0,263.3,0
CUST-005045,16,Month-to-month,95.86,1391.88,2,0,1,Fiber optic,Credit card (automatic),1,1,0,0,2,26.6,0
CUST-005046,5,Two year,129.23,691.62,3,1,1,Fiber optic,Credit card (automatic),0,0,1,0,4,51.7,0
CUST-005047,13,One year,107.41,1415.58,1,0,0,Fiber optic,Credit card (automatic),0,0,1,0,0,150.1,0
CUST-005048,25,Month-to-month,72.73,1867.84,1,0,1,DSL,Mailed check,0,0,0,0,2,238.0,0
CUST-005049,23,Month-to-month,82.2,1931.95,1,0,1,Fiber optic,Mailed check,1,0,1,0,2,403.3,0
CUST-005050,29,Month-to-month,44.72,1310.66,2,0,0,No,Electronic check,0,0,0,0,5,95.3,1
CUST-005051,15,One year,57.99,868.84,1,1,1,DSL,Electronic check,1,0,0,0,5,78.0,0
CUST-005052,3,Two year,88.88,265.7,5,0,1,DSL,Bank transfer (automatic),0,0,0,0,1,135.6,0
CUST-005053,20,Month-to-month,101.59,1932.56,0,1,1,Fiber optic,Credit card (automatic),0,0,1,0,4,87.5,1
CUST-005054,7,Month-to-month,88.36,563.92,0,1,1,No,Bank transfer (automatic),1,0,0,1,3,93.1,0
CUST-005055,28,One year,67.67,2107.51,1,0,0,DSL,Mailed check,1,0,1,0,3,17.7,0
CUST-005056,38,Month-to-month,42.51,1618.45,0,1,1,No,Electronic check,1,0,0,0,5,109.4,0
CUST-005057,20,Month-to-month,94.01,1839.07,3,1,0,DSL,Bank transfer (automatic),0,0,0,1,5,103.2,0
CUST-005058,10,One year,116.75,1120.74,1,0,1,Fiber optic,Electronic check,0,0,0,0,1,184.8,1
CUST-005059,30,One year,69.64,2198.84,2,1,1,No,Electronic check,0,0,1,0,1,230.1,0
CUST-005060,72,Month-to-month,103.9,7534.93,1,1,0,Fiber optic,Electronic check,1,0,1,0,4,114.9,0
CUST-005061,42,Two year,102.52,4119.96,2,0,0,Fiber optic,Credit card (automatic),0,1,1,1,3,41.3,0
CUST-005062,44,Month-to-month,53.29,2309.17,3,0,0,No,Mailed check,1,0,1,0,1,190.2,0
CUST-005063,18,Month-to-month,58.5,1069.39,3,1,1,DSL,Credit card (automatic),0,1,1,0,2,53.2,1
CUST-005064,14,One year,42.26,580.2,0,0,1,DSL,Mailed check,1,0,0,0,2,241.8,0
CUST-005065,61,One year,58.4,3707.58,1,0,1,No,Bank transfer (automatic),1,0,1,0,3,52.7,0
CUST-005066,2,One year,115.77,256.13,4,0,1,Fiber optic,Credit card (automatic),1,0,1,1,4,64.6,1
CUST-005067,15,One year,86.03,1263.22,1,1,1,No,Credit card (automatic),1,0,1,0,0,176.3,0
CUST-005068,72,One year,78.96,5604.12,3,1,1,No,Electronic check,0,0,0,0,3,76.0,0
CUST-005069,26,Two year,113.98,2840.51,1,0,1,Fiber optic,Electronic check,0,0,0,0,5,103.4,0
CUST-005070,6,One year,80.87,481.5,0,1,0,Fiber optic,Electronic check,1,0,1,1,3,149.3,0
CUST-005071,39,Month-to-month,60.67,2134.2,0,0,0,Fiber optic,Mailed check,0,0,0,0,0,193.4,0
CUST-005072,20,One year,61.08,1288.75,5,1,1,DSL,Electronic check,1,0,0,0,4,99.4,0
CUST-005073,4,Month-to-month,88.06,328.74,0,0,0,Fiber optic,Bank transfer (automatic),1,0,1,0,2,128.3,0
CUST-005074,34,One year,81.89,2672.01,3,1,0,No,Mailed check,0,0,0,0,4,106.9,0
CUST-005075,30,Month-to-month,77.79,2343.48,4,0,1,No,Credit card (automatic),1,0,1,0,0,186.4,1
CUST-005076,29,Month-to-month,90.26,2797.81,1,1,1,No,Credit card (automatic),1,0,0,0,0,45.1,0
CUST-005077,41,One year,15.0,588.73,0,0,1,No,Bank transfer (automatic),0,0,0,1,1,140.6,0
CUST-005078,9,One year,45.05,401.67,7,1,1,DSL,Bank transfer (automatic),1,0,0,1,0,98.4,0
CUST-005079,37,Month-to-month,87.72,3293.27,2,1,0,Fiber optic,Electronic check,0,0,1,1,4,85.4,0
CUST-005080,32,Month-to-month,76.98,2380.64,1,0,1,DSL,Electronic check,1,0,1,1,4,80.1,0
CUST-005081,60,Two year,142.36,8490.14,0,0,1,Fiber optic,Mailed check,0,0,1,0,4,81.3,0
CUST-005082,15,Two year,40.57,560.16,1,0,0,No,Credit card (automatic),0,1,0,0,1,84.5,0
CUST-005083,68,Month-to-month,47.25,3128.23,1,0,0,No,Electronic check,0,0,0,0,2,36.2,0
CUST-005084,51,Month-to-month,54.42,2946.17,0,0,0,No,Mailed check,0,0,0,0,4,176.2,0
CUST-005085,26,Month-to-month,71.36,1931.03,1,1,1,Fiber optic,Credit card (automatic),0,0,1,0,5,69.3,0
CUST-005086,29,Month-to-month,67.79,1922.29,0,0,0,Fiber optic,Mailed check,1,1,1,1,1,75.8,1
CUST-005087,2,Month-to-month,66.15,125.6,5,0,0,DSL,Credit card (automatic),1,0,1,1,4,62.2,1
CUST-005088,28,Two year,114.59,3174.45,2,0,0,Fiber optic,Credit card (automatic),1,0,1,1,5,216.2,0
CUST-005089,48,Month-to-month,67.98,3024.24,5,0,0,DSL,Electronic check,1,0,0,0,3,71.5,1
CUST-005090,22,Month-to-month,43.51,947.8,6,1,1,No,Bank transfer (automatic),1,0,1,0,1,349.3,0
CUST-005091,60,Month-to-month,85.09,5000.73,5,1,1,Fiber optic,Electronic check,0,1,1,0,5,91.3,1
CUST-005092,40,Month-to-month,64.04,2504.4,0,0,1,Fiber optic,Mailed check,1,0,0,1,1,51.7,0
CUST-005093,72,Month-to-month,89.58,6404.24,2,1,1,No,Credit card (automatic),1,0,0,0,3,138.6,1
CUST-005094,16,Month-to-month,101.78,1672.19,2,0,1,DSL,Electronic check,1,0,0,0,2,136.5,1
CUST-005095,45,Month-to-month,50.12,2138.27,3,0,1,Fiber optic,Credit card (automatic),1,0,0,0,4,129.0,1
CUST-005096,8,One year,70.73,592.93,1,0,1,No,Credit card (automatic),1,0,1,0,4,87.8,0
CUST-005097,24,Month-to-month,45.54,1154.45,1,0,0,No,Bank transfer (automatic),1,1,1,0,5,136.9,0
CUST-005098,41,One year,66.57,3029.56,0,1,0,DSL,Mailed check,1,0,0,0,5,107.0,0
CUST-005099,47,Two year,87.86,4190.6,1,0,0,Fiber optic,Electronic check,1,0,1,0,5,52.2,1
CUST-005100,21,Month-to-month,56.47,1273.21,3,0,1,Fiber optic,Mailed check,1,0,0,0,1,170.1,1
CUST-005101,65,Month-to-month,95.22,6491.48,3,0,1,DSL,Electronic check,1,0,0,0,5,247.2,0
CUST-005102,72,Two year,61.21,4449.08,0,1,0,DSL,Electronic check,1,0,0,0,1,124.2,0
CUST-005103,16,Month-to-month,78.25,1175.81,0,0,0,Fiber optic,Electronic check,0,0,1,1,5,291.5,0
CUST-005104,25,Month-to-month,67.91,1773.75,3,0,0,DSL,Bank transfer (automatic),1,0,1,0,4,103.1,1
CUST-005105,23,Two year,68.24,1588.33,1,0,1,Fiber optic,Electronic check,1,0,1,1,5,109.3,1
CUST-005106,18,One year,60.41,1184.56,1,0,0,DSL,Mailed check,0,1,0,0,3,62.4,1
CUST-005107,71,Two year,19.07,1404.08,2,1,1,DSL,Bank transfer (automatic),0,1,0,0,3,82.5,0
CUST-005108,71,Month-to-month,31.07,2322.43,0,0,1,Fiber optic,Electronic check,1,1,0,1,0,146.7,0
CUST-005109,23,Month-to-month,40.75,910.15,3,1,0,DSL,Mailed check,0,0,1,0,4,78.5,0
CUST-005110,45,Month-to-month,51.69,2354.5,1,0,1,DSL,Electronic check,1,0,0,0,0,229.1,1
CUST-005111,60,Month-to-month,21.07,1142.61,1,0,0,DSL,Electronic check,1,0,1,0,2,162.8,1
CUST-005112,34,Month-to-month,52.56,1836.59,0,0,0,DSL,Electronic check,1,0,1,0,5,124.7,0
CUST-005113,22,Month-to-month,76.66,1789.21,0,0,0,Fiber optic,Electronic check,0,0,0,0,2,105.7,0
CUST-005114,15,Month-to-month,63.46,1018.15,1,1,0,No,Mailed check,0,0,1,0,5,117.8,1
CUST-005115,48,Month-to-month,105.35,4967.06,2,0,1,Fiber optic,Electronic check,1,0,1,1,0,111.3,1
CUST-005116,8,Month-to-month,107.8,784.19,2,0,0,DSL,Mailed check,0,0,1,1,0,76.4,1
CUST-005117,22,Month-to-month,75.71,1620.85,0,0,1,DSL,Bank transfer (automatic),1,1,0,0,4,66.7,1
CUST-005118,19,One year,40.4,764.61,3,1,0,No,Bank transfer (automatic),1,0,0,0,3,346.7,1
CUST-005119,8,Month-to-month,81.66,666.63,1,0,1,DSL,Mailed check,0,0,1,1,4,166.5,0
CUST-005120,26,One year,100.02,2336.64,1,0,0,DSL,Credit card (automatic),0,1,0,0,5,256.8,0
CUST-005121,24,Month-to-month,36.99,883.12,3,1,1,DSL,Credit card (automatic),0,0,0,0,4,26.0,1
CUST-005122,12,Month-to-month,63.38,721.11,0,1,1,Fiber optic,Bank transfer (automatic),1,0,0,0,4,10.0,0
CUST-005123,70,Two year,54.47,4088.67,0,0,0,Fiber optic,Mailed check,1,0,1,0,0,64.9,0
CUST-005124,48,Two year,50.89,2157.54,3,0,0,DSL,Electronic check,0,0,0,0,5,151.6,0
CUST-005125,29,Month-to-month,74.33,2264.72,1,0,0,DSL,Mailed check,0,0,0,0,4,64.9,0
CUST-005126,54,Month-to-month,127.08,6807.58,0,0,0,Fiber optic,Bank transfer (automatic),1,0,0,0,3,147.0,1
CUST-005127,63,Two year,87.29,4936.45,1,0,1,DSL,Credit card (automatic),0,0,1,1,5,120.6,0
CUST-005128,72,Month-to-month,99.64,7775.78,2,1,0,Fiber optic,Credit card (automatic),1,1,0,0,4,80.0,1
CUST-005129,16,Month-to-month,66.14,1129.68,3,0,1,No,Electronic check,0,0,0,0,5,157.5,0
CUST-005130,54,Month-to-month,74.79,4291.08,1,1,1,DSL,Credit card (automatic),1,0,1,0,0,250.7,0
CUST-005131,24,Month-to-month,101.26,2441.56,3,0,0,Fiber optic,Credit card (automatic),1,0,1,0,1,206.2,1
CUST-005132,33,One year,122.58,3909.31,0,1,0,Fiber optic,Bank transfer (automatic),1,0,0,0,0,169.2,0
CUST-005133,16,One year,89.48,1436.34,1,1,0,Fiber optic,Credit card (automatic),1,1,0,0,1,221.4,1
CUST-005134,28,Month-to-month,96.54,2776.92,0,1,0,Fiber optic,Mailed check,1,0,1,0,4,51.8,0
CUST-005135,54,Month-to-month,79.79,4191.8,1,1,0,Fiber optic,Mailed check,1,0,0,0,5,207.5,0
CUST-005136,72,Month-to-month,92.84,6397.78,0,1,0,Fiber optic,Credit card (automatic),0,1,0,0,0,93.7,0
CUST-005137,26,One year,83.59,2226.93,0,0,0,Fiber optic,Electronic check,0,0,1,0,1,105.5,0
CUST-005138,13,Two year,35.26,462.86,3,0,0,DSL,Bank transfer (automatic),1,0,0,1,3,76.9,0
CUST-005139,72,Month-to-month,86.83,6541.2,0,1,1,DSL,Credit card (automatic),1,0,1,1,4,203.5,0
CUST-005140,15,One year,102.21,1649.9,1,1,0,DSL,Credit card (automatic),1,0,0,0,2,77.2,0
CUST-005141,5,Month-to-month,89.06,464.37,0,1,1,Fiber optic,Electronic check,0,0,0,0,3,170.3,1
CUST-005142,18,One year,98.3,1667.46,0,1,1,Fiber optic,Bank transfer (automatic),0,0,0,0,3,176.3,0
CUST-005143,61,Month-to-month,111.54,6799.52,1,1,1,Fiber optic,Electronic check,1,0,0,0,1,71.4,0
CUST-005144,14,Month-to-month,86.42,1233.29,0,0,1,Fiber optic,Credit card (automatic),0,0,0,0,2,182.9,0
CUST-005145,10,Month-to-month,69.74,725.62,1,0,0,No,Mailed check,1,0,1,0,4,34.7,0
CUST-005146,31,Two year,84.58,2734.48,0,1,1,Fiber optic,Bank transfer (automatic),1,0,0,0,3,215.4,0
CUST-005147,72,Month-to-month,76.26,5474.79,2,0,1,Fiber optic,Credit card (automatic),1,0,1,1,1,84.4,1
CUST-005148,40,Month-to-month,78.04,3045.05,0,1,1,DSL,Bank transfer (automatic),1,0,1,0,3,58.1,0
CUST-005149,8,Two year,102.81,863.96,0,0,0,Fiber optic,Bank transfer (automatic),1,0,0,0,5,33.6,1
CUST-005150,72,One year,113.06,8294.02,3,1,1,Fiber optic,Mailed check,0,0,0,1,3,173.3,0
CUST-005151,37,Month-to-month,64.92,2435.85,0,0,0,No,Bank transfer (automatic),0,0,1,0,5,175.0,0
CUST-005152,57,Month-to-month,35.0,1924.71,2,1,1,No,Bank transfer (automatic),1,0,0,0,2,235.1,0
CUST-005153,6,Two year,92.69,614.53,0,1,0,DSL,Credit card (automatic),1,0,0,0,5,116.0,0
CUST-005154,72,Month-to-month,46.64,3399.9,3,1,1,No,Electronic check,1,0,0,0,1,90.8,1
CUST-005155,21,Month-to-month,71.2,1488.71,0,1,1,Fiber optic,Mailed check,0,0,1,0,1,34.4,0
CUST-005156,6,Month-to-month,76.7,465.93,1,0,0,Fiber optic,Mailed check,1,0,0,1,4,111.2,1
CUST-005157,34,Month-to-month,46.41,1567.55,0,0,1,Fiber optic,Electronic check,0,0,0,0,5,48.6,0
CUST-005158,57,One year,84.56,4509.33,0,1,0,Fiber optic,Credit card (automatic),1,0,1,0,1,81.8,0
CUST-005159,45,Two year,80.48,3675.68,3,1,1,No,Bank transfer (automatic),0,0,0,1,1,220.0,0
CUST-005160,44,Month-to-month,54.16,2210.08,1,0,1,DSL,Electronic check,0,0,1,0,5,125.3,0
CUST-005161,42,Two year,123.45,5211.63,8,1,1,Fiber optic,Bank transfer (automatic),1,0,0,0,3,63.5,0
CUST-005162,32,One year,96.91,2854.09,4,1,0,DSL,Mailed check,1,0,0,1,4,65.0,0
CUST-005163,6,One year,87.23,467.0,3,0,0,DSL,Bank transfer (automatic),0,0,1,0,5,90.2,0
CUST-005164,24,Month-to-month,41.63,1029.74,6,0,0,Fiber optic,Electronic check,0,0,1,1,1,92.0,0
CUST-005165,22,Month-to-month,125.84,2615.71,7,1,0,Fiber optic,Electronic check,0,0,1,1,3,32.1,1
CUST-005166,72,One year,59.07,4345.38,3,1,0,No,Electronic check,0,0,0,1,0,63.1,1
CUST-005167,61,One year,131.96,8117.71,2,0,1,Fiber optic,Mailed check,1,0,0,0,1,256.9,0
CUST-005168,19,Month-to-month,74.9,1433.55,3,0,0,Fiber optic,Bank transfer (automatic),0,1,1,0,1,72.1,0
CUST-005169,50,Month-to-month,61.5,2978.59,0,0,0,No,Bank transfer (automatic),0,0,1,0,1,92.2,0
CUST-005170,27,Month-to-month,92.24,2474.17,1,1,0,Fiber optic,Electronic check,1,0,0,1,3,97.0,1
CUST-005171,5,Month-to-month,66.69,322.51,3,1,0,Fiber optic,Bank transfer (automatic),1,0,0,0,2,56.5,1
CUST-005172,2,Month-to-month,24.49,51.29,2,0,0,No,Mailed check,0,1,1,0,2,176.2,0
CUST-005173,46,Month-to-month,30.06,1349.37,0,1,0,Fiber optic,Credit card (automatic),1,0,0,0,3,79.6,0
CUST-005174,11,Month-to-month,150.0,1629.51,1,0,1,Fiber optic,Electronic check,1,0,1,0,3,63.4,1
CUST-005175,11,Two year,48.28,550.86,1,1,0,Fiber optic,Bank transfer (automatic),1,1,0,0,3,191.6,0
CUST-005176,15,Two year,48.63,706.78,0,1,1,Fiber optic,Bank transfer (automatic),1,0,1,1,4,71.1,0
CUST-005177,47,Month-to-month,104.3,4463.06,2,0,1,Fiber optic,Bank transfer (automatic),1,0,1,0,0,151.1,0
CUST-005178,61,Month-to-month,54.4,3142.37,1,0,0,Fiber optic,Mailed check,1,0,1,0,0,58.5,1
CUST-005179,61,Month-to-month,49.76,3195.59,1,0,0,Fiber optic,Electronic check,0,1,0,1,4,152.8,0
CUST-005180,4,Month-to-month,15.0,60.25,0,1,1,DSL,Electronic check,1,1,1,0,4,114.2,1
CUST-005181,15,Two year,72.32,1100.65,1,0,1,DSL,Credit card (automatic),1,0,1,1,2,88.6,0
CUST-005182,13,Month-to-month,63.25,834.41,2,0,0,Fiber optic,Bank transfer (automatic),1,1,0,1,3,45.7,0
CUST-005183,47,Two year,81.08,4151.49,1,0,0,DSL,Bank transfer (automatic),1,0,1,1,5,207.1,0
CUST-005184,15,Month-to-month,88.1,1184.38,0,1,0,Fiber optic,Bank transfer (automatic),0,0,1,0,2,151.8,0
CUST-005185,25,Two year,67.14,1667.77,1,0,0,DSL,Electronic check,0,0,1,1,1,185.8,0
CUST-005186,50,One year,53.66,2687.03,1,1,1,DSL,Mailed check,1,0,0,0,0,136.8,0
CUST-005187,30,One year,58.11,1741.53,4,1,0,No,Bank transfer (automatic),1,0,0,0,4,399.0,0
CUST-005188,37,Two year,67.63,2602.34,3,0,0,Fiber optic,Electronic check,1,0,1,0,5,132.6,1
CUST-005189,25,Month-to-month,70.0,1822.18,1,0,0,Fiber optic,Credit card (automatic),0,0,1,1,2,229.2,0
CUST-005190,57,Month-to-month,37.63,2121.73,2,0,1,DSL,Electronic check,1,0,1,0,1,95.0,1
CUST-005191,61,Month-to-month,102.85,5743.86,0,1,1,DSL,Bank transfer (automatic),0,0,1,0,2,29.4,0
CUST-005192,42,Two year,55.1,2604.45,3,0,1,DSL,Mailed check,1,0,0,0,0,96.7,1
CUST-005193,61,Two year,15.0,914.71,3,0,1,DSL,Credit card (automatic),0,0,0,0,4,15.1,0
CUST-005194,72,Month-to-month,71.47,5168.35,1,1,0,DSL,Credit card (automatic),1,0,0,0,2,22.3,0
CUST-005195,49,One year,69.91,3641.79,1,0,0,Fiber optic,Mailed check,1,0,1,0,4,90.8,0
CUST-005196,28,Month-to-month,63.89,1753.74,0,0,0,DSL,Mailed check,1,0,1,1,0,86.6,0
CUST-005197,37,Month-to-month,83.26,3279.58,2,0,0,Fiber optic,Credit card (automatic),1,0,1,0,3,16.5,1
CUST-005198,66,One year,127.25,8269.77,1,1,0,Fiber optic,Bank transfer (automatic),1,0,1,1,0,46.5,0
CUST-005199,20,Month-to-month,55.41,1209.55,0,1,1,DSL,Electronic check,1,0,1,0,1,193.9,0
CUST-005200,19,Month-to-month,85.4,1659.54,2,1,0,No,Credit card (automatic),1,0,1,0,0,72.9,0
CUST-005201,37,One year,107.76,3852.46,4,0,0,Fiber optic,Mailed check,0,1,0,1,5,113.2,1
CUST-005202,27,Month-to-month,55.84,1672.05,4,1,0,Fiber optic,Electronic check,0,0,0,1,0,136.1,1
CUST-005203,13,Month-to-month,94.69,1268.05,0,0,1,Fiber optic,Credit card (automatic),1,0,0,1,4,91.1,1
CUST-005204,33,Month-to-month,71.04,2272.95,2,0,0,Fiber optic,Credit card (automatic),1,0,1,0,0,200.6,1
CUST-005205,72,Month-to-month,59.78,4001.33,1,1,1,Fiber optic,Electronic check,0,0,1,1,5,46.1,0
CUST-005206,41,One year,34.88,1479.96,0,0,1,No,Mailed check,1,0,0,0,3,144.2,0
CUST-005207,10,Two year,110.53,1181.79,1,0,1,Fiber optic,Electronic check,1,0,0,1,3,35.5,0
CUST-005208,46,Month-to-month,150.0,7033.53,1,0,0,Fiber optic,Credit card (automatic),1,1,1,1,4,153.1,1
CUST-005209,23,Two year,44.87,1049.04,1,1,0,No,Credit card (automatic),1,0,0,0,1,97.4,0
CUST-005210,72,One year,95.39,7403.31,3,1,1,Fiber optic,Credit card (automatic),1,1,0,1,0,95.6,1
CUST-005211,43,Two year,72.76,3222.28,1,1,0,No,Electronic check,1,0,0,0,5,172.2,0
CUST-005212,17,One year,76.75,1261.83,0,1,1,Fiber optic,Electronic check,0,0,0,1,1,89.9,0
CUST-005213,48,Month-to-month,125.19,5824.36,1,1,0,Fiber optic,Bank transfer (automatic),1,0,1,0,0,106.9,0
CUST-005214,35,One year,144.92,5213.1,1,0,1,Fiber optic,Electronic check,1,0,0,1,2,185.5,1
CUST-005215,70,Month-to-month,75.06,5386.11,0,0,1,Fiber optic,Electronic check,0,0,0,0,3,96.7,1
CUST-005216,19,Month-to-month,108.36,2170.84,3,0,0,DSL,Electronic check,1,0,1,0,0,134.5,1
CUST-005217,43,Month-to-month,76.33,3342.68,2,0,1,Fiber optic,Bank transfer (automatic),0,1,1,0,3,197.3,0
CUST-005218,6,Month-to-month,40.74,252.75,3,0,0,DSL,Bank transfer (automatic),1,0,0,0,3,67.0,1
CUST-005219,32,Month-to-month,86.52,2816.83,1,0,0,Fiber optic,Credit card (automatic),1,0,1,0,5,142.8,0
CUST-005220,10,Two year,111.73,1171.17,1,1,0,Fiber optic,Electronic check,1,0,1,0,0,143.5,1
CUST-005221,34,Month-to-month,62.39,2200.37,2,0,0,No,Credit card (automatic),0,0,1,0,3,280.0,1
CUST-005222,39,Month-to-month,83.44,3212.13,1,0,0,DSL,Mailed check,1,0,1,0,4,80.5,0
CUST-005223,42,Two year,95.66,3979.88,0,1,1,Fiber optic,Mailed check,0,0,0,0,3,28.9,0
CUST-005224,19,Month-to-month,123.82,2390.68,2,0,0,Fiber optic,Bank transfer (automatic),0,0,1,1,0,131.8,1
CUST-005225,32,Month-to-month,103.27,3323.16,4,1,0,Fiber optic,Credit card (automatic),0,0,1,0,3,385.3,0
CUST-005226,64,Two year,103.26,7042.91,2,1,0,DSL,Electronic check,1,1,0,0,4,111.8,0
CUST-005227,72,Two year,68.56,4988.63,1,0,0,Fiber optic,Credit card (automatic),0,0,0,0,3,130.4,0
CUST-005228,33,One year,84.91,2602.61,2,0,1,Fiber optic,Bank transfer (automatic),1,0,0,0,2,83.8,0
CUST-005229,66,Month-to-month,64.96,4033.98,2,1,0,DSL,Bank transfer (automatic),0,0,0,0,2,65.6,0
CUST-005230,14,Month-to-month,68.65,949.61,0,1,1,Fiber optic,Credit card (automatic),0,0,1,0,5,171.7,0
CUST-005231,22,Two year,39.82,907.66,1,0,0,DSL,Bank transfer (automatic),0,0,0,1,2,161.0,0
CUST-005232,36,Two year,99.55,3453.84,6,0,0,Fiber optic,Bank transfer (automatic),1,0,0,0,4,110.0,0
CUST-005233,27,Month-to-month,81.63,2275.79,0,0,0,No,Mailed check,1,0,1,1,0,74.6,0
CUST-005234,25,Two year,67.82,1630.47,1,1,1,DSL,Bank transfer (automatic),1,0,0,0,2,301.6,0
CUST-005235,61,One year,91.48,5624.58,0,0,0,DSL,Credit card (automatic),0,0,1,0,2,102.5,0
CUST-005236,12,Month-to-month,37.42,458.35,3,1,0,No,Credit card (automatic),0,1,1,0,0,157.3,1
CUST-005237,13,Month-to-month,55.22,676.82,1,0,0,DSL,Credit card (automatic),0,0,1,1,1,110.8,1
CUST-005238,9,Month-to-month,60.5,555.27,1,0,0,Fiber optic,Credit card (automatic),1,0,0,0,3,111.1,0
CUST-005239,37,Two year,93.48,3738.15,1,0,0,Fiber optic,Bank transfer (automatic),1,0,0,1,3,88.8,0
CUST-005240,23,Month-to-month,102.2,2327.38,1,0,0,Fiber optic,Credit card (automatic),0,0,0,0,0,132.7,1
CUST-005241,57,One year,123.55,7069.27,2,1,1,Fiber optic,Electronic check,1,1,0,0,2,81.0,1
CUST-005242,35,Month-to-month,60.57,2146.81,1,0,1,Fiber optic,Mailed check,1,0,0,1,5,247.3,0
CUST-005243,19,One year,74.31,1418.29,0,0,0,No,Bank transfer (automatic),1,0,0,0,0,119.1,1
CUST-005244,16,Month-to-month,125.9,2016.82,0,1,1,Fiber optic,Bank transfer (automatic),0,0,0,1,3,180.9,1
CUST-005245,26,Two year,64.96,1684.47,0,0,0,Fiber optic,Bank transfer (automatic),0,0,0,1,1,62.1,1
CUST-005246,10,Month-to-month,34.09,314.18,1,0,0,No,Credit card (automatic),1,1,1,0,0,225.8,0
CUST-005247,62,One year,28.14,1784.19,1,0,0,DSL,Credit card (automatic),1,1,1,1,0,87.2,0
CUST-005248,22,One year,80.61,1678.1,0,0,0,No,Credit card (automatic),1,1,0,0,3,65.6,0
CUST-005249,7,Month-to-month,46.86,334.19,0,1,0,No,Credit card (automatic),0,0,0,1,2,73.1,0
CUST-005250,70,Two year,76.95,5575.34,6,0,1,No,Credit card (automatic),1,0,1,0,3,43.7,0
CUST-005251,27,Month-to-month,59.6,1641.94,2,0,0,DSL,Bank transfer (automatic),1,0,0,0,5,127.3,1
CUST-005252,46,Two year,135.02,5936.5,0,0,0,Fiber optic,Electronic check,1,0,0,0,0,39.1,0
CUST-005253,19,Month-to-month,84.7,1634.68,2,0,0,No,Credit card (automatic),1,0,1,0,5,95.3,0
CUST-005254,72,One year,44.9,3198.27,0,1,0,DSL,Electronic check,1,0,1,0,1,74.2,0
CUST-005255,14,Two year,82.45,1120.26,0,0,0,Fiber optic,Bank transfer (automatic),0,0,0,0,4,40.7,0
CUST-005256,23,Two year,84.7,2149.1,0,0,0,DSL,Electronic check,0,0,0,1,5,169.9,1
CUST-005257,5,Month-to-month,38.28,182.8,0,0,0,DSL,Bank transfer (automatic),0,0,0,0,4,39.1,1
CUST-005258,71,Month-to-month,94.55,6879.11,0,0,0,No,Mailed check,0,0,1,0,4,89.6,0
CUST-005259,17,Two year,58.74,1074.76,1,0,0,No,Bank transfer (automatic),1,0,1,0,5,134.0,0
CUST-005260,38,Month-to-month,85.22,3300.34,1,0,1,DSL,Credit card (automatic),1,1,0,0,4,58.8,0
CUST-005261,42,Two year,60.1,2446.56,1,1,0,DSL,Electronic check,0,0,1,0,4,145.2,0
CUST-005262,63,Month-to-month,76.9,4711.17,1,1,0,Fiber optic,Electronic check,1,0,1,1,1,34.7,1
CUST-005263,35,Month-to-month,47.81,1556.47,2,0,0,DSL,Credit card (automatic),0,0,1,0,0,86.0,0
CUST-005264,28,One year,133.31,3750.12,0,0,1,Fiber optic,Electronic check,1,0,1,0,2,249.3,0
CUST-005265,59,Month-to-month,82.62,4906.33,2,0,0,Fiber optic,Bank transfer (automatic),1,1,1,1,1,250.9,0
CUST-005266,41,Month-to-month,150.0,6072.91,3,1,0,Fiber optic,Credit card (automatic),1,0,1,1,2,50.6,1
CUST-005267,24,Month-to-month,93.8,2411.46,0,0,0,Fiber optic,Bank transfer (automatic),0,0,0,0,2,185.1,0
CUST-005268,72,Two year,43.73,3142.68,1,0,1,DSL,Electronic check,0,0,1,0,0,87.4,0
CUST-005269,43,One year,25.37,1006.36,2,1,0,DSL,Bank transfer (automatic),0,1,1,0,1,95.1,0
CUST-005270,9,Two year,95.82,927.77,0,1,1,No,Credit card (automatic),1,0,1,0,4,100.6,0
CUST-005271,72,Month-to-month,60.16,4082.79,1,1,0,DSL,Mailed check,1,1,1,1,1,127.4,0
CUST-005272,18,Month-to-month,85.57,1582.43,5,0,0,DSL,Bank transfer (automatic),1,1,0,1,1,60.9,1
CUST-005273,63,Month-to-month,148.06,9644.31,5,1,0,Fiber optic,Electronic check,0,1,1,1,3,100.1,1
CUST-005274,7,Month-to-month,81.72,570.94,0,0,1,DSL,Credit card (automatic),1,0,1,0,3,117.7,0
CUST-005275,59,Month-to-month,98.43,6090.52,0,0,1,Fiber optic,Electronic check,0,1,0,1,0,108.5,1
CUST-005276,10,Month-to-month,95.66,962.29,9,1,1,No,Mailed check,1,0,0,1,3,203.4,1
CUST-005277,35,Month-to-month,85.1,2931.25,1,1,0,DSL,Electronic check,0,0,0,1,1,77.7,0
CUST-005278,42,One year,58.43,2203.46,1,1,1,Fiber optic,Credit card (automatic),0,0,0,0,3,69.0,0
CUST-005279,25,Month-to-month,98.32,2250.39,0,1,0,DSL,Bank transfer (automatic),1,0,0,1,2,30.4,0
CUST-005280,30,Month-to-month,88.85,3038.2,3,0,0,Fiber optic,Electronic check,0,0,0,0,3,102.7,1
CUST-005281,12,Month-to-month,128.53,1602.39,2,1,1,Fiber optic,Electronic check,1,0,1,0,3,398.4,1
CUST-005282,54,Month-to-month,77.68,4467.28,0,1,0,No,Credit card (automatic),0,0,0,0,1,266.3,0
CUST-005283,36,One year,94.79,3849.12,1,1,1,DSL,Electronic check,1,0,1,1,0,98.8,0
CUST-005284,14,Two year,84.38,1162.74,1,0,0,Fiber optic,Bank transfer (automatic),1,0,1,0,1,96.9,1
CUST-005285,37,Two year,27.07,996.95,1,0,0,No,Bank transfer (automatic),1,1,1,0,1,101.0,0
CUST-005286,38,Month-to-month,104.09,3638.67,2,0,1,Fiber optic,Credit card (automatic),1,0,0,0,1,117.5,0
CUST-005287,32,Month-to-month,114.42,3617.29,0,1,0,Fiber optic,Bank transfer (automatic),1,0,0,0,5,52.2,0
CUST-005288,2,Two year,51.08,100.79,0,0,0,DSL,Credit card (automatic),1,0,1,0,1,142.6,0
CUST-005289,22,Two year,84.92,1836.27,1,0,1,Fiber optic,Electronic check,1,0,0,1,1,112.3,0
CUST-005290,54,Month-to-month,34.64,1973.45,1,1,1,Fiber optic,Mailed check,1,0,1,0,5,190.4,0
CUST-005291,44,Month-to-month,61.12,2792.06,2,0,0,DSL,Electronic check,0,0,0,0,4,165.0,0
CUST-005292,43,One year,58.74,2648.23,0,0,0,Fiber optic,Mailed check,0,0,0,1,1,235.4,0
CUST-005293,36,Two year,102.93,3488.55,4,1,0,Fiber optic,Bank transfer (automatic),0,0,0,1,4,70.5,0
CUST-005294,58,Month-to-month,98.37,5727.58,1,0,0,Fiber optic,Bank transfer (automatic),1,0,0,1,0,87.5,1
CUST-005295,18,Month-to-month,65.38,1199.92,0,1,1,No,Credit card (automatic),0,0,0,0,4,141.9,0
CUST-005296,15,Two year,123.07,2022.97,4,1,1,Fiber optic,Credit card (automatic),1,0,1,0,4,44.2,0
CUST-005297,72,One year,96.02,6970.61,2,1,0,Fiber optic,Mailed check,0,0,1,0,1,157.1,1
CUST-005298,17,Month-to-month,94.84,1603.01,0,0,0,Fiber optic,Bank transfer (automatic),1,0,1,1,1,53.0,1
CUST-005299,9,Month-to-month,98.04,932.45,0,1,0,Fiber optic,Bank transfer (automatic),1,0,1,0,0,111.6,0
CUST-005300,25,One year,75.43,1865.98,7,1,1,Fiber optic,Credit card (automatic),1,0,0,0,1,287.6,0
CUST-005301,32,One year,89.78,2947.47,3,0,0,DSL,Electronic check,0,0,1,0,5,60.5,0
CUST-005302,58,One year,67.09,3986.37,0,0,0,Fiber optic,Bank transfer (automatic),1,0,0,0,2,42.8,0
CUST-005303,22,Month-to-month,100.57,2160.38,0,0,1,Fiber optic,Mailed check,1,0,1,0,1,50.2,0
CUST-005304,22,Month-to-month,120.47,2565.16,0,1,1,Fiber optic,Mailed check,0,1,1,0,2,79.0,0
CUST-005305,30,One year,39.34,1178.34,4,1,0,DSL,Bank transfer (automatic),1,0,1,1,0,171.1,1
CUST-005306,19,Month-to-month,31.44,584.43,1,1,0,DSL,Electronic check,1,0,0,0,0,80.9,1
CUST-005307,7,Month-to-month,63.9,413.79,1,1,1,Fiber optic,Electronic check,0,0,0,0,0,106.1,1
CUST-005308,10,Month-to-month,110.43,1144.14,2,0,1,DSL,Credit card (automatic),1,1,0,0,0,80.2,0
CUST-005309,69,Month-to-month,74.77,5306.26,1,0,0,Fiber optic,Electronic check,0,1,0,0,5,90.4,0
CUST-005310,50,One year,59.99,2888.1,1,0,1,Fiber optic,Mailed check,1,0,1,1,1,24.9,0
CUST-005311,29,Month-to-month,74.16,2060.34,0,0,1,DSL,Bank transfer (automatic),1,1,0,1,5,47.1,0
CUST-005312,44,One year,15.0,676.12,1,0,0,No,Bank transfer (automatic),0,0,1,0,1,116.3,0
CUST-005313,51,One year,66.14,3668.64,1,1,0,Fiber optic,Bank transfer (automatic),0,0,0,0,0,194.2,0
CUST-005314,17,Month-to-month,100.35,1793.02,0,1,0,DSL,Credit card (automatic),1,0,1,0,1,53.9,0
CUST-005315,12,Two year,41.12,523.06,0,0,0,No,Mailed check,0,0,0,0,5,106.7,0
CUST-005316,65,Month-to-month,83.48,5343.59,1,1,0,Fiber optic,Electronic check,0,0,0,0,5,82.7,0
CUST-005317,3,Two year,97.35,298.12,1,0,0,Fiber optic,Electronic check,1,0,1,0,1,135.2,1
CUST-005318,45,Month-to-month,72.37,3235.09,0,1,1,DSL,Bank transfer (automatic),1,0,1,0,4,69.2,0
CUST-005319,34,Two year,51.69,1693.66,0,0,0,No,Mailed check,1,0,1,0,3,20.0,1
CUST-005320,60,Month-to-month,78.66,4765.77,2,1,1,DSL,Credit card (automatic),1,0,0,0,5,132.9,0
CUST-005321,46,One year,126.16,5551.57,0,0,1,Fiber optic,Bank transfer (automatic),0,0,0,0,4,130.3,0
CUST-005322,44,Month-to-month,38.46,1629.19,11,1,0,No,Mailed check,1,0,0,0,5,153.8,0
CUST-005323,13,Month-to-month,52.89,672.27,0,0,0,No,Credit card (automatic),0,1,1,0,3,148.3,1
CUST-005324,52,Month-to-month,87.37,4466.35,0,0,0,Fiber optic,Credit card (automatic),0,0,0,0,0,132.3,1
CUST-005325,41,Month-to-month,82.5,3377.51,1,1,0,DSL,Bank transfer (automatic),0,0,1,0,3,218.3,0
CUST-005326,15,Month-to-month,65.83,885.43,0,0,1,DSL,Bank transfer (automatic),1,1,0,0,5,80.8,0
CUST-005327,35,Month-to-month,61.82,2062.83,0,0,0,No,Electronic check,0,0,0,0,5,82.6,0
CUST-005328,11,One year,51.27,608.27,4,0,0,Fiber optic,Bank transfer (automatic),0,0,1,0,0,56.0,0
CUST-005329,26,Month-to-month,36.67,953.0,0,0,0,No,Electronic check,1,0,0,1,3,254.4,1
CUST-005330,72,Month-to-month,69.82,5168.15,5,1,0,DSL,Bank transfer (automatic),1,1,1,1,1,161.6,1
CUST-005331,13,Two year,52.15,692.06,1,0,0,No,Credit card (automatic),1,0,1,1,1,68.8,0
CUST-005332,7,One year,56.45,393.01,1,0,0,DSL,Bank transfer (automatic),1,0,0,1,3,84.7,1
CUST-005333,10,Month-to-month,63.45,606.49,1,0,0,DSL,Electronic check,1,0,0,0,5,89.4,0
CUST-005334,26,Month-to-month,123.54,3123.73,1,0,0,No,Electronic check,1,0,0,1,3,91.1,1
CUST-005335,48,Month-to-month,77.56,4087.43,8,0,1,Fiber optic,Credit card (automatic),1,0,0,0,5,45.9,0
CUST-005336,31,One year,124.67,3761.72,1,0,0,Fiber optic,Electronic check,0,0,1,1,5,168.5,0
CUST-005337,8,Two year,122.85,1067.4,1,0,0,Fiber optic,Bank transfer (automatic),1,0,1,0,0,83.3,1
CUST-005338,48,One year,85.09,3999.51,0,1,0,No,Credit card (automatic),1,0,0,0,0,44.3,0
CUST-005339,4,Two year,43.81,172.44,0,0,1,DSL,Electronic check,0,0,0,1,0,61.2,0
CUST-005340,9,One year,68.43,618.22,2,0,0,DSL,Bank transfer (automatic),1,0,0,0,4,93.3,0
CUST-005341,18,Two year,80.24,1431.6,3,0,0,Fiber optic,Electronic check,1,1,0,0,5,27.4,0
CUST-005342,63,One year,115.36,6926.63,1,1,1,No,Bank transfer (automatic),1,0,0,0,3,23.9,0
CUST-005343,32,One year,75.27,2406.93,6,1,0,No,Electronic check,0,0,0,0,1,85.3,1
CUST-005344,33,One year,84.67,2588.44,0,0,1,Fiber optic,Electronic check,1,0,1,0,2,141.6,0
CUST-005345,8,One year,134.62,1096.58,2,0,0,Fiber optic,Electronic check,0,0,0,0,4,91.9,1
CUST-005346,20,Month-to-month,81.19,1642.05,2,1,0,Fiber optic,Credit card (automatic),1,0,0,0,0,102.5,0
CUST-005347,57,Month-to-month,78.79,4654.6,1,1,1,DSL,Bank transfer (automatic),0,0,0,0,5,75.6,0
CUST-005348,39,Month-to-month,82.56,3139.85,6,0,0,DSL,Credit card (automatic),1,0,0,0,1,51.2,1
CUST-005349,49,Month-to-month,73.68,3743.59,0,1,0,DSL,Bank transfer (automatic),1,0,1,0,3,134.3,1
CUST-005350,29,Two year,62.34,1846.79,1,0,0,DSL,Credit card (automatic),1,0,0,0,2,113.0,0
CUST-005351,57,One year,85.94,4929.81,0,0,0,DSL,Bank transfer (automatic),1,0,0,0,0,84.9,0
CUST-005352,8,Month-to-month,49.25,432.95,2,1,0,DSL,Mailed check,1,0,1,0,1,17.5,0
CUST-005353,25,Month-to-month,92.84,2375.64,1,0,1,No,Bank transfer (automatic),1,0,0,0,0,144.4,1
CUST-005354,43,Month-to-month,57.96,2434.48,1,1,0,DSL,Electronic check,1,1,0,0,4,82.8,1
CUST-005355,6,Two year,98.44,636.01,2,0,1,No,Credit card (automatic),1,0,1,0,2,69.6,1
CUST-005356,1,Two year,91.16,93.49,1,0,0,No,Credit card (automatic),1,0,0,0,2,131.9,1
CUST-005357,72,Month-to-month,103.73,8132.83,1,1,0,Fiber optic,Electronic check,1,0,0,1,1,106.3,1
CUST-005358,32,Month-to-month,87.74,2547.27,1,1,0,Fiber optic,Credit card (automatic),1,1,1,0,1,155.1,1
CUST-005359,5,Two year,92.57,455.89,2,0,0,DSL,Electronic check,0,1,1,0,0,111.0,1
CUST-005360,32,One year,79.28,2499.15,5,1,1,DSL,Bank transfer (automatic),1,0,0,0,0,192.7,0
CUST-005361,9,Two year,15.0,122.25,1,1,0,Fiber optic,Credit card (automatic),0,0,1,0,0,143.4,0
CUST-005362,13,Month-to-month,69.56,911.78,2,1,1,Fiber optic,Electronic check,0,0,1,1,5,132.9,1
CUST-005363,65,Month-to-month,94.22,6010.47,5,0,1,Fiber optic,Electronic check,1,0,0,0,3,10.6,1
CUST-005364,19,One year,71.99,1231.1,1,0,0,No,Credit card (automatic),0,0,1,0,3,38.0,0
CUST-005365,19,Month-to-month,107.68,1967.54,0,1,1,Fiber optic,Mailed check,1,0,0,0,3,89.3,0
CUST-005366,9,Two year,128.72,1238.79,0,0,1,Fiber optic,Mailed check,1,0,0,0,0,162.1,1
CUST-005367,22,One year,79.67,1832.38,0,1,0,DSL,Credit card (automatic),1,0,1,0,4,143.8,0
CUST-005368,34,Month-to-month,15.0,491.85,1,0,1,No,Electronic check,0,0,0,1,5,55.6,1
CUST-005369,19,Month-to-month,69.94,1279.63,7,0,1,No,Electronic check,0,0,0,1,5,389.9,1
CUST-005370,72,One year,120.4,9041.92,1,0,0,Fiber optic,Credit card (automatic),0,0,0,1,3,85.4,1
CUST-005371,12,Two year,92.79,1004.05,1,0,1,Fiber optic,Bank transfer (automatic),0,0,1,0,0,59.9,0
CUST-005372,12,Month-to-month,95.09,1174.95,3,0,0,Fiber optic,Bank transfer (automatic),0,0,0,0,4,152.6,1
CUST-005373,22,One year,52.64,1052.01,0,1,0,DSL,Mailed check,1,0,1,1,2,118.5,0
CUST-005374,72,Month-to-month,88.73,6913.06,0,0,0,No,Credit card (automatic),1,1,0,0,0,72.6,0
CUST-005375,50,Two year,81.17,4192.1,3,0,0,Fiber optic,Electronic check,0,0,0,0,3,196.3,1
CUST-005376,18,One year,104.82,1712.8,1,1,1,Fiber optic,Electronic check,1,0,0,0,4,43.7,0
CUST-005377,18,Month-to-month,100.71,1778.29,1,1,1,Fiber optic,Mailed check,1,0,0,0,1,101.9,1
CUST-005378,11,One year,91.36,1020.9,2,1,1,Fiber optic,Bank transfer (automatic),1,0,1,0,5,88.6,0
CUST-005379,21,One year,77.1,1458.25,4,0,0,DSL,Electronic check,0,0,1,0,5,28.4,1
CUST-005380,25,One year,95.04,2370.83,3,0,0,Fiber optic,Mailed check,1,0,1,0,3,69.0,0
CUST-005381,48,Month-to-month,96.93,4764.68,0,0,1,DSL,Bank transfer (automatic),1,0,1,0,0,104.4,0
CUST-005382,41,One year,81.92,3011.34,1,1,1,DSL,Bank transfer (automatic),1,1,1,0,2,45.3,0
CUST-005383,21,Two year,90.99,1982.07,0,1,1,DSL,Electronic check,1,0,1,0,5,66.5,0
CUST-005384,72,Month-to-month,45.9,3284.19,2,1,1,DSL,Bank transfer (automatic),0,0,0,0,3,183.8,0
CUST-005385,16,Month-to-month,44.33,741.79,0,1,0,No,Mailed check,0,0,1,0,4,58.3,0
CUST-005386,7,Two year,66.57,460.53,0,0,0,DSL,Mailed check,1,0,1,0,4,103.3,0
CUST-005387,35,One year,108.74,3604.74,2,1,0,Fiber optic,Electronic check,0,0,0,1,1,71.8,1
CUST-005388,61,Month-to-month,103.29,5936.92,1,0,1,Fiber optic,Credit card (automatic),1,0,1,0,2,74.8,0
CUST-005389,28,Two year,46.22,1273.97,3,1,0,No,Bank transfer (automatic),1,0,0,0,1,123.6,1
CUST-005390,9,Month-to-month,109.51,976.29,1,0,0,Fiber optic,Electronic check,1,1,1,1,3,129.7,1
CUST-005391,33,Two year,49.3,1713.46,1,0,0,No,Mailed check,1,0,1,0,0,167.4,0
CUST-005392,36,Month-to-month,106.85,3792.88,0,1,0,Fiber optic,Electronic check,0,0,1,1,0,57.9,1
CUST-005393,39,Month-to-month,97.16,3493.62,2,0,0,Fiber optic,Bank transfer (automatic),1,0,0,0,5,235.8,1
CUST-005394,33,Two year,84.37,2720.48,1,1,1,Fiber optic,Bank transfer (automatic),0,0,0,1,4,94.3,0
CUST-005395,67,One year,51.6,3193.73,3,0,1,DSL,Electronic check,0,0,1,0,2,126.6,1
CUST-005396,11,Month-to-month,93.33,1044.59,1,0,0,Fiber optic,Credit card (automatic),1,0,0,0,2,81.2,1
CUST-005397,1,Two year,92.08,94.75,1,1,0,Fiber optic,Mailed check,1,0,1,0,1,19.8,0
CUST-005398,4,Two year,63.84,264.94,1,1,0,Fiber optic,Electronic check,0,0,0,0,0,125.3,0
CUST-005399,9,Two year,105.05,931.15,1,0,1,Fiber optic,Electronic check,0,1,1,0,5,174.1,1
CUST-005400,54,Month-to-month,118.92,6196.98,2,1,1,Fiber optic,Electronic check,0,0,0,0,1,22.4,1
CUST-005401,22,Month-to-month,111.51,2390.57,1,0,0,Fiber optic,Credit card (automatic),1,0,0,1,2,106.4,1
CUST-005402,72,One year,72.88,5223.4,1,1,0,DSL,Mailed check,1,0,0,1,1,84.1,0
CUST-005403,10,Two year,53.75,523.82,1,1,1,DSL,Credit card (automatic),0,0,1,1,2,85.5,0
CUST-005404,72,Month-to-month,93.22,7252.01,1,1,1,Fiber optic,Electronic check,1,0,0,0,1,88.0,0
CUST-005405,13,Month-to-month,61.71,787.55,0,1,1,DSL,Mailed check,1,0,0,1,1,103.1,0
CUST-005406,25,Month-to-month,68.11,1694.04,2,1,0,No,Mailed check,0,0,1,0,4,47.6,0
CUST-005407,5,Month-to-month,88.41,425.44,0,0,0,DSL,Mailed check,0,0,0,0,5,104.8,1
CUST-005408,72,One year,62.3,4322.14,0,0,0,DSL,Electronic check,0,0,0,1,0,62.6,0
CUST-005409,28,Month-to-month,44.07,1155.42,1,0,1,Fiber optic,Electronic check,1,0,0,0,1,34.3,0
CUST-005410,72,One year,84.99,5804.59,2,0,0,DSL,Credit card (automatic),1,0,1,0,4,129.1,0
CUST-005411,63,One year,99.93,6884.91,0,0,1,Fiber optic,Bank transfer (automatic),1,0,1,1,2,109.5,0
CUST-005412,24,Month-to-month,68.75,1694.87,1,1,0,DSL,Electronic check,0,0,0,0,3,267.0,0
CUST-005413,15,Two year,35.64,525.54,2,1,0,DSL,Credit card (automatic),0,0,1,0,5,235.6,0
CUST-005414,56,Month-to-month,69.19,3747.44,1,0,0,Fiber optic,Mailed check,1,0,1,0,4,127.2,0
CUST-005415,30,Month-to-month,72.12,2297.24,2,0,1,Fiber optic,Credit card (automatic),1,0,0,1,4,33.2,1
CUST-005416,15,Month-to-month,75.41,1083.89,0,0,1,Fiber optic,Credit card (automatic),0,0,1,1,0,81.2,0
CUST-005417,32,Month-to-month,52.75,1544.25,1,1,0,DSL,Electronic check,1,0,1,0,4,92.2,1
CUST-005418,3,Month-to-month,60.46,185.69,1,0,0,Fiber optic,Credit card (automatic),1,0,0,1,5,112.1,1
CUST-005419,39,Two year,143.79,5347.96,1,1,0,Fiber optic,Electronic check,0,0,0,0,3,222.5,1
CUST-005420,45,Month-to-month,102.55,4318.6,2,0,0,DSL,Electronic check,1,0,0,1,3,38.6,0
CUST-005421,10,Month-to-month,96.93,916.36,1,1,0,Fiber optic,Bank transfer (automatic),0,1,1,0,2,49.0,1
CUST-005422,68,Two year,89.16,6188.69,1,1,0,Fiber optic,Bank transfer (automatic),0,0,1,1,3,177.1,0
CUST-005423,58,Two year,110.66,6384.83,1,1,1,No,Electronic check,1,0,1,0,5,191.0,0
CUST-005424,37,Month-to-month,105.59,3714.52,2,0,0,No,Electronic check,0,0,0,1,1,69.3,1
CUST-005425,12,Month-to-month,71.5,878.14,0,1,1,Fiber optic,Electronic check,0,0,0,0,1,67.6,1
CUST-005426,47,Month-to-month,71.19,3207.49,9,1,0,DSL,Mailed check,0,0,1,0,5,104.1,1
CUST-005427,21,Month-to-month,85.44,1647.5,6,0,0,Fiber optic,Mailed check,1,0,0,1,2,36.6,0
CUST-005428,34,Month-to-month,83.27,2646.04,2,0,0,Fiber optic,Electronic check,1,0,1,1,3,38.0,1
CUST-005429,51,One year,60.86,3107.27,1,1,1,No,Credit card (automatic),0,0,1,1,3,84.5,0
CUST-005430,7,Month-to-month,87.86,590.92,0,1,1,Fiber optic,Credit card (automatic),1,0,0,1,3,73.3,0
CUST-005431,5,Month-to-month,70.27,353.2,1,0,1,DSL,Credit card (automatic),0,0,0,1,1,263.8,1
CUST-005432,20,One year,70.41,1486.52,3,1,0,No,Electronic check,1,0,1,0,1,43.1,0
CUST-005433,72,Month-to-month,125.95,8782.74,2,0,1,Fiber optic,Electronic check,1,0,1,0,3,116.2,1
CUST-005434,72,Month-to-month,44.83,3658.07,0,0,0,DSL,Bank transfer (automatic),1,0,1,0,5,105.3,0
CUST-005435,39,Two year,114.17,4514.13,2,0,0,Fiber optic,Bank transfer (automatic),0,1,0,1,3,147.1,1
CUST-005436,60,Month-to-month,63.12,3753.82,0,0,0,Fiber optic,Bank transfer (automatic),0,0,1,1,2,137.3,0
CUST-005437,29,Month-to-month,95.92,2596.04,1,0,1,Fiber optic,Electronic check,0,0,0,0,3,119.4,0
CUST-005438,32,Month-to-month,91.08,2863.77,0,1,1,No,Credit card (automatic),1,0,0,0,3,101.0,0
CUST-005439,25,One year,79.23,1956.14,2,0,1,DSL,Mailed check,0,0,1,0,3,59.3,0
CUST-005440,65,One year,57.09,3851.81,6,1,1,DSL,Mailed check,0,1,0,1,5,101.6,0
CUST-005441,72,Month-to-month,72.12,5037.96,0,1,1,DSL,Bank transfer (automatic),0,1,1,0,4,207.7,0
CUST-005442,31,Month-to-month,106.31,3366.86,1,1,1,No,Electronic check,1,0,1,0,2,108.1,0
CUST-005443,32,Month-to-month,50.21,1610.1,2,1,0,DSL,Electronic check,1,0,0,0,3,125.8,0
CUST-005444,26,Month-to-month,104.16,2840.15,0,1,0,Fiber optic,Credit card (automatic),1,0,0,0,0,80.8,1
CUST-005445,72,Two year,114.13,8650.26,0,0,1,Fiber optic,Bank transfer (automatic),1,0,0,1,2,90.1,0
CUST-005446,54,Two year,55.3,3036.01,1,0,0,No,Electronic check,0,0,0,0,4,30.7,0
CUST-005447,12,Month-to-month,108.38,1350.31,0,0,0,DSL,Electronic check,0,0,1,0,5,150.9,0
CUST-005448,72,Month-to-month,116.83,8884.32,1,0,0,DSL,Electronic check,0,1,0,1,5,19.1,0
CUST-005449,2,One year,92.35,189.66,4,0,0,No,Credit card (automatic),0,1,1,1,1,90.7,1
CUST-005450,72,Month-to-month,117.4,8570.2,0,1,1,Fiber optic,Credit card (automatic),0,0,1,0,2,177.0,0
CUST-005451,61,Month-to-month,21.78,1355.76,2,1,1,DSL,Bank transfer (automatic),1,0,1,0,0,71.8,0
CUST-005452,31,Two year,31.98,1071.27,2,1,0,DSL,Credit card (automatic),0,1,0,0,5,101.8,0
CUST-005453,31,Month-to-month,62.89,1960.57,1,1,1,No,Mailed check,1,0,0,1,1,204.2,0
CUST-005454,27,Month-to-month,48.56,1358.91,4,0,0,No,Credit card (automatic),1,0,1,0,3,93.4,0
CUST-005455,13,Month-to-month,105.65,1327.01,0,0,0,Fiber optic,Mailed check,0,0,0,0,5,122.4,1
CUST-005456,72,One year,18.82,1456.73,2,1,0,Fiber optic,Credit card (automatic),1,0,0,0,2,187.3,0
CUST-005457,30,One year,105.49,3235.83,2,0,0,Fiber optic,Credit card (automatic),0,0,1,0,1,170.7,0
CUST-005458,12,Month-to-month,60.61,714.76,0,1,0,DSL,Mailed check,0,0,0,0,1,11.5,0
CUST-005459,72,One year,51.46,3692.14,3,0,0,No,Electronic check,1,0,1,0,1,75.1,0
CUST-005460,42,Month-to-month,112.66,4680.05,7,1,1,DSL,Electronic check,0,0,0,0,4,78.7,1
CUST-005461,44,Two year,57.3,2521.83,2,1,0,DSL,Electronic check,1,0,1,0,2,45.3,0
CUST-005462,72,Month-to-month,24.58,1788.32,1,0,0,DSL,Electronic check,1,0,1,0,3,318.8,0
CUST-005463,49,Month-to-month,76.42,3707.74,3,1,0,DSL,Mailed check,0,0,0,0,4,129.1,1
CUST-005464,18,One year,99.55,1649.62,5,1,0,Fiber optic,Bank transfer (automatic),0,0,0,1,4,133.4,1
CUST-005465,48,Month-to-month,85.65,4475.95,1,0,1,Fiber optic,Electronic check,0,0,1,0,0,140.9,0
CUST-005466,14,One year,148.78,2110.65,0,0,1,Fiber optic,Credit card (automatic),1,1,1,0,2,77.8,1
CUST-005467,21,Month-to-month,95.25,2027.38,1,0,0,Fiber optic,Electronic check,1,1,0,0,4,294.1,1
CUST-005468,38,Month-to-month,90.37,3425.81,7,0,0,DSL,Electronic check,1,0,0,0,5,55.3,1
CUST-005469,59,Month-to-month,98.08,6049.45,2,1,1,Fiber optic,Electronic check,1,1,0,0,0,186.7,0
CUST-005470,18,Month-to-month,121.76,2196.96,1,0,1,Fiber optic,Credit card (automatic),0,0,0,0,5,27.6,1
CUST-005471,26,Month-to-month,81.73,2091.94,0,0,1,Fiber optic,Mailed check,1,0,1,1,0,69.7,0
CUST-005472,26,Month-to-month,38.41,986.33,0,0,1,DSL,Electronic check,1,0,0,0,5,64.8,0
CUST-005473,66,Month-to-month,84.14,5900.68,2,1,1,No,Electronic check,1,0,0,1,2,70.2,0
CUST-005474,31,Two year,72.48,2269.62,3,0,1,DSL,Mailed check,1,0,1,0,2,190.9,0
CUST-005475,72,One year,84.88,6100.63,1,1,1,DSL,Credit card (automatic),1,1,0,1,5,112.7,0
CUST-005476,21,Month-to-month,49.58,1018.51,4,1,1,DSL,Bank transfer (automatic),0,1,0,0,3,62.4,1
CUST-005477,19,Month-to-month,102.0,1906.94,0,0,1,Fiber optic,Mailed check,1,0,1,0,0,53.2,1
CUST-005478,72,Month-to-month,25.14,1907.88,1,1,1,DSL,Mailed check,1,0,1,1,3,75.7,0
CUST-005479,46,Month-to-month,53.01,2326.74,1,0,0,DSL,Electronic check,0,0,1,0,1,155.1,0
CUST-005480,72,Month-to-month,72.38,5385.86,0,0,0,Fiber optic,Bank transfer (automatic),1,1,0,1,3,130.1,0
CUST-005481,9,Month-to-month,77.4,721.21,0,1,1,DSL,Mailed check,1,0,1,0,3,63.3,0
CUST-005482,30,Two year,52.89,1603.81,1,0,1,DSL,Bank transfer (automatic),1,0,0,0,3,127.9,0
CUST-005483,38,One year,55.68,2095.75,3,1,1,Fiber optic,Electronic check,0,0,0,0,4,101.9,0
CUST-005484,36,Month-to-month,75.79,2526.26,1,1,0,Fiber optic,Electronic check,1,0,0,0,4,90.1,1
CUST-005485,27,Month-to-month,79.96,2230.61,2,0,1,DSL,Bank transfer (automatic),0,0,0,0,0,224.1,0
CUST-005486,35,Month-to-month,68.28,2199.21,1,0,0,DSL,Bank transfer (automatic),1,0,0,1,1,178.3,0
CUST-005487,37,Month-to-month,71.37,2662.72,6,1,0,Fiber optic,Mailed check,1,0,1,1,1,99.1,0
CUST-005488,19,Month-to-month,85.98,1637.87,2,0,0,No,Credit card (automatic),0,0,0,1,1,182.5,0
CUST-005489,64,Month-to-month,129.14,8582.35,4,0,0,Fiber optic,Credit card (automatic),1,0,0,0,5,91.5,1
CUST-005490,72,Month-to-month,87.72,6032.98,1,0,0,DSL,Credit card (automatic),1,0,0,1,0,103.4,0
CUST-005491,51,Month-to-month,15.0,728.85,2,1,0,No,Mailed check,1,0,0,0,3,184.6,0
CUST-005492,41,One year,95.93,4038.26,3,0,1,Fiber optic,Credit card (automatic),0,1,1,0,4,76.2,0
CUST-005493,29,Month-to-month,86.45,2485.64,3,1,0,Fiber optic,Bank transfer (automatic),1,0,1,0,0,136.0,1
CUST-005494,38,Two year,15.0,512.51,2,1,1,No,Bank transfer (automatic),0,0,0,0,1,137.6,0
CUST-005495,41,Month-to-month,57.74,2366.61,6,0,0,Fiber optic,Bank transfer (automatic),0,0,1,0,4,47.0,1
CUST-005496,13,Month-to-month,109.98,1558.97,1,1,0,Fiber optic,Electronic check,1,0,1,0,2,112.9,1
CUST-005497,62,Month-to-month,94.64,6028.64,1,0,0,Fiber optic,Bank transfer (automatic),1,1,0,0,0,88.4,0
CUST-005498,22,Month-to-month,67.02,1387.04,1,0,0,No,Credit card (automatic),1,1,1,0,1,131.4,1
CUST-005499,72,Month-to-month,48.75,3592.43,2,0,0,DSL,Credit card (automatic),1,0,0,1,3,104.6,0
CUST-005500,34,Month-to-month,92.06,3283.85,8,0,0,DSL,Mailed check,1,1,0,0,3,513.9,1
CUST-005501,63,Month-to-month,59.25,3410.8,1,0,0,Fiber optic,Credit card (automatic),0,0,1,1,3,67.0,0
CUST-005502,51,Month-to-month,42.8,2151.43,6,1,0,No,Electronic check,0,0,1,0,5,272.5,0
CUST-005503,10,Month-to-month,57.06,607.68,2,0,1,DSL,Credit card (automatic),0,0,1,0,3,50.6,1
CUST-005504,72,One year,26.86,1786.54,1,0,1,DSL,Bank transfer (automatic),0,0,0,1,5,211.2,0
CUST-005505,16,One year,67.96,1072.14,8,1,0,Fiber optic,Bank transfer (automatic),0,0,0,0,3,145.0,1
CUST-005506,21,One year,91.54,1901.66,0,1,0,DSL,Bank transfer (automatic),1,0,1,0,5,57.9,0
CUST-005507,22,Two year,68.89,1484.09,3,0,0,Fiber optic,Credit card (automatic),1,0,1,0,2,120.9,0
CUST-005508,6,Month-to-month,109.52,702.32,0,0,0,Fiber optic,Electronic check,1,0,1,0,4,90.5,1
CUST-005509,36,Two year,80.87,3089.24,2,1,1,No,Mailed check,0,0,1,1,3,121.0,0
CUST-005510,66,Month-to-month,85.79,5576.51,2,0,0,Fiber optic,Credit card (automatic),1,0,1,1,5,310.8,0
CUST-005511,72,Month-to-month,54.53,3726.49,0,1,0,Fiber optic,Electronic check,0,1,1,0,4,70.2,0
CUST-005512,27,One year,66.59,1912.36,1,0,0,No,Bank transfer (automatic),0,0,1,0,3,188.7,0
CUST-005513,30,Month-to-month,15.0,467.44,2,1,1,DSL,Bank transfer (automatic),1,0,1,0,4,182.1,0
CUST-005514,53,Month-to-month,76.78,4065.92,5,1,1,Fiber optic,Credit card (automatic),0,0,0,1,2,95.6,1
CUST-005515,27,Month-to-month,96.08,2679.11,0,1,1,Fiber optic,Credit card (automatic),0,0,0,1,1,242.2,0
CUST-005516,70,Month-to-month,86.74,6268.38,1,1,0,DSL,Electronic check,0,0,1,0,0,329.3,0
CUST-005517,29,Month-to-month,61.21,1697.47,1,1,1,DSL,Bank transfer (automatic),0,0,0,1,5,85.7,0
CUST-005518,14,One year,74.8,1016.1,1,0,0,Fiber optic,Bank transfer (automatic),1,1,0,0,0,112.2,1
CUST-005519,36,Month-to-month,72.8,2621.54,1,1,1,Fiber optic,Bank transfer (automatic),1,0,1,1,4,77.3,0
CUST-005520,8,Month-to-month,78.29,565.78,3,1,0,Fiber optic,Electronic check,1,0,0,0,5,69.9,1
CUST-005521,36,Month-to-month,80.6,2851.88,1,0,0,DSL,Electronic check,1,0,0,0,0,217.3,1
CUST-005522,41,Two year,73.75,2903.96,0,0,1,DSL,Bank transfer (automatic),0,0,0,0,2,195.5,0
CUST-005523,16,Two year,64.45,1040.04,0,1,1,No,Electronic check,0,0,1,0,0,241.9,0
CUST-005524,40,One year,80.75,3048.13,0,1,1,DSL,Bank transfer (automatic),1,0,0,0,5,31.0,0
CUST-005525,25,Month-to-month,65.01,1660.14,0,0,1,No,Electronic check,1,0,0,1,0,76.7,1
CUST-005526,16,Month-to-month,56.63,916.16,0,0,1,Fiber optic,Credit card (automatic),1,0,1,0,2,56.0,0
CUST-005527,7,Month-to-month,62.24,433.46,0,1,0,Fiber optic,Credit card (automatic),1,1,0,1,1,156.7,1
CUST-005528,9,One year,80.04,737.26,10,0,1,DSL,Bank transfer (automatic),0,0,1,0,2,100.3,0
CUST-005529,72,Month-to-month,30.65,2272.16,2,1,0,No,Credit card (automatic),0,0,1,0,3,114.0,0
CUST-005530,24,One year,55.48,1315.68,0,1,0,No,Credit card (automatic),1,0,0,0,5,24.5,0
CUST-005531,41,Month-to-month,87.15,3579.48,0,1,0,Fiber optic,Credit card (automatic),0,0,0,1,0,119.1,0
CUST-005532,27,Two year,64.17,1673.8,7,0,1,Fiber optic,Bank transfer (automatic),1,0,0,0,1,195.9,1
CUST-005533,72,Month-to-month,48.31,3358.26,0,1,0,Fiber optic,Mailed check,1,0,1,0,3,286.4,0
CUST-005534,16,Month-to-month,35.63,615.13,7,1,1,DSL,Credit card (automatic),1,0,0,0,3,137.3,1
CUST-005535,32,Month-to-month,19.76,625.93,2,0,1,No,Bank transfer (automatic),1,0,1,0,3,234.4,0
CUST-005536,20,One year,80.29,1604.86,1,1,1,DSL,Mailed check,1,0,0,1,1,107.4,0
CUST-005537,63,Two year,99.94,6271.91,1,0,0,Fiber optic,Bank transfer (automatic),0,0,1,0,0,103.8,0
CUST-005538,40,Month-to-month,71.01,2893.16,0,0,1,Fiber optic,Electronic check,0,0,1,0,4,72.6,0
CUST-005539,32,Two year,55.82,1737.66,1,1,0,Fiber optic,Credit card (automatic),0,0,0,0,1,259.7,0
CUST-005540,10,Month-to-month,119.16,1164.92,1,0,0,Fiber optic,Credit card (automatic),1,1,0,1,4,160.1,1
CUST-005541,72,Month-to-month,101.01,7613.45,2,0,0,Fiber optic,Electronic check,0,0,1,0,4,146.8,1
CUST-005542,27,Month-to-month,49.47,1236.36,1,1,0,DSL,Electronic check,0,0,0,0,3,64.9,0
CUST-005543,13,Month-to-month,94.68,1242.34,0,0,0,DSL,Credit card (automatic),1,0,1,0,2,41.2,1
CUST-005544,7,Two year,68.44,459.42,2,1,1,DSL,Electronic check,0,0,1,1,5,89.5,0
CUST-005545,8,Month-to-month,72.95,524.98,0,0,0,No,Bank transfer (automatic),1,0,1,1,1,88.8,0
CUST-005546,31,Month-to-month,38.95,1202.55,2,1,1,DSL,Mailed check,0,0,0,0,0,209.4,1
CUST-005547,63,Month-to-month,27.09,1608.16,3,1,0,No,Bank transfer (automatic),0,0,1,0,3,12.6,0
CUST-005548,38,One year,25.75,913.27,1,1,1,DSL,Electronic check,1,0,1,0,4,223.3,0
CUST-005549,7,Two year,117.08,925.93,1,0,0,No,Electronic check,0,0,1,0,1,108.2,0
CUST-005550,31,Two year,69.31,2206.85,7,1,0,Fiber optic,Bank transfer (automatic),0,0,0,1,5,66.9,0
CUST-005551,72,Month-to-month,66.63,4933.27,1,1,0,No,Mailed check,1,0,1,0,2,101.0,1
CUST-005552,23,Month-to-month,101.49,2328.05,2,0,0,Fiber optic,Credit card (automatic),0,0,1,0,0,15.7,0
CUST-005553,38,Month-to-month,89.48,3197.22,2,0,0,Fiber optic,Credit card (automatic),0,0,1,0,1,42.2,1
CUST-005554,24,Two year,86.14,2050.25,8,1,1,Fiber optic,Credit card (automatic),1,0,1,1,5,192.3,0
CUST-005555,45,Month-to-month,60.59,2678.12,7,1,0,DSL,Mailed check,0,0,0,0,4,22.3,1
CUST-005556,15,Two year,77.0,1043.87,0,0,0,No,Mailed check,1,0,0,0,4,116.8,0
CUST-005557,0,Two year,64.0,0.0,2,0,1,Fiber optic,Electronic check,0,0,0,0,0,67.0,1
CUST-005558,10,One year,53.99,537.49,2,1,1,DSL,Bank transfer (automatic),0,0,0,0,4,57.0,0
CUST-005559,21,One year,15.0,301.88,2,1,1,DSL,Mailed check,0,0,0,1,2,164.4,0
CUST-005560,29,Month-to-month,43.42,1266.93,1,1,0,Fiber optic,Credit card (automatic),1,1,0,1,2,90.2,0
CUST-005561,22,Month-to-month,32.55,666.74,2,0,1,No,Bank transfer (automatic),0,0,0,0,5,94.1,1
CUST-005562,21,Month-to-month,111.34,2228.5,2,1,0,Fiber optic,Electronic check,1,0,0,0,1,168.9,1
CUST-005563,64,Month-to-month,58.18,4009.57,2,0,0,DSL,Mailed check,1,1,0,1,4,64.1,1
CUST-005564,12,One year,107.44,1255.78,1,0,1,Fiber optic,Bank transfer (automatic),1,0,1,1,1,213.2,1
CUST-005565,31,Month-to-month,74.62,2311.12,0,1,1,DSL,Credit card (automatic),0,0,1,0,3,105.4,0
CUST-005566,8,Two year,71.5,574.96,2,0,0,DSL,Mailed check,1,0,1,1,4,268.1,1
CUST-005567,51,Two year,41.4,2093.02,0,0,1,No,Bank transfer (automatic),1,0,0,1,1,109.8,0
CUST-005568,38,Month-to-month,66.87,2472.62,0,0,1,DSL,Electronic check,1,0,0,0,4,95.8,1
CUST-005569,72,Month-to-month,96.36,7725.06,1,1,1,Fiber optic,Credit card (automatic),0,0,0,1,3,471.3,1
CUST-005570,12,Month-to-month,120.02,1386.88,0,0,1,DSL,Bank transfer (automatic),1,0,1,0,0,197.8,0
CUST-005571,72,Month-to-month,56.35,3875.86,0,0,1,DSL,Credit card (automatic),1,0,1,0,1,82.5,1
CUST-005572,13,One year,83.31,1109.6,1,1,1,DSL,Mailed check,1,0,1,0,5,105.2,0
CUST-005573,23,One year,61.9,1332.23,2,1,0,DSL,Credit card (automatic),0,0,1,0,5,123.1,0
CUST-005574,9,One year,72.44,685.25,1,1,0,Fiber optic,Bank transfer (automatic),1,0,0,0,5,32.2,0
CUST-005575,72,Month-to-month,86.74,6182.49,0,0,0,No,Electronic check,1,1,0,0,5,87.7,0
CUST-005576,42,Two year,112.29,4746.61,2,1,1,DSL,Bank transfer (automatic),1,0,1,0,4,122.5,0
CUST-005577,42,One year,71.55,3049.5,2,0,1,No,Electronic check,1,1,1,0,4,131.3,0
CUST-005578,14,Two year,72.92,1003.55,2,0,0,Fiber optic,Credit card (automatic),0,0,0,0,3,81.2,1
CUST-005579,2,Two year,76.69,160.4,8,1,1,DSL,Credit card (automatic),1,1,1,0,0,158.7,1
CUST-005580,22,One year,71.99,1635.23,2,0,1,DSL,Mailed check,0,1,0,0,3,273.9,0
CUST-005581,19,Month-to-month,120.41,2346.87,2,1,0,DSL,Mailed check,0,0,1,0,5,138.1,1
CUST-005582,4,Two year,108.55,401.32,0,0,0,Fiber optic,Credit card (automatic),1,0,1,1,0,211.8,1
CUST-005583,24,Month-to-month,66.66,1571.95,1,0,0,Fiber optic,Credit card (automatic),0,0,0,1,3,121.1,1
CUST-005584,31,Month-to-month,96.87,2986.26,0,1,0,DSL,Bank transfer (automatic),1,0,0,0,0,156.9,1
CUST-005585,44,Month-to-month,84.38,4035.3,0,0,1,DSL,Bank transfer (automatic),0,0,1,0,5,48.8,1
CUST-005586,3,Month-to-month,88.38,246.39,1,1,1,DSL,Electronic check,1,0,1,1,3,84.7,0
CUST-005587,10,Month-to-month,101.12,978.93,2,0,0,Fiber optic,Mailed check,0,1,1,1,4,108.9,1
CUST-005588,15,Month-to-month,90.21,1426.33,2,0,1,DSL,Credit card (automatic),1,0,1,0,3,166.3,1
CUST-005589,66,Two year,101.02,6354.36,1,0,1,Fiber optic,Bank transfer (automatic),0,0,0,0,1,63.5,0
CUST-005590,65,One year,83.64,5257.82,0,0,1,Fiber optic,Electronic check,1,0,0,1,4,89.7,0
CUST-005591,40,Two year,93.36,4046.96,0,1,1,Fiber optic,Mailed check,1,0,0,1,1,170.3,1
CUST-005592,23,Two year,62.1,1454.42,0,0,0,DSL,Mailed check,1,1,1,1,2,53.3,0
CUST-005593,68,Month-to-month,98.53,6987.46,1,1,0,Fiber optic,Electronic check,1,0,1,0,0,111.0,1
CUST-005594,37,One year,91.99,3526.59,7,1,0,Fiber optic,Credit card (automatic),1,0,0,0,2,79.8,0
CUST-005595,66,One year,57.14,3793.32,2,0,1,No,Electronic check,0,0,0,0,3,213.9,0
CUST-005596,42,Month-to-month,85.46,3605.73,1,1,1,Fiber optic,Mailed check,1,0,0,0,5,64.3,0
CUST-005597,5,Two year,89.91,469.48,2,0,0,Fiber optic,Credit card (automatic),0,0,1,0,1,79.3,1
CUST-005598,2,Two year,20.47,39.21,1,1,1,DSL,Electronic check,0,0,1,1,2,206.8,0
CUST-005599,21,Month-to-month,115.61,2638.3,1,1,0,Fiber optic,Mailed check,1,0,0,0,0,75.2,1
CUST-005600,56,Two year,98.7,5379.61,2,1,0,Fiber optic,Bank transfer (automatic),1,0,0,1,5,129.1,0
CUST-005601,19,Month-to-month,74.71,1492.1,0,0,1,Fiber optic,Mailed check,0,0,1,0,5,86.1,0
CUST-005602,72,Two year,104.78,7734.99,0,1,0,Fiber optic,Mailed check,0,0,0,0,3,79.8,0
CUST-005603,52,One year,52.3,2645.17,3,1,0,No,Bank transfer (automatic),0,1,0,1,3,167.7,0
CUST-005604,72,Month-to-month,52.3,3856.65,3,0,0,No,Credit card (automatic),0,0,1,0,5,23.8,0
CUST-005605,22,Two year,74.37,1646.57,0,1,0,DSL,Credit card (automatic),1,1,1,1,3,318.8,0
CUST-005606,13,Month-to-month,100.77,1194.36,7,0,1,DSL,Electronic check,1,0,0,1,4,67.6,1
CUST-005607,11,Month-to-month,72.0,788.57,3,1,1,No,Bank transfer (automatic),0,0,1,0,1,54.6,0
CUST-005608,44,One year,70.6,2912.45,2,1,0,Fiber optic,Bank transfer (automatic),0,0,0,1,3,179.9,0
CUST-005609,6,One year,56.2,345.76,2,1,1,No,Mailed check,0,0,1,0,5,40.2,0
CUST-005610,6,Month-to-month,111.23,662.66,0,1,0,Fiber optic,Electronic check,1,0,1,0,4,181.5,1
CUST-005611,18,One year,75.11,1411.29,2,1,0,No,Bank transfer (automatic),1,0,1,0,3,105.4,0
CUST-005612,36,Month-to-month,88.99,3092.03,1,1,1,DSL,Mailed check,0,0,1,0,1,206.5,0
CUST-005613,15,Month-to-month,99.84,1400.56,1,0,1,Fiber optic,Credit card (automatic),0,0,1,1,5,33.1,0
CUST-005614,65,One year,109.27,6720.36,1,1,0,Fiber optic,Electronic check,1,1,1,1,0,39.1,0
CUST-005615,72,Month-to-month,115.32,9141.69,1,1,0,DSL,Electronic check,1,0,1,1,1,180.8,1
CUST-005616,1,Month-to-month,31.19,35.91,2,1,0,DSL,Credit card (automatic),1,0,1,1,4,112.7,1
CUST-005617,42,Two year,125.18,5783.67,1,0,1,DSL,Credit card (automatic),1,1,1,1,4,151.6,0
CUST-005618,19,Two year,88.41,1550.44,1,1,0,DSL,Mailed check,0,0,0,0,4,190.3,0
CUST-005619,58,One year,130.62,7054.38,4,1,1,No,Credit card (automatic),1,0,1,1,0,165.1,0
CUST-005620,43,One year,40.42,1645.5,0,0,1,No,Credit card (automatic),0,0,0,0,3,96.6,0
CUST-005621,34,Two year,74.56,2633.16,1,0,1,No,Electronic check,1,0,0,0,4,63.7,0
CUST-005622,27,Two year,68.98,2058.75,1,0,1,No,Bank transfer (automatic),1,0,0,0,5,28.1,0
CUST-005623,6,Month-to-month,87.09,546.18,0,1,0,No,Bank transfer (automatic),1,0,0,0,0,87.7,0
CUST-005624,72,Month-to-month,76.74,5577.76,2,1,0,No,Mailed check,0,0,0,0,3,83.6,0
CUST-005625,9,Month-to-month,73.94,634.7,2,0,0,DSL,Credit card (automatic),0,0,0,0,5,175.1,0
CUST-005626,72,Month-to-month,84.47,5994.97,3,0,0,DSL,Credit card (automatic),1,0,1,0,5,32.8,0
CUST-005627,49,Month-to-month,62.33,3067.71,7,1,0,No,Mailed check,0,0,1,1,2,175.3,1
CUST-005628,20,One year,77.1,1610.05,2,1,0,Fiber optic,Electronic check,1,0,0,0,1,143.4,0
CUST-005629,17,One year,101.33,1679.63,1,0,1,Fiber optic,Credit card (automatic),0,0,1,1,5,81.6,0
CUST-005630,6,Two year,77.05,471.57,1,1,0,Fiber optic,Bank transfer (automatic),1,0,1,0,0,135.7,1
CUST-005631,31,Month-to-month,61.86,1944.04,0,1,1,DSL,Electronic check,0,0,0,0,2,143.9,0
CUST-005632,6,Month-to-month,28.97,174.69,2,1,0,DSL,Bank transfer (automatic),1,0,1,0,3,56.9,0
CUST-005633,67,Month-to-month,91.4,6002.72,2,0,1,Fiber optic,Bank transfer (automatic),0,0,0,0,4,46.6,0
CUST-005634,37,Month-to-month,66.78,2485.8,1,0,1,Fiber optic,Electronic check,1,1,1,0,1,47.6,0
CUST-005635,29,Month-to-month,89.18,2573.82,2,1,1,Fiber optic,Electronic check,1,0,1,0,2,175.7,1
CUST-005636,32,Two year,62.85,1932.58,2,0,0,Fiber optic,Credit card (automatic),1,0,1,0,5,90.1,0
CUST-005637,38,Month-to-month,89.52,3552.21,2,1,0,Fiber optic,Credit card (automatic),1,0,1,0,3,135.3,0
CUST-005638,23,One year,112.49,2790.98,6,0,0,Fiber optic,Mailed check,0,0,1,0,5,20.4,1
CUST-005639,25,Month-to-month,75.1,1893.47,2,1,0,Fiber optic,Electronic check,0,0,0,1,3,70.6,0
CUST-005640,72,Month-to-month,66.67,4789.2,2,1,1,Fiber optic,Mailed check,1,0,0,1,1,42.1,0
CUST-005641,63,Two year,84.54,5528.08,1,0,0,No,Bank transfer (automatic),0,0,1,0,5,89.9,0
CUST-005642,48,Two year,112.83,5466.01,1,1,1,Fiber optic,Mailed check,0,0,0,0,5,146.4,0
CUST-005643,20,Month-to-month,75.6,1598.21,3,1,0,No,Bank transfer (automatic),1,0,1,0,1,10.0,1
CUST-005644,4,Two year,53.36,214.57,9,0,1,No,Electronic check,0,0,0,0,5,66.2,1
CUST-005645,44,Month-to-month,49.26,2230.96,2,0,1,No,Credit card (automatic),0,1,1,1,3,131.6,1
CUST-005646,32,Two year,81.71,2841.35,4,0,1,Fiber optic,Credit card (automatic),1,0,1,0,1,105.4,0
CUST-005647,25,Month-to-month,88.52,2353.27,0,0,1,Fiber optic,Credit card (automatic),0,0,1,0,4,108.2,0
CUST-005648,28,Month-to-month,46.86,1301.79,1,0,1,Fiber optic,Mailed check,1,0,0,0,0,112.0,0
CUST-005649,10,One year,65.42,689.57,1,1,0,Fiber optic,Bank transfer (automatic),1,0,0,0,1,143.2,1
CUST-005650,13,Two year,96.27,1184.69,1,1,1,DSL,Mailed check,1,0,1,0,5,146.8,0
CUST-005651,63,Two year,70.19,4377.54,8,0,0,DSL,Mailed check,1,0,0,1,1,80.1,1
CUST-005652,2,Month-to-month,95.67,199.31,1,0,0,DSL,Bank transfer (automatic),1,1,1,0,3,16.9,1
CUST-005653,57,Two year,115.39,7080.32,3,0,1,Fiber optic,Credit card (automatic),0,0,1,0,0,159.5,0
CUST-005654,72,Month-to-month,57.19,3962.97,0,0,0,DSL,Credit card (automatic),1,0,0,1,1,46.4,0
CUST-005655,43,Month-to-month,82.57,3545.66,0,0,1,Fiber optic,Electronic check,0,1,1,0,2,96.9,1
CUST-005656,42,Month-to-month,89.16,3745.29,1,1,1,DSL,Bank transfer (automatic),1,1,0,1,0,51.3,0
CUST-005657,13,Month-to-month,83.97,1086.58,0,0,1,DSL,Electronic check,0,0,0,0,2,76.4,0
CUST-005658,15,Month-to-month,114.69,1615.74,7,0,1,Fiber optic,Bank transfer (automatic),0,0,0,0,2,77.2,1
CUST-005659,21,One year,64.66,1391.86,3,0,1,No,Mailed check,1,0,0,0,2,62.6,0
CUST-005660,8,Month-to-month,93.56,700.74,3,1,0,Fiber optic,Credit card (automatic),0,0,1,0,4,96.2,1
CUST-005661,14,One year,58.61,867.22,0,0,1,No,Credit card (automatic),0,0,1,1,3,171.2,0
CUST-005662,32,Month-to-month,63.66,2174.61,2,0,0,DSL,Electronic check,0,0,0,0,4,337.4,1
CUST-005663,20,One year,72.86,1410.68,3,0,0,Fiber optic,Credit card (automatic),0,0,0,0,0,39.5,0
CUST-005664,34,Month-to-month,63.13,2010.22,2,0,0,DSL,Bank transfer (automatic),1,0,0,1,5,155.3,1
CUST-005665,63,Month-to-month,61.0,3836.81,3,0,1,DSL,Bank transfer (automatic),1,0,0,0,0,51.2,0
CUST-005666,34,One year,53.53,1772.71,3,1,0,DSL,Bank transfer (automatic),1,0,1,1,4,181.3,0
CUST-005667,42,Two year,84.78,3523.43,1,1,0,DSL,Mailed check,0,0,0,0,1,55.7,0
CUST-005668,6,Two year,54.74,329.94,2,0,0,Fiber optic,Electronic check,1,0,1,0,3,66.8,0
CUST-005669,62,Month-to-month,98.44,5819.4,0,0,0,Fiber optic,Electronic check,0,0,1,0,5,55.3,0
CUST-005670,5,Two year,41.96,227.2,2,1,0,DSL,Bank transfer (automatic),1,0,1,0,1,193.5,1
CUST-005671,19,One year,43.8,805.52,1,0,0,No,Electronic check,0,0,0,0,5,112.5,0
CUST-005672,10,Two year,70.95,742.68,0,1,0,Fiber optic,Mailed check,0,1,1,0,4,88.8,0
CUST-005673,4,Month-to-month,76.77,293.42,1,0,0,DSL,Credit card (automatic),1,1,1,0,4,40.9,0
CUST-005674,33,Month-to-month,33.56,1110.88,1,0,0,Fiber optic,Bank transfer (automatic),0,1,1,0,1,97.9,0
CUST-005675,45,Month-to-month,69.22,3185.03,2,0,0,DSL,Electronic check,1,0,1,0,2,106.5,0
CUST-005676,72,Two year,66.14,4794.38,0,0,1,No,Bank transfer (automatic),0,0,1,0,5,41.2,0
CUST-005677,37,Month-to-month,65.75,2401.86,2,0,0,Fiber optic,Electronic check,0,0,1,1,5,78.3,1
CUST-005678,14,Month-to-month,69.56,949.83,2,1,0,DSL,Credit card (automatic),1,0,1,0,5,15.4,0
CUST-005679,20,One year,34.67,679.3,1,0,0,DSL,Electronic check,0,0,0,1,4,139.8,0
CUST-005680,4,Two year,63.91,247.01,0,1,0,DSL,Electronic check,0,0,1,0,4,80.6,0
CUST-005681,21,One year,58.73,1253.87,3,0,0,Fiber optic,Credit card (automatic),0,0,0,0,5,49.3,0
CUST-005682,29,One year,141.26,4471.63,1,0,1,Fiber optic,Electronic check,1,0,1,0,0,113.5,1
CUST-005683,43,Month-to-month,86.54,3788.07,4,1,0,No,Electronic check,1,0,1,1,3,103.7,0
CUST-005684,52,Two year,71.16,3810.55,2,1,1,DSL,Electronic check,1,0,0,0,2,92.3,0
CUST-005685,42,Month-to-month,41.12,1820.5,1,0,0,DSL,Mailed check,1,1,0,0,5,120.3,0
CUST-005686,12,Month-to-month,58.11,681.59,1,1,0,DSL,Credit card (automatic),1,0,0,0,1,405.6,1
CUST-005687,9,Month-to-month,84.15,689.02,0,1,1,Fiber optic,Electronic check,1,0,1,0,4,153.9,1
CUST-005688,50,Month-to-month,96.05,4803.2,0,0,0,Fiber optic,Electronic check,1,0,0,0,0,163.5,1
CUST-005689,3,One year,74.96,234.49,2,0,1,No,Credit card (automatic),0,0,1,1,4,53.5,1
CUST-005690,72,One year,95.62,7576.65,1,0,0,Fiber optic,Electronic check,0,0,1,0,2,169.8,0
CUST-005691,15,Month-to-month,73.56,1049.32,4,0,1,DSL,Electronic check,1,0,0,0,5,71.3,0
CUST-005692,68,Month-to-month,60.75,4358.16,1,1,1,No,Electronic check,0,0,1,0,4,79.9,0
CUST-005693,18,Month-to-month,73.56,1341.36,0,0,0,No,Credit card (automatic),0,0,0,1,0,48.1,1
CUST-005694,46,Month-to-month,49.05,2212.43,0,1,0,DSL,Bank transfer (automatic),0,0,0,0,0,271.1,0
CUST-005695,10,Two year,38.41,364.01,1,0,1,No,Bank transfer (automatic),1,0,1,0,3,199.2,1
CUST-005696,30,One year,136.2,3966.71,3,1,1,Fiber optic,Bank transfer (automatic),0,0,1,1,2,37.8,1
CUST-005697,5,Month-to-month,100.4,516.39,2,1,0,Fiber optic,Bank transfer (automatic),0,0,0,0,0,137.0,1
CUST-005698,38,Month-to-month,135.15,5449.69,2,0,1,Fiber optic,Credit card (automatic),1,0,1,1,0,153.9,0
CUST-005699,9,Two year,58.13,451.91,5,1,0,DSL,Credit card (automatic),1,0,0,0,4,72.7,0
CUST-005700,11,Two year,150.0,1692.28,2,0,1,Fiber optic,Bank transfer (automatic),1,0,1,0,3,51.5,1
CUST-005701,20,Two year,91.99,1787.04,2,0,0,Fiber optic,Credit card (automatic),0,0,0,0,1,90.4,0
CUST-005702,24,Month-to-month,93.65,2193.64,2,0,0,No,Electronic check,1,0,1,0,2,61.3,0
CUST-005703,43,Month-to-month,65.82,2889.2,0,1,0,DSL,Mailed check,1,1,1,0,2,11.3,1
CUST-005704,40,Month-to-month,94.12,4126.43,1,1,1,Fiber optic,Bank transfer (automatic),1,0,0,1,5,83.3,0
CUST-005705,33,One year,87.12,2771.77,5,0,1,Fiber optic,Electronic check,0,0,1,0,0,102.6,0
CUST-005706,57,Month-to-month,77.68,4406.59,2,0,1,Fiber optic,Electronic check,1,0,0,0,0,255.4,0
CUST-005707,39,One year,114.51,4114.09,2,0,0,Fiber optic,Electronic check,1,0,0,0,3,156.5,1
CUST-005708,42,Month-to-month,89.78,3853.43,3,1,1,Fiber optic,Electronic check,0,0,1,1,1,78.4,1
CUST-005709,11,One year,110.76,1176.33,4,1,0,Fiber optic,Credit card (automatic),0,0,1,0,0,160.6,0
CUST-005710,60,Month-to-month,112.59,7287.74,1,0,0,Fiber optic,Electronic check,0,0,0,0,1,38.7,0
CUST-005711,55,Two year,100.36,5619.24,1,1,0,DSL,Bank transfer (automatic),1,1,0,0,4,150.2,0
CUST-005712,34,Month-to-month,100.53,3369.61,1,1,1,Fiber optic,Electronic check,1,0,0,1,5,153.8,0
CUST-005713,53,One year,52.23,2729.95,0,0,0,Fiber optic,Bank transfer (automatic),0,1,0,0,3,147.5,0
CUST-005714,29,Month-to-month,81.99,2421.07,1,0,1,Fiber optic,Electronic check,1,0,1,1,3,24.4,1
CUST-005715,72,One year,89.37,6656.99,1,0,0,Fiber optic,Electronic check,1,1,1,1,1,78.8,1
CUST-005716,32,One year,90.31,2721.03,7,0,0,Fiber optic,Mailed check,1,0,0,0,1,86.5,0
CUST-005717,28,Month-to-month,97.96,2722.5,5,1,0,DSL,Electronic check,1,0,0,1,3,196.7,0
CUST-005718,40,Month-to-month,93.41,3735.9,1,0,1,DSL,Mailed check,1,0,1,0,0,33.6,1
CUST-005719,72,Month-to-month,61.38,4466.14,1,0,1,DSL,Bank transfer (automatic),1,1,0,0,4,77.1,0
CUST-005720,18,Month-to-month,150.0,2876.29,0,1,1,Fiber optic,Credit card (automatic),1,0,0,0,1,103.0,1
CUST-005721,38,One year,81.28,2868.49,1,0,0,Fiber optic,Bank transfer (automatic),1,0,1,0,4,42.0,0
CUST-005722,19,Month-to-month,58.31,1160.84,1,0,0,No,Bank transfer (automatic),1,0,0,0,1,26.3,0
CUST-005723,28,Month-to-month,62.69,1787.3,1,1,0,Fiber optic,Bank transfer (automatic),1,0,1,0,3,56.4,0
CUST-005724,14,Month-to-month,51.02,696.5,2,0,1,Fiber optic,Mailed check,1,0,0,1,4,140.8,0
CUST-005725,41,Month-to-month,60.5,2580.5,1,0,0,Fiber optic,Bank transfer (automatic),0,0,0,0,3,143.9,1
CUST-005726,30,Month-to-month,115.34,3393.92,1,0,1,Fiber optic,Bank transfer (automatic),1,0,0,0,2,146.6,1
CUST-005727,52,One year,108.54,5132.63,0,1,0,Fiber optic,Mailed check,1,0,1,0,3,82.4,0
CUST-005728,63,Month-to-month,67.91,3543.78,2,0,1,Fiber optic,Credit card (automatic),0,0,0,0,5,71.9,0
CUST-005729,70,Two year,92.5,6081.19,1,0,1,Fiber optic,Mailed check,1,0,1,0,1,295.8,0
CUST-005730,20,One year,85.16,1656.86,2,1,0,No,Electronic check,1,0,0,0,1,91.0,0
CUST-005731,40,Month-to-month,39.17,1580.25,2,0,0,Fiber optic,Bank transfer (automatic),1,0,0,0,2,85.0,1
CUST-005732,72,Two year,109.31,8105.37,1,1,1,DSL,Credit card (automatic),1,0,1,0,1,188.9,0
CUST-005733,14,One year,116.31,1607.33,1,0,1,Fiber optic,Credit card (automatic),1,1,0,1,4,45.2,0
CUST-005734,32,One year,85.26,2535.96,1,1,0,No,Electronic check,0,1,0,0,3,123.4,0
CUST-005735,15,Month-to-month,95.05,1398.62,1,1,0,DSL,Bank transfer (automatic),1,0,0,0,4,230.6,0
CUST-005736,72,One year,15.0,1068.21,0,1,0,No,Credit card (automatic),1,0,0,0,1,58.2,0
CUST-005737,72,Month-to-month,59.54,4659.31,1,1,1,No,Electronic check,0,0,1,0,4,1.3,0
CUST-005738,45,Month-to-month,121.46,5617.88,2,0,1,Fiber optic,Bank transfer (automatic),0,0,0,0,1,119.3,1
CUST-005739,44,Month-to-month,64.82,2615.86,1,0,0,DSL,Mailed check,0,0,1,0,1,147.1,0
CUST-005740,16,Month-to-month,83.57,1316.06,7,0,0,DSL,Credit card (automatic),0,0,0,0,0,139.8,1
CUST-005741,72,One year,101.2,7540.15,2,1,0,DSL,Mailed check,0,0,1,0,5,114.3,0
CUST-005742,23,Month-to-month,107.59,2477.17,1,0,0,Fiber optic,Bank transfer (automatic),1,0,0,1,2,54.9,1
CUST-005743,17,Month-to-month,83.56,1305.19,0,0,0,Fiber optic,Electronic check,0,1,0,1,2,37.9,0
CUST-005744,65,Two year,79.39,5371.51,0,1,0,No,Electronic check,1,0,1,0,1,103.6,0
CUST-005745,21,Month-to-month,23.22,496.48,0,0,1,DSL,Electronic check,1,0,1,0,2,87.7,0
CUST-005746,18,Month-to-month,102.26,1826.23,1,1,0,Fiber optic,Electronic check,1,0,1,1,4,175.7,0
CUST-005747,55,Month-to-month,108.74,5739.57,1,1,0,Fiber optic,Credit card (automatic),0,0,0,1,5,171.5,1
CUST-005748,10,Two year,93.77,985.21,2,0,1,Fiber optic,Electronic check,1,0,1,0,2,65.4,1
CUST-005749,45,One year,119.04,4870.94,1,0,1,Fiber optic,Electronic check,1,0,1,1,3,36.1,0
CUST-005750,33,One year,71.97,2190.44,1,0,0,No,Credit card (automatic),1,0,0,0,4,239.8,0
CUST-005751,51,Two year,93.67,4601.65,1,0,1,Fiber optic,Mailed check,1,0,0,0,5,23.7,0
CUST-005752,42,One year,110.81,4724.35,1,0,0,DSL,Bank transfer (automatic),1,0,0,1,1,138.6,0
CUST-005753,72,Two year,66.05,4431.25,2,1,0,Fiber optic,Electronic check,1,1,0,1,0,37.2,1
CUST-005754,35,One year,99.8,3397.86,2,0,1,DSL,Credit card (automatic),1,1,1,0,4,24.6,0
CUST-005755,21,Two year,97.82,2019.16,1,0,1,No,Bank transfer (automatic),1,0,1,0,2,62.4,0
CUST-005756,30,One year,86.13,2628.24,0,0,1,No,Electronic check,1,0,0,0,4,225.5,0
CUST-005757,41,Month-to-month,54.89,2219.34,0,0,0,DSL,Bank transfer (automatic),0,0,0,0,3,39.7,0
CUST-005758,72,Month-to-month,98.57,7000.14,1,0,0,Fiber optic,Mailed check,1,0,1,1,1,190.7,0
CUST-005759,47,Month-to-month,69.89,3168.91,1,0,0,Fiber optic,Mailed check,1,0,1,1,3,275.8,1
CUST-005760,15,Month-to-month,75.95,1201.28,1,1,0,Fiber optic,Mailed check,0,1,1,0,2,130.3,1
CUST-005761,72,Two year,93.29,6938.45,7,0,0,Fiber optic,Bank transfer (automatic),1,0,0,0,4,7.0,1
CUST-005762,61,One year,42.91,2699.15,5,0,1,No,Bank transfer (automatic),1,1,0,0,0,127.5,0
CUST-005763,14,One year,59.17,796.16,0,0,0,DSL,Electronic check,0,0,0,0,3,60.2,1
CUST-005764,11,One year,62.45,669.34,7,1,1,Fiber optic,Credit card (automatic),0,0,1,0,5,33.6,0
CUST-005765,9,Two year,81.32,749.31,2,1,0,DSL,Electronic check,0,0,0,0,1,77.5,1
CUST-005766,29,One year,105.87,2980.04,1,0,1,DSL,Bank transfer (automatic),0,1,1,0,3,90.9,0
CUST-005767,30,Month-to-month,119.92,3430.94,1,0,0,No,Electronic check,1,0,0,1,4,170.1,0
CUST-005768,17,Month-to-month,64.16,1106.46,2,0,0,Fiber optic,Mailed check,0,0,0,0,0,214.4,1
CUST-005769,8,Month-to-month,68.55,512.54,0,1,0,Fiber optic,Bank transfer (automatic),0,0,1,0,4,79.2,1
CUST-005770,11,Month-to-month,63.75,693.91,2,1,1,DSL,Bank transfer (automatic),0,0,1,0,3,170.9,0
CUST-005771,48,Month-to-month,85.56,4290.1,2,0,1,No,Credit card (automatic),1,0,0,0,1,65.0,1
CUST-005772,24,Month-to-month,62.7,1515.73,0,1,1,DSL,Bank transfer (automatic),0,0,1,1,1,52.1,0
CUST-005773,12,Month-to-month,116.94,1329.81,0,1,0,Fiber optic,Credit card (automatic),1,1,0,0,1,141.6,0
CUST-005774,33,Month-to-month,81.15,2741.24,2,1,1,DSL,Credit card (automatic),0,0,1,0,5,123.3,0
CUST-005775,37,Two year,48.65,1745.96,2,0,0,Fiber optic,Credit card (automatic),1,0,0,0,0,100.4,0
CUST-005776,41,Month-to-month,94.24,4027.21,1,1,0,Fiber optic,Mailed check,0,1,1,0,2,112.9,0
CUST-005777,32,Two year,36.87,1209.88,1,1,0,DSL,Electronic check,1,0,0,0,3,67.7,0
CUST-005778,28,Month-to-month,78.72,2165.9,0,0,0,Fiber optic,Bank transfer (automatic),1,0,1,1,1,122.2,0
CUST-005779,69,Two year,82.54,5481.72,7,1,1,Fiber optic,Electronic check,1,0,0,0,5,44.6,0
CUST-005780,12,One year,111.37,1279.69,2,1,0,Fiber optic,Credit card (automatic),1,0,1,1,3,59.7,0
CUST-005781,25,Two year,92.1,2600.64,3,0,1,Fiber optic,Electronic check,0,0,1,0,3,64.8,0
CUST-005782,4,Month-to-month,56.18,198.97,1,1,1,No,Credit card (automatic),0,1,0,1,5,126.5,0
CUST-005783,22,One year,120.22,2412.06,1,1,0,DSL,Electronic check,0,0,1,0,0,142.5,0
CUST-005784,34,Month-to-month,45.48,1631.56,1,0,1,DSL,Credit card (automatic),1,0,1,0,4,125.3,0
CUST-005785,54,Month-to-month,75.01,4230.11,0,0,1,DSL,Bank transfer (automatic),1,0,0,0,5,79.8,0
CUST-005786,4,One year,84.49,344.05,0,1,1,DSL,Electronic check,1,0,1,1,0,209.4,1
CUST-005787,34,Month-to-month,97.0,2969.53,0,1,0,Fiber optic,Bank transfer (automatic),1,0,0,0,4,34.8,0
CUST-005788,72,Month-to-month,45.33,3351.69,0,1,1,DSL,Bank transfer (automatic),0,0,1,0,2,137.9,0
CUST-005789,43,Two year,44.06,1801.78,1,1,0,DSL,Credit card (automatic),0,0,1,1,4,96.5,0
CUST-005790,10,Month-to-month,83.3,828.88,1,1,1,DSL,Bank transfer (automatic),0,1,1,1,0,84.7,0
CUST-005791,22,One year,118.91,2669.24,3,0,0,Fiber optic,Bank transfer (automatic),0,0,0,0,5,116.3,1
CUST-005792,44,Month-to-month,91.47,4126.62,1,0,0,Fiber optic,Mailed check,1,0,0,0,3,229.7,0
CUST-005793,18,Month-to-month,59.84,1042.08,0,1,1,Fiber optic,Bank transfer (automatic),1,0,0,0,2,54.1,0
CUST-005794,37,Month-to-month,68.03,2678.83,0,0,1,No,Electronic check,1,0,0,0,0,76.5,1
CUST-005795,35,Month-to-month,105.64,3847.68,1,0,0,DSL,Credit card (automatic),1,0,1,0,1,19.5,0
CUST-005796,28,Two year,67.62,1802.46,3,1,0,Fiber optic,Bank transfer (automatic),0,0,1,0,5,89.5,0
CUST-005797,9,Two year,59.83,525.55,0,0,1,DSL,Credit card (automatic),0,0,0,1,3,215.1,0
CUST-005798,16,Month-to-month,69.22,1065.51,1,0,0,No,Credit card (automatic),0,1,1,0,4,281.8,0
CUST-005799,72,Month-to-month,94.98,6817.14,2,0,1,DSL,Electronic check,1,0,0,0,5,132.7,1
CUST-005800,21,Two year,54.53,1181.15,3,0,1,No,Electronic check,0,0,1,1,1,248.1,0
CUST-005801,23,Month-to-month,104.87,2188.81,1,1,1,Fiber optic,Electronic check,0,0,1,0,1,84.3,1
CUST-005802,23,Month-to-month,127.54,2642.4,0,1,0,Fiber optic,Electronic check,1,0,1,0,3,102.9,0
CUST-005803,53,Month-to-month,55.72,2830.3,1,0,0,Fiber optic,Electronic check,1,0,0,0,3,160.4,0
CUST-005804,24,One year,59.99,1537.14,4,1,0,Fiber optic,Credit card (automatic),0,1,0,0,2,94.6,0
CUST-005805,29,Month-to-month,65.42,1919.71,0,0,0,DSL,Bank transfer (automatic),0,0,0,0,5,103.7,0
CUST-005806,34,Month-to-month,92.28,3384.94,1,1,0,No,Bank transfer (automatic),1,0,0,1,3,73.1,0
CUST-005807,57,Two year,101.09,5717.26,2,1,0,Fiber optic,Mailed check,1,0,0,0,0,179.5,0
CUST-005808,29,Two year,94.51,2625.4,2,0,0,DSL,Electronic check,0,0,0,0,2,50.5,1
CUST-005809,31,One year,25.21,716.0,1,0,0,DSL,Mailed check,0,1,0,0,2,226.2,0
CUST-005810,18,One year,76.41,1318.36,0,0,0,DSL,Electronic check,0,1,0,1,4,163.0,0
CUST-005811,37,Two year,21.59,774.06,0,1,1,Fiber optic,Credit card (automatic),1,0,1,0,4,92.1,0
CUST-005812,45,One year,125.94,4980.08,1,0,0,Fiber optic,Bank transfer (automatic),0,1,1,0,1,36.0,0
CUST-005813,48,One year,122.49,5632.26,1,0,1,Fiber optic,Electronic check,1,1,1,0,3,44.3,1
CUST-005814,72,Month-to-month,59.55,4105.41,2,0,0,DSL,Bank transfer (automatic),1,0,1,0,3,20.4,0
CUST-005815,15,Month-to-month,15.0,225.24,1,0,1,No,Bank transfer (automatic),1,0,1,1,0,94.2,0
CUST-005816,30,Two year,62.54,1872.25,0,1,0,DSL,Electronic check,1,0,0,1,4,197.3,0
CUST-005817,25,One year,95.67,2430.02,0,0,1,DSL,Electronic check,0,0,0,0,3,227.1,0
CUST-005818,72,Month-to-month,78.11,5167.62,3,1,1,No,Electronic check,1,0,1,0,4,84.6,0
CUST-005819,49,One year,138.99,6424.01,1,0,0,Fiber optic,Credit card (automatic),1,1,0,1,2,165.9,0
CUST-005820,6,Two year,85.35,535.81,1,1,1,Fiber optic,Credit card (automatic),1,0,1,0,4,63.2,0
CUST-005821,17,Month-to-month,118.51,1988.57,0,1,0,No,Bank transfer (automatic),1,0,1,0,5,100.3,0
CUST-005822,22,One year,17.19,394.19,0,1,1,DSL,Electronic check,1,0,0,0,0,187.8,0
CUST-005823,7,Month-to-month,48.77,338.98,5,1,1,DSL,Mailed check,0,0,0,0,2,156.9,1
CUST-005824,32,One year,35.36,1142.11,8,1,1,DSL,Mailed check,0,0,1,0,2,45.5,0
CUST-005825,19,Two year,86.14,1679.92,0,0,1,DSL,Electronic check,0,0,1,0,4,87.5,0
CUST-005826,72,Two year,62.45,4371.29,8,0,0,Fiber optic,Bank transfer (automatic),0,0,1,0,2,249.7,1
CUST-005827,37,Two year,117.9,4216.79,2,1,1,Fiber optic,Electronic check,1,0,0,0,2,50.3,1
CUST-005828,22,One year,109.89,2335.38,0,0,0,Fiber optic,Electronic check,0,0,0,0,0,200.3,1
CUST-005829,12,Month-to-month,97.24,1162.33,0,0,0,Fiber optic,Bank transfer (automatic),0,0,0,0,0,209.9,1
CUST-005830,28,One year,64.89,1869.08,0,1,0,DSL,Electronic check,1,1,0,0,4,111.7,1
CUST-005831,72,Month-to-month,41.38,2918.79,0,1,0,DSL,Bank transfer (automatic),1,0,0,1,2,70.6,0
CUST-005832,25,One year,107.72,2848.53,1,1,0,Fiber optic,Credit card (automatic),1,0,1,0,2,143.8,0
CUST-005833,28,Month-to-month,79.94,2434.13,1,1,0,Fiber optic,Bank transfer (automatic),1,0,1,0,5,147.7,0
CUST-005834,63,Month-to-month,111.76,6731.61,5,1,0,Fiber optic,Credit card (automatic),0,1,0,0,0,20.7,1
CUST-005835,36,Month-to-month,105.01,4005.0,6,0,1,No,Bank transfer (automatic),1,0,0,0,1,190.2,0
CUST-005836,52,Month-to-month,59.83,3108.38,1,1,1,No,Credit card (automatic),0,0,0,1,2,92.4,0
CUST-005837,39,Month-to-month,125.56,4990.06,2,1,0,Fiber optic,Bank transfer (automatic),1,0,0,0,1,183.7,0
CUST-005838,37,Month-to-month,97.3,3575.99,1,1,1,Fiber optic,Credit card (automatic),0,0,0,1,1,99.3,0
CUST-005839,6,Month-to-month,107.47,684.13,0,1,0,Fiber optic,Mailed check,0,0,0,0,2,60.9,0
CUST-005840,11,Month-to-month,34.49,385.98,3,1,0,No,Mailed check,0,1,1,0,0,90.6,0
CUST-005841,33,Two year,75.38,2444.29,0,0,0,Fiber optic,Mailed check,1,0,0,0,1,182.9,1
CUST-005842,14,Month-to-month,75.11,1029.59,1,0,0,Fiber optic,Bank transfer (automatic),0,0,1,1,4,103.4,1
CUST-005843,28,Two year,101.19,2663.14,1,0,0,DSL,Mailed check,0,0,0,0,3,103.3,0
CUST-005844,10,Month-to-month,58.77,570.9,1,0,0,No,Credit card (automatic),1,0,1,0,5,89.2,1
CUST-005845,63,Two year,108.25,7235.86,7,0,1,Fiber optic,Bank transfer (automatic),1,0,0,0,0,69.9,1
CUST-005846,15,One year,90.64,1433.22,3,1,1,Fiber optic,Mailed check,0,0,0,1,1,103.8,1
CUST-005847,12,Two year,58.62,680.93,1,0,0,No,Bank transfer (automatic),1,0,1,0,3,89.2,0
CUST-005848,8,Two year,55.74,421.44,2,0,1,Fiber optic,Credit card (automatic),0,0,0,0,4,182.7,1
CUST-005849,47,One year,19.81,975.38,0,0,1,DSL,Credit card (automatic),1,0,0,0,5,119.5,0
CUST-005850,28,Month-to-month,59.07,1689.45,4,1,1,DSL,Bank transfer (automatic),1,0,1,0,4,148.9,0
CUST-005851,62,Month-to-month,85.53,4778.92,8,1,0,Fiber optic,Electronic check,0,0,0,0,5,92.4,1
CUST-005852,19,Month-to-month,70.57,1533.89,1,0,1,Fiber optic,Credit card (automatic),1,0,0,1,2,160.3,0
CUST-005853,11,Two year,71.17,783.33,3,0,0,DSL,Credit card (automatic),0,1,0,1,1,127.3,0
CUST-005854,27,Two year,141.63,4149.37,2,0,0,Fiber optic,Credit card (automatic),0,1,1,0,5,161.3,1
CUST-005855,70,Month-to-month,129.86,9169.37,4,1,1,Fiber optic,Bank transfer (automatic),1,0,1,0,3,169.5,1
CUST-005856,6,One year,67.12,381.76,5,0,0,DSL,Electronic check,0,0,0,1,3,89.0,0
CUST-005857,36,Month-to-month,67.99,2471.39,0,1,1,DSL,Credit card (automatic),0,1,1,0,0,33.5,0
CUST-005858,38,One year,82.55,2906.72,1,0,1,DSL,Electronic check,1,0,0,0,1,119.2,0
CUST-005859,72,One year,72.68,5200.01,3,0,1,No,Electronic check,0,0,0,0,3,89.4,0
CUST-005860,14,Month-to-month,82.59,1093.36,3,1,0,DSL,Bank transfer (automatic),0,0,1,1,2,52.1,0
CUST-005861,5,Two year,73.39,363.2,3,0,1,DSL,Mailed check,0,0,0,1,4,261.3,0
CUST-005862,20,Month-to-month,93.85,1900.28,0,1,0,Fiber optic,Credit card (automatic),1,0,0,1,2,136.5,0
CUST-005863,52,One year,75.2,3968.18,3,1,0,Fiber optic,Bank transfer (automatic),1,1,0,0,2,82.7,0
CUST-005864,29,One year,100.24,2694.78,3,1,0,Fiber optic,Electronic check,1,0,1,0,1,75.3,0
CUST-005865,41,Month-to-month,34.63,1374.05,0,0,0,Fiber optic,Bank transfer (automatic),1,0,0,0,4,104.4,0
CUST-005866,11,Month-to-month,97.8,969.55,0,0,0,Fiber optic,Credit card (automatic),0,0,1,1,1,116.5,1
CUST-005867,24,Month-to-month,39.5,977.43,0,0,0,Fiber optic,Credit card (automatic),0,0,0,1,1,69.8,0
CUST-005868,30,One year,72.82,2206.75,7,1,1,No,Electronic check,0,0,0,0,5,147.5,0
CUST-005869,7,Two year,66.71,439.54,0,0,0,Fiber optic,Mailed check,0,0,1,0,1,75.5,1
CUST-005870,30,Month-to-month,123.13,3953.56,1,1,1,Fiber optic,Electronic check,1,0,1,0,3,124.1,0
CUST-005871,22,Month-to-month,68.41,1540.13,2,1,1,DSL,Credit card (automatic),1,0,1,1,5,55.5,0
CUST-005872,72,Month-to-month,91.22,6533.28,3,0,0,Fiber optic,Bank transfer (automatic),0,1,1,1,0,160.5,1
CUST-005873,28,Month-to-month,76.33,2086.66,0,0,0,No,Mailed check,1,0,0,0,0,76.9,1
CUST-005874,72,Month-to-month,44.58,3107.44,3,0,1,DSL,Electronic check,0,1,0,0,3,106.8,1
CUST-005875,41,One year,94.23,3710.97,4,0,1,DSL,Credit card (automatic),1,1,0,0,4,85.2,1
CUST-005876,26,Month-to-month,108.52,2987.14,0,0,1,Fiber optic,Credit card (automatic),1,0,1,0,5,110.8,0
CUST-005877,72,Two year,52.41,3825.31,4,0,0,No,Mailed check,0,0,1,0,4,152.5,1
CUST-005878,10,Month-to-month,39.72,376.37,2,0,0,DSL,Electronic check,0,1,0,0,1,32.8,0
CUST-005879,20,One year,55.66,1185.38,4,0,0,No,Mailed check,0,0,0,1,2,116.2,0
CUST-005880,54,Month-to-month,62.31,3349.53,1,1,0,DSL,Credit card (automatic),1,0,1,0,3,245.9,0
CUST-005881,2,Month-to-month,37.88,72.28,3,0,0,No,Bank transfer (automatic),0,0,1,1,3,25.0,1
CUST-005882,28,Month-to-month,53.58,1648.42,2,1,1,No,Credit card (automatic),1,0,1,1,5,31.4,0
CUST-005883,28,One year,75.21,1990.58,1,0,1,Fiber optic,Electronic check,0,0,0,0,3,198.6,0
CUST-005884,35,Two year,59.94,2011.34,1,0,0,No,Mailed check,1,0,0,0,2,126.7,0
CUST-005885,24,Month-to-month,60.14,1443.37,1,0,1,No,Electronic check,1,0,1,1,0,247.9,0
CUST-005886,53,Month-to-month,77.2,4157.52,1,0,1,No,Mailed check,0,0,1,1,1,36.4,0
CUST-005887,15,One year,90.78,1310.44,1,1,1,Fiber optic,Electronic check,1,1,1,1,4,160.1,0
CUST-005888,58,Month-to-month,100.05,5161.44,2,1,1,Fiber optic,Bank transfer (automatic),0,0,1,0,1,18.1,0
CUST-005889,11,Two year,71.22,784.69,1,0,0,DSL,Mailed check,1,0,1,1,2,244.9,0
CUST-005890,37,Month-to-month,60.13,2108.46,2,0,0,DSL,Credit card (automatic),1,0,0,1,1,58.6,1
CUST-005891,67,Two year,107.09,7046.22,1,1,1,Fiber optic,Mailed check,1,0,0,0,4,230.0,0
CUST-005892,14,One year,15.0,201.49,2,1,0,DSL,Electronic check,0,0,0,0,0,131.1,0
CUST-005893,17,Month-to-month,56.03,900.9,0,0,0,No,Electronic check,0,0,1,0,1,31.1,0
CUST-005894,59,One year,50.73,2953.19,0,1,1,DSL,Electronic check,0,0,0,1,2,81.7,0
CUST-005895,33,Month-to-month,67.98,2172.44,2,1,1,DSL,Bank transfer (automatic),1,0,1,0,1,69.8,1
CUST-005896,5,One year,49.14,235.38,2,1,0,DSL,Bank transfer (automatic),1,1,1,0,3,64.5,1
CUST-005897,34,Two year,78.72,2805.7,3,0,1,DSL,Bank transfer (automatic),1,0,0,0,4,45.0,0
CUST-005898,46,One year,83.13,3633.75,0,0,0,DSL,Credit card (automatic),0,1,1,1,2,76.3,0
CUST-005899,61,Month-to-month,55.4,3336.74,1,0,1,Fiber optic,Electronic check,1,0,1,0,4,94.2,0
CUST-005900,36,Month-to-month,70.59,2536.48,0,0,0,DSL,Mailed check,0,0,0,1,4,22.1,0
CUST-005901,42,Month-to-month,32.98,1268.07,1,0,0,No,Electronic check,1,0,0,0,4,75.0,0
CUST-005902,72,One year,101.99,6932.9,0,0,0,Fiber optic,Electronic check,0,0,1,1,5,55.4,1
CUST-005903,55,One year,78.34,4300.18,1,1,1,Fiber optic,Mailed check,1,0,0,1,1,71.5,0
CUST-005904,23,Month-to-month,69.89,1601.28,2,0,0,Fiber optic,Bank transfer (automatic),0,0,1,0,2,40.5,0
CUST-005905,26,One year,22.24,555.45,1,0,0,DSL,Credit card (automatic),0,0,1,0,5,61.1,0
CUST-005906,66,One year,62.7,4132.81,0,0,1,DSL,Mailed check,0,1,0,0,3,190.5,0
CUST-005907,36,One year,36.05,1315.17,1,1,0,No,Mailed check,1,0,1,1,1,248.9,0
CUST-005908,32,Month-to-month,52.91,1742.8,0,1,1,Fiber optic,Credit card (automatic),1,0,0,0,2,66.5,0
CUST-005909,23,Month-to-month,69.65,1655.33,1,0,1,DSL,Credit card (automatic),0,0,1,0,1,143.3,0
CUST-005910,64,Month-to-month,114.23,7752.68,1,1,1,Fiber optic,Bank transfer (automatic),1,0,0,0,4,41.1,0
CUST-005911,14,Two year,74.86,1053.68,2,0,1,DSL,Mailed check,1,0,0,0,2,183.8,0
CUST-005912,20,Two year,29.23,544.0,3,1,0,DSL,Mailed check,0,0,0,0,3,156.2,0
CUST-005913,64,Two year,61.58,3882.84,4,0,0,DSL,Bank transfer (automatic),0,0,1,0,0,14.7,0
CUST-005914,63,Month-to-month,107.01,6313.85,1,0,0,Fiber optic,Electronic check,0,0,1,0,0,71.8,1
CUST-005915,72,One year,86.59,6497.9,0,1,1,Fiber optic,Bank transfer (automatic),1,0,1,0,2,139.1,1
CUST-005916,28,Two year,98.14,2936.58,1,0,1,Fiber optic,Electronic check,0,0,1,0,4,60.3,0
CUST-005917,23,Month-to-month,54.07,1243.23,3,0,0,DSL,Bank transfer (automatic),0,0,1,1,0,21.2,1
CUST-005918,25,Month-to-month,55.38,1464.96,0,0,0,DSL,Bank transfer (automatic),0,0,0,0,4,97.5,1
CUST-005919,6,Month-to-month,48.51,306.98,2,0,1,DSL,Electronic check,1,1,1,0,1,56.2,1
CUST-005920,3,One year,105.3,320.7,2,0,0,Fiber optic,Mailed check,1,0,1,0,3,162.7,0
CUST-005921,36,Month-to-month,81.88,3025.3,1,0,1,No,Electronic check,0,0,0,0,1,164.5,0
CUST-005922,21,Month-to-month,76.12,1674.35,6,0,0,Fiber optic,Credit card (automatic),1,0,1,1,3,75.0,1
CUST-005923,15,Month-to-month,83.87,1170.24,1,0,1,DSL,Credit card (automatic),1,0,1,0,1,54.2,1
CUST-005924,31,One year,29.33,920.5,7,1,1,DSL,Mailed check,0,0,1,0,2,181.3,1
CUST-005925,37,Two year,60.72,2308.88,10,0,1,DSL,Electronic check,1,0,1,0,3,149.7,1
CUST-005926,26,One year,31.16,752.05,8,1,0,No,Credit card (automatic),0,0,0,1,1,80.7,0
CUST-005927,27,Two year,61.7,1825.18,2,0,0,Fiber optic,Credit card (automatic),0,0,1,0,4,85.2,1
CUST-005928,21,One year,30.86,683.46,3,0,1,No,Credit card (automatic),1,0,1,0,3,120.4,0
CUST-005929,49,Two year,73.61,3805.4,1,0,0,Fiber optic,Mailed check,0,0,0,0,2,37.0,0
CUST-005930,19,Month-to-month,105.49,2045.29,1,0,0,Fiber optic,Electronic check,1,0,0,1,5,61.9,1
CUST-005931,12,Two year,88.04,1006.37,3,0,0,Fiber optic,Credit card (automatic),1,0,0,1,0,257.2,0
CUST-005932,20,Two year,75.4,1412.36,0,1,1,Fiber optic,Mailed check,1,0,1,0,2,133.5,0
CUST-005933,35,One year,85.66,2983.23,0,1,1,Fiber optic,Mailed check,1,0,1,1,4,67.4,0
CUST-005934,51,Month-to-month,15.0,791.65,1,0,1,DSL,Credit card (automatic),1,0,0,0,4,137.0,0
CUST-005935,72,Month-to-month,104.3,7713.29,0,0,1,Fiber optic,Bank transfer (automatic),1,0,1,1,5,82.8,0
CUST-005936,31,Month-to-month,15.0,504.76,2,0,0,No,Electronic check,1,0,1,0,2,335.4,1
CUST-005937,72,Month-to-month,47.32,3354.11,0,1,0,DSL,Credit card (automatic),1,0,0,0,5,163.8,0
CUST-005938,17,Month-to-month,88.03,1469.57,1,1,0,Fiber optic,Bank transfer (automatic),1,0,1,1,2,120.9,1
CUST-005939,15,Month-to-month,76.14,1142.54,3,1,0,No,Electronic check,0,1,1,0,5,162.5,0
CUST-005940,41,Month-to-month,95.97,3707.3,0,0,0,Fiber optic,Electronic check,0,0,0,1,4,89.4,1
CUST-005941,45,Two year,88.76,4294.14,2,1,0,Fiber optic,Bank transfer (automatic),1,1,1,0,3,74.4,0
CUST-005942,34,One year,101.44,3405.84,2,1,1,DSL,Bank transfer (automatic),1,0,1,1,3,77.9,0
CUST-005943,72,Two year,140.37,10234.61,0,1,0,Fiber optic,Electronic check,0,0,0,0,2,114.6,0
CUST-005944,18,Month-to-month,65.18,1221.01,2,1,0,No,Bank transfer (automatic),1,1,1,0,3,100.1,1
CUST-005945,72,Month-to-month,62.5,4330.66,2,0,1,No,Mailed check,1,0,1,1,4,46.3,1
CUST-005946,15,Month-to-month,61.01,927.84,7,0,1,DSL,Mailed check,1,0,1,0,4,91.0,1
CUST-005947,48,Two year,49.73,2386.12,1,0,0,No,Credit card (automatic),0,0,0,1,3,42.1,0
CUST-005948,30,Month-to-month,99.4,3127.43,0,1,0,Fiber optic,Electronic check,0,1,1,1,5,82.4,0
CUST-005949,36,One year,121.79,4386.28,1,0,1,Fiber optic,Credit card (automatic),1,0,1,1,5,22.5,0
CUST-005950,41,Month-to-month,15.0,527.15,3,0,0,DSL,Mailed check,0,0,0,0,2,17.7,0
CUST-005951,31,Month-to-month,60.76,1795.56,9,0,0,DSL,Electronic check,1,0,1,0,4,174.3,1
CUST-005952,27,Month-to-month,127.21,3177.11,6,1,0,Fiber optic,Electronic check,1,0,1,0,5,99.7,1
CUST-005953,5,Month-to-month,99.83,547.25,5,0,0,Fiber optic,Credit card (automatic),1,0,0,0,1,33.7,1
CUST-005954,57,Month-to-month,75.34,4598.12,1,0,0,No,Electronic check,1,0,0,0,0,65.2,1
CUST-005955,9,Two year,24.98,200.65,2,1,0,DSL,Electronic check,1,0,0,0,2,97.5,0
CUST-005956,22,Month-to-month,82.55,1724.34,2,0,1,No,Mailed check,1,0,1,1,0,36.0,0
CUST-005957,38,Month-to-month,115.23,4075.53,1,1,1,Fiber optic,Bank transfer (automatic),0,0,1,0,4,250.4,1
CUST-005958,11,Month-to-month,70.0,778.33,3,1,1,DSL,Mailed check,1,0,0,1,0,120.9,1
CUST-005959,27,Two year,48.61,1249.74,0,1,0,DSL,Electronic check,1,1,1,1,5,93.4,0
CUST-005960,52,One year,101.07,5185.88,2,0,0,Fiber optic,Bank transfer (automatic),1,1,1,0,4,21.8,1
CUST-005961,21,One year,39.05,763.58,1,0,1,No,Credit card (automatic),1,0,1,0,2,64.7,0
CUST-005962,27,Month-to-month,35.75,986.02,3,1,1,DSL,Credit card (automatic),0,1,1,0,0,112.3,0
CUST-005963,13,Two year,110.05,1310.53,1,1,1,Fiber optic,Credit card (automatic),0,0,1,0,2,159.1,0
CUST-005964,23,Month-to-month,117.4,3038.14,3,0,0,Fiber optic,Mailed check,0,0,1,1,3,113.6,0
CUST-005965,9,One year,71.43,691.22,0,1,1,Fiber optic,Electronic check,1,0,0,0,1,57.7,0
CUST-005966,34,Two year,60.87,2326.38,1,0,0,Fiber optic,Electronic check,1,0,0,1,1,205.6,0
CUST-005967,7,Month-to-month,43.05,310.49,3,1,0,No,Credit card (automatic),0,1,0,0,3,135.9,1
CUST-005968,18,Month-to-month,69.94,1356.93,2,0,1,DSL,Bank transfer (automatic),0,0,1,0,2,79.1,1
CUST-005969,31,Month-to-month,35.89,1162.26,2,0,0,DSL,Bank transfer (automatic),1,1,0,0,0,76.2,0
CUST-005970,25,Month-to-month,97.1,2305.58,1,0,0,DSL,Mailed check,0,0,0,0,1,222.4,0
CUST-005971,39,Month-to-month,53.38,2043.07,0,1,1,No,Mailed check,0,0,0,1,2,63.4,0
CUST-005972,27,Month-to-month,99.16,2734.09,3,1,1,Fiber optic,Mailed check,0,0,1,0,3,78.6,0
CUST-005973,5,Month-to-month,46.42,245.47,2,1,0,DSL,Mailed check,1,0,1,1,3,56.5,1
CUST-005974,11,One year,104.6,1150.22,3,1,0,Fiber optic,Mailed check,0,1,0,0,0,182.8,1
CUST-005975,30,Month-to-month,106.65,3288.22,1,0,0,Fiber optic,Electronic check,0,0,0,0,1,209.8,1
CUST-005976,62,One year,48.05,2929.55,0,1,0,Fiber optic,Electronic check,1,1,0,1,2,100.3,0
CUST-005977,55,Month-to-month,48.01,2586.1,1,0,0,DSL,Electronic check,1,1,0,0,2,69.6,0
CUST-005978,72,Month-to-month,86.08,5741.75,3,1,0,Fiber optic,Credit card (automatic),1,0,1,0,4,137.5,1
CUST-005979,19,Month-to-month,76.87,1492.86,2,0,0,Fiber optic,Credit card (automatic),1,0,0,0,4,89.8,0
CUST-005980,51,Two year,86.79,4317.37,1,1,0,DSL,Credit card (automatic),1,1,1,0,2,72.3,0
CUST-005981,49,Month-to-month,50.07,2295.81,1,1,0,DSL,Credit card (automatic),0,0,1,1,3,99.8,0
CUST-005982,72,One year,82.87,5789.75,1,1,1,DSL,Electronic check,1,0,1,1,3,28.9,0
CUST-005983,69,Two year,102.12,7146.79,0,1,1,Fiber optic,Electronic check,1,0,0,0,1,243.6,0
CUST-005984,36,One year,62.3,2317.72,0,1,1,DSL,Electronic check,1,0,0,0,2,93.8,1
CUST-005985,45,Month-to-month,83.91,3741.12,1,0,0,DSL,Electronic check,0,0,1,1,0,200.6,0
CUST-005986,39,Month-to-month,51.55,2117.83,1,0,1,Fiber optic,Bank transfer (automatic),1,0,0,0,3,244.4,0
CUST-005987,29,One year,63.46,1977.47,1,0,1,No,Electronic check,1,0,1,0,4,137.1,0
CUST-005988,43,One year,70.64,2993.97,1,1,1,Fiber optic,Credit card (automatic),0,0,0,0,5,74.1,0
CUST-005989,34,One year,87.33,3113.78,0,1,0,Fiber optic,Bank transfer (automatic),1,0,1,0,3,31.4,0
CUST-005990,33,One year,78.26,2496.4,1,0,0,Fiber optic,Electronic check,0,0,0,0,4,143.4,0
CUST-005991,72,Month-to-month,91.5,6159.66,2,1,1,Fiber optic,Credit card (automatic),0,0,0,0,1,151.7,0
CUST-005992,37,One year,65.24,2299.85,0,1,0,No,Credit card (automatic),0,0,1,1,2,129.8,0
CUST-005993,31,One year,68.47,2030.82,3,1,0,No,Bank transfer (automatic),1,0,1,0,1,173.0,0
CUST-005994,26,Two year,94.46,2402.21,3,1,0,Fiber optic,Electronic check,0,0,1,0,0,176.1,0
CUST-005995,24,One year,104.33,2752.09,1,1,0,Fiber optic,Mailed check,0,0,0,0,4,127.0,0
CUST-005996,10,Month-to-month,33.53,326.52,1,1,1,DSL,Bank transfer (automatic),1,0,1,0,2,119.5,1
CUST-005997,29,One year,102.73,2923.1,1,1,0,Fiber optic,Bank transfer (automatic),1,0,0,1,1,164.5,0
CUST-005998,64,One year,52.18,3365.17,1,0,0,Fiber optic,Electronic check,0,1,0,0,4,115.6,0
CUST-005999,19,Month-to-month,20.14,357.39,2,0,0,Fiber optic,Credit card (automatic),0,0,1,0,3,48.6,0
CUST-006000,3,Month-to-month,139.31,420.98,1,1,0,Fiber optic,Electronic check,0,1,0,0,5,58.4,1
CUST-006001,42,Month-to-month,41.53,1801.53,0,1,1,DSL,Credit card (automatic),1,0,0,0,2,86.8,1
CUST-006002,35,Month-to-month,78.8,2962.45,1,0,0,Fiber optic,Electronic check,0,0,1,0,1,177.0,1
CUST-006003,72,One year,18.41,1412.6,2,0,1,DSL,Credit card (automatic),0,0,1,0,1,78.8,0
CUST-006004,17,Month-to-month,53.64,928.44,1,1,0,DSL,Electronic check,0,0,0,0,4,104.5,0
CUST-006005,9,One year,70.17,624.48,0,0,1,DSL,Credit card (automatic),0,0,1,0,0,187.0,1
CUST-006006,25,Month-to-month,71.07,1762.04,1,0,0,DSL,Credit card (automatic),0,0,1,0,3,137.5,1
CUST-006007,22,Two year,34.83,781.87,2,1,1,DSL,Mailed check,0,0,0,1,3,182.3,0
CUST-006008,6,One year,78.91,472.36,1,1,1,Fiber optic,Electronic check,1,0,0,1,0,114.3,0
CUST-006009,32,One year,99.22,3160.64,2,0,1,Fiber optic,Credit card (automatic),0,0,1,0,3,66.8,0
CUST-006010,20,Month-to-month,95.96,1829.52,0,1,0,Fiber optic,Credit card (automatic),1,0,0,0,2,94.1,1
CUST-006011,72,Two year,93.21,6936.17,2,0,0,Fiber optic,Credit card (automatic),1,0,1,0,4,171.1,1
CUST-006012,32,Month-to-month,84.01,2728.34,1,1,1,No,Mailed check,0,0,1,0,1,74.3,0
CUST-006013,15,One year,62.28,898.87,3,0,0,No,Electronic check,1,0,0,0,1,130.5,1
CUST-006014,29,Month-to-month,124.81,3888.96,0,0,0,Fiber optic,Mailed check,1,0,1,0,4,38.1,1
CUST-006015,34,Month-to-month,82.67,2840.09,0,0,0,Fiber optic,Bank transfer (automatic),1,0,0,0,3,85.6,0
CUST-006016,45,One year,107.36,4487.2,0,1,1,Fiber optic,Electronic check,0,0,0,0,3,131.5,1
CUST-006017,30,Month-to-month,108.25,3400.93,6,1,1,Fiber optic,Electronic check,0,0,1,0,0,184.2,1
CUST-006018,72,Month-to-month,24.02,1671.27,1,1,0,DSL,Credit card (automatic),1,0,1,0,0,133.7,0
CUST-006019,10,Month-to-month,101.02,989.5,1,0,1,Fiber optic,Bank transfer (automatic),1,1,0,0,5,117.5,1
CUST-006020,20,Month-to-month,49.0,970.84,4,1,1,DSL,Bank transfer (automatic),0,0,0,1,0,51.3,1
CUST-006021,15,Two year,39.78,622.45,1,0,0,No,Credit card (automatic),1,1,0,0,3,324.9,0
CUST-006022,23,One year,79.39,1820.7,2,0,1,Fiber optic,Bank transfer (automatic),0,1,1,1,1,222.3,0
CUST-006023,37,Month-to-month,69.04,2633.46,2,0,0,No,Mailed check,1,0,1,0,3,128.7,0
CUST-006024,35,One year,25.88,834.53,0,0,1,DSL,Credit card (automatic),0,0,0,1,2,140.3,0
CUST-006025,44,One year,90.67,3769.39,3,1,1,Fiber optic,Credit card (automatic),0,0,0,0,2,146.0,0
CUST-006026,32,One year,84.56,2710.25,1,0,0,Fiber optic,Electronic check,0,0,0,0,5,31.0,0
CUST-006027,33,One year,90.95,2892.53,2,0,0,No,Mailed check,1,0,1,1,4,104.5,0
CUST-006028,32,Month-to-month,49.16,1557.05,1,0,1,No,Mailed check,0,0,1,0,3,390.4,0
CUST-006029,21,Month-to-month,94.75,2063.96,2,1,1,DSL,Electronic check,1,0,0,0,1,121.5,1
CUST-006030,20,One year,74.67,1433.43,3,1,1,No,Electronic check,1,0,0,0,4,82.1,0
CUST-006031,15,One year,64.16,927.02,1,0,1,No,Electronic check,1,0,1,0,1,166.4,1
CUST-006032,46,One year,96.84,4479.08,1,0,1,No,Bank transfer (automatic),1,0,1,0,3,131.0,0
CUST-006033,3,Month-to-month,138.06,370.15,0,1,1,Fiber optic,Electronic check,0,0,0,0,0,111.7,0
CUST-006034,33,Two year,59.74,2070.74,1,1,1,No,Credit card (automatic),1,0,1,1,4,195.3,0
CUST-006035,52,Month-to-month,46.5,2433.73,5,0,0,DSL,Bank transfer (automatic),0,0,1,0,3,266.3,1
CUST-006036,61,One year,75.72,4640.41,8,0,1,DSL,Mailed check,1,0,0,0,0,111.0,0
CUST-006037,2,Month-to-month,29.42,57.25,2,0,0,DSL,Credit card (automatic),0,0,0,1,1,116.8,1
CUST-006038,22,One year,57.47,1307.9,3,0,0,Fiber optic,Bank transfer (automatic),1,0,1,1,1,134.6,1
CUST-006039,16,Two year,97.67,1550.11,6,1,0,No,Credit card (automatic),1,0,0,0,1,234.1,1
CUST-006040,20,Month-to-month,104.3,2213.89,0,0,0,Fiber optic,Credit card (automatic),1,0,0,0,4,36.6,1
CUST-006041,70,One year,68.55,4388.01,8,0,0,Fiber optic,Credit card (automatic),1,0,0,0,3,133.4,1
CUST-006042,16,One year,150.0,2407.59,3,0,0,Fiber optic,Credit card (automatic),1,0,0,0,2,57.0,1
CUST-006043,52,Month-to-month,55.45,2889.51,3,0,0,Fiber optic,Bank transfer (automatic),1,0,1,0,4,139.1,1
CUST-006044,33,Month-to-month,105.49,3535.35,2,0,0,Fiber optic,Mailed check,1,0,0,0,5,11.2,0
CUST-006045,19,One year,70.09,1425.17,1,1,0,Fiber optic,Bank transfer (automatic),1,0,1,1,5,223.1,0
CUST-006046,18,Month-to-month,134.53,2256.42,2,1,1,Fiber optic,Bank transfer (automatic),0,0,0,0,2,54.0,1
CUST-006047,36,Month-to-month,76.73,2569.67,0,1,0,Fiber optic,Credit card (automatic),0,0,1,0,4,148.2,0
CUST-006048,28,Two year,57.88,1592.03,8,0,1,No,Bank transfer (automatic),1,0,1,0,5,207.9,0
CUST-006049,6,One year,44.78,243.26,3,0,0,Fiber optic,Electronic check,0,0,1,0,3,133.7,0
CUST-006050,13,One year,142.07,2059.91,0,0,0,Fiber optic,Mailed check,1,0,1,0,0,86.5,1
CUST-006051,36,One year,74.55,2809.06,1,0,1,Fiber optic,Mailed check,0,0,1,0,5,164.6,0
CUST-006052,10,Month-to-month,77.0,789.91,1,0,1,No,Mailed check,0,0,0,1,0,26.5,0
CUST-006053,57,One year,90.12,5337.92,10,0,0,Fiber optic,Bank transfer (automatic),1,0,0,0,2,45.5,1
CUST-006054,7,Month-to-month,51.21,381.25,2,1,0,No,Credit card (automatic),1,0,0,0,0,99.2,1
CUST-006055,24,Month-to-month,34.31,798.13,1,1,1,Fiber optic,Electronic check,0,0,0,0,1,112.2,0
CUST-006056,47,One year,59.29,2736.33,2,0,0,DSL,Credit card (automatic),0,0,1,0,4,208.1,0
CUST-006057,12,Two year,83.21,1015.61,1,1,1,Fiber optic,Credit card (automatic),1,0,0,1,1,87.0,0
CUST-006058,9,Month-to-month,72.97,640.17,1,0,1,DSL,Electronic check,1,0,1,1,5,101.8,0
CUST-006059,41,Two year,118.64,4638.65,1,0,0,DSL,Electronic check,1,0,0,1,1,172.0,0
CUST-006060,53,One year,81.11,4185.01,2,1,0,DSL,Credit card (automatic),1,0,1,1,4,259.6,0
CUST-006061,25,Month-to-month,111.5,2840.7,1,1,1,Fiber optic,Credit card (automatic),0,0,1,1,5,75.6,0
CUST-006062,21,Month-to-month,82.37,1808.6,3,0,0,Fiber optic,Electronic check,1,0,0,1,5,108.0,0
CUST-006063,7,Month-to-month,57.17,374.76,1,0,1,Fiber optic,Bank transfer (automatic),1,1,0,0,4,95.8,1
CUST-006064,31,One year,83.02,2549.2,3,0,0,Fiber optic,Electronic check,0,0,1,0,4,130.0,0
CUST-006065,5,Month-to-month,71.64,357.23,1,0,0,Fiber optic,Bank transfer (automatic),0,0,0,0,0,182.3,0
CUST-006066,71,Month-to-month,63.75,4211.52,1,1,0,No,Electronic check,1,0,0,0,4,132.7,0
CUST-006067,26,Month-to-month,52.65,1399.62,0,0,0,No,Mailed check,1,1,0,1,4,133.8,0
CUST-006068,13,Two year,48.06,621.43,1,1,0,Fiber optic,Mailed check,1,0,0,0,3,169.0,0
CUST-006069,18,Month-to-month,96.67,1658.4,0,1,0,DSL,Bank transfer (automatic),0,0,1,0,1,116.3,0
CUST-006070,33,Month-to-month,61.48,1979.91,0,1,1,No,Electronic check,1,0,0,1,0,51.6,1
CUST-006071,20,Month-to-month,56.75,1165.38,1,0,0,No,Bank transfer (automatic),0,0,0,0,1,182.0,1
CUST-006072,29,Month-to-month,37.38,1137.02,2,1,0,DSL,Credit card (automatic),0,0,0,1,5,59.0,0
CUST-006073,11,Month-to-month,53.11,594.13,3,0,0,DSL,Bank transfer (automatic),0,0,1,0,3,191.1,0
CUST-006074,62,One year,43.42,2948.61,2,1,0,DSL,Credit card (automatic),1,0,1,0,2,381.1,0
CUST-006075,18,One year,60.15,1143.08,7,0,0,Fiber optic,Credit card (automatic),1,1,0,0,1,32.7,1
CUST-006076,3,Month-to-month,94.07,289.99,0,0,1,Fiber optic,Electronic check,0,0,0,1,3,34.6,1
CUST-006077,22,Two year,53.28,1130.97,1,1,1,DSL,Electronic check,0,1,0,1,4,228.9,0
CUST-006078,16,Month-to-month,83.72,1415.28,1,0,1,DSL,Bank transfer (automatic),1,0,1,0,4,81.8,0
CUST-006079,59,Two year,80.99,4594.77,1,1,1,Fiber optic,Bank transfer (automatic),1,0,0,0,0,85.0,0
CUST-006080,13,Month-to-month,92.87,1252.39,0,1,0,Fiber optic,Credit card (automatic),1,1,0,1,3,68.6,1
CUST-006081,20,Two year,92.16,1617.96,1,0,1,Fiber optic,Electronic check,0,0,1,0,2,51.0,1
CUST-006082,34,Two year,74.62,2474.44,3,1,0,DSL,Electronic check,1,0,0,0,0,171.0,0
CUST-006083,44,Two year,68.97,2822.6,0,1,0,Fiber optic,Credit card (automatic),1,0,1,1,4,32.9,0
CUST-006084,72,Month-to-month,87.48,6208.41,1,1,0,No,Credit card (automatic),0,0,1,0,1,82.2,0
CUST-006085,14,Month-to-month,35.5,458.75,1,0,1,DSL,Mailed check,0,0,0,1,3,238.4,1
CUST-006086,69,Two year,91.06,6292.11,0,1,1,Fiber optic,Mailed check,1,0,1,0,5,67.2,0
CUST-006087,58,Month-to-month,59.88,3554.15,3,0,0,Fiber optic,Credit card (automatic),0,1,0,0,5,170.4,0
CUST-006088,15,Month-to-month,61.98,899.48,5,0,1,DSL,Mailed check,1,0,1,0,0,80.1,1
CUST-006089,14,Month-to-month,87.27,1202.23,0,1,0,No,Credit card (automatic),1,0,0,1,0,142.9,1
CUST-006090,39,Month-to-month,78.89,3110.47,0,1,0,No,Credit card (automatic),1,0,0,1,4,157.1,0
CUST-006091,28,Month-to-month,116.46,3253.2,0,0,0,Fiber optic,Electronic check,1,0,0,0,1,153.5,1
CUST-006092,39,Month-to-month,57.42,2390.31,3,1,1,DSL,Electronic check,0,0,1,0,3,87.6,1
CUST-006093,22,One year,87.72,1863.71,0,0,0,DSL,Credit card (automatic),1,0,1,0,0,119.6,0
CUST-006094,31,Month-to-month,72.69,2313.92,0,0,1,Fiber optic,Mailed check,0,0,0,0,5,78.6,0
CUST-006095,26,Month-to-month,53.54,1410.15,0,0,0,DSL,Electronic check,1,0,1,0,5,80.8,0
CUST-006096,38,Month-to-month,93.25,3262.01,1,0,0,Fiber optic,Bank transfer (automatic),1,0,1,1,0,209.3,0
CUST-006097,14,Two year,86.25,1212.77,3,1,0,DSL,Bank transfer (automatic),0,0,0,0,1,100.9,0
CUST-006098,32,One year,76.32,2431.63,0,1,0,Fiber optic,Electronic check,0,0,1,0,4,53.2,0
CUST-006099,72,One year,82.38,5785.33,2,1,0,No,Bank transfer (automatic),1,0,0,0,4,57.2,0
CUST-006100,70,One year,70.78,5394.16,3,1,1,DSL,Electronic check,0,0,0,1,0,320.0,0
CUST-006101,35,One year,98.42,3666.02,1,0,1,Fiber optic,Electronic check,1,0,0,1,0,211.8,0
CUST-006102,13,Month-to-month,43.63,545.56,0,0,0,No,Electronic check,1,0,1,0,3,265.3,1
CUST-006103,72,One year,55.38,4114.02,0,1,0,DSL,Bank transfer (automatic),1,0,1,0,2,129.8,0
CUST-006104,38,Month-to-month,62.66,2469.64,0,1,1,No,Credit card (automatic),0,0,1,1,1,90.2,0
CUST-006105,72,One year,98.44,7139.38,1,0,1,Fiber optic,Bank transfer (automatic),1,0,1,0,1,80.7,0
CUST-006106,40,Month-to-month,69.81,2639.08,3,0,1,Fiber optic,Credit card (automatic),0,0,0,1,0,74.7,0
CUST-006107,2,Two year,57.7,109.9,3,0,0,Fiber optic,Electronic check,1,1,0,0,3,107.5,1
CUST-006108,72,Month-to-month,15.0,1108.51,1,1,0,DSL,Mailed check,0,0,1,0,1,68.6,0
CUST-006109,52,Month-to-month,83.65,4460.03,0,1,1,DSL,Mailed check,1,0,0,0,5,241.1,0
CUST-006110,30,One year,113.6,3359.37,1,0,0,Fiber optic,Credit card (automatic),1,0,0,0,4,61.7,1
CUST-006111,5,Month-to-month,39.76,211.88,2,1,0,Fiber optic,Bank transfer (automatic),1,0,0,1,3,143.0,0
CUST-006112,56,Month-to-month,66.89,4025.55,6,0,0,No,Credit card (automatic),0,0,0,0,1,122.1,1
CUST-006113,39,Two year,80.57,3375.01,0,1,1,Fiber optic,Mailed check,1,0,0,1,5,101.5,0
CUST-006114,72,One year,95.43,7381.43,0,0,0,DSL,Credit card (automatic),1,0,0,0,4,196.8,1
CUST-006115,72,One year,59.74,4297.87,0,1,1,DSL,Credit card (automatic),1,0,0,0,1,119.6,0
CUST-006116,72,Month-to-month,78.64,5284.18,0,1,1,No,Credit card (automatic),0,0,1,1,0,67.6,1
CUST-006117,34,Month-to-month,54.37,1818.78,1,0,1,DSL,Electronic check,1,0,0,1,3,132.8,0
CUST-006118,33,Month-to-month,47.82,1569.0,2,0,1,No,Electronic check,1,1,1,1,0,326.4,1
CUST-006119,40,One year,84.18,3261.18,1,1,0,DSL,Bank transfer (automatic),0,0,1,0,1,76.4,0
CUST-006120,17,One year,91.96,1533.55,2,1,0,DSL,Mailed check,1,0,0,0,0,117.9,0
CUST-006121,30,Month-to-month,33.28,940.72,1,0,0,DSL,Credit card (automatic),1,0,1,0,0,57.3,0
CUST-006122,26,Month-to-month,118.56,3192.68,1,0,0,Fiber optic,Electronic check,1,1,0,0,3,225.3,1
CUST-006123,67,Month-to-month,40.63,2943.84,2,0,1,DSL,Bank transfer (automatic),1,0,0,0,2,175.4,0
CUST-006124,72,Month-to-month,15.0,1208.63,0,1,0,No,Electronic check,1,0,0,1,1,272.2,0
CUST-006125,48,Month-to-month,90.27,4386.74,0,1,1,Fiber optic,Bank transfer (automatic),1,0,0,0,1,85.7,0
CUST-006126,15,Month-to-month,77.68,1155.2,2,1,1,DSL,Electronic check,0,1,0,0,4,385.2,1
CUST-006127,72,Month-to-month,52.11,3744.99,0,1,0,Fiber optic,Credit card (automatic),1,1,0,1,2,155.9,0
CUST-006128,56,Month-to-month,40.43,2418.17,0,0,0,Fiber optic,Electronic check,1,0,1,0,0,122.4,0
CUST-006129,38,Month-to-month,77.63,3148.22,2,0,1,Fiber optic,Bank transfer (automatic),0,0,1,0,1,140.8,1
CUST-006130,45,Month-to-month,74.29,3302.83,2,0,0,Fiber optic,Electronic check,1,0,1,1,1,105.8,1
CUST-006131,8,Two year,99.24,841.69,2,0,1,No,Electronic check,1,0,1,0,2,197.9,0
CUST-006132,26,Month-to-month,90.3,2366.77,2,0,0,Fiber optic,Mailed check,1,1,1,1,0,89.9,1
CUST-006133,71,Month-to-month,108.36,7410.62,0,0,0,Fiber optic,Electronic check,1,0,1,1,2,78.2,0
CUST-006134,8,Month-to-month,95.24,756.03,4,0,1,Fiber optic,Bank transfer (automatic),1,1,0,0,2,170.6,1
CUST-006135,8,Month-to-month,129.22,1121.79,3,0,1,Fiber optic,Electronic check,1,0,1,0,1,89.4,1
CUST-006136,56,Month-to-month,67.71,3928.58,1,1,1,Fiber optic,Bank transfer (automatic),0,0,0,0,1,309.1,0
CUST-006137,42,Month-to-month,62.8,2570.77,3,0,1,DSL,Credit card (automatic),0,0,1,0,2,113.9,1
CUST-006138,8,Month-to-month,25.77,215.82,3,0,0,DSL,Credit card (automatic),0,0,1,0,1,116.7,1
CUST-006139,24,Two year,85.28,2119.78,0,0,0,No,Electronic check,1,1,0,0,5,129.2,0
CUST-006140,38,Two year,92.85,3473.62,1,1,0,No,Mailed check,0,0,0,1,5,65.4,1
CUST-006141,35,Month-to-month,86.82,2925.26,2,1,1,DSL,Electronic check,1,0,1,0,3,141.1,0
CUST-006142,40,Month-to-month,61.88,2337.67,0,0,1,No,Mailed check,1,0,1,1,4,141.5,0
CUST-006143,23,Two year,52.76,1113.72,0,1,0,Fiber optic,Credit card (automatic),1,0,1,1,1,162.2,0
CUST-006144,36,Month-to-month,62.84,2188.24,10,1,0,DSL,Electronic check,0,1,0,1,0,92.9,1
CUST-006145,48,Two year,48.06,2286.38,0,1,0,No,Electronic check,1,0,0,0,0,107.7,1
CUST-006146,45,One year,88.07,4212.86,1,0,0,No,Credit card (automatic),1,0,0,0,1,59.4,0
CUST-006147,23,Month-to-month,79.33,1899.79,0,0,1,Fiber optic,Mailed check,1,0,1,0,4,10.0,0
CUST-006148,51,Month-to-month,78.8,4058.29,1,0,0,Fiber optic,Electronic check,1,0,1,0,0,159.5,1
CUST-006149,13,Month-to-month,119.35,1406.18,0,0,1,DSL,Credit card (automatic),0,0,0,1,0,185.4,0
CUST-006150,18,Two year,109.98,2008.87,1,0,0,Fiber optic,Electronic check,0,0,1,0,2,47.7,0
CUST-006151,56,Month-to-month,116.9,6007.81,2,1,0,Fiber optic,Credit card (automatic),1,0,0,0,0,31.8,1
CUST-006152,50,One year,77.2,4028.53,7,0,1,Fiber optic,Electronic check,1,0,1,0,2,150.0,0
CUST-006153,25,Month-to-month,37.49,979.5,5,0,0,DSL,Credit card (automatic),1,0,0,1,0,84.5,1
CUST-006154,17,Two year,116.67,1988.44,0,1,1,Fiber optic,Credit card (automatic),1,0,0,1,2,123.4,0
CUST-006155,19,One year,102.3,2023.09,2,0,0,No,Electronic check,1,0,1,0,1,200.4,0
CUST-006156,46,Month-to-month,32.84,1587.25,1,0,0,No,Credit card (automatic),1,0,1,0,0,30.8,1
CUST-006157,40,Month-to-month,52.06,2093.81,1,0,0,DSL,Electronic check,0,0,0,1,4,99.1,0
CUST-006158,16,Month-to-month,67.14,1066.46,0,1,0,Fiber optic,Credit card (automatic),1,0,1,0,0,119.7,1
CUST-006159,50,Two year,77.04,3596.08,5,0,0,DSL,Bank transfer (automatic),1,0,1,0,4,142.6,1
CUST-006160,24,One year,117.16,2761.92,2,1,1,Fiber optic,Electronic check,1,0,1,0,5,79.1,0
CUST-006161,14,Month-to-month,55.79,742.14,0,1,1,DSL,Bank transfer (automatic),1,0,0,0,5,38.2,0
CUST-006162,21,Two year,55.72,1111.22,1,0,0,No,Electronic check,1,0,0,0,3,87.0,1
CUST-006163,32,Month-to-month,41.08,1266.39,1,0,1,Fiber optic,Bank transfer (automatic),1,0,1,0,3,257.2,0
CUST-006164,49,Month-to-month,66.14,2923.01,3,1,1,Fiber optic,Bank transfer (automatic),1,1,0,1,4,201.9,1
CUST-006165,46,Two year,127.68,6160.88,3,0,0,Fiber optic,Mailed check,1,0,1,1,0,8.2,0
CUST-006166,28,Month-to-month,77.32,2188.67,1,1,0,DSL,Credit card (automatic),0,0,1,1,3,114.6,0
CUST-006167,35,Two year,88.16,3264.7,2,1,1,DSL,Credit card (automatic),0,0,0,1,1,90.6,0
CUST-006168,26,Month-to-month,55.87,1510.87,1,1,0,DSL,Bank transfer (automatic),1,0,0,0,5,209.7,1
CUST-006169,16,One year,83.17,1363.91,2,0,0,Fiber optic,Bank transfer (automatic),1,0,0,1,0,149.0,1
CUST-006170,29,Month-to-month,65.47,1974.03,1,1,0,No,Electronic check,0,0,1,0,5,133.8,0
CUST-006171,5,Month-to-month,73.11,368.31,1,0,1,DSL,Credit card (automatic),0,0,0,0,1,222.1,1
CUST-006172,72,Month-to-month,124.4,9541.26,1,1,0,Fiber optic,Credit card (automatic),0,0,1,1,4,210.2,1
CUST-006173,34,One year,48.18,1596.37,0,1,0,DSL,Credit card (automatic),0,1,1,1,5,116.1,0
CUST-006174,41,Month-to-month,86.55,3544.98,1,1,0,Fiber optic,Credit card (automatic),1,0,0,0,2,126.3,0
CUST-006175,17,Month-to-month,70.17,1176.24,6,1,0,Fiber optic,Mailed check,1,0,0,0,2,135.2,0
CUST-006176,34,Month-to-month,15.8,591.38,1,1,1,No,Electronic check,1,0,1,1,4,82.5,0
CUST-006177,38,Month-to-month,88.0,3238.36,1,0,1,No,Bank transfer (automatic),0,0,1,0,0,159.1,0
CUST-006178,25,One year,133.69,3557.45,1,0,1,Fiber optic,Electronic check,1,1,0,0,1,37.8,0
CUST-006179,26,One year,109.14,2644.21,0,0,0,Fiber optic,Bank transfer (automatic),1,0,0,0,3,42.1,1
CUST-006180,10,One year,70.76,711.15,1,0,0,DSL,Mailed check,1,0,1,0,5,170.7,1
CUST-006181,72,Month-to-month,111.34,7943.69,2,0,0,DSL,Bank transfer (automatic),0,1,1,0,2,42.2,0
CUST-006182,17,Month-to-month,76.47,1233.63,1,0,0,No,Bank transfer (automatic),1,1,1,0,3,366.3,1
CUST-006183,19,Month-to-month,110.07,2021.85,1,0,1,Fiber optic,Electronic check,0,0,1,0,5,95.8,0
CUST-006184,72,Month-to-month,68.52,5057.53,2,1,0,DSL,Bank transfer (automatic),1,0,0,1,0,107.7,0
CUST-006185,43,Two year,72.34,3058.29,3,0,1,DSL,Mailed check,1,0,1,1,4,33.5,0
CUST-006186,49,Month-to-month,61.68,2876.47,1,1,0,DSL,Electronic check,0,0,1,0,1,39.1,0
CUST-006187,9,Two year,110.81,1042.06,2,1,1,Fiber optic,Mailed check,0,0,0,0,3,270.7,0
CUST-006188,34,Month-to-month,62.72,2130.22,2,1,0,Fiber optic,Electronic check,0,0,0,1,2,34.0,0
CUST-006189,9,One year,75.48,690.57,4,1,1,No,Mailed check,0,0,1,0,5,47.6,1
CUST-006190,15,One year,68.67,1086.35,0,0,0,Fiber optic,Electronic check,0,0,0,0,2,137.3,0
CUST-006191,72,One year,77.75,6030.67,3,1,0,No,Electronic check,1,0,0,0,1,109.3,0
CUST-006192,13,One year,124.85,1437.53,0,0,0,DSL,Mailed check,1,1,0,1,5,110.9,1
CUST-006193,47,Month-to-month,82.5,3856.67,0,1,0,DSL,Mailed check,0,0,0,0,2,192.5,0
CUST-006194,14,One year,94.35,1210.15,0,1,1,DSL,Credit card (automatic),0,0,0,0,4,111.3,0
CUST-006195,15,Month-to-month,87.56,1492.42,4,1,1,DSL,Electronic check,0,0,0,1,3,123.4,0
CUST-006196,72,Month-to-month,15.0,1088.14,0,1,1,No,Mailed check,1,1,1,0,4,58.6,0
CUST-006197,28,Month-to-month,61.71,1811.96,0,0,1,No,Electronic check,0,0,0,1,5,232.8,0
CUST-006198,8,Month-to-month,76.2,590.49,1,0,0,DSL,Electronic check,1,0,1,0,0,18.9,1
CUST-006199,49,Two year,37.78,1818.32,1,0,1,Fiber optic,Mailed check,1,0,0,0,0,163.2,0
CUST-006200,68,Month-to-month,82.9,5947.07,1,1,0,Fiber optic,Mailed check,1,1,1,0,2,236.5,0
CUST-006201,52,Month-to-month,88.02,4694.92,1,0,0,Fiber optic,Bank transfer (automatic),1,0,1,0,5,83.5,1
CUST-006202,26,Month-to-month,34.21,964.07,1,1,1,DSL,Credit card (automatic),0,0,1,0,1,127.4,0
CUST-006203,27,One year,40.76,1054.61,0,1,0,DSL,Credit card (automatic),1,0,0,1,4,48.5,0
CUST-006204,20,One year,98.43,1947.14,5,0,1,DSL,Credit card (automatic),1,0,1,0,0,138.0,1
CUST-006205,11,Two year,15.0,169.23,0,0,1,No,Electronic check,0,1,0,0,3,125.2,0
CUST-006206,38,One year,96.79,3800.44,0,0,1,Fiber optic,Electronic check,1,0,1,0,4,25.1,0
CUST-006207,25,Month-to-month,119.09,3039.66,1,1,1,Fiber optic,Mailed check,1,0,0,0,1,148.9,0
CUST-006208,9,Month-to-month,64.32,540.58,1,1,0,No,Bank transfer (automatic),0,1,1,1,5,119.0,1
CUST-006209,28,Month-to-month,100.22,2673.9,2,0,0,DSL,Bank transfer (automatic),1,0,1,0,2,138.6,0
CUST-006210,17,One year,54.32,939.21,0,1,0,DSL,Mailed check,1,0,1,0,5,113.1,0
CUST-006211,36,Two year,42.37,1407.62,2,0,1,DSL,Credit card (automatic),1,0,1,0,1,170.0,0
CUST-006212,34,Month-to-month,89.76,2916.64,2,0,0,Fiber optic,Bank transfer (automatic),1,1,0,0,3,72.6,1
CUST-006213,22,Month-to-month,80.46,1773.42,1,1,1,Fiber optic,Credit card (automatic),0,0,0,0,3,87.7,0
CUST-006214,29,One year,50.7,1413.25,2,1,0,DSL,Credit card (automatic),1,0,1,1,2,114.8,1
CUST-006215,31,One year,60.49,1896.69,3,0,0,DSL,Mailed check,1,0,1,0,4,232.2,0
CUST-006216,56,One year,70.2,3913.59,1,0,1,Fiber optic,Electronic check,1,1,0,0,0,90.8,0
CUST-006217,29,Month-to-month,69.05,1923.54,1,0,0,Fiber optic,Mailed check,1,0,1,0,5,58.7,0
CUST-006218,20,Month-to-month,36.95,710.75,0,0,1,DSL,Mailed check,1,0,0,0,5,45.4,0
CUST-006219,24,Month-to-month,100.41,2563.82,2,0,1,Fiber optic,Credit card (automatic),0,0,0,0,2,99.8,0
CUST-006220,72,Month-to-month,40.03,2937.52,0,1,1,DSL,Credit card (automatic),0,0,1,1,2,95.3,0
CUST-006221,14,One year,33.95,481.18,2,0,1,DSL,Electronic check,1,0,1,0,0,140.2,0
CUST-006222,25,Month-to-month,38.16,956.62,0,0,0,DSL,Electronic check,1,0,0,1,2,61.4,0
CUST-006223,25,Month-to-month,95.14,2270.58,2,0,0,Fiber optic,Credit card (automatic),1,1,0,0,3,100.1,1
CUST-006224,26,Two year,106.73,2696.67,4,1,1,Fiber optic,Bank transfer (automatic),1,1,1,1,3,167.2,0
CUST-006225,11,Month-to-month,108.78,1052.95,2,1,0,Fiber optic,Credit card (automatic),0,0,1,0,1,272.4,0
CUST-006226,24,Month-to-month,70.36,1634.9,3,0,0,DSL,Mailed check,1,0,0,1,4,34.7,0
CUST-006227,19,Two year,103.39,1903.55,0,0,1,Fiber optic,Electronic check,1,0,0,0,5,105.0,0
CUST-006228,36,Month-to-month,88.63,3278.2,0,1,0,Fiber optic,Electronic check,1,0,0,0,5,121.7,0
CUST-006229,62,One year,101.39,6096.61,0,0,0,Fiber optic,Electronic check,0,0,1,0,3,61.3,0
CUST-006230,38,Month-to-month,101.01,3989.21,1,1,1,Fiber optic,Mailed check,1,0,0,1,0,56.2,0
CUST-006231,32,Two year,71.76,2266.5,4,1,0,Fiber optic,Electronic check,1,1,0,0,3,92.8,0
CUST-006232,41,Month-to-month,38.11,1574.11,1,1,0,DSL,Mailed check,1,0,1,1,4,204.4,0
CUST-006233,34,Month-to-month,98.8,3353.96,0,1,1,DSL,Credit card (automatic),1,0,1,0,0,144.2,0
CUST-006234,29,Two year,68.13,2044.9,5,0,0,DSL,Electronic check,1,0,0,0,3,61.1,0
CUST-006235,55,One year,116.29,6781.69,6,0,1,Fiber optic,Credit card (automatic),1,0,0,0,3,154.8,1
CUST-006236,24,Month-to-month,62.5,1425.97,0,0,0,Fiber optic,Electronic check,0,0,1,1,4,18.0,0
CUST-006237,11,Month-to-month,79.86,955.74,1,1,0,Fiber optic,Bank transfer (automatic),0,0,1,1,0,61.4,0
CUST-006238,19,Month-to-month,30.58,556.13,1,0,1,DSL,Electronic check,0,0,0,1,2,36.2,0
CUST-006239,17,Month-to-month,81.16,1367.01,1,0,0,DSL,Credit card (automatic),1,0,1,0,4,125.3,0
CUST-006240,72,Month-to-month,49.64,3479.56,1,0,0,DSL,Electronic check,1,0,1,1,5,81.3,0
CUST-006241,64,Month-to-month,51.14,3519.7,1,1,0,DSL,Mailed check,0,0,0,1,3,128.7,0
CUST-006242,32,Two year,138.9,4209.03,1,0,1,Fiber optic,Credit card (automatic),1,0,1,1,3,278.9,0
CUST-006243,17,One year,81.66,1438.03,2,0,1,DSL,Electronic check,1,0,0,0,4,14.4,1
CUST-006244,55,Two year,81.35,3980.21,1,0,0,DSL,Credit card (automatic),0,1,0,1,2,129.4,0
CUST-006245,32,Month-to-month,59.95,1996.46,0,0,0,Fiber optic,Bank transfer (automatic),0,0,0,0,1,83.6,0
CUST-006246,24,Month-to-month,18.56,441.18,3,0,0,DSL,Mailed check,0,0,0,0,2,80.3,1
CUST-006247,32,One year,89.27,2803.15,0,0,0,No,Electronic check,1,0,1,0,5,79.7,0
CUST-006248,24,Month-to-month,15.0,347.55,0,0,1,No,Credit card (automatic),1,0,0,0,5,103.8,0
CUST-006249,41,Month-to-month,77.46,3165.28,0,0,0,Fiber optic,Credit card (automatic),1,0,1,1,4,14.6,0
CUST-006250,10,Two year,44.71,439.16,1,0,0,DSL,Electronic check,1,0,0,1,4,96.8,0
CUST-006251,41,One year,66.87,2537.29,2,1,1,Fiber optic,Credit card (automatic),1,0,1,1,2,119.1,0
CUST-006252,24,Month-to-month,78.98,1821.13,1,1,1,Fiber optic,Credit card (automatic),1,0,1,1,5,120.0,0
CUST-006253,55,Month-to-month,63.61,3638.21,2,1,0,Fiber optic,Bank transfer (automatic),1,0,0,0,0,24.8,0
CUST-006254,65,Month-to-month,34.6,2203.72,1,1,1,DSL,Credit card (automatic),0,0,0,1,1,47.0,0
CUST-006255,72,One year,71.38,4936.21,1,0,0,DSL,Electronic check,1,1,1,0,2,222.4,0
CUST-006256,72,Month-to-month,91.66,6614.86,2,1,1,DSL,Mailed check,1,0,1,0,2,156.6,1
CUST-006257,72,Two year,46.59,3436.43,3,1,1,Fiber optic,Credit card (automatic),0,0,0,1,0,153.6,0
CUST-006258,54,Month-to-month,94.89,5290.63,0,0,0,Fiber optic,Credit card (automatic),0,1,0,0,0,28.1,1
CUST-006259,11,Month-to-month,78.54,878.54,4,0,0,No,Electronic check,1,0,0,1,3,125.3,1
CUST-006260,3,One year,76.16,242.29,3,1,0,DSL,Bank transfer (automatic),0,0,0,0,4,84.8,0
CUST-006261,59,Two year,84.47,4995.98,0,1,1,Fiber optic,Electronic check,1,0,1,0,2,131.4,0
CUST-006262,15,Two year,50.07,742.18,1,0,0,DSL,Electronic check,0,0,0,1,3,71.8,0
CUST-006263,72,Month-to-month,83.96,6309.13,0,1,0,DSL,Electronic check,1,1,1,0,5,190.7,0
CUST-006264,7,Month-to-month,98.38,664.26,0,1,1,Fiber optic,Electronic check,1,0,1,0,0,115.9,0
CUST-006265,53,One year,17.64,916.03,0,0,0,DSL,Mailed check,1,0,1,0,5,30.3,0
CUST-006266,34,Two year,59.47,1860.92,1,0,1,No,Mailed check,1,0,0,0,2,37.3,0
CUST-006267,8,Two year,66.39,579.29,0,1,1,No,Credit card (automatic),0,0,0,1,0,62.9,0
CUST-006268,34,Month-to-month,37.66,1413.95,2,0,0,DSL,Credit card (automatic),0,0,1,0,1,397.9,1
CUST-006269,16,One year,58.91,934.31,0,0,0,DSL,Mailed check,1,0,1,0,1,153.9,0
CUST-006270,28,Month-to-month,77.29,2246.73,9,0,0,DSL,Electronic check,1,1,1,1,3,130.3,1
CUST-006271,28,Month-to-month,44.32,1284.37,2,1,1,No,Credit card (automatic),0,1,0,0,1,318.1,0
CUST-006272,17,Month-to-month,70.82,1215.34,2,0,0,DSL,Electronic check,0,0,0,0,3,137.9,1
CUST-006273,22,Month-to-month,65.26,1522.97,2,0,0,Fiber optic,Bank transfer (automatic),1,0,0,0,5,122.9,0
CUST-006274,15,Month-to-month,34.08,478.87,0,0,1,DSL,Electronic check,1,0,0,1,0,94.2,1
CUST-006275,5,Month-to-month,105.39,522.08,3,0,1,Fiber optic,Credit card (automatic),1,0,1,1,2,44.5,1
CUST-006276,32,One year,94.35,2704.17,7,0,1,DSL,Mailed check,1,0,0,0,3,117.3,0
CUST-006277,72,One year,35.41,2420.64,2,0,0,No,Credit card (automatic),1,0,1,0,2,54.6,0
CUST-006278,16,Month-to-month,113.83,1673.24,0,1,0,Fiber optic,Credit card (automatic),1,1,1,1,2,84.1,1
CUST-006279,72,One year,64.67,4228.37,7,1,1,DSL,Credit card (automatic),1,0,1,0,5,138.1,1
CUST-006280,72,Month-to-month,15.0,1053.25,1,0,1,DSL,Credit card (automatic),1,0,0,1,5,42.0,0
CUST-006281,21,Month-to-month,54.13,1157.47,0,1,0,Fiber optic,Bank transfer (automatic),0,1,1,0,0,110.3,0
CUST-006282,25,Two year,105.21,2542.76,2,0,0,Fiber optic,Credit card (automatic),0,1,1,0,2,60.3,1
CUST-006283,21,Month-to-month,24.4,498.43,3,0,1,No,Electronic check,1,0,1,0,4,247.1,0
CUST-006284,11,Month-to-month,74.54,789.82,1,1,1,Fiber optic,Credit card (automatic),1,0,1,1,5,175.4,0
CUST-006285,25,One year,62.97,1585.3,2,1,1,No,Electronic check,0,0,1,1,5,67.3,0
CUST-006286,23,Month-to-month,76.2,1699.63,7,1,0,DSL,Mailed check,0,0,1,1,2,153.3,0
CUST-006287,32,Month-to-month,69.62,2115.72,0,0,0,No,Mailed check,1,0,0,0,2,226.6,1
CUST-006288,33,One year,104.21,3599.24,1,0,1,No,Credit card (automatic),1,0,1,0,2,162.7,0
CUST-006289,11,One year,69.6,732.21,3,0,1,Fiber optic,Mailed check,1,0,1,1,0,134.0,0
CUST-006290,46,Month-to-month,67.47,2906.26,0,0,0,No,Bank transfer (automatic),1,0,1,0,4,106.7,1
CUST-006291,25,Two year,101.32,2626.71,1,0,1,Fiber optic,Bank transfer (automatic),0,0,0,0,4,68.9,0
CUST-006292,13,Month-to-month,107.81,1283.54,2,0,0,Fiber optic,Bank transfer (automatic),1,0,0,1,0,99.6,1
CUST-006293,25,Month-to-month,91.28,2422.27,4,0,0,DSL,Electronic check,1,0,0,0,1,36.4,1
CUST-006294,34,Month-to-month,54.15,1746.65,2,0,0,DSL,Bank transfer (automatic),0,0,0,0,2,22.2,0
CUST-006295,72,Month-to-month,106.29,7683.56,2,0,0,Fiber optic,Bank transfer (automatic),0,0,1,0,2,123.6,1
CUST-006296,72,Two year,41.85,2863.36,0,0,0,No,Credit card (automatic),0,0,0,0,4,142.1,0
CUST-006297,20,One year,63.06,1262.02,0,1,0,No,Credit card (automatic),0,0,0,1,2,47.4,0
CUST-006298,26,Month-to-month,102.53,2596.34,2,1,0,Fiber optic,Electronic check,1,0,1,0,5,78.8,0
CUST-006299,15,Month-to-month,89.38,1274.84,1,1,1,No,Electronic check,0,0,0,1,5,71.3,1
CUST-006300,38,Month-to-month,104.26,3644.21,2,0,0,Fiber optic,Bank transfer (automatic),1,0,0,0,5,182.2,0
CUST-006301,20,One year,92.26,1795.31,2,0,0,Fiber optic,Mailed check,1,0,1,0,3,142.3,0
CUST-006302,26,Month-to-month,63.01,1677.17,2,0,0,DSL,Bank transfer (automatic),1,0,1,0,5,248.7,1
CUST-006303,61,Two year,103.72,6540.25,1,1,1,Fiber optic,Credit card (automatic),1,0,0,0,5,53.3,0
CUST-006304,11,Month-to-month,144.73,1534.83,2,1,0,Fiber optic,Electronic check,1,0,1,0,4,166.7,1
CUST-006305,72,Month-to-month,111.36,7730.79,1,1,0,Fiber optic,Credit card (automatic),1,0,1,1,3,73.9,0
CUST-006306,41,Two year,99.54,4045.57,2,1,1,Fiber optic,Electronic check,0,0,0,1,2,279.5,0
CUST-006307,71,Two year,30.78,2185.53,1,1,0,No,Credit card (automatic),1,0,1,1,3,239.0,0
CUST-006308,51,Month-to-month,43.89,2238.02,3,0,0,No,Mailed check,1,0,0,0,3,76.1,0
CUST-006309,57,Month-to-month,81.9,4567.02,1,0,0,Fiber optic,Credit card (automatic),0,0,1,0,2,116.3,0
CUST-006310,31,Two year,112.75,3431.37,3,1,0,Fiber optic,Electronic check,1,0,1,0,5,113.5,0
CUST-006311,12,One year,66.58,787.48,2,1,1,Fiber optic,Bank transfer (automatic),1,1,1,0,3,105.3,0
CUST-006312,18,One year,106.06,1678.54,3,0,1,Fiber optic,Electronic check,1,1,1,0,0,194.8,1
CUST-006313,16,One year,92.99,1457.67,1,1,0,Fiber optic,Bank transfer (automatic),1,0,0,1,3,159.3,0
CUST-006314,4,Two year,73.87,307.04,0,0,0,No,Credit card (automatic),1,0,1,1,4,202.2,0
CUST-006315,61,Month-to-month,59.6,3888.86,0,0,1,No,Credit card (automatic),0,1,1,0,4,151.0,0
CUST-006316,28,Month-to-month,75.08,2225.9,1,0,1,Fiber optic,Bank transfer (automatic),1,0,0,0,2,125.1,0
CUST-006317,15,Month-to-month,40.66,612.65,0,1,0,DSL,Electronic check,1,0,1,0,4,233.9,0
CUST-006318,72,One year,105.29,7130.24,4,1,0,Fiber optic,Credit card (automatic),0,0,0,0,1,53.5,1
CUST-006319,72,Month-to-month,63.08,4417.39,2,1,0,No,Mailed check,0,0,0,1,4,101.2,0
CUST-006320,9,Month-to-month,38.07,329.58,0,0,0,No,Bank transfer (automatic),0,0,0,1,0,123.3,1
CUST-006321,25,One year,70.58,1640.19,2,0,0,No,Electronic check,1,0,0,0,3,284.3,0
CUST-006322,24,Month-to-month,150.0,3430.43,1,0,0,Fiber optic,Credit card (automatic),1,0,0,0,3,62.8,1
CUST-006323,14,Two year,84.96,1146.09,1,0,0,Fiber optic,Mailed check,0,0,0,0,1,53.6,0
CUST-006324,60,Month-to-month,106.35,5936.0,2,1,0,DSL,Mailed check,1,1,1,1,4,79.8,0
CUST-006325,4,One year,25.37,106.21,2,1,1,Fiber optic,Electronic check,0,1,1,0,5,77.8,1
CUST-006326,72,One year,58.24,4320.98,2,0,1,DSL,Bank transfer (automatic),1,0,1,0,3,162.9,0
CUST-006327,32,Month-to-month,88.87,2836.85,1,1,1,No,Electronic check,0,1,1,0,1,14.1,0
CUST-006328,72,Month-to-month,65.39,4797.93,0,1,0,DSL,Credit card (automatic),0,0,0,1,1,291.9,1
CUST-006329,30,Month-to-month,48.93,1490.35,0,0,1,No,Credit card (automatic),1,0,0,0,5,48.2,0
CUST-006330,24,One year,89.34,2065.52,2,1,1,Fiber optic,Credit card (automatic),0,0,1,0,3,350.6,1
CUST-006331,63,One year,89.63,6154.59,7,1,0,DSL,Mailed check,1,0,0,0,0,128.7,0
CUST-006332,72,Month-to-month,143.59,9941.15,0,1,0,Fiber optic,Bank transfer (automatic),1,0,1,1,3,53.7,1
CUST-006333,72,Month-to-month,116.64,7697.68,4,0,0,Fiber optic,Mailed check,1,0,0,0,4,57.1,1
CUST-006334,6,Two year,77.38,468.02,0,1,0,Fiber optic,Credit card (automatic),0,0,0,0,4,387.4,0
CUST-006335,72,Month-to-month,84.18,6231.96,1,1,0,Fiber optic,Mailed check,1,0,1,0,5,100.6,0
CUST-006336,23,Two year,84.36,1910.99,2,1,1,Fiber optic,Mailed check,0,1,1,0,1,99.5,0
CUST-006337,27,Month-to-month,43.32,1242.43,2,1,1,DSL,Mailed check,1,0,1,1,3,160.3,1
CUST-006338,23,Month-to-month,61.12,1418.46,0,1,0,No,Mailed check,1,0,0,0,2,130.1,1
CUST-006339,18,Month-to-month,58.15,1003.75,1,1,0,No,Credit card (automatic),1,0,1,0,0,101.4,1
CUST-006340,25,Month-to-month,59.99,1455.23,0,0,1,Fiber optic,Electronic check,0,0,1,0,4,109.5,0
CUST-006341,13,Two year,85.95,1125.65,1,1,0,DSL,Bank transfer (automatic),1,0,0,0,2,162.4,0
CUST-006342,72,One year,100.52,7266.57,0,1,0,Fiber optic,Mailed check,1,0,0,1,1,147.0,1
CUST-006343,50,One year,48.98,2597.58,1,1,1,DSL,Electronic check,1,0,0,0,4,250.1,0
CUST-006344,36,One year,68.69,2576.06,0,0,1,No,Credit card (automatic),0,1,1,1,0,110.5,0
CUST-006345,23,One year,40.89,866.75,0,1,1,DSL,Credit card (automatic),1,0,0,1,0,167.7,0
CUST-006346,19,One year,51.19,964.4,2,1,1,DSL,Credit card (automatic),1,0,1,0,1,205.1,0
CUST-006347,42,One year,82.19,3237.46,2,1,1,DSL,Mailed check,0,0,0,0,5,116.1,0
CUST-006348,37,Two year,101.78,4040.5,1,1,1,Fiber optic,Credit card (automatic),1,0,0,0,1,106.2,0
CUST-006349,66,One year,77.17,4845.31,0,0,0,Fiber optic,Bank transfer (automatic),0,0,1,0,2,190.4,0
CUST-006350,20,Month-to-month,97.79,1975.56,2,0,1,Fiber optic,Bank transfer (automatic),0,0,0,0,2,68.7,1
CUST-006351,18,Month-to-month,88.14,1531.16,2,1,1,Fiber optic,Electronic check,0,0,1,0,3,155.1,0
CUST-006352,49,Month-to-month,40.07,1769.19,3,1,1,No,Electronic check,0,0,0,0,1,159.3,0
CUST-006353,56,Month-to-month,85.82,4504.27,8,1,1,Fiber optic,Electronic check,0,0,1,0,1,218.3,1
CUST-006354,72,Month-to-month,75.8,5389.54,2,0,0,DSL,Bank transfer (automatic),1,1,1,0,1,164.0,0
CUST-006355,6,Month-to-month,97.65,602.56,3,0,0,Fiber optic,Credit card (automatic),1,0,0,1,0,201.3,1
CUST-006356,72,Month-to-month,47.68,3524.1,3,1,1,Fiber optic,Bank transfer (automatic),1,0,1,0,1,185.9,0
CUST-006357,34,Two year,94.15,2988.11,3,0,0,Fiber optic,Electronic check,0,0,1,0,0,64.1,0
CUST-006358,21,One year,90.64,1933.26,1,1,0,Fiber optic,Credit card (automatic),0,0,0,0,1,162.2,1
CUST-006359,42,Month-to-month,42.54,1871.53,2,0,0,Fiber optic,Electronic check,1,0,1,0,5,229.4,1
CUST-006360,41,Two year,44.8,1883.89,0,0,0,DSL,Credit card (automatic),1,1,1,0,3,124.2,0
CUST-006361,21,Two year,102.29,2109.24,3,0,0,Fiber optic,Mailed check,1,0,0,0,5,166.7,0
CUST-006362,7,Two year,124.62,874.44,2,0,0,Fiber optic,Bank transfer (automatic),0,0,0,1,4,97.5,0
CUST-006363,72,Month-to-month,48.99,3554.16,1,0,1,Fiber optic,Electronic check,1,0,0,0,5,262.8,0
CUST-006364,17,Month-to-month,89.48,1627.42,2,1,1,DSL,Mailed check,1,0,0,1,0,49.7,0
CUST-006365,15,Month-to-month,17.99,292.81,4,0,0,DSL,Mailed check,1,0,0,0,5,202.5,0
CUST-006366,18,One year,99.94,1856.93,0,1,1,DSL,Mailed check,1,0,0,1,1,39.8,0
CUST-006367,54,One year,84.03,4549.74,2,1,0,Fiber optic,Electronic check,1,0,0,0,5,228.3,0
CUST-006368,23,One year,47.13,1082.31,1,1,0,DSL,Bank transfer (automatic),0,0,0,1,3,93.4,0
CUST-006369,19,One year,98.86,1885.16,4,0,1,Fiber optic,Electronic check,0,0,1,0,1,23.8,0
CUST-006370,40,Two year,40.94,1654.42,8,0,1,DSL,Credit card (automatic),0,0,1,0,3,90.0,0
CUST-006371,36,One year,102.9,3608.78,1,0,1,Fiber optic,Mailed check,1,0,0,1,5,137.7,0
CUST-006372,19,Two year,86.9,1813.58,0,0,0,Fiber optic,Mailed check,0,0,0,0,0,147.6,0
CUST-006373,6,Two year,15.0,86.44,0,1,1,Fiber optic,Bank transfer (automatic),1,0,0,0,5,134.9,1
CUST-006374,53,Month-to-month,69.73,3935.09,1,1,1,Fiber optic,Credit card (automatic),1,0,0,1,1,32.8,0
CUST-006375,37,Two year,94.78,3121.48,2,1,0,Fiber optic,Electronic check,1,0,0,0,0,102.4,0
CUST-006376,4,Month-to-month,116.66,460.22,3,1,0,Fiber optic,Bank transfer (automatic),1,0,0,1,1,43.0,1
CUST-006377,72,Month-to-month,98.29,6956.99,5,0,1,Fiber optic,Credit card (automatic),1,0,0,0,3,71.5,0
CUST-006378,4,Two year,116.26,470.36,6,1,1,Fiber optic,Mailed check,1,0,1,0,1,187.1,1
CUST-006379,16,Month-to-month,42.65,669.97,6,0,0,DSL,Electronic check,1,1,0,0,4,101.2,1
CUST-006380,17,Month-to-month,108.19,1966.69,5,0,1,Fiber optic,Electronic check,1,0,1,0,3,109.3,1
CUST-006381,19,Two year,83.61,1569.34,2,0,0,No,Credit card (automatic),0,1,1,0,4,47.9,0
CUST-006382,19,Month-to-month,24.23,436.68,1,0,0,DSL,Electronic check,1,0,1,0,4,76.8,0
CUST-006383,10,Month-to-month,92.49,880.23,3,0,0,DSL,Electronic check,0,0,0,0,3,106.2,1
CUST-006384,34,Month-to-month,98.18,3259.18,0,0,0,Fiber optic,Credit card (automatic),1,0,0,0,2,121.6,1
CUST-006385,59,Month-to-month,82.96,5071.91,1,0,1,Fiber optic,Credit card (automatic),0,0,1,0,3,89.8,0
CUST-006386,34,Month-to-month,57.53,2044.58,5,1,1,No,Mailed check,1,0,1,0,4,161.3,1
CUST-006387,38,Month-to-month,39.05,1394.7,1,1,0,DSL,Electronic check,1,0,1,0,0,27.4,0
CUST-006388,24,Two year,80.77,1860.93,2,0,1,No,Bank transfer (automatic),0,1,1,0,2,141.9,1
CUST-006389,33,Month-to-month,97.55,3047.64,1,0,0,Fiber optic,Credit card (automatic),0,0,1,0,4,235.7,0
CUST-006390,40,One year,104.57,4123.1,1,1,0,Fiber optic,Electronic check,0,0,0,1,0,242.9,0
CUST-006391,50,Month-to-month,91.97,4819.69,1,1,1,Fiber optic,Electronic check,1,0,0,0,5,128.0,0
CUST-006392,17,Month-to-month,70.14,1202.6,2,0,0,DSL,Credit card (automatic),1,0,0,1,0,94.0,0
CUST-006393,16,One year,57.6,946.95,1,1,1,DSL,Credit card (automatic),1,0,0,0,4,55.5,0
CUST-006394,3,Month-to-month,116.92,363.86,0,1,1,Fiber optic,Mailed check,1,0,0,1,5,43.5,1
CUST-006395,72,Month-to-month,80.16,5602.19,1,0,1,DSL,Credit card (automatic),0,0,1,0,4,75.2,1
CUST-006396,72,Month-to-month,69.32,4671.38,2,1,1,DSL,Bank transfer (automatic),1,0,0,0,4,105.1,1
CUST-006397,29,Month-to-month,61.64,1735.06,7,0,0,DSL,Credit card (automatic),1,0,1,1,3,54.7,0
CUST-006398,30,Month-to-month,20.8,649.63,2,0,1,No,Electronic check,1,0,1,0,5,96.4,0
CUST-006399,72,Month-to-month,15.38,1140.74,0,0,0,DSL,Mailed check,0,0,0,1,3,129.5,0
CUST-006400,10,Month-to-month,80.79,811.1,2,0,1,Fiber optic,Bank transfer (automatic),0,0,0,0,4,302.6,0
CUST-006401,14,Month-to-month,121.72,1784.93,1,0,0,Fiber optic,Mailed check,1,1,1,0,3,207.1,1
CUST-006402,72,Month-to-month,47.38,3436.2,2,1,0,No,Mailed check,1,0,1,1,2,128.8,0
CUST-006403,23,Two year,73.36,1659.28,1,0,0,Fiber optic,Bank transfer (automatic),0,0,1,0,1,144.1,1
CUST-006404,13,Month-to-month,65.69,786.98,0,0,1,Fiber optic,Bank transfer (automatic),0,0,1,1,2,107.2,0
CUST-006405,42,One year,32.74,1462.49,0,0,0,DSL,Electronic check,0,1,0,1,4,69.3,0
CUST-006406,18,One year,42.15,755.06,3,0,1,DSL,Mailed check,0,0,0,1,0,279.4,1
CUST-006407,72,Month-to-month,71.97,5064.89,1,1,1,DSL,Bank transfer (automatic),1,0,1,1,4,175.2,0
CUST-006408,33,Month-to-month,77.7,2550.94,0,1,1,Fiber optic,Bank transfer (automatic),0,0,1,0,0,109.2,0
CUST-006409,18,Month-to-month,76.57,1481.54,0,0,0,Fiber optic,Mailed check,0,0,0,0,3,67.0,0
CUST-006410,19,Month-to-month,74.34,1482.56,1,0,1,Fiber optic,Electronic check,0,0,0,0,4,181.5,1
CUST-006411,41,Month-to-month,95.92,3861.93,0,1,0,Fiber optic,Electronic check,0,0,0,1,2,333.7,1
CUST-006412,26,Month-to-month,99.76,2654.68,2,1,0,Fiber optic,Credit card (automatic),0,0,0,0,3,104.8,1
CUST-006413,23,Two year,18.27,445.99,1,1,0,DSL,Credit card (automatic),0,0,0,0,1,130.5,0
CUST-006414,51,One year,45.99,2386.23,3,1,1,No,Bank transfer (automatic),0,0,1,0,1,161.6,0
CUST-006415,72,Month-to-month,62.77,4546.72,3,1,1,No,Bank transfer (automatic),0,0,1,0,1,211.7,0
CUST-006416,47,Two year,75.97,3197.41,1,1,0,DSL,Electronic check,0,0,1,0,5,149.6,0
CUST-006417,16,Month-to-month,93.19,1583.91,1,0,1,Fiber optic,Mailed check,1,0,1,1,4,68.9,0
CUST-006418,12,Month-to-month,85.57,974.04,7,1,0,No,Mailed check,1,0,0,1,1,88.9,0
CUST-006419,49,Month-to-month,29.7,1319.18,0,0,0,No,Mailed check,0,0,1,0,0,194.7,0
CUST-006420,46,Two year,100.38,4200.91,2,1,0,Fiber optic,Electronic check,1,0,0,1,2,189.0,0
CUST-006421,22,Month-to-month,116.28,2448.78,0,1,0,DSL,Electronic check,1,0,0,0,4,72.3,1
CUST-006422,26,One year,66.19,1762.76,2,1,1,No,Credit card (automatic),0,0,1,0,2,152.1,0
CUST-006423,17,One year,92.21,1658.54,3,0,1,Fiber optic,Bank transfer (automatic),1,0,1,1,0,35.2,0
CUST-006424,12,Month-to-month,102.98,1256.87,2,0,0,Fiber optic,Credit card (automatic),0,0,0,1,0,74.0,1
CUST-006425,18,Month-to-month,51.37,1004.9,4,0,0,DSL,Bank transfer (automatic),0,0,0,0,2,85.8,0
CUST-006426,2,Month-to-month,41.33,80.99,1,0,1,No,Credit card (automatic),1,0,0,0,4,79.3,1
CUST-006427,67,One year,91.45,6056.05,1,1,0,Fiber optic,Electronic check,1,0,1,0,4,75.3,0
CUST-006428,9,Month-to-month,48.65,396.98,1,0,1,Fiber optic,Electronic check,1,0,0,0,0,141.0,1
CUST-006429,29,Month-to-month,99.9,2813.69,1,1,0,Fiber optic,Bank transfer (automatic),0,0,1,0,3,58.1,0
CUST-006430,3,Month-to-month,104.11,280.44,0,1,0,Fiber optic,Bank transfer (automatic),1,1,0,0,2,92.0,1
CUST-006431,45,One year,49.9,2094.86,0,0,0,Fiber optic,Electronic check,0,0,0,0,0,302.5,1
CUST-006432,55,One year,94.08,5337.43,1,0,0,Fiber optic,Bank transfer (automatic),1,0,0,0,2,65.7,0
CUST-006433,31,Month-to-month,84.59,2401.09,2,0,1,Fiber optic,Electronic check,1,0,1,1,3,83.3,0
CUST-006434,28,Month-to-month,101.95,2627.92,0,0,1,No,Electronic check,0,0,1,0,1,97.1,1
CUST-006435,17,Month-to-month,122.75,1903.34,1,1,0,Fiber optic,Credit card (automatic),1,0,1,0,4,156.3,0
CUST-006436,66,Month-to-month,86.04,5899.08,3,0,0,DSL,Bank transfer (automatic),0,0,1,0,2,19.5,1
CUST-006437,7,Month-to-month,95.27,721.54,2,0,1,DSL,Mailed check,1,0,0,1,5,94.1,1
CUST-006438,21,One year,80.87,1691.92,0,1,1,Fiber optic,Electronic check,0,0,1,1,2,128.8,0
CUST-006439,15,Month-to-month,71.5,1123.06,0,0,0,DSL,Credit card (automatic),0,0,1,0,4,119.4,0
CUST-006440,15,Month-to-month,83.69,1182.28,2,0,0,Fiber optic,Credit card (automatic),1,0,0,1,3,87.7,1
CUST-006441,65,Month-to-month,65.07,4489.64,1,0,0,Fiber optic,Electronic check,0,1,0,0,5,130.9,0
CUST-006442,27,Month-to-month,92.07,2396.93,3,0,1,Fiber optic,Mailed check,1,0,0,1,5,35.1,0
CUST-006443,17,One year,62.92,1105.34,0,0,1,DSL,Bank transfer (automatic),0,0,1,0,3,98.7,0
CUST-006444,38,One year,84.94,3223.33,2,0,0,Fiber optic,Electronic check,1,0,1,0,2,178.0,0
CUST-006445,35,Month-to-month,63.52,2010.0,0,0,0,DSL,Bank transfer (automatic),1,0,0,0,0,62.8,0
CUST-006446,55,Month-to-month,91.52,4810.82,2,1,1,Fiber optic,Electronic check,0,0,1,0,1,112.7,1
CUST-006447,41,One year,87.2,3605.79,1,1,1,DSL,Electronic check,1,0,0,1,4,58.3,0
CUST-006448,28,One year,50.39,1280.43,0,0,0,No,Bank transfer (automatic),0,0,1,0,5,78.1,1
CUST-006449,29,Two year,58.01,1707.23,8,0,0,Fiber optic,Mailed check,0,0,0,0,5,140.1,1
CUST-006450,39,Two year,106.95,3875.68,3,1,0,Fiber optic,Bank transfer (automatic),1,0,0,1,5,135.2,0
CUST-006451,13,Two year,86.41,1153.7,1,1,1,No,Electronic check,0,0,1,0,3,70.6,0
CUST-006452,35,Two year,73.95,2412.17,4,0,0,No,Mailed check,0,0,0,0,0,52.5,0
CUST-006453,72,Two year,36.53,2688.44,1,1,1,No,Credit card (automatic),1,0,0,0,3,139.3,0
CUST-006454,31,One year,61.71,1991.12,1,0,0,DSL,Mailed check,1,0,0,1,4,189.6,0
CUST-006455,22,One year,72.13,1573.53,2,0,1,DSL,Bank transfer (automatic),1,0,1,1,4,32.1,0
CUST-006456,22,One year,63.29,1386.8,0,0,1,Fiber optic,Mailed check,0,1,1,1,3,40.5,0
CUST-006457,38,Month-to-month,70.89,2893.91,5,0,0,Fiber optic,Credit card (automatic),0,0,0,0,4,160.0,0
CUST-006458,33,Month-to-month,86.34,2737.64,1,0,1,Fiber optic,Bank transfer (automatic),1,0,1,1,4,69.8,0
CUST-006459,47,Two year,119.57,5469.67,1,1,1,Fiber optic,Electronic check,1,1,1,1,1,45.8,1
CUST-006460,18,Month-to-month,70.63,1312.06,2,0,1,DSL,Electronic check,1,0,0,1,2,56.4,1
CUST-006461,26,Month-to-month,50.69,1345.77,0,0,1,DSL,Bank transfer (automatic),1,0,0,0,5,79.0,0
CUST-006462,52,Month-to-month,84.96,4364.28,0,1,0,Fiber optic,Credit card (automatic),1,0,1,0,4,117.7,1
CUST-006463,55,Month-to-month,73.34,3788.65,0,1,0,Fiber optic,Electronic check,1,0,1,0,3,100.5,0
CUST-006464,56,Month-to-month,54.7,3212.32,2,0,0,No,Bank transfer (automatic),0,1,0,0,0,42.8,1
CUST-006465,49,Month-to-month,108.06,4967.13,1,0,1,Fiber optic,Bank transfer (automatic),1,0,1,0,0,112.9,1
CUST-006466,50,Month-to-month,17.0,946.82,7,0,1,DSL,Mailed check,1,0,1,0,1,62.7,1
CUST-006467,35,Month-to-month,97.87,3220.69,1,1,1,DSL,Bank transfer (automatic),1,0,1,0,2,193.9,0
CUST-006468,8,Month-to-month,144.73,1093.86,1,1,1,Fiber optic,Mailed check,1,0,1,1,3,67.4,1
CUST-006469,9,Month-to-month,94.06,861.0,3,0,0,Fiber optic,Bank transfer (automatic),0,0,0,0,5,165.7,1
CUST-006470,31,Month-to-month,69.22,2204.74,1,0,1,Fiber optic,Credit card (automatic),1,1,0,0,1,53.7,0
CUST-006471,32,Month-to-month,119.08,3624.99,1,1,1,Fiber optic,Credit card (automatic),1,0,1,0,4,97.0,0
CUST-006472,15,One year,71.95,1170.58,1,1,1,No,Bank transfer (automatic),1,0,0,0,5,119.7,0
CUST-006473,16,Month-to-month,76.85,1249.87,0,0,0,Fiber optic,Mailed check,0,0,1,0,0,361.4,0
CUST-006474,28,Two year,40.7,1125.47,2,0,0,DSL,Bank transfer (automatic),1,0,0,0,4,56.6,0
CUST-006475,72,One year,79.85,5860.16,0,1,0,Fiber optic,Credit card (automatic),1,1,0,0,2,152.0,0
CUST-006476,12,Month-to-month,69.81,888.43,1,0,0,DSL,Mailed check,1,0,1,0,0,44.5,1
CUST-006477,21,Month-to-month,87.39,1982.85,1,1,1,DSL,Mailed check,1,0,0,1,2,212.0,1
CUST-006478,55,Month-to-month,97.1,5392.0,1,1,0,Fiber optic,Electronic check,0,0,0,0,1,221.2,1
CUST-006479,48,Month-to-month,101.35,4554.89,0,0,1,Fiber optic,Bank transfer (automatic),1,0,1,0,0,44.5,0
CUST-006480,37,Two year,56.66,1964.5,0,0,1,DSL,Mailed check,1,0,0,0,4,104.3,0
CUST-006481,5,One year,111.37,517.46,2,1,1,Fiber optic,Electronic check,1,0,1,0,3,31.0,0
CUST-006482,24,One year,84.83,1970.52,0,1,0,Fiber optic,Bank transfer (automatic),0,0,0,1,5,48.1,0
CUST-006483,72,One year,110.95,8003.49,0,0,0,DSL,Credit card (automatic),1,1,0,0,5,196.5,0
CUST-006484,15,Two year,73.68,1117.02,1,0,1,Fiber optic,Electronic check,1,0,1,1,3,271.0,0
CUST-006485,15,Two year,74.87,1186.32,3,1,0,DSL,Bank transfer (automatic),1,0,1,0,5,144.8,0
CUST-006486,72,Month-to-month,144.73,9340.29,1,0,0,Fiber optic,Credit card (automatic),0,0,0,0,3,146.3,1
CUST-006487,27,Month-to-month,116.05,3131.66,1,1,0,Fiber optic,Credit card (automatic),1,0,0,0,2,130.8,0
CUST-006488,6,Month-to-month,108.64,666.86,0,0,0,Fiber optic,Mailed check,1,0,1,1,0,49.8,0
CUST-006489,11,Month-to-month,97.42,921.16,3,1,1,Fiber optic,Electronic check,1,0,0,0,2,89.2,0
CUST-006490,18,Month-to-month,91.32,1681.04,4,1,1,Fiber optic,Mailed check,0,0,0,1,4,146.6,1
CUST-006491,36,Month-to-month,60.65,2481.44,1,0,1,DSL,Mailed check,1,0,1,0,4,11.8,0
CUST-006492,25,One year,75.95,1972.17,6,1,0,Fiber optic,Mailed check,0,0,1,0,1,130.8,0
CUST-006493,14,Month-to-month,26.61,378.27,1,1,1,DSL,Bank transfer (automatic),0,0,1,1,0,91.3,0
CUST-006494,25,One year,81.02,1997.79,3,1,0,DSL,Credit card (automatic),1,0,0,0,4,114.5,1
CUST-006495,15,Month-to-month,51.55,782.25,1,1,0,Fiber optic,Bank transfer (automatic),0,1,0,1,0,76.5,1
CUST-006496,72,Month-to-month,81.28,6301.94,0,1,0,DSL,Credit card (automatic),1,1,0,0,1,169.4,0
CUST-006497,10,Two year,82.27,808.44,1,1,1,Fiber optic,Bank transfer (automatic),1,0,0,0,4,181.4,0
CUST-006498,20,Month-to-month,66.11,1401.11,1,1,0,Fiber optic,Bank transfer (automatic),1,0,1,0,0,99.0,0
CUST-006499,18,One year,125.14,2304.79,9,0,1,Fiber optic,Electronic check,1,0,0,0,2,58.6,1
CUST-006500,18,Two year,28.77,559.98,1,0,0,No,Credit card (automatic),1,1,1,0,3,79.8,0
CUST-006501,12,Month-to-month,73.35,928.13,7,0,0,Fiber optic,Bank transfer (automatic),1,0,0,0,0,62.0,1
CUST-006502,72,Month-to-month,50.68,3683.54,1,1,1,No,Mailed check,0,0,1,1,3,171.2,0
CUST-006503,72,Month-to-month,93.74,6791.49,3,1,0,Fiber optic,Electronic check,0,0,1,0,2,31.2,1
CUST-006504,39,Month-to-month,74.68,2866.9,3,1,0,Fiber optic,Bank transfer (automatic),1,0,0,0,0,70.2,1
CUST-006505,36,Two year,126.54,4777.95,0,1,0,Fiber optic,Electronic check,0,0,1,0,4,398.0,1
CUST-006506,7,Two year,30.72,208.69,9,0,0,No,Credit card (automatic),1,0,1,0,0,85.6,1
CUST-006507,72,Month-to-month,150.0,10861.42,2,0,1,Fiber optic,Electronic check,1,0,1,0,2,58.2,1
CUST-006508,15,One year,38.53,572.36,1,1,0,No,Bank transfer (automatic),0,0,0,0,3,86.8,0
CUST-006509,6,Two year,150.0,839.64,1,0,0,Fiber optic,Mailed check,0,0,1,1,0,147.6,0
CUST-006510,44,Month-to-month,92.33,4107.29,2,0,0,No,Mailed check,1,0,0,0,3,178.0,0
CUST-006511,61,Month-to-month,87.24,4915.77,2,0,0,Fiber optic,Credit card (automatic),0,0,1,0,4,41.2,0
CUST-006512,72,Two year,70.67,4974.21,1,0,1,DSL,Electronic check,1,0,0,1,1,111.7,0
CUST-006513,21,One year,55.53,1205.03,3,0,0,DSL,Electronic check,1,0,0,0,1,65.1,0
CUST-006514,19,Month-to-month,98.68,1890.75,2,1,0,Fiber optic,Electronic check,1,1,1,1,1,64.6,1
CUST-006515,34,Month-to-month,46.57,1595.49,0,0,0,DSL,Electronic check,1,0,1,0,4,169.3,1
CUST-006516,25,Month-to-month,82.72,1978.59,0,1,0,DSL,Mailed check,1,0,0,0,3,55.1,0
CUST-006517,45,One year,94.55,4477.88,2,1,0,Fiber optic,Electronic check,0,0,1,1,0,73.2,0
CUST-006518,35,One year,65.26,2182.9,0,0,1,Fiber optic,Mailed check,0,0,1,0,5,257.0,0
CUST-006519,14,Month-to-month,75.68,1096.94,0,0,1,DSL,Bank transfer (automatic),0,0,1,0,4,122.4,1
CUST-006520,72,One year,99.14,7601.65,1,0,0,Fiber optic,Credit card (automatic),0,0,0,0,4,198.1,0
CUST-006521,45,Month-to-month,72.07,2994.96,2,0,1,Fiber optic,Electronic check,0,0,0,1,2,31.7,0
CUST-006522,60,One year,79.31,4661.89,1,0,1,Fiber optic,Credit card (automatic),0,0,0,0,3,136.7,0
CUST-006523,14,One year,102.81,1403.47,7,0,0,Fiber optic,Credit card (automatic),0,0,1,0,0,235.2,1
CUST-006524,44,Month-to-month,92.27,4115.28,4,1,0,DSL,Bank transfer (automatic),1,0,1,1,3,162.0,1
CUST-006525,53,Month-to-month,61.44,3102.71,2,0,0,No,Bank transfer (automatic),0,0,1,0,4,97.5,0
CUST-006526,34,Month-to-month,88.27,2826.3,3,0,0,No,Mailed check,1,0,0,0,0,136.3,1
CUST-006527,12,One year,119.18,1426.33,1,1,1,Fiber optic,Electronic check,1,1,0,0,4,127.0,0
CUST-006528,31,One year,97.58,2940.11,3,1,0,DSL,Credit card (automatic),1,0,1,1,0,23.3,0
CUST-006529,49,Month-to-month,100.42,4884.67,3,0,0,Fiber optic,Credit card (automatic),0,0,1,1,0,83.3,0
CUST-006530,63,Two year,42.46,2794.38,0,0,1,No,Mailed check,0,0,0,0,0,198.4,0
CUST-006531,7,Two year,87.28,561.55,2,1,0,No,Electronic check,1,0,1,1,5,145.7,0
CUST-006532,33,Month-to-month,60.22,1975.96,2,1,0,No,Electronic check,1,0,1,0,1,37.0,0
CUST-006533,9,Month-to-month,77.66,678.29,2,0,0,No,Mailed check,1,0,0,0,4,59.8,1
CUST-006534,50,Month-to-month,74.27,3717.89,2,1,1,Fiber optic,Credit card (automatic),1,0,1,1,2,212.9,0
CUST-006535,59,Month-to-month,50.0,2863.42,3,1,1,DSL,Electronic check,0,0,0,0,1,127.9,1
CUST-006536,13,Two year,47.47,580.69,0,1,0,DSL,Bank transfer (automatic),0,1,1,0,5,149.4,0
CUST-006537,11,One year,31.88,357.57,2,0,1,DSL,Credit card (automatic),1,0,0,0,1,22.9,0
CUST-006538,18,Month-to-month,50.33,1031.48,2,0,0,DSL,Mailed check,1,0,1,0,0,141.2,0
CUST-006539,26,Month-to-month,39.18,1013.56,2,1,0,DSL,Bank transfer (automatic),1,0,0,1,1,145.9,0
CUST-006540,16,Month-to-month,104.16,1606.05,0,0,1,Fiber optic,Mailed check,1,0,1,1,3,49.9,0
CUST-006541,53,Month-to-month,63.38,3236.67,0,0,0,Fiber optic,Electronic check,1,0,1,1,0,50.3,0
CUST-006542,64,Month-to-month,48.26,3232.99,1,0,0,DSL,Bank transfer (automatic),1,0,1,1,3,53.1,0
CUST-006543,32,Two year,65.08,1991.24,1,0,1,No,Electronic check,1,1,0,0,4,38.3,1
CUST-006544,16,One year,110.31,1879.65,1,0,1,No,Bank transfer (automatic),0,0,1,0,2,57.0,0
CUST-006545,25,Two year,47.7,1094.91,0,1,0,DSL,Mailed check,0,0,1,0,1,149.2,0
CUST-006546,32,Month-to-month,30.44,983.45,2,0,1,DSL,Credit card (automatic),1,0,0,0,3,229.5,1
CUST-006547,24,Month-to-month,57.2,1418.33,3,0,0,Fiber optic,Bank transfer (automatic),1,0,0,0,0,74.5,0
CUST-006548,28,Two year,43.48,1263.85,0,0,1,No,Credit card (automatic),1,0,1,0,5,191.3,0
CUST-006549,60,Month-to-month,73.58,4567.61,1,0,1,Fiber optic,Bank transfer (automatic),0,0,1,1,1,104.5,0
CUST-006550,16,Month-to-month,122.62,1988.02,1,0,0,DSL,Bank transfer (automatic),0,0,0,1,1,147.5,1
CUST-006551,72,Two year,114.17,8694.38,0,0,0,Fiber optic,Mailed check,0,0,0,0,3,51.1,1
CUST-006552,33,One year,57.12,1791.56,3,0,1,No,Mailed check,0,1,0,0,4,54.1,0
CUST-006553,23,Two year,111.32,2477.9,3,1,1,DSL,Bank transfer (automatic),0,1,1,0,4,203.8,0
CUST-006554,15,Month-to-month,74.69,1097.77,2,1,0,Fiber optic,Bank transfer (automatic),0,0,1,0,4,52.6,1
CUST-006555,16,One year,79.72,1370.13,8,1,0,Fiber optic,Bank transfer (automatic),1,0,0,0,3,44.9,0
CUST-006556,30,Month-to-month,53.22,1633.82,1,0,0,DSL,Electronic check,1,1,0,0,3,53.0,1
CUST-006557,33,Month-to-month,90.67,3094.13,3,1,0,No,Electronic check,1,0,0,0,3,99.0,0
CUST-006558,23,Month-to-month,63.25,1441.72,1,1,0,DSL,Electronic check,0,0,1,0,0,86.1,0
CUST-006559,9,Two year,102.68,961.86,3,1,1,No,Electronic check,0,0,0,0,0,47.3,1
CUST-006560,30,Month-to-month,100.85,2790.72,3,0,1,Fiber optic,Credit card (automatic),0,0,1,0,4,192.2,0
CUST-006561,17,One year,87.72,1460.75,0,1,1,DSL,Bank transfer (automatic),0,0,0,0,4,76.2,0
CUST-006562,6,Two year,44.6,264.69,0,0,1,Fiber optic,Bank transfer (automatic),1,1,0,1,4,62.9,0
CUST-006563,46,One year,22.52,1011.35,3,0,1,DSL,Electronic check,1,0,1,0,2,87.7,0
CUST-006564,6,Month-to-month,23.34,137.79,1,1,0,DSL,Credit card (automatic),1,0,1,1,2,67.1,0
CUST-006565,22,One year,54.3,1227.26,1,1,0,DSL,Electronic check,1,0,1,0,3,232.5,0
CUST-006566,27,Month-to-month,26.53,724.85,1,0,0,No,Electronic check,0,1,0,0,3,107.3,1
CUST-006567,69,Month-to-month,96.01,7020.08,9,1,1,No,Credit card (automatic),1,1,1,1,0,237.6,0
CUST-006568,6,Month-to-month,60.02,322.55,2,1,1,DSL,Bank transfer (automatic),1,1,0,0,5,61.6,0
CUST-006569,49,One year,105.38,5547.86,0,0,1,Fiber optic,Electronic check,1,0,0,1,2,87.9,1
CUST-006570,55,One year,52.69,2803.81,1,0,0,No,Electronic check,0,0,0,1,2,135.9,0
CUST-006571,72,Two year,110.62,8488.7,0,1,1,Fiber optic,Mailed check,1,0,1,0,5,144.7,0
CUST-006572,62,Month-to-month,15.87,963.4,1,1,1,DSL,Bank transfer (automatic),1,0,1,0,4,35.9,0
CUST-006573,28,Month-to-month,88.78,2531.77,1,0,1,Fiber optic,Electronic check,1,0,0,0,4,27.7,1
CUST-006574,51,Month-to-month,102.52,4947.01,1,0,0,Fiber optic,Bank transfer (automatic),1,0,1,0,4,171.5,1
CUST-006575,72,Two year,79.63,5384.73,1,0,0,DSL,Mailed check,0,0,1,1,1,73.8,0
CUST-006576,4,Two year,82.06,337.78,5,0,0,Fiber optic,Bank transfer (automatic),0,1,0,1,4,73.4,0
CUST-006577,9,Two year,47.23,368.45,3,0,0,Fiber optic,Bank transfer (automatic),0,0,1,1,1,139.4,0
CUST-006578,35,Month-to-month,115.28,3789.65,2,1,1,Fiber optic,Credit card (automatic),0,1,1,0,4,114.5,0
CUST-006579,54,Month-to-month,80.19,4496.26,1,1,1,Fiber optic,Electronic check,1,0,0,1,5,61.8,0
CUST-006580,45,One year,82.37,3629.85,7,1,1,Fiber optic,Electronic check,1,0,1,1,5,88.3,0
CUST-006581,37,Month-to-month,145.48,5145.33,1,0,0,Fiber optic,Electronic check,1,0,0,0,5,169.0,1
CUST-006582,72,Month-to-month,92.42,7160.89,0,1,0,Fiber optic,Electronic check,1,0,0,1,2,147.5,0
CUST-006583,23,Month-to-month,52.03,1308.84,0,0,1,DSL,Mailed check,0,0,0,0,1,74.5,1
CUST-006584,16,Month-to-month,75.53,1208.51,2,1,0,Fiber optic,Electronic check,0,1,1,0,5,55.4,1
CUST-006585,19,Month-to-month,106.13,2144.89,7,0,0,Fiber optic,Credit card (automatic),1,0,0,0,5,183.3,1
CUST-006586,36,Two year,69.48,2691.01,0,0,0,Fiber optic,Credit card (automatic),1,0,0,0,0,74.8,0
CUST-006587,27,One year,102.79,2773.07,8,1,1,Fiber optic,Bank transfer (automatic),1,0,0,0,5,125.7,1
CUST-006588,56,One year,117.53,6413.12,0,1,1,Fiber optic,Mailed check,0,0,1,0,1,59.0,0
CUST-006589,17,Month-to-month,87.79,1499.05,1,1,1,Fiber optic,Bank transfer (automatic),0,0,0,0,5,206.9,0
CUST-006590,39,One year,114.7,4147.98,3,1,0,Fiber optic,Bank transfer (automatic),0,0,0,0,3,126.9,0
CUST-006591,51,Month-to-month,88.28,4630.13,3,0,0,Fiber optic,Bank transfer (automatic),0,0,1,0,4,263.3,1
CUST-006592,72,Month-to-month,72.81,5155.97,2,1,0,Fiber optic,Electronic check,1,0,0,1,5,87.0,0
CUST-006593,11,Month-to-month,48.39,533.79,0,0,0,Fiber optic,Credit card (automatic),1,0,1,0,1,55.0,0
CUST-006594,19,Month-to-month,71.88,1368.59,2,1,1,No,Mailed check,0,0,0,0,2,73.9,1
CUST-006595,26,Two year,97.4,2425.09,1,0,0,Fiber optic,Electronic check,1,0,0,0,1,49.2,1
CUST-006596,8,Two year,89.53,714.96,0,1,1,DSL,Mailed check,1,1,0,1,1,272.9,0
CUST-006597,37,Month-to-month,87.12,3004.34,1,1,1,No,Electronic check,0,0,1,0,3,178.5,0
CUST-006598,37,One year,116.68,4213.04,1,0,0,DSL,Credit card (automatic),0,0,0,0,3,221.6,0
CUST-006599,34,Month-to-month,75.47,2423.14,1,0,0,Fiber optic,Bank transfer (automatic),1,0,1,1,3,121.3,0
CUST-006600,24,Month-to-month,73.9,1695.86,0,1,0,No,Credit card (automatic),1,0,1,0,1,310.8,0
CUST-006601,66,One year,47.81,2799.27,0,0,0,DSL,Credit card (automatic),1,0,0,1,2,133.3,0
CUST-006602,19,One year,88.25,1640.76,10,1,0,DSL,Bank transfer (automatic),1,0,1,0,5,45.8,0
CUST-006603,62,One year,41.83,2656.42,0,1,0,DSL,Credit card (automatic),0,0,1,0,1,54.2,0
CUST-006604,19,Month-to-month,87.84,1683.8,1,0,0,No,Credit card (automatic),0,0,0,0,4,92.8,1
CUST-006605,10,Month-to-month,71.59,754.7,1,1,0,Fiber optic,Electronic check,0,0,1,0,0,142.8,1
CUST-006606,28,Month-to-month,109.16,2910.88,1,1,0,Fiber optic,Electronic check,1,0,1,1,5,99.1,0
CUST-006607,32,Month-to-month,95.16,2972.24,0,0,1,DSL,Mailed check,1,1,0,1,0,117.6,0
CUST-006608,39,Month-to-month,26.15,1066.62,3,1,0,DSL,Bank transfer (automatic),1,0,1,0,2,28.5,0
CUST-006609,3,Month-to-month,31.32,93.55,3,0,0,DSL,Credit card (automatic),1,1,0,0,3,110.5,1
CUST-006610,22,Month-to-month,70.87,1573.56,2,1,0,No,Mailed check,0,0,1,0,2,42.2,1
CUST-006611,72,Month-to-month,68.21,5430.27,1,0,0,DSL,Credit card (automatic),1,0,0,1,3,46.7,0
CUST-006612,18,One year,57.7,1025.4,1,0,0,No,Bank transfer (automatic),0,0,0,0,4,299.6,0
CUST-006613,55,Month-to-month,78.09,4190.98,5,0,0,Fiber optic,Mailed check,0,1,0,0,5,54.3,0
CUST-006614,72,Month-to-month,43.62,2984.71,8,1,0,No,Bank transfer (automatic),0,0,1,0,0,62.2,0
CUST-006615,72,Two year,98.28,6973.83,0,1,0,Fiber optic,Credit card (automatic),1,0,0,0,1,155.5,0
CUST-006616,12,Two year,65.89,831.07,1,1,0,Fiber optic,Mailed check,1,0,1,0,2,160.8,0
CUST-006617,52,Month-to-month,74.15,3966.38,3,1,1,DSL,Mailed check,1,1,1,0,4,159.5,0
CUST-006618,54,Month-to-month,75.64,4377.13,2,1,0,Fiber optic,Bank transfer (automatic),0,1,0,0,3,383.3,0
CUST-006619,46,Month-to-month,79.43,3719.7,7,1,0,Fiber optic,Mailed check,1,0,1,0,0,110.4,0
CUST-006620,10,Two year,95.39,847.02,0,0,0,DSL,Electronic check,1,1,0,0,2,81.2,1
CUST-006621,34,Month-to-month,88.86,3116.27,0,1,1,No,Credit card (automatic),0,1,1,0,4,35.3,0
CUST-006622,34,Month-to-month,40.08,1369.82,3,1,1,DSL,Electronic check,0,0,1,0,5,64.6,0
CUST-006623,9,One year,43.18,388.65,2,1,0,DSL,Electronic check,1,0,0,1,1,113.9,1
CUST-006624,23,One year,109.45,2670.69,2,1,0,Fiber optic,Credit card (automatic),1,0,0,0,4,129.6,0
CUST-006625,35,Month-to-month,54.15,1869.25,1,0,0,Fiber optic,Bank transfer (automatic),0,0,0,0,5,23.0,1
CUST-006626,27,Month-to-month,101.35,2815.76,3,1,1,DSL,Mailed check,0,0,1,0,0,161.9,1
CUST-006627,48,Month-to-month,68.38,3105.53,3,0,0,No,Mailed check,1,0,1,0,0,57.7,0
CUST-006628,23,Month-to-month,50.54,1074.18,0,0,0,DSL,Electronic check,1,1,0,1,2,58.2,0
CUST-006629,32,Month-to-month,90.26,2801.84,2,0,1,Fiber optic,Electronic check,0,1,0,0,0,27.7,1
CUST-006630,57,Two year,99.03,5556.18,0,0,1,DSL,Credit card (automatic),1,0,0,0,2,252.5,0
CUST-006631,72,One year,15.0,1109.59,3,0,1,DSL,Electronic check,0,0,1,0,5,29.0,0
CUST-006632,10,One year,115.66,1093.13,3,1,1,Fiber optic,Electronic check,0,0,0,0,2,180.4,0
CUST-006633,47,One year,94.86,4794.35,0,0,1,No,Credit card (automatic),1,1,0,0,5,111.1,0
CUST-006634,20,Month-to-month,81.98,1560.44,2,1,0,Fiber optic,Credit card (automatic),1,0,1,0,3,139.9,0
CUST-006635,40,Month-to-month,63.21,2517.26,2,0,0,DSL,Bank transfer (automatic),1,0,1,1,0,114.3,1
CUST-006636,9,One year,68.41,616.05,0,0,1,DSL,Electronic check,1,0,0,1,2,70.5,1
CUST-006637,67,Month-to-month,83.34,5667.33,1,0,1,No,Electronic check,0,0,1,1,0,32.0,0
CUST-006638,15,Month-to-month,46.76,717.21,2,0,0,DSL,Credit card (automatic),0,0,0,1,2,58.2,1
CUST-006639,58,Month-to-month,89.64,5787.16,3,0,1,Fiber optic,Bank transfer (automatic),1,0,0,1,5,202.2,1
CUST-006640,10,One year,62.5,606.17,2,1,1,DSL,Credit card (automatic),1,0,1,0,3,75.4,0
CUST-006641,7,One year,81.97,582.76,0,1,1,DSL,Mailed check,0,0,0,0,3,242.2,0
CUST-006642,25,Month-to-month,131.89,3283.48,3,0,0,DSL,Credit card (automatic),0,0,1,0,4,216.5,0
CUST-006643,35,Month-to-month,46.65,1712.99,1,0,1,DSL,Credit card (automatic),0,0,0,1,4,166.2,0
CUST-006644,72,Two year,91.97,6770.46,1,1,1,Fiber optic,Mailed check,1,1,0,0,1,343.4,0
CUST-006645,34,Month-to-month,70.98,2439.84,1,1,0,Fiber optic,Mailed check,0,0,0,0,3,163.6,1
CUST-006646,12,Month-to-month,52.78,586.05,1,1,0,No,Electronic check,1,0,1,0,3,76.4,0
CUST-006647,52,One year,38.1,1936.31,0,1,0,DSL,Bank transfer (automatic),1,0,0,1,0,70.1,0
CUST-006648,72,One year,51.74,3543.38,1,0,0,Fiber optic,Electronic check,0,0,0,1,5,75.3,0
CUST-006649,14,Month-to-month,119.57,1636.55,0,1,0,Fiber optic,Electronic check,0,0,1,0,2,158.7,1
CUST-006650,57,Month-to-month,73.9,4038.35,2,0,0,DSL,Bank transfer (automatic),0,0,1,0,2,46.5,1
CUST-006651,69,Two year,67.32,4524.73,1,1,0,DSL,Bank transfer (automatic),0,0,0,0,0,152.8,0
CUST-006652,53,Month-to-month,43.15,2239.95,6,1,1,DSL,Mailed check,1,1,1,0,3,37.0,0
CUST-006653,17,Two year,63.13,1052.09,1,0,1,DSL,Credit card (automatic),0,0,1,0,4,146.4,0
CUST-006654,35,One year,61.09,2106.69,5,1,0,Fiber optic,Electronic check,1,0,1,0,5,173.9,0
CUST-006655,40,Two year,64.32,2453.42,0,0,1,DSL,Bank transfer (automatic),0,0,0,0,1,131.3,0
CUST-006656,66,Month-to-month,98.34,6502.46,4,1,0,Fiber optic,Bank transfer (automatic),1,0,1,0,1,95.3,1
CUST-006657,18,Month-to-month,76.44,1313.87,2,0,0,Fiber optic,Bank transfer (automatic),0,0,1,0,4,99.5,0
CUST-006658,58,Month-to-month,71.08,3999.2,0,0,1,Fiber optic,Bank transfer (automatic),0,0,0,0,2,82.0,1
CUST-006659,27,Month-to-month,52.69,1419.06,0,0,1,DSL,Bank transfer (automatic),0,0,0,0,3,58.7,0
CUST-006660,22,Month-to-month,110.37,2114.72,1,0,0,Fiber optic,Credit card (automatic),1,0,0,0,1,39.4,0
CUST-006661,31,Month-to-month,95.04,3313.28,4,1,0,Fiber optic,Credit card (automatic),1,0,1,0,1,222.4,1
CUST-006662,2,Month-to-month,24.83,50.96,0,1,0,No,Credit card (automatic),1,1,1,1,3,51.4,0
CUST-006663,3,One year,83.09,253.26,3,0,0,DSL,Credit card (automatic),0,0,0,1,5,91.4,0
CUST-006664,5,Month-to-month,78.58,382.65,1,1,1,DSL,Bank transfer (automatic),0,0,0,0,1,137.7,0
CUST-006665,41,Month-to-month,69.68,2870.3,1,1,0,No,Bank transfer (automatic),0,0,0,0,1,119.1,0
CUST-006666,24,Month-to-month,106.14,2393.26,5,0,1,DSL,Mailed check,1,0,1,0,3,165.8,0
CUST-006667,17,One year,65.6,1142.54,0,0,0,DSL,Bank transfer (automatic),1,1,1,0,3,82.8,0
CUST-006668,29,Month-to-month,75.77,2012.34,3,0,0,No,Electronic check,1,1,0,0,5,126.5,1
CUST-006669,58,One year,101.74,5526.54,1,0,0,Fiber optic,Mailed check,0,0,0,0,1,149.5,1
CUST-006670,28,Month-to-month,111.94,3023.06,1,0,0,Fiber optic,Credit card (automatic),1,1,0,0,4,39.8,1
CUST-006671,12,One year,59.43,767.0,2,1,1,DSL,Bank transfer (automatic),0,0,1,0,5,123.7,1
CUST-006672,72,One year,48.88,3325.47,0,0,1,DSL,Electronic check,0,0,1,0,5,115.1,1
CUST-006673,30,Month-to-month,89.33,2724.61,0,0,0,DSL,Bank transfer (automatic),0,0,0,0,0,232.4,1
CUST-006674,69,One year,113.03,6994.67,6,0,0,Fiber optic,Mailed check,1,0,1,0,5,199.2,1
CUST-006675,53,Two year,121.87,6467.12,2,0,0,Fiber optic,Credit card (automatic),1,0,0,1,1,62.5,0
CUST-006676,21,Month-to-month,100.39,2291.09,0,0,0,Fiber optic,Electronic check,1,0,1,0,2,146.7,0
CUST-006677,72,Month-to-month,23.78,1754.99,0,1,0,No,Bank transfer (automatic),1,0,1,0,5,47.8,0
CUST-006678,18,Two year,69.1,1114.87,1,0,0,No,Bank transfer (automatic),1,0,1,1,3,187.7,0
CUST-006679,41,Two year,65.84,2705.31,8,0,0,DSL,Bank transfer (automatic),0,1,1,0,5,159.0,1
CUST-006680,37,One year,120.74,4363.73,0,1,1,Fiber optic,Electronic check,1,0,1,0,4,100.8,1
CUST-006681,39,Month-to-month,116.46,4820.45,1,0,1,Fiber optic,Credit card (automatic),0,1,1,1,4,74.0,1
CUST-006682,72,Month-to-month,105.32,7545.06,7,1,1,Fiber optic,Credit card (automatic),0,0,0,0,4,252.6,1
CUST-006683,31,Two year,15.0,431.52,1,0,0,No,Mailed check,0,1,0,1,5,119.2,0
CUST-006684,35,One year,69.38,2411.75,2,0,0,Fiber optic,Electronic check,0,0,0,0,3,110.8,0
CUST-006685,36,Month-to-month,80.89,2810.67,0,0,0,Fiber optic,Bank transfer (automatic),1,0,0,0,0,49.8,1
CUST-006686,72,Month-to-month,56.47,3626.69,1,0,0,DSL,Mailed check,1,1,1,0,1,279.7,0
CUST-006687,66,One year,94.17,6161.07,0,1,0,Fiber optic,Mailed check,1,0,0,0,0,77.5,0
CUST-006688,7,One year,127.01,889.27,0,1,1,Fiber optic,Mailed check,0,1,0,0,0,29.9,0
CUST-006689,19,Two year,109.48,2119.78,6,1,0,Fiber optic,Mailed check,0,0,0,0,0,29.9,1
CUST-006690,32,Month-to-month,67.03,2254.09,1,1,0,Fiber optic,Credit card (automatic),1,0,1,0,1,57.6,0
CUST-006691,72,Month-to-month,69.28,4918.14,1,0,0,Fiber optic,Credit card (automatic),1,0,1,0,2,183.0,0
CUST-006692,72,Month-to-month,67.03,4463.89,2,1,0,Fiber optic,Bank transfer (automatic),1,1,0,0,4,100.0,1
CUST-006693,29,Month-to-month,62.08,1725.0,2,1,0,No,Electronic check,1,0,1,0,3,118.3,1
CUST-006694,18,Month-to-month,85.14,1531.09,3,0,1,DSL,Mailed check,0,0,0,0,3,94.4,0
CUST-006695,26,Month-to-month,114.1,3146.85,1,0,1,Fiber optic,Electronic check,1,0,1,0,3,54.0,0
CUST-006696,33,Month-to-month,80.59,2660.0,0,1,0,Fiber optic,Bank transfer (automatic),0,0,1,0,1,125.7,1
CUST-006697,25,Month-to-month,89.25,2216.5,1,1,1,Fiber optic,Bank transfer (automatic),0,0,0,1,0,58.0,0
CUST-006698,70,Two year,131.85,9120.4,0,0,0,Fiber optic,Credit card (automatic),0,0,0,0,3,66.6,1
CUST-006699,23,Month-to-month,52.88,1215.74,2,1,0,Fiber optic,Mailed check,1,0,0,0,5,95.3,0
CUST-006700,15,Month-to-month,105.95,1741.06,0,0,1,Fiber optic,Electronic check,0,0,0,0,1,38.2,1
CUST-006701,26,One year,78.25,2025.92,1,0,0,DSL,Bank transfer (automatic),0,0,1,0,3,78.4,0
CUST-006702,38,Month-to-month,57.58,2159.2,1,1,1,No,Mailed check,0,0,1,1,1,213.1,0
CUST-006703,71,Month-to-month,89.54,6369.5,0,1,1,Fiber optic,Electronic check,1,0,0,0,0,222.0,0
CUST-006704,14,Two year,75.51,1021.39,2,0,1,DSL,Mailed check,1,0,0,1,1,162.9,1
CUST-006705,38,One year,57.64,2019.33,1,0,0,DSL,Electronic check,0,0,0,0,1,48.4,0
CUST-006706,39,Month-to-month,49.06,1746.88,1,1,1,DSL,Electronic check,0,1,0,0,0,125.3,1
CUST-006707,45,Two year,47.18,2045.95,1,1,0,DSL,Mailed check,0,0,0,0,2,107.9,0
CUST-006708,23,Two year,111.55,2717.18,1,1,0,DSL,Credit card (automatic),1,0,0,1,0,51.2,0
CUST-006709,44,Two year,53.99,2514.18,0,0,1,DSL,Credit card (automatic),1,0,1,1,2,47.1,0
CUST-006710,52,Month-to-month,70.03,3438.36,0,0,0,No,Electronic check,0,0,1,0,3,121.3,1
CUST-006711,23,One year,109.63,2501.55,0,1,1,Fiber optic,Mailed check,0,1,1,0,3,24.7,0
CUST-006712,35,Month-to-month,59.71,2103.59,3,1,1,No,Credit card (automatic),1,0,0,0,4,213.6,0
CUST-006713,27,Month-to-month,90.89,2365.08,1,0,1,Fiber optic,Credit card (automatic),1,0,0,0,2,151.9,0
CUST-006714,16,Month-to-month,102.57,1748.51,2,1,0,Fiber optic,Credit card (automatic),1,1,0,1,2,42.3,1
CUST-006715,9,Two year,43.8,409.22,0,0,0,No,Mailed check,1,0,1,0,5,113.0,0
CUST-006716,18,Month-to-month,26.59,487.26,3,1,0,DSL,Credit card (automatic),1,0,1,0,4,21.3,0
CUST-006717,20,Two year,71.73,1439.51,1,1,1,Fiber optic,Bank transfer (automatic),1,1,0,1,4,44.3,0
CUST-006718,9,Two year,108.21,897.78,3,0,1,No,Electronic check,1,0,0,0,5,137.2,0
CUST-006719,42,Month-to-month,50.62,2270.29,1,0,0,No,Electronic check,0,0,0,0,4,37.4,1
CUST-006720,55,Month-to-month,93.27,5278.75,0,0,1,Fiber optic,Credit card (automatic),1,0,0,0,1,115.9,0
CUST-006721,26,Two year,31.85,845.05,0,1,0,No,Credit card (automatic),1,0,0,0,5,164.1,0
CUST-006722,29,Month-to-month,123.55,3450.75,2,0,0,Fiber optic,Mailed check,1,0,1,1,1,95.2,0
CUST-006723,21,One year,57.47,1167.57,0,0,0,DSL,Bank transfer (automatic),1,0,0,1,5,108.6,0
CUST-006724,28,Month-to-month,53.63,1538.77,0,0,1,DSL,Mailed check,0,0,1,0,5,133.7,0
CUST-006725,44,Month-to-month,86.66,4023.18,1,1,1,Fiber optic,Bank transfer (automatic),0,0,0,1,4,127.8,1
CUST-006726,38,Month-to-month,127.83,5276.46,2,0,0,DSL,Mailed check,0,0,0,0,2,88.8,0
CUST-006727,28,Month-to-month,76.04,2050.84,1,1,0,DSL,Mailed check,1,0,1,1,1,266.0,0
CUST-006728,20,Two year,61.08,1211.9,1,1,1,DSL,Mailed check,1,0,1,0,4,96.7,0
CUST-006729,51,Month-to-month,15.0,684.89,0,0,0,No,Mailed check,1,0,0,1,1,106.9,0
CUST-006730,21,Month-to-month,98.82,1819.85,2,1,0,No,Credit card (automatic),0,0,0,0,5,101.3,0
CUST-006731,10,One year,47.63,488.79,0,0,1,No,Credit card (automatic),0,0,1,0,0,120.0,0
CUST-006732,33,Two year,68.68,2169.74,1,1,0,Fiber optic,Electronic check,1,0,0,0,1,154.5,0
CUST-006733,6,Month-to-month,45.92,248.34,2,0,0,No,Electronic check,1,0,0,0,1,108.5,1
CUST-006734,37,One year,126.63,4412.87,2,0,1,Fiber optic,Electronic check,0,0,0,0,4,54.9,1
CUST-006735,39,Month-to-month,88.95,3528.51,0,1,1,Fiber optic,Electronic check,0,0,1,0,5,120.3,0
CUST-006736,18,Two year,51.95,953.05,1,0,0,Fiber optic,Bank transfer (automatic),0,0,0,1,1,229.6,0
CUST-006737,20,One year,59.9,1099.93,2,0,1,DSL,Mailed check,0,0,0,0,4,54.7,0
CUST-006738,57,Two year,69.21,4188.85,2,0,0,Fiber optic,Electronic check,0,0,1,0,0,289.4,0
CUST-006739,72,One year,98.99,6879.36,1,1,0,Fiber optic,Credit card (automatic),1,0,1,0,1,60.1,1
CUST-006740,31,Two year,55.34,1739.12,0,1,0,No,Credit card (automatic),1,1,0,0,0,87.9,0
CUST-006741,19,Month-to-month,25.77,490.55,1,0,1,DSL,Electronic check,1,0,0,0,3,55.5,1
CUST-006742,39,One year,62.94,2453.24,1,1,0,DSL,Bank transfer (automatic),1,0,1,0,3,88.9,0
CUST-006743,27,One year,88.58,2279.62,1,1,0,Fiber optic,Mailed check,0,1,1,0,2,176.7,1
CUST-006744,38,Month-to-month,33.66,1277.52,2,0,0,DSL,Bank transfer (automatic),0,0,0,0,5,303.3,0
CUST-006745,34,Two year,16.0,551.33,0,0,0,No,Mailed check,0,0,1,0,3,107.2,0
CUST-006746,34,One year,97.07,3267.49,1,1,0,Fiber optic,Electronic check,0,0,0,1,3,112.6,0
CUST-006747,4,Two year,82.98,333.59,5,0,0,Fiber optic,Mailed check,1,0,0,0,2,39.0,1
CUST-006748,20,Month-to-month,84.62,1785.64,6,1,1,Fiber optic,Credit card (automatic),0,0,1,1,1,48.5,1
CUST-006749,19,Two year,108.65,2015.71,7,0,1,Fiber optic,Bank transfer (automatic),1,1,1,1,4,120.4,1
CUST-006750,19,Month-to-month,16.53,324.33,0,1,1,DSL,Bank transfer (automatic),0,0,0,0,2,119.9,0
CUST-006751,47,Two year,91.51,4255.72,6,1,1,Fiber optic,Credit card (automatic),0,1,1,0,5,113.5,0
CUST-006752,11,Month-to-month,81.56,961.06,2,0,1,DSL,Credit card (automatic),1,0,0,1,1,122.9,1
CUST-006753,4,One year,85.43,317.7,0,1,1,Fiber optic,Credit card (automatic),1,1,0,0,5,343.3,0
CUST-006754,18,Month-to-month,29.6,567.53,0,0,0,No,Electronic check,0,0,0,0,2,78.3,1
CUST-006755,15,One year,48.48,707.87,3,1,0,DSL,Electronic check,1,0,0,1,5,104.9,0
CUST-006756,31,Month-to-month,78.71,2697.65,7,1,1,Fiber optic,Credit card (automatic),0,0,1,1,3,115.1,0
CUST-006757,15,Two year,50.53,774.45,2,1,0,Fiber optic,Credit card (automatic),0,0,1,0,1,71.7,0
CUST-006758,24,Two year,99.28,2484.02,1,0,0,Fiber optic,Bank transfer (automatic),0,0,1,1,3,287.6,0
CUST-006759,22,Month-to-month,90.08,1965.81,2,0,0,Fiber optic,Credit card (automatic),1,1,0,0,5,200.1,1
CUST-006760,69,Two year,73.93,5274.79,2,1,0,Fiber optic,Bank transfer (automatic),0,0,0,0,5,103.4,0
CUST-006761,16,One year,114.64,1896.63,1,1,0,Fiber optic,Electronic check,0,0,0,1,4,13.4,0
CUST-006762,45,Month-to-month,76.95,3438.09,0,1,0,Fiber optic,Credit card (automatic),0,0,1,1,3,59.6,0
CUST-006763,28,Month-to-month,102.0,2965.14,0,1,1,DSL,Credit card (automatic),0,1,0,1,4,124.1,1
CUST-006764,57,Month-to-month,83.28,3949.26,0,0,0,Fiber optic,Bank transfer (automatic),0,0,0,0,5,117.2,1
CUST-006765,72,Month-to-month,66.14,4608.71,1,0,0,Fiber optic,Bank transfer (automatic),1,0,1,0,3,51.0,1
CUST-006766,28,Month-to-month,66.89,1874.92,0,1,0,Fiber optic,Mailed check,0,1,0,0,2,121.6,0
CUST-006767,6,Month-to-month,67.28,413.81,2,0,0,No,Bank transfer (automatic),1,0,0,1,3,199.2,1
CUST-006768,11,Month-to-month,38.24,441.08,0,1,0,DSL,Mailed check,1,0,0,0,0,69.3,0
CUST-006769,9,Two year,93.61,831.85,1,1,0,Fiber optic,Bank transfer (automatic),1,0,0,1,5,76.1,0
CUST-006770,20,Month-to-month,79.99,1568.57,0,0,0,Fiber optic,Bank transfer (automatic),1,0,1,1,5,66.1,0
CUST-006771,18,Two year,79.41,1491.67,2,0,1,Fiber optic,Electronic check,1,0,0,1,0,53.3,0
CUST-006772,35,Two year,63.96,2367.49,0,1,0,No,Electronic check,1,1,0,0,5,165.2,0
CUST-006773,54,One year,90.12,5046.51,1,1,0,DSL,Electronic check,1,0,1,0,2,65.9,1
CUST-006774,5,Month-to-month,76.43,379.23,8,0,0,Fiber optic,Bank transfer (automatic),0,0,1,0,0,143.8,1
CUST-006775,30,Month-to-month,94.6,3199.64,5,1,1,Fiber optic,Mailed check,0,0,1,0,4,120.6,0
CUST-006776,16,Two year,101.11,1624.18,1,1,1,Fiber optic,Bank transfer (automatic),0,0,1,1,5,117.7,0
CUST-006777,30,One year,59.75,1811.9,0,0,0,Fiber optic,Bank transfer (automatic),1,0,1,0,2,53.4,0
CUST-006778,21,Two year,103.07,2341.19,1,0,1,Fiber optic,Electronic check,1,0,1,0,5,67.0,0
CUST-006779,48,Month-to-month,85.38,4411.36,2,1,0,DSL,Credit card (automatic),0,1,1,0,5,139.4,0
CUST-006780,12,One year,114.15,1418.26,8,0,1,Fiber optic,Bank transfer (automatic),0,0,0,0,3,244.2,1
CUST-006781,17,Month-to-month,62.28,1011.03,0,0,0,Fiber optic,Bank transfer (automatic),0,0,0,0,3,165.5,1
CUST-006782,26,One year,64.03,1674.16,1,0,0,Fiber optic,Electronic check,1,0,1,1,5,263.4,0
CUST-006783,22,One year,63.64,1436.3,1,0,1,DSL,Bank transfer (automatic),0,0,0,1,4,200.6,0
CUST-006784,26,Month-to-month,62.22,1775.61,4,0,0,No,Bank transfer (automatic),0,0,0,1,1,99.1,0
CUST-006785,7,Month-to-month,90.48,726.77,3,1,0,Fiber optic,Credit card (automatic),1,0,0,1,4,54.4,1
CUST-006786,72,Month-to-month,56.08,3916.83,0,1,1,DSL,Electronic check,1,0,0,1,4,68.1,1
CUST-006787,19,Month-to-month,69.65,1379.77,0,0,1,DSL,Bank transfer (automatic),1,0,1,0,3,163.0,0
CUST-006788,12,Month-to-month,26.15,301.01,1,1,0,Fiber optic,Credit card (automatic),0,0,0,1,4,71.5,0
CUST-006789,27,Month-to-month,81.45,2185.42,3,0,0,No,Credit card (automatic),1,0,0,1,4,89.2,0
CUST-006790,30,Month-to-month,126.8,3639.0,2,0,0,Fiber optic,Credit card (automatic),1,1,0,0,2,145.0,1
CUST-006791,72,One year,51.17,3991.73,0,1,1,No,Electronic check,1,0,0,1,5,164.1,0
CUST-006792,60,One year,95.06,5771.43,1,1,0,Fiber optic,Bank transfer (automatic),1,0,0,1,4,24.0,1
CUST-006793,22,Month-to-month,132.02,2947.05,0,1,0,Fiber optic,Electronic check,0,0,1,0,5,165.9,0
CUST-006794,72,Month-to-month,90.84,6556.59,1,1,0,Fiber optic,Bank transfer (automatic),1,0,1,0,0,16.7,0
CUST-006795,72,One year,72.64,5328.48,3,0,0,DSL,Bank transfer (automatic),1,0,0,1,4,160.6,1
CUST-006796,13,Month-to-month,111.04,1473.15,2,0,1,DSL,Bank transfer (automatic),1,0,0,1,3,37.3,1
CUST-006797,72,Month-to-month,140.91,9797.94,1,0,0,Fiber optic,Credit card (automatic),1,0,1,0,3,117.8,1
CUST-006798,20,Month-to-month,38.48,704.65,1,0,0,DSL,Credit card (automatic),0,0,1,0,0,18.8,0
CUST-006799,32,Two year,54.71,1634.52,2,0,0,DSL,Electronic check,0,0,0,0,4,158.1,0
CUST-006800,67,Month-to-month,87.34,5380.51,3,1,1,DSL,Credit card (automatic),1,0,1,0,5,61.6,1
CUST-006801,5,Two year,77.43,390.92,0,1,1,DSL,Credit card (automatic),1,0,1,0,3,85.3,0
CUST-006802,26,Month-to-month,82.65,2061.17,1,0,1,DSL,Bank transfer (automatic),1,0,0,0,2,126.3,1
CUST-006803,36,Month-to-month,15.0,566.46,3,1,1,DSL,Electronic check,1,0,1,0,1,106.9,0
CUST-006804,59,Month-to-month,16.15,964.32,2,0,0,No,Electronic check,1,0,0,1,2,102.9,1
CUST-006805,29,One year,134.61,3545.44,7,1,1,Fiber optic,Mailed check,1,0,1,0,0,34.7,1
CUST-006806,5,Month-to-month,109.35,535.53,0,0,1,Fiber optic,Electronic check,1,0,1,0,3,108.4,1
CUST-006807,72,One year,73.84,4752.18,0,0,0,DSL,Electronic check,1,0,0,0,5,185.0,1
CUST-006808,29,Two year,33.94,927.95,3,1,0,DSL,Electronic check,1,1,1,0,0,176.3,1
CUST-006809,37,Month-to-month,54.63,1971.76,6,0,1,No,Bank transfer (automatic),0,0,0,0,5,286.8,0
CUST-006810,8,Month-to-month,104.24,794.5,0,1,1,Fiber optic,Bank transfer (automatic),0,0,1,1,1,188.0,0
CUST-006811,72,One year,30.42,2396.66,1,1,0,No,Electronic check,0,0,0,0,1,108.4,0
CUST-006812,20,Month-to-month,72.37,1501.59,2,1,0,Fiber optic,Credit card (automatic),0,0,1,0,2,85.7,1
CUST-006813,16,One year,99.39,1564.17,0,1,0,Fiber optic,Electronic check,1,0,0,0,4,36.1,0
CUST-006814,62,Two year,104.74,6957.18,1,1,1,Fiber optic,Mailed check,1,1,1,0,4,224.3,0
CUST-006815,8,Month-to-month,51.92,395.12,9,1,0,DSL,Bank transfer (automatic),1,0,0,0,2,114.7,1
CUST-006816,38,Month-to-month,89.56,3346.75,1,1,1,No,Bank transfer (automatic),1,0,0,0,2,132.0,1
CUST-006817,16,One year,88.74,1480.46,1,0,1,DSL,Mailed check,0,0,0,0,0,57.4,0
CUST-006818,41,Month-to-month,45.18,1749.05,2,1,0,Fiber optic,Bank transfer (automatic),1,0,1,0,1,67.4,1
CUST-006819,49,Month-to-month,105.95,5369.37,1,1,1,DSL,Mailed check,0,0,0,0,5,94.7,1
CUST-006820,19,Month-to-month,119.16,2297.18,3,0,0,Fiber optic,Electronic check,0,0,1,0,5,158.0,1
CUST-006821,70,Month-to-month,95.16,6857.06,1,0,0,Fiber optic,Mailed check,1,0,1,0,2,112.2,0
CUST-006822,29,Month-to-month,86.57,2736.15,0,0,0,Fiber optic,Electronic check,1,1,0,1,3,63.0,0
CUST-006823,72,One year,84.73,6239.51,1,0,0,No,Credit card (automatic),0,0,1,0,4,66.5,0
CUST-006824,63,Month-to-month,78.34,4966.52,0,1,0,DSL,Bank transfer (automatic),1,0,0,0,2,43.6,0
CUST-006825,32,Month-to-month,58.21,1723.26,0,0,1,No,Electronic check,0,0,0,0,5,34.0,1
CUST-006826,32,Two year,130.16,4208.91,3,1,0,Fiber optic,Credit card (automatic),1,0,1,0,2,62.1,0
CUST-006827,9,Month-to-month,15.0,131.76,8,1,1,No,Bank transfer (automatic),1,1,1,1,4,112.2,1
CUST-006828,62,Month-to-month,73.38,4521.55,1,1,1,Fiber optic,Mailed check,1,0,1,0,1,142.8,1
CUST-006829,18,Two year,101.19,1778.3,1,1,0,Fiber optic,Credit card (automatic),0,0,0,0,1,247.0,1
CUST-006830,35,Month-to-month,88.7,3180.8,1,0,1,Fiber optic,Bank transfer (automatic),0,0,1,1,5,91.2,0
CUST-006831,72,Two year,82.49,5645.1,0,0,1,No,Electronic check,1,1,0,0,1,145.7,0
CUST-006832,69,One year,30.13,2101.01,1,0,0,No,Credit card (automatic),1,1,0,0,4,101.1,0
CUST-006833,13,Month-to-month,83.64,1030.69,0,0,0,Fiber optic,Credit card (automatic),0,0,1,0,4,116.2,0
CUST-006834,30,Month-to-month,118.76,3242.37,7,1,1,Fiber optic,Electronic check,1,0,0,0,4,107.9,1
CUST-006835,37,Month-to-month,52.66,1915.13,2,0,0,Fiber optic,Electronic check,1,0,0,1,2,81.0,0
CUST-006836,72,Two year,58.99,4345.79,0,1,1,DSL,Bank transfer (automatic),0,0,1,0,0,168.3,0
CUST-006837,67,Month-to-month,51.73,3331.26,1,0,0,DSL,Bank transfer (automatic),0,0,1,0,4,188.0,1
CUST-006838,44,One year,99.08,4389.29,0,1,0,Fiber optic,Electronic check,1,0,1,1,4,104.5,0
CUST-006839,41,Two year,99.83,4018.75,1,1,1,Fiber optic,Credit card (automatic),1,0,1,0,5,194.5,0
CUST-006840,29,One year,92.43,2541.7,1,0,0,Fiber optic,Electronic check,1,0,0,1,2,198.7,0
CUST-006841,36,Month-to-month,82.75,3062.01,2,1,1,Fiber optic,Credit card (automatic),0,0,0,0,4,52.1,0
CUST-006842,24,One year,66.58,1545.88,1,1,1,DSL,Credit card (automatic),1,0,0,0,0,167.0,0
CUST-006843,52,One year,60.88,3225.06,0,0,1,DSL,Electronic check,0,0,1,0,5,31.1,0
CUST-006844,43,Month-to-month,64.19,2558.65,1,0,0,DSL,Bank transfer (automatic),1,0,0,1,1,187.2,0
CUST-006845,61,Two year,101.42,6228.94,0,0,0,DSL,Electronic check,0,0,1,0,5,91.6,1
CUST-006846,59,Month-to-month,59.94,3646.77,1,1,0,Fiber optic,Bank transfer (automatic),1,0,0,0,1,38.2,0
CUST-006847,18,Two year,98.54,1804.92,0,0,0,Fiber optic,Bank transfer (automatic),0,0,1,0,5,98.8,0
CUST-006848,3,Month-to-month,41.45,129.9,0,0,1,No,Credit card (automatic),1,0,0,1,5,112.4,0
CUST-006849,17,Month-to-month,113.87,1998.27,0,0,0,DSL,Bank transfer (automatic),0,0,0,0,3,112.9,0
CUST-006850,36,One year,67.23,2456.49,6,0,0,No,Mailed check,1,0,1,0,3,137.3,1
CUST-006851,24,Month-to-month,58.3,1458.39,0,1,0,Fiber optic,Electronic check,1,0,0,0,0,198.9,1
CUST-006852,23,Month-to-month,59.2,1336.15,2,0,0,DSL,Electronic check,0,1,1,0,3,140.2,0
CUST-006853,16,Month-to-month,53.53,878.8,1,0,0,Fiber optic,Bank transfer (automatic),0,0,1,0,1,166.7,0
CUST-006854,40,Two year,49.17,1968.94,2,0,0,No,Credit card (automatic),0,0,1,0,3,35.4,0
CUST-006855,6,Month-to-month,105.39,690.85,5,0,0,Fiber optic,Credit card (automatic),1,0,1,0,1,179.0,1
CUST-006856,44,One year,124.03,5531.95,1,0,1,Fiber optic,Mailed check,1,0,0,0,5,90.8,0
CUST-006857,45,One year,92.02,3874.75,0,0,1,DSL,Credit card (automatic),1,0,0,1,1,223.1,1
CUST-006858,60,Month-to-month,62.38,3790.15,1,0,1,DSL,Electronic check,0,0,0,0,3,203.0,0
CUST-006859,72,Month-to-month,79.25,5434.62,0,0,0,DSL,Credit card (automatic),1,0,0,1,4,64.0,1
CUST-006860,2,Month-to-month,85.21,176.63,2,0,0,DSL,Electronic check,0,0,1,0,4,23.6,0
CUST-006861,43,Two year,146.24,6523.03,1,0,0,Fiber optic,Electronic check,1,0,0,0,1,78.3,1
CUST-006862,49,One year,49.9,2370.64,0,0,0,DSL,Credit card (automatic),1,0,1,0,5,88.2,0
CUST-006863,17,Two year,127.73,2058.73,1,1,0,Fiber optic,Mailed check,0,0,0,1,5,140.9,0
CUST-006864,26,One year,37.7,986.71,0,1,0,No,Credit card (automatic),1,0,1,1,3,64.2,0
CUST-006865,20,Two year,94.5,1804.58,0,0,1,No,Bank transfer (automatic),1,0,0,0,4,125.3,1
CUST-006866,45,Two year,49.48,2133.26,0,0,1,DSL,Electronic check,1,0,0,0,4,138.4,0
CUST-006867,64,Month-to-month,47.91,2988.65,1,0,0,DSL,Electronic check,1,0,1,0,1,82.4,1
CUST-006868,11,Two year,82.88,940.14,2,1,0,Fiber optic,Mailed check,0,0,1,0,3,88.1,0
CUST-006869,40,Month-to-month,45.6,1688.66,1,1,0,DSL,Bank transfer (automatic),1,0,0,1,2,42.9,1
CUST-006870,72,Month-to-month,100.65,6973.42,2,0,1,Fiber optic,Mailed check,1,0,0,1,5,70.6,0
CUST-006871,18,Month-to-month,120.66,2432.37,0,1,0,Fiber optic,Electronic check,0,0,0,1,1,110.4,1
CUST-006872,14,Month-to-month,37.21,571.83,0,0,0,Fiber optic,Electronic check,1,1,1,0,4,181.3,1
CUST-006873,13,Month-to-month,60.63,835.87,1,1,1,DSL,Bank transfer (automatic),1,0,0,0,0,74.0,0
CUST-006874,15,Month-to-month,37.84,568.84,2,1,1,DSL,Electronic check,1,0,0,1,0,147.1,1
CUST-006875,72,Month-to-month,87.63,6546.59,1,0,0,No,Mailed check,1,0,1,1,2,83.5,1
CUST-006876,72,Two year,100.51,7097.52,9,0,0,No,Electronic check,0,0,1,0,5,51.4,0
CUST-006877,72,Month-to-month,85.63,5331.57,0,1,0,Fiber optic,Credit card (automatic),1,1,0,0,2,103.9,1
CUST-006878,24,Month-to-month,72.42,1688.53,1,0,0,Fiber optic,Bank transfer (automatic),1,0,1,0,1,150.5,0
CUST-006879,72,One year,49.62,3487.97,8,1,1,Fiber optic,Electronic check,1,0,1,0,4,181.0,1
CUST-006880,12,One year,113.72,1366.57,1,0,1,DSL,Credit card (automatic),1,0,1,1,3,201.7,1
CUST-006881,53,Two year,97.97,5317.8,0,0,1,No,Mailed check,0,0,1,0,1,50.1,0
CUST-006882,19,Month-to-month,15.54,319.63,0,0,0,DSL,Bank transfer (automatic),1,0,0,0,5,107.4,0
CUST-006883,11,Month-to-month,106.39,1172.15,1,0,1,Fiber optic,Electronic check,1,0,1,0,4,286.2,0
CUST-006884,40,Two year,37.2,1413.34,1,0,1,DSL,Mailed check,0,0,0,1,4,154.3,0
CUST-006885,40,Month-to-month,77.29,3061.31,1,0,0,Fiber optic,Credit card (automatic),0,0,0,1,3,231.0,0
CUST-006886,43,One year,58.79,2609.38,1,1,0,Fiber optic,Electronic check,1,0,0,0,1,264.9,0
CUST-006887,47,Month-to-month,39.98,1868.52,4,0,0,Fiber optic,Bank transfer (automatic),1,0,1,1,2,44.9,1
CUST-006888,38,Month-to-month,88.86,3241.02,6,1,0,Fiber optic,Electronic check,1,0,0,0,4,24.0,0
CUST-006889,28,Two year,137.39,3947.82,1,1,1,Fiber optic,Mailed check,1,0,1,0,5,68.7,0
CUST-006890,32,Month-to-month,66.85,2016.97,0,1,0,Fiber optic,Bank transfer (automatic),1,0,1,1,3,79.1,0
CUST-006891,53,Month-to-month,112.28,5689.43,2,1,1,Fiber optic,Electronic check,1,1,1,0,5,27.5,0
CUST-006892,37,One year,116.21,4389.23,4,0,0,Fiber optic,Electronic check,0,0,1,1,1,234.0,1
CUST-006893,21,Month-to-month,108.04,2179.76,0,0,1,Fiber optic,Mailed check,0,0,0,1,3,236.5,0
CUST-006894,16,Month-to-month,139.91,2199.1,0,0,0,Fiber optic,Mailed check,1,0,0,1,2,121.0,1
CUST-006895,31,Month-to-month,88.88,2757.47,0,1,0,DSL,Credit card (automatic),0,0,1,0,0,264.0,0
CUST-006896,72,Month-to-month,135.12,9708.25,2,1,0,Fiber optic,Bank transfer (automatic),1,0,1,0,3,78.4,1
CUST-006897,47,One year,36.32,1624.45,1,1,0,DSL,Credit card (automatic),1,1,1,0,5,149.3,0
CUST-006898,72,Month-to-month,108.63,7949.97,2,0,0,Fiber optic,Credit card (automatic),1,0,1,1,5,126.4,0
CUST-006899,24,Month-to-month,127.77,2925.8,1,1,0,Fiber optic,Electronic check,0,0,0,0,2,48.7,1
CUST-006900,35,Month-to-month,45.7,1731.51,0,1,1,No,Credit card (automatic),0,1,1,1,2,185.3,0
CUST-006901,39,Two year,15.0,573.26,1,1,0,DSL,Credit card (automatic),1,0,0,0,5,67.9,0
CUST-006902,55,Month-to-month,58.32,3305.09,0,1,1,Fiber optic,Mailed check,1,1,1,1,2,58.1,0
CUST-006903,24,Two year,46.88,1166.36,1,1,0,DSL,Bank transfer (automatic),1,0,0,0,4,39.3,0
CUST-006904,47,Month-to-month,79.03,3648.5,1,0,1,No,Mailed check,0,0,0,0,3,373.6,1
CUST-006905,70,Month-to-month,50.84,3386.72,0,0,0,DSL,Electronic check,1,1,0,0,0,142.7,0
CUST-006906,29,One year,90.08,2707.63,1,0,1,Fiber optic,Electronic check,1,0,0,0,3,73.0,0
CUST-006907,15,Month-to-month,49.89,695.12,1,0,0,DSL,Electronic check,1,0,0,1,4,14.5,1
CUST-006908,72,One year,86.79,5852.14,0,1,1,Fiber optic,Mailed check,1,0,0,0,1,70.9,0
CUST-006909,50,Two year,63.34,3263.12,2,0,1,DSL,Bank transfer (automatic),1,1,1,0,1,57.5,0
CUST-006910,8,Two year,74.19,587.56,1,1,0,Fiber optic,Electronic check,1,1,0,0,1,94.3,0
CUST-006911,29,Month-to-month,85.53,2392.7,5,1,0,DSL,Electronic check,1,0,1,1,5,70.4,1
CUST-006912,72,One year,124.51,8741.2,3,1,1,Fiber optic,Electronic check,1,0,0,0,5,231.7,1
CUST-006913,44,Month-to-month,36.28,1532.83,4,1,1,DSL,Credit card (automatic),1,0,0,1,4,152.4,1
CUST-006914,31,One year,95.43,3280.96,1,0,1,Fiber optic,Credit card (automatic),0,0,1,0,4,140.9,0
CUST-006915,13,Month-to-month,29.26,399.75,6,0,1,DSL,Electronic check,1,1,0,1,3,104.3,0
CUST-006916,13,Month-to-month,21.18,263.99,2,0,0,No,Credit card (automatic),1,0,1,0,3,127.3,0
CUST-006917,53,Month-to-month,115.91,6047.2,7,0,0,Fiber optic,Credit card (automatic),1,0,1,0,0,150.7,1
CUST-006918,14,Month-to-month,140.19,2021.23,3,1,0,Fiber optic,Credit card (automatic),1,0,0,0,2,37.4,0
CUST-006919,39,One year,56.79,2106.75,1,0,1,DSL,Credit card (automatic),1,0,1,0,5,67.3,0
CUST-006920,29,Month-to-month,110.83,3124.28,2,0,0,DSL,Mailed check,1,1,0,0,0,94.2,1
CUST-006921,38,Month-to-month,48.79,1826.38,1,1,0,No,Electronic check,1,0,1,1,5,64.4,0
CUST-006922,27,One year,84.14,2171.66,2,1,0,Fiber optic,Credit card (automatic),1,0,0,0,5,29.5,0
CUST-006923,43,Month-to-month,131.69,5973.1,0,1,0,Fiber optic,Credit card (automatic),1,0,1,0,5,28.9,0
CUST-006924,59,Two year,67.18,3822.05,2,1,0,Fiber optic,Electronic check,1,0,1,1,0,170.8,0
CUST-006925,27,Month-to-month,87.92,2360.02,7,1,1,DSL,Bank transfer (automatic),1,0,0,1,5,19.6,0
CUST-006926,56,Month-to-month,56.29,3170.63,2,1,1,No,Bank transfer (automatic),1,0,1,0,3,209.7,0
CUST-006927,72,Month-to-month,71.98,5593.57,1,1,1,Fiber optic,Mailed check,1,0,1,0,2,91.3,0
CUST-006928,39,Month-to-month,52.28,2030.12,3,0,1,No,Bank transfer (automatic),1,0,0,0,4,137.5,0
CUST-006929,52,Month-to-month,35.79,2059.93,0,1,1,Fiber optic,Electronic check,0,0,1,0,5,56.8,0
CUST-006930,11,One year,96.53,1042.57,1,0,0,DSL,Mailed check,1,1,0,0,1,157.5,0
CUST-006931,28,Month-to-month,95.66,2648.91,0,1,1,Fiber optic,Electronic check,1,0,0,0,3,104.9,0
CUST-006932,7,Two year,61.3,449.2,2,0,1,No,Electronic check,1,0,0,0,1,45.8,1
CUST-006933,20,Month-to-month,47.68,1045.15,2,1,1,DSL,Bank transfer (automatic),0,0,1,0,4,111.1,0
CUST-006934,28,One year,97.79,2701.91,2,0,0,Fiber optic,Mailed check,0,0,1,0,3,195.2,0
CUST-006935,72,Month-to-month,112.09,8569.3,2,0,0,Fiber optic,Mailed check,0,0,0,1,0,52.6,0
CUST-006936,17,Month-to-month,58.14,1030.26,2,1,0,DSL,Electronic check,0,0,0,1,5,71.7,0
CUST-006937,30,Month-to-month,89.09,2571.03,4,0,0,DSL,Bank transfer (automatic),1,0,0,0,4,256.7,1
CUST-006938,14,Month-to-month,96.88,1355.09,2,1,1,Fiber optic,Electronic check,1,0,1,1,2,94.0,0
CUST-006939,26,One year,62.67,1626.11,2,1,0,No,Electronic check,0,0,1,1,0,176.7,0
CUST-006940,44,Month-to-month,112.81,4707.64,0,0,1,Fiber optic,Credit card (automatic),1,0,0,1,2,190.6,0
CUST-006941,49,Month-to-month,52.3,2583.74,1,0,1,No,Bank transfer (automatic),1,0,0,0,1,137.2,0
CUST-006942,23,Two year,33.71,778.43,0,1,0,DSL,Bank transfer (automatic),0,0,1,0,4,81.4,0
CUST-006943,19,Month-to-month,63.67,1232.4,0,0,0,DSL,Bank transfer (automatic),1,0,1,1,1,79.4,1
CUST-006944,72,Month-to-month,65.88,4759.92,1,0,0,DSL,Mailed check,1,1,1,0,3,92.3,0
CUST-006945,22,Month-to-month,84.44,1795.7,0,0,0,Fiber optic,Electronic check,1,0,1,0,1,26.2,1
CUST-006946,4,Month-to-month,119.75,537.59,1,0,0,Fiber optic,Mailed check,1,0,0,1,0,143.0,1
CUST-006947,71,Month-to-month,77.51,5562.91,2,0,0,DSL,Credit card (automatic),1,0,0,0,0,288.8,1
CUST-006948,5,One year,87.12,463.91,2,0,0,Fiber optic,Bank transfer (automatic),1,0,1,0,1,138.3,0
CUST-006949,71,One year,89.86,6519.81,0,1,1,Fiber optic,Credit card (automatic),1,0,0,1,2,19.6,0
CUST-006950,8,One year,92.02,791.63,2,1,0,Fiber optic,Credit card (automatic),0,0,0,0,2,133.9,1
CUST-006951,9,Month-to-month,103.15,892.33,1,1,0,Fiber optic,Electronic check,0,1,1,1,4,29.1,0
CUST-006952,12,Month-to-month,91.31,1090.85,0,0,1,Fiber optic,Credit card (automatic),1,0,0,1,4,162.3,1
CUST-006953,21,One year,61.14,1255.18,2,1,0,No,Bank transfer (automatic),1,0,1,0,4,118.4,0
CUST-006954,71,Month-to-month,56.64,3906.43,2,1,0,Fiber optic,Bank transfer (automatic),1,0,0,0,1,57.9,1
CUST-006955,12,Month-to-month,47.26,574.71,3,1,0,No,Bank transfer (automatic),1,0,0,0,1,96.6,1
CUST-006956,43,Month-to-month,71.93,3054.91,5,0,1,No,Mailed check,0,0,1,0,2,37.3,1
CUST-006957,37,One year,69.7,2394.88,1,0,1,No,Electronic check,1,1,1,0,2,264.8,0
CUST-006958,32,Month-to-month,27.87,878.34,1,0,0,DSL,Electronic check,1,1,0,0,1,117.9,0
CUST-006959,62,Two year,75.95,4618.02,0,0,0,Fiber optic,Mailed check,1,0,0,0,3,50.1,0
CUST-006960,34,Month-to-month,66.76,2369.8,1,1,1,Fiber optic,Electronic check,0,1,1,0,5,106.7,0
CUST-006961,36,Two year,99.12,3310.17,2,0,0,DSL,Electronic check,1,0,0,1,3,79.4,1
CUST-006962,52,Month-to-month,96.28,4878.17,2,0,1,Fiber optic,Electronic check,0,1,1,1,3,75.6,0
CUST-006963,21,One year,75.76,1531.27,0,1,0,DSL,Credit card (automatic),0,0,1,0,0,288.4,0
CUST-006964,30,Month-to-month,88.33,2748.6,1,0,0,Fiber optic,Electronic check,1,1,0,0,5,56.7,0
CUST-006965,39,Two year,49.34,1871.78,3,0,0,No,Credit card (automatic),1,0,0,0,0,31.4,0
CUST-006966,58,Month-to-month,78.86,4813.11,0,1,0,Fiber optic,Bank transfer (automatic),1,0,1,0,1,28.8,0
CUST-006967,28,Two year,77.32,2159.86,1,1,0,No,Electronic check,1,1,0,0,3,70.6,0
CUST-006968,30,One year,83.5,2566.34,0,1,0,Fiber optic,Electronic check,0,0,0,1,5,287.2,0
CUST-006969,43,One year,77.58,3520.37,4,0,0,No,Electronic check,1,0,0,1,0,80.8,1
CUST-006970,28,Month-to-month,68.57,1804.56,1,1,0,DSL,Mailed check,1,0,1,1,5,108.5,0
CUST-006971,17,Month-to-month,72.39,1215.42,5,0,1,No,Electronic check,1,0,1,0,5,169.3,1
CUST-006972,51,Two year,73.66,3835.76,1,1,1,DSL,Credit card (automatic),1,0,0,1,2,96.6,0
CUST-006973,35,Two year,51.85,1832.71,0,1,0,No,Mailed check,0,0,1,0,1,204.5,0
CUST-006974,23,Month-to-month,57.23,1230.93,0,1,0,DSL,Bank transfer (automatic),1,0,0,0,5,81.9,0
CUST-006975,12,Month-to-month,87.72,1089.3,0,1,0,DSL,Bank transfer (automatic),0,0,1,0,2,59.7,1
CUST-006976,5,Month-to-month,110.66,554.62,4,0,0,DSL,Bank transfer (automatic),1,0,1,0,0,224.9,1
CUST-006977,44,Month-to-month,112.95,5001.66,1,1,0,Fiber optic,Credit card (automatic),0,0,1,1,4,153.2,0
CUST-006978,17,Month-to-month,15.0,252.18,1,1,0,No,Mailed check,1,0,0,0,1,227.9,0
CUST-006979,7,Two year,71.05,418.23,1,0,0,Fiber optic,Mailed check,1,1,0,1,2,130.8,0
CUST-006980,15,Month-to-month,92.87,1431.04,1,0,0,Fiber optic,Credit card (automatic),0,0,0,1,3,65.8,0
CUST-006981,39,Two year,37.54,1507.11,1,0,0,DSL,Credit card (automatic),1,0,1,0,1,140.6,1
CUST-006982,16,Two year,36.37,569.66,5,1,0,No,Credit card (automatic),1,0,1,0,1,161.5,1
CUST-006983,39,Month-to-month,79.53,2871.45,3,0,1,Fiber optic,Credit card (automatic),1,0,0,1,0,171.9,1
CUST-006984,20,Month-to-month,73.63,1433.18,0,1,1,No,Mailed check,1,0,1,0,1,138.3,0
CUST-006985,30,Month-to-month,105.44,3320.57,7,1,1,Fiber optic,Bank transfer (automatic),1,1,0,1,0,141.4,1
CUST-006986,32,Month-to-month,80.82,2533.5,0,1,0,Fiber optic,Mailed check,0,0,1,0,2,235.9,0
CUST-006987,50,One year,53.9,2698.03,2,0,0,DSL,Bank transfer (automatic),1,0,0,1,1,64.4,0
CUST-006988,51,One year,68.91,3455.8,2,0,0,Fiber optic,Credit card (automatic),1,0,0,1,2,63.2,0
CUST-006989,31,Month-to-month,77.68,2446.05,0,0,1,No,Mailed check,0,0,1,0,0,69.3,0
CUST-006990,14,Two year,101.0,1320.9,0,1,0,Fiber optic,Bank transfer (automatic),1,0,1,0,0,67.4,0
CUST-006991,67,Month-to-month,87.68,5815.15,1,0,1,No,Credit card (automatic),1,1,0,0,5,17.8,0
CUST-006992,22,Month-to-month,68.24,1583.57,1,0,0,No,Electronic check,1,0,0,0,2,112.0,1
CUST-006993,2,Two year,32.22,61.49,0,0,0,DSL,Bank transfer (automatic),1,0,0,0,5,218.0,1
CUST-006994,38,Month-to-month,81.28,3046.2,0,0,1,Fiber optic,Credit card (automatic),0,0,0,0,1,195.3,0
CUST-006995,39,Month-to-month,111.42,4574.15,2,1,0,Fiber optic,Electronic check,0,0,0,1,5,54.7,0
CUST-006996,23,Month-to-month,21.61,515.59,2,1,1,DSL,Electronic check,1,0,1,0,2,66.7,0
CUST-006997,8,Month-to-month,87.88,718.94,3,1,1,Fiber optic,Electronic check,1,1,0,0,5,151.2,1
CUST-006998,6,Month-to-month,72.13,441.19,1,1,0,DSL,Electronic check,1,0,1,0,1,187.3,0
CUST-006999,24,One year,140.09,3424.87,1,0,0,Fiber optic,Mailed check,1,1,0,0,5,66.0,1
CUST-007000,12,Month-to-month,74.97,889.27,3,0,1,Fiber optic,Bank transfer (automatic),1,1,0,1,2,65.8,1
CUST-007001,58,One year,61.96,3791.71,1,1,1,No,Mailed check,0,0,0,1,3,35.4,0
CUST-007002,24,Month-to-month,132.19,3098.24,0,1,1,Fiber optic,Bank transfer (automatic),0,0,0,1,2,213.1,0
CUST-007003,21,Month-to-month,75.29,1502.49,6,1,0,Fiber optic,Electronic check,1,0,1,1,4,169.7,0
CUST-007004,72,Two year,91.87,6156.94,1,0,0,DSL,Credit card (automatic),1,0,1,0,0,79.5,0
CUST-007005,3,One year,74.82,217.54,3,1,0,No,Mailed check,1,0,0,0,2,138.0,0
CUST-007006,30,One year,84.47,2454.35,8,0,1,Fiber optic,Bank transfer (automatic),0,0,0,0,2,115.0,1
CUST-007007,5,Month-to-month,101.29,488.44,1,0,0,Fiber optic,Electronic check,1,0,1,1,0,132.7,1
CUST-007008,72,Month-to-month,61.31,4154.84,1,0,0,No,Credit card (automatic),1,0,1,1,2,87.4,0
CUST-007009,7,Two year,146.45,1044.32,1,0,1,Fiber optic,Bank transfer (automatic),1,0,1,0,2,293.0,1
CUST-007010,40,Two year,15.0,571.61,1,0,1,DSL,Credit card (automatic),1,0,1,1,3,150.9,0
CUST-007011,36,One year,57.94,2143.04,7,0,0,DSL,Mailed check,1,1,0,0,4,187.2,0
CUST-007012,5,Month-to-month,83.67,433.43,1,0,1,Fiber optic,Credit card (automatic),1,0,1,0,5,94.3,0
CUST-007013,40,Month-to-month,61.65,2783.25,1,0,0,DSL,Mailed check,1,0,0,1,3,74.7,1
CUST-007014,19,Month-to-month,92.01,1708.45,0,0,0,DSL,Electronic check,1,0,1,0,0,92.7,1
CUST-007015,46,Month-to-month,53.82,2455.95,0,0,1,DSL,Bank transfer (automatic),1,0,1,0,3,147.0,1
CUST-007016,18,Month-to-month,102.3,1772.69,1,0,0,Fiber optic,Electronic check,1,0,0,0,1,128.4,1
CUST-007017,40,Month-to-month,95.79,3607.15,7,0,0,Fiber optic,Credit card (automatic),1,0,1,0,4,114.4,1
CUST-007018,28,Month-to-month,110.96,3041.6,3,0,0,Fiber optic,Mailed check,1,0,1,1,1,185.3,1
CUST-007019,40,One year,86.57,3328.44,0,0,1,Fiber optic,Credit card (automatic),0,0,0,0,1,111.7,0
CUST-007020,45,One year,98.06,4151.46,2,1,0,Fiber optic,Mailed check,0,0,1,0,5,63.8,0
CUST-007021,26,One year,86.91,2286.4,4,0,1,Fiber optic,Bank transfer (automatic),0,0,1,0,1,206.3,0
CUST-007022,22,Month-to-month,40.35,840.12,1,0,0,No,Bank transfer (automatic),1,0,1,0,5,182.9,0
CUST-007023,44,Month-to-month,129.98,5880.94,1,1,1,Fiber optic,Bank transfer (automatic),1,0,1,0,4,130.2,0
CUST-007024,20,Two year,45.95,958.33,5,0,0,No,Bank transfer (automatic),1,0,1,0,0,262.1,1
CUST-007025,26,Month-to-month,78.04,1941.31,2,0,0,Fiber optic,Bank transfer (automatic),0,0,0,0,2,189.5,0
CUST-007026,72,Two year,68.58,5283.04,0,1,0,Fiber optic,Bank transfer (automatic),1,0,1,1,1,113.6,1
CUST-007027,30,Month-to-month,100.05,3061.71,0,0,0,Fiber optic,Credit card (automatic),1,0,1,0,5,239.8,0
CUST-007028,51,One year,53.05,2695.69,1,0,1,DSL,Mailed check,0,0,1,1,1,242.9,0
CUST-007029,17,Month-to-month,102.88,1593.42,1,0,0,No,Electronic check,1,1,1,0,2,31.7,1
CUST-007030,40,One year,103.35,3779.88,1,0,0,Fiber optic,Bank transfer (automatic),1,0,0,1,1,194.8,0
CUST-007031,26,Two year,58.08,1628.82,0,1,0,DSL,Bank transfer (automatic),1,0,0,1,1,108.4,0
CUST-007032,23,Month-to-month,67.26,1649.05,1,0,0,Fiber optic,Credit card (automatic),1,0,1,1,2,91.7,0
CUST-007033,5,One year,87.23,471.03,0,0,0,Fiber optic,Credit card (automatic),0,0,1,0,4,253.5,0
CUST-007034,13,Two year,78.0,1108.16,1,1,0,DSL,Credit card (automatic),1,0,1,0,1,163.7,0
CUST-007035,72,One year,63.85,4913.19,2,1,1,DSL,Bank transfer (automatic),0,0,0,1,1,49.2,0
CUST-007036,28,Month-to-month,61.49,1742.24,0,1,1,No,Credit card (automatic),0,1,0,1,2,101.0,0
CUST-007037,30,Month-to-month,64.49,1988.85,1,1,0,Fiber optic,Mailed check,1,0,1,0,4,158.5,1
CUST-007038,57,Two year,121.08,6665.41,0,0,0,DSL,Electronic check,1,0,0,0,1,113.2,0
CUST-007039,37,One year,59.97,2245.36,2,0,0,DSL,Credit card (automatic),1,1,1,1,3,360.2,0
CUST-007040,23,Two year,55.64,1327.43,1,0,0,Fiber optic,Credit card (automatic),0,1,0,1,4,74.9,0
CUST-007041,23,Month-to-month,63.12,1507.28,7,1,0,Fiber optic,Electronic check,1,0,1,1,4,80.0,1
CUST-007042,12,One year,81.4,970.67,8,0,0,Fiber optic,Credit card (automatic),1,0,1,1,0,52.7,1
CUST-007043,42,Two year,113.62,4287.77,1,1,0,No,Credit card (automatic),1,0,1,0,5,231.0,0
CUST-007044,43,Two year,60.74,2414.2,2,1,1,DSL,Mailed check,0,0,1,1,3,162.7,0
CUST-007045,31,One year,55.63,1765.57,4,1,0,DSL,Electronic check,1,0,1,0,1,239.2,0
CUST-007046,27,Month-to-month,86.12,2266.49,0,1,0,DSL,Credit card (automatic),1,0,0,0,3,73.7,0
CUST-007047,44,One year,112.94,5134.65,1,0,1,Fiber optic,Electronic check,1,0,0,0,4,110.0,1
CUST-007048,11,One year,81.48,841.73,2,0,0,DSL,Electronic check,0,0,1,0,1,124.2,1
CUST-007049,39,Month-to-month,95.0,3957.23,1,1,1,Fiber optic,Bank transfer (automatic),0,0,0,0,4,189.9,0
CUST-007050,72,Month-to-month,37.39,2565.87,3,0,1,No,Credit card (automatic),1,0,1,0,2,22.9,1
CUST-007051,18,Two year,46.22,893.38,0,1,0,DSL,Credit card (automatic),1,0,0,0,4,116.0,0
CUST-007052,25,Month-to-month,25.23,581.82,1,0,0,No,Bank transfer (automatic),0,0,1,1,2,281.6,0
CUST-007053,70,Month-to-month,59.4,4283.44,2,0,1,No,Credit card (automatic),0,1,1,0,2,218.5,1
CUST-007054,31,One year,79.38,2346.17,0,1,1,Fiber optic,Bank transfer (automatic),0,0,0,0,1,328.1,0
CUST-007055,53,Two year,51.79,2743.65,2,1,0,No,Bank transfer (automatic),0,0,0,0,1,40.9,0
CUST-007056,40,One year,96.98,4087.97,1,0,0,Fiber optic,Electronic check,0,1,0,1,1,176.7,1
CUST-007057,43,Month-to-month,73.57,3306.15,2,1,0,Fiber optic,Mailed check,1,0,1,1,5,121.6,0
CUST-007058,17,Month-to-month,81.49,1328.32,1,0,0,Fiber optic,Mailed check,1,0,1,0,0,87.7,1
CUST-007059,16,Month-to-month,52.84,819.55,1,1,0,DSL,Electronic check,1,0,0,0,3,50.3,1
CUST-007060,49,Month-to-month,89.2,4027.09,1,1,0,Fiber optic,Mailed check,0,0,1,0,2,143.9,1
CUST-007061,8,Two year,74.12,539.83,2,0,0,No,Electronic check,0,0,1,0,1,313.1,0
CUST-007062,26,Month-to-month,56.39,1405.01,0,0,0,Fiber optic,Electronic check,1,0,0,0,3,137.2,0
CUST-007063,44,Month-to-month,101.33,4267.98,0,0,1,Fiber optic,Bank transfer (automatic),0,0,1,0,4,115.9,0
CUST-007064,25,Two year,96.61,2233.35,2,1,0,Fiber optic,Electronic check,1,0,0,1,1,118.8,1
CUST-007065,27,Month-to-month,75.47,2016.77,0,1,1,No,Electronic check,1,0,0,0,3,220.2,0
CUST-007066,55,Month-to-month,68.33,3752.06,3,1,1,DSL,Credit card (automatic),1,0,0,0,2,68.9,1
CUST-007067,72,Month-to-month,74.04,5327.34,1,1,0,DSL,Credit card (automatic),1,1,0,0,4,110.2,0
CUST-007068,72,Month-to-month,54.61,3774.84,0,0,1,DSL,Bank transfer (automatic),0,0,0,0,5,155.6,0
CUST-007069,71,Month-to-month,76.08,5245.28,1,0,0,No,Electronic check,1,0,0,0,5,133.5,0
CUST-007070,21,Two year,118.61,2451.35,2,1,0,Fiber optic,Bank transfer (automatic),1,0,1,1,1,45.7,0
CUST-007071,14,Two year,52.62,766.78,3,0,0,DSL,Bank transfer (automatic),1,0,0,1,3,128.4,1
CUST-007072,21,One year,78.52,1593.12,2,1,0,Fiber optic,Electronic check,0,0,0,0,3,109.5,0
CUST-007073,44,One year,105.76,4262.85,8,1,0,Fiber optic,Electronic check,0,0,1,0,0,82.7,1
CUST-007074,23,Month-to-month,51.15,1157.56,6,0,1,DSL,Mailed check,1,0,0,0,1,171.2,0
CUST-007075,17,Two year,47.02,781.91,4,1,0,No,Mailed check,0,0,0,0,4,163.5,0
CUST-007076,72,Month-to-month,100.55,6654.98,3,0,0,Fiber optic,Electronic check,1,1,0,1,1,237.2,1
CUST-007077,22,Month-to-month,54.24,1169.46,0,1,1,DSL,Electronic check,1,1,0,1,2,80.2,0
CUST-007078,42,Month-to-month,95.54,3835.14,2,0,0,No,Mailed check,1,0,0,0,0,78.7,1
CUST-007079,41,Month-to-month,53.34,2178.42,0,1,0,DSL,Bank transfer (automatic),1,0,1,0,2,48.6,1
CUST-007080,5,Month-to-month,44.52,227.27,0,0,0,DSL,Bank transfer (automatic),1,0,1,0,0,34.4,1
CUST-007081,72,Month-to-month,89.88,6297.74,2,0,0,Fiber optic,Credit card (automatic),1,0,0,1,0,81.7,1
CUST-007082,11,Month-to-month,75.89,856.12,5,1,0,DSL,Electronic check,1,0,0,0,5,74.8,1
CUST-007083,8,Month-to-month,98.01,772.08,1,1,1,Fiber optic,Credit card (automatic),1,0,0,0,4,63.4,0
CUST-007084,20,Month-to-month,78.47,1548.64,1,0,0,DSL,Mailed check,1,1,0,0,1,114.7,1
CUST-007085,15,One year,51.17,755.69,0,1,1,DSL,Credit card (automatic),0,0,1,0,0,29.4,0
CUST-007086,70,Month-to-month,93.39,6473.91,2,1,0,No,Bank transfer (automatic),1,0,1,0,4,186.6,1
CUST-007087,37,One year,23.62,813.79,0,0,0,DSL,Bank transfer (automatic),0,0,1,1,3,117.3,0
CUST-007088,19,Month-to-month,70.48,1216.65,0,0,1,Fiber optic,Bank transfer (automatic),1,0,0,0,0,83.6,1
CUST-007089,7,Month-to-month,65.96,487.53,0,0,1,DSL,Bank transfer (automatic),1,1,1,0,0,60.1,1
CUST-007090,40,One year,47.57,1922.93,0,1,0,No,Bank transfer (automatic),1,0,0,0,5,28.1,0
CUST-007091,24,One year,57.26,1336.95,0,1,0,DSL,Electronic check,0,0,1,0,0,79.0,1
CUST-007092,44,Month-to-month,40.46,1874.88,1,1,0,DSL,Mailed check,0,0,0,0,4,56.8,0
CUST-007093,37,Month-to-month,59.8,2529.49,1,0,0,No,Credit card (automatic),0,1,1,1,0,53.0,0
CUST-007094,15,Two year,76.58,1062.54,0,0,0,DSL,Bank transfer (automatic),0,0,0,0,2,104.0,0
CUST-007095,48,Month-to-month,51.61,2472.46,0,1,1,No,Electronic check,0,0,0,1,3,210.9,0
CUST-007096,10,Month-to-month,68.03,702.99,1,0,1,Fiber optic,Credit card (automatic),1,0,1,0,2,72.2,1
CUST-007097,23,Month-to-month,53.48,1129.78,0,1,0,No,Credit card (automatic),0,0,1,0,5,162.0,0
CUST-007098,26,Two year,92.6,2223.83,3,0,0,DSL,Bank transfer (automatic),1,0,0,0,0,152.5,1
CUST-007099,29,Month-to-month,92.39,2806.95,1,1,1,No,Bank transfer (automatic),1,0,0,0,2,76.5,1
CUST-007100,9,Two year,53.05,476.16,4,0,0,DSL,Electronic check,1,0,1,0,3,60.1,1
CUST-007101,68,One year,77.71,5101.0,3,0,1,DSL,Bank transfer (automatic),1,0,0,1,4,65.2,0
CUST-007102,15,One year,89.54,1232.92,2,0,0,Fiber optic,Credit card (automatic),1,0,0,1,2,185.2,0
CUST-007103,6,Month-to-month,97.1,592.1,0,1,1,DSL,Electronic check,1,0,1,0,4,237.9,1
CUST-007104,38,One year,94.79,3349.61,2,1,1,Fiber optic,Mailed check,1,0,0,0,5,127.1,0
CUST-007105,72,Month-to-month,84.96,5805.47,2,1,1,Fiber optic,Credit card (automatic),0,0,1,0,2,122.1,0
CUST-007106,5,Month-to-month,105.0,499.91,0,1,0,DSL,Mailed check,1,1,1,0,1,124.7,1
CUST-007107,56,Month-to-month,41.9,2306.64,1,0,0,DSL,Credit card (automatic),0,0,1,0,1,268.9,1
CUST-007108,30,One year,97.98,2777.57,1,0,0,Fiber optic,Mailed check,1,0,1,0,4,47.1,0
CUST-007109,9,One year,124.15,1064.28,0,1,1,Fiber optic,Electronic check,1,0,0,1,4,97.1,0
CUST-007110,26,Two year,106.65,2903.92,3,0,0,Fiber optic,Credit card (automatic),1,1,0,0,2,259.2,1
CUST-007111,72,Month-to-month,70.93,5149.83,2,1,1,Fiber optic,Electronic check,0,0,0,0,5,175.8,0
CUST-007112,72,Two year,69.58,5013.61,1,0,0,Fiber optic,Bank transfer (automatic),1,0,1,0,2,90.4,0
CUST-007113,72,Two year,54.79,4030.92,1,0,1,Fiber optic,Electronic check,1,0,0,0,4,168.0,0
CUST-007114,50,Two year,102.07,4833.27,0,1,0,DSL,Bank transfer (automatic),1,0,0,1,2,169.9,0
CUST-007115,20,One year,36.68,746.93,1,1,0,DSL,Electronic check,0,0,1,0,5,72.7,0
CUST-007116,55,Month-to-month,82.84,4653.43,2,0,1,DSL,Credit card (automatic),1,1,1,0,5,167.7,1
CUST-007117,16,Two year,54.34,824.94,0,0,1,Fiber optic,Credit card (automatic),0,0,0,0,3,96.8,0
CUST-007118,27,One year,128.93,3584.97,6,1,1,DSL,Electronic check,0,0,1,1,0,110.7,0
CUST-007119,17,One year,56.18,966.31,0,0,1,Fiber optic,Mailed check,1,0,0,0,4,92.7,0
CUST-007120,49,Month-to-month,66.06,3279.4,0,1,0,DSL,Bank transfer (automatic),0,0,0,1,4,166.4,0
CUST-007121,46,Month-to-month,95.3,4749.02,1,1,0,DSL,Credit card (automatic),0,0,1,0,5,286.4,0
CUST-007122,18,Month-to-month,47.42,858.78,7,0,1,DSL,Mailed check,1,1,0,1,2,179.1,1
CUST-007123,64,Month-to-month,104.09,6354.18,2,0,1,Fiber optic,Credit card (automatic),0,0,0,0,3,71.6,1
CUST-007124,72,Month-to-month,82.95,6011.31,0,0,1,Fiber optic,Credit card (automatic),0,0,1,0,2,104.6,0
CUST-007125,20,Two year,99.7,1995.32,1,0,1,Fiber optic,Bank transfer (automatic),0,0,0,1,1,47.3,0
CUST-007126,41,Month-to-month,92.02,3563.67,0,0,1,No,Mailed check,1,1,1,0,3,99.5,0
CUST-007127,72,Month-to-month,79.29,5131.15,1,0,1,Fiber optic,Bank transfer (automatic),1,0,1,0,4,247.3,0
CUST-007128,38,Month-to-month,102.42,3879.28,1,0,0,DSL,Bank transfer (automatic),0,0,0,0,5,176.9,0
CUST-007129,23,Month-to-month,73.81,1777.68,0,0,0,No,Bank transfer (automatic),1,0,0,0,3,67.4,0
CUST-007130,28,Month-to-month,138.71,4068.86,2,1,0,Fiber optic,Electronic check,0,1,1,0,3,78.4,0
CUST-007131,20,One year,44.2,896.49,0,1,1,DSL,Bank transfer (automatic),1,0,1,1,0,172.9,0
CUST-007132,65,Two year,48.95,3431.52,3,1,1,DSL,Credit card (automatic),0,0,0,0,2,65.8,0
CUST-007133,60,Month-to-month,84.19,5095.47,2,0,1,Fiber optic,Mailed check,1,0,1,0,5,150.5,0
CUST-007134,16,Month-to-month,34.68,549.41,0,1,0,DSL,Bank transfer (automatic),0,0,1,0,0,45.3,0
CUST-007135,19,One year,113.15,2171.79,1,0,1,Fiber optic,Mailed check,1,0,0,1,2,46.9,0
CUST-007136,8,Month-to-month,63.1,486.3,0,1,0,DSL,Electronic check,0,1,0,1,0,91.5,0
CUST-007137,45,One year,36.35,1532.1,5,0,0,No,Electronic check,0,0,0,0,0,121.8,0
CUST-007138,11,One year,69.43,726.36,1,0,0,Fiber optic,Mailed check,1,0,0,0,4,53.3,1
CUST-007139,72,Two year,68.25,4796.22,5,0,0,Fiber optic,Bank transfer (automatic),1,0,1,0,3,97.8,0
CUST-007140,15,Month-to-month,88.09,1378.58,2,1,0,DSL,Credit card (automatic),0,0,0,0,4,78.4,0
CUST-007141,4,Two year,101.43,376.36,0,0,0,Fiber optic,Electronic check,0,0,0,0,2,232.9,1
CUST-007142,11,Two year,61.69,645.54,1,1,0,No,Mailed check,1,0,0,0,3,62.6,1
CUST-007143,37,Month-to-month,55.87,2150.42,2,0,1,DSL,Credit card (automatic),1,0,0,1,4,171.8,0
CUST-007144,28,Month-to-month,84.03,2310.86,2,1,0,Fiber optic,Electronic check,0,0,1,0,1,86.6,1
CUST-007145,14,Month-to-month,109.53,1518.14,1,0,1,DSL,Credit card (automatic),0,0,0,1,2,56.9,1
CUST-007146,27,Month-to-month,84.15,2229.47,1,1,1,Fiber optic,Bank transfer (automatic),1,0,0,0,0,182.4,1
CUST-007147,18,Two year,86.44,1706.27,7,1,0,No,Credit card (automatic),1,0,1,1,0,114.0,0
CUST-007148,44,Month-to-month,81.77,3698.67,3,0,0,Fiber optic,Bank transfer (automatic),1,0,0,1,3,205.1,1
CUST-007149,11,Month-to-month,132.06,1470.96,0,1,0,Fiber optic,Credit card (automatic),1,0,0,0,3,58.1,1
CUST-007150,33,Month-to-month,34.52,1150.41,3,0,0,DSL,Bank transfer (automatic),1,0,1,0,3,144.6,0
CUST-007151,34,One year,85.18,2955.41,1,1,0,No,Electronic check,0,0,1,0,1,84.2,0
CUST-007152,29,Two year,71.02,2249.91,3,0,0,Fiber optic,Credit card (automatic),0,0,0,0,2,25.1,0
CUST-007153,40,One year,120.33,4723.21,1,0,1,DSL,Electronic check,1,0,0,0,2,94.3,0
CUST-007154,27,One year,82.43,2244.38,6,1,1,No,Bank transfer (automatic),1,0,1,1,0,210.1,0
CUST-007155,49,Month-to-month,22.41,1099.69,7,1,0,DSL,Mailed check,1,1,0,1,4,122.0,1
CUST-007156,29,One year,41.71,1264.23,0,0,1,DSL,Credit card (automatic),1,1,0,0,2,146.3,0
CUST-007157,67,Month-to-month,82.13,5971.78,1,1,1,No,Credit card (automatic),0,0,0,0,0,118.9,1
CUST-007158,33,Month-to-month,81.44,2608.47,2,1,0,DSL,Credit card (automatic),0,0,0,0,3,61.6,1
CUST-007159,65,One year,79.58,5289.89,1,0,1,DSL,Electronic check,1,0,0,1,0,117.4,0
CUST-007160,18,Two year,68.91,1251.31,5,1,1,DSL,Credit card (automatic),1,0,1,0,4,81.7,1
CUST-007161,13,One year,57.03,689.76,0,0,0,No,Credit card (automatic),1,0,0,0,3,43.2,1
CUST-007162,49,One year,92.17,4735.41,2,0,1,DSL,Mailed check,0,1,1,0,3,91.4,0
CUST-007163,29,Month-to-month,68.4,2138.66,1,1,1,Fiber optic,Electronic check,1,1,1,0,2,86.7,1
CUST-007164,3,Month-to-month,66.34,207.18,1,0,0,DSL,Mailed check,1,0,1,0,5,166.5,1
CUST-007165,16,Month-to-month,49.5,766.97,2,0,0,DSL,Electronic check,1,0,1,0,0,79.9,1
CUST-007166,37,One year,47.5,1638.28,1,1,1,DSL,Bank transfer (automatic),1,0,0,0,0,88.2,0
CUST-007167,27,One year,53.53,1491.64,2,0,0,No,Electronic check,1,0,1,0,2,44.3,0
CUST-007168,15,One year,71.62,1016.32,3,1,1,Fiber optic,Mailed check,1,0,0,0,3,177.3,1
CUST-007169,29,Month-to-month,78.74,2171.59,5,1,1,No,Bank transfer (automatic),1,0,0,0,5,136.7,0
CUST-007170,33,Month-to-month,53.1,1770.64,2,0,0,Fiber optic,Mailed check,1,1,1,0,1,173.2,0
CUST-007171,6,Month-to-month,75.78,471.41,0,1,0,DSL,Credit card (automatic),1,0,0,1,2,125.2,1
CUST-007172,63,One year,49.14,3043.79,0,1,0,DSL,Electronic check,0,0,0,1,1,63.2,0
CUST-007173,72,Two year,90.76,6467.2,0,0,1,Fiber optic,Bank transfer (automatic),1,0,0,0,0,145.2,0
CUST-007174,16,Month-to-month,85.83,1365.6,0,0,0,Fiber optic,Credit card (automatic),0,1,0,0,0,59.6,0
CUST-007175,72,One year,77.52,5325.79,1,1,0,Fiber optic,Mailed check,1,0,0,0,4,197.4,0
CUST-007176,27,One year,95.33,2524.99,3,0,0,DSL,Mailed check,1,0,1,0,1,126.8,0
CUST-007177,17,Month-to-month,80.73,1261.42,6,0,0,Fiber optic,Credit card (automatic),1,0,1,1,2,28.5,1
CUST-007178,17,Month-to-month,82.59,1455.66,0,0,1,DSL,Mailed check,0,0,1,1,4,180.7,0
CUST-007179,72,Month-to-month,107.91,8852.69,8,0,0,Fiber optic,Credit card (automatic),0,0,1,1,4,57.0,1
CUST-007180,12,Two year,58.19,700.38,1,1,1,No,Credit card (automatic),1,1,0,0,5,151.8,0
CUST-007181,33,Month-to-month,33.55,1173.08,0,0,0,DSL,Electronic check,0,0,1,0,1,30.6,1
CUST-007182,36,Month-to-month,42.95,1525.97,0,1,0,DSL,Credit card (automatic),0,0,0,0,4,190.2,0
CUST-007183,49,Month-to-month,96.97,4431.65,6,1,1,DSL,Bank transfer (automatic),1,0,0,1,5,143.2,0
CUST-007184,31,One year,102.31,3528.6,1,0,1,Fiber optic,Credit card (automatic),0,0,0,0,4,51.0,1
CUST-007185,72,Month-to-month,93.47,6445.28,1,0,1,Fiber optic,Bank transfer (automatic),1,1,1,0,0,50.3,1
CUST-007186,72,Two year,50.82,3832.31,9,0,1,No,Credit card (automatic),1,0,1,1,1,53.8,1
CUST-007187,72,Month-to-month,108.3,7881.84,0,1,1,No,Mailed check,1,0,1,1,5,255.5,0
CUST-007188,39,Two year,68.3,2821.81,0,1,1,Fiber optic,Bank transfer (automatic),1,0,0,0,2,116.7,0
CUST-007189,56,One year,93.49,5217.88,0,1,0,Fiber optic,Credit card (automatic),1,0,0,1,0,65.4,0
CUST-007190,23,Month-to-month,77.55,1679.86,7,1,0,DSL,Credit card (automatic),0,0,0,0,4,103.4,1
CUST-007191,65,One year,32.36,2033.49,1,0,1,No,Electronic check,1,0,1,0,1,218.9,0
CUST-007192,18,One year,71.04,1429.11,2,1,1,Fiber optic,Electronic check,0,0,0,0,1,91.0,0
CUST-007193,14,Month-to-month,53.56,761.83,0,1,0,DSL,Credit card (automatic),1,1,1,0,2,116.9,1
CUST-007194,13,One year,86.55,1247.65,1,1,1,No,Bank transfer (automatic),0,0,1,0,1,79.0,0
CUST-007195,45,One year,79.05,3491.87,1,1,1,Fiber optic,Electronic check,0,0,1,0,5,32.8,0
CUST-007196,72,One year,29.1,2169.98,2,1,0,DSL,Bank transfer (automatic),1,0,0,0,5,109.9,0
CUST-007197,72,One year,51.69,3482.76,0,0,0,Fiber optic,Credit card (automatic),0,1,0,0,4,88.5,0
CUST-007198,3,One year,45.83,137.69,1,0,1,DSL,Credit card (automatic),0,1,1,0,3,122.1,0
CUST-007199,59,Month-to-month,27.75,1819.24,1,0,1,DSL,Mailed check,0,0,0,1,0,254.3,0
CUST-007200,13,Month-to-month,84.22,1051.95,1,1,0,DSL,Credit card (automatic),1,1,0,0,4,137.5,0
CUST-007201,72,Month-to-month,110.2,7660.51,1,0,0,Fiber optic,Mailed check,1,0,1,0,0,166.5,1
CUST-007202,9,One year,65.18,610.89,1,1,1,DSL,Mailed check,0,0,0,0,2,140.9,0
CUST-007203,6,Month-to-month,58.42,352.53,1,0,0,DSL,Credit card (automatic),1,0,0,0,0,48.7,0
CUST-007204,60,Month-to-month,108.54,7129.82,3,1,1,Fiber optic,Electronic check,1,1,1,0,3,62.0,1
CUST-007205,22,One year,82.5,1793.13,6,0,0,DSL,Mailed check,0,0,0,0,3,138.0,0
CUST-007206,21,Month-to-month,65.33,1376.65,2,0,1,Fiber optic,Electronic check,1,0,0,1,0,30.6,1
CUST-007207,16,Month-to-month,68.79,1118.08,3,1,0,Fiber optic,Electronic check,1,0,1,0,1,51.1,1
CUST-007208,18,Two year,82.66,1407.85,2,0,0,DSL,Mailed check,0,0,1,0,1,118.5,0
CUST-007209,61,One year,71.76,4093.13,0,0,0,DSL,Credit card (automatic),1,0,1,1,5,115.5,1
CUST-007210,13,One year,80.21,970.27,0,1,0,DSL,Mailed check,1,0,0,0,0,26.6,0
CUST-007211,26,Month-to-month,67.65,1467.99,0,0,1,Fiber optic,Bank transfer (automatic),0,0,1,0,4,119.2,0
CUST-007212,12,One year,46.21,552.16,1,0,0,No,Electronic check,0,0,1,1,1,61.3,1
CUST-007213,32,Two year,76.6,2291.79,1,1,1,DSL,Credit card (automatic),0,0,1,0,0,181.5,0
CUST-007214,21,Month-to-month,47.95,979.81,1,0,0,DSL,Bank transfer (automatic),0,0,1,1,1,66.8,0
CUST-007215,42,Month-to-month,27.0,1191.84,2,1,0,DSL,Credit card (automatic),1,0,0,0,0,118.5,1
CUST-007216,46,Month-to-month,73.33,3213.65,1,1,0,Fiber optic,Mailed check,1,0,0,0,1,93.4,1
CUST-007217,72,Two year,59.87,4459.32,2,1,1,DSL,Bank transfer (automatic),1,1,0,0,2,175.8,0
CUST-007218,72,Month-to-month,132.53,8788.23,3,1,0,Fiber optic,Electronic check,1,0,0,0,3,59.6,0
CUST-007219,17,Month-to-month,69.04,1133.48,1,0,0,Fiber optic,Electronic check,0,0,1,0,4,44.4,0
CUST-007220,50,Month-to-month,63.46,3449.22,2,0,0,DSL,Bank transfer (automatic),0,0,0,0,5,100.1,0
CUST-007221,20,Two year,141.07,2761.05,2,0,1,Fiber optic,Credit card (automatic),0,0,1,0,2,234.9,0
CUST-007222,45,Month-to-month,37.66,1803.82,5,1,1,No,Electronic check,1,1,1,0,0,280.6,0
CUST-007223,44,Month-to-month,81.51,4008.82,2,1,1,DSL,Bank transfer (automatic),0,0,1,0,0,168.6,1
CUST-007224,43,Two year,72.23,3040.84,3,1,1,Fiber optic,Bank transfer (automatic),1,0,0,0,5,183.0,0
CUST-007225,52,Month-to-month,100.04,5028.92,0,0,0,Fiber optic,Mailed check,1,0,0,1,1,51.0,0
CUST-007226,34,One year,123.37,3741.51,1,1,0,DSL,Credit card (automatic),1,0,1,0,0,33.2,1
CUST-007227,22,Month-to-month,109.79,2450.62,1,1,0,Fiber optic,Bank transfer (automatic),0,0,0,0,1,51.5,1
CUST-007228,32,Month-to-month,68.8,2243.35,5,1,0,DSL,Credit card (automatic),1,0,0,1,2,81.6,1
CUST-007229,72,Month-to-month,41.22,3082.21,6,1,1,DSL,Credit card (automatic),1,0,0,0,4,64.6,0
CUST-007230,19,Month-to-month,85.61,1739.75,1,0,0,Fiber optic,Credit card (automatic),1,1,0,0,2,146.1,1
CUST-007231,23,Month-to-month,50.87,1109.99,1,0,0,No,Mailed check,0,0,0,0,0,71.9,0
CUST-007232,16,One year,28.74,502.86,0,0,0,DSL,Credit card (automatic),1,0,1,1,1,23.9,0
CUST-007233,5,Month-to-month,36.78,181.31,4,0,0,Fiber optic,Credit card (automatic),0,0,0,0,1,110.7,1
CUST-007234,28,Month-to-month,44.24,1261.24,1,1,1,DSL,Electronic check,0,1,1,0,2,244.2,1
CUST-007235,47,One year,89.21,4178.74,0,0,1,Fiber optic,Bank transfer (automatic),1,0,0,0,3,266.2,0
CUST-007236,14,Two year,117.98,1588.02,4,0,0,Fiber optic,Credit card (automatic),0,1,0,0,5,140.6,0
CUST-007237,72,Month-to-month,71.55,4842.81,1,1,0,Fiber optic,Mailed check,1,0,0,1,3,92.1,1
CUST-007238,41,Month-to-month,69.79,2891.48,0,1,1,No,Bank transfer (automatic),0,0,1,1,5,151.8,0
CUST-007239,62,Month-to-month,47.47,2801.26,2,0,1,Fiber optic,Bank transfer (automatic),1,0,1,0,0,88.2,0
CUST-007240,38,Two year,44.99,1690.78,0,0,1,DSL,Credit card (automatic),1,1,1,0,1,131.7,0
CUST-007241,26,Two year,15.0,381.96,5,0,1,No,Electronic check,1,0,0,0,0,48.0,0
CUST-007242,22,Month-to-month,120.85,2610.54,3,0,0,DSL,Mailed check,1,0,1,1,2,56.8,1
CUST-007243,37,Month-to-month,94.95,3197.09,2,1,1,Fiber optic,Mailed check,1,0,1,0,4,270.3,1
CUST-007244,39,Month-to-month,94.16,3090.72,2,1,1,Fiber optic,Electronic check,1,0,1,1,5,110.8,0
CUST-007245,20,One year,78.38,1633.36,2,0,0,No,Electronic check,0,0,1,0,2,181.4,1
CUST-007246,26,Month-to-month,150.0,4119.47,1,0,0,Fiber optic,Bank transfer (automatic),0,0,1,0,2,101.5,0
CUST-007247,72,Month-to-month,79.12,4966.99,0,1,1,Fiber optic,Credit card (automatic),1,0,1,1,0,107.8,0
CUST-007248,33,Month-to-month,65.48,2206.02,1,0,0,Fiber optic,Credit card (automatic),0,0,1,0,2,209.3,0
CUST-007249,35,One year,140.0,4953.22,0,1,0,Fiber optic,Credit card (automatic),1,0,1,1,5,212.9,0
CUST-007250,72,Two year,34.23,2301.4,0,1,0,No,Credit card (automatic),0,0,0,0,4,171.0,0
CUST-007251,40,Month-to-month,97.45,4072.99,0,1,0,DSL,Electronic check,0,0,1,0,0,197.0,0
CUST-007252,30,Two year,63.15,2002.32,1,1,0,DSL,Mailed check,0,1,1,1,2,119.9,0
CUST-007253,61,Month-to-month,100.83,6476.42,0,1,1,Fiber optic,Electronic check,1,0,0,1,2,259.6,1
CUST-007254,51,One year,29.08,1612.47,0,0,1,DSL,Bank transfer (automatic),1,0,0,0,5,118.5,1
CUST-007255,36,Two year,129.84,4907.97,1,1,0,No,Credit card (automatic),0,1,0,0,5,126.2,0
CUST-007256,38,One year,55.44,2019.14,1,1,1,DSL,Electronic check,0,0,1,1,3,98.6,0
CUST-007257,24,Month-to-month,72.47,1740.79,7,1,0,Fiber optic,Bank transfer (automatic),1,0,1,1,2,242.8,1
CUST-007258,11,Month-to-month,103.71,1162.8,1,0,1,Fiber optic,Bank transfer (automatic),1,0,1,1,5,84.1,0
CUST-007259,46,Two year,48.88,2419.25,2,0,0,No,Electronic check,0,0,0,1,3,102.9,0
CUST-007260,7,One year,100.61,695.43,4,0,0,Fiber optic,Credit card (automatic),0,0,1,1,3,143.5,0
CUST-007261,12,Month-to-month,33.48,389.06,1,1,1,DSL,Mailed check,0,0,0,0,5,73.1,1
CUST-007262,26,One year,68.64,1637.06,1,1,1,DSL,Mailed check,1,0,0,0,2,193.9,0
CUST-007263,24,Month-to-month,74.92,1876.57,0,1,1,Fiber optic,Credit card (automatic),1,0,1,1,0,16.8,1
CUST-007264,50,Month-to-month,45.42,2294.75,2,0,0,No,Electronic check,0,0,1,1,4,54.6,0
CUST-007265,59,Two year,66.47,3751.82,1,0,0,Fiber optic,Mailed check,1,0,0,1,2,160.1,0
CUST-007266,72,Month-to-month,112.15,8385.9,0,0,0,Fiber optic,Credit card (automatic),0,0,0,0,1,61.2,0
CUST-007267,6,Month-to-month,81.24,479.15,0,0,1,Fiber optic,Mailed check,1,0,1,1,2,42.4,1
CUST-007268,42,Month-to-month,85.4,3349.22,0,1,0,Fiber optic,Bank transfer (automatic),1,1,1,0,4,100.9,1
CUST-007269,41,Two year,100.68,4402.55,1,1,0,Fiber optic,Mailed check,1,0,1,0,0,89.6,0
CUST-007270,38,Month-to-month,93.5,3186.49,1,1,0,DSL,Electronic check,1,0,0,0,1,182.4,1
CUST-007271,46,Month-to-month,41.92,1942.18,2,1,0,DSL,Electronic check,0,0,0,0,2,203.5,1
CUST-007272,53,Month-to-month,95.52,5034.51,1,1,0,Fiber optic,Credit card (automatic),1,0,1,0,5,78.3,0
CUST-007273,72,Month-to-month,67.26,4445.92,2,1,1,Fiber optic,Electronic check,1,1,1,0,2,120.3,0
CUST-007274,38,Month-to-month,59.79,2308.99,6,1,1,DSL,Credit card (automatic),1,1,1,0,1,104.2,1
CUST-007275,72,Month-to-month,91.63,6368.61,3,0,0,No,Electronic check,0,0,0,0,5,104.1,0
CUST-007276,39,Month-to-month,15.0,634.24,3,0,0,DSL,Credit card (automatic),1,0,0,1,2,57.5,0
CUST-007277,21,One year,66.93,1476.09,0,0,0,Fiber optic,Credit card (automatic),0,0,0,1,0,90.8,0
CUST-007278,36,Month-to-month,84.22,3065.45,3,1,1,Fiber optic,Electronic check,0,0,0,1,3,102.2,1
CUST-007279,15,Month-to-month,74.52,978.54,2,1,0,No,Bank transfer (automatic),0,0,0,0,5,270.8,1
CUST-007280,15,One year,95.49,1392.55,2,1,0,No,Credit card (automatic),0,0,1,0,5,52.6,0
CUST-007281,27,Month-to-month,47.57,1243.75,1,0,0,Fiber optic,Bank transfer (automatic),0,0,0,0,2,75.1,1
CUST-007282,24,Month-to-month,125.39,3191.48,1,1,0,Fiber optic,Credit card (automatic),0,0,1,0,4,122.8,1
CUST-007283,72,Two year,103.02,7483.44,10,0,0,Fiber optic,Electronic check,0,0,0,0,0,44.3,0
CUST-007284,27,One year,58.98,1617.69,1,0,0,No,Credit card (automatic),0,0,0,0,4,98.7,0
CUST-007285,13,One year,53.27,727.74,3,1,0,Fiber optic,Bank transfer (automatic),0,0,1,0,2,240.0,0
CUST-007286,31,Month-to-month,75.69,2537.7,3,1,0,Fiber optic,Mailed check,0,0,1,0,4,51.7,0
CUST-007287,38,Two year,90.63,3695.14,4,0,1,DSL,Bank transfer (automatic),0,0,1,0,1,76.4,1
CUST-007288,34,Month-to-month,90.66,3166.62,0,0,1,Fiber optic,Mailed check,0,0,1,0,3,67.7,0
CUST-007289,12,Month-to-month,60.48,715.9,0,0,0,DSL,Mailed check,1,1,1,0,2,50.9,1
CUST-007290,72,Two year,65.71,4834.01,1,0,1,Fiber optic,Electronic check,0,0,1,0,0,91.0,1
CUST-007291,5,Month-to-month,108.37,540.96,2,0,0,Fiber optic,Credit card (automatic),1,1,0,0,4,22.6,0
CUST-007292,33,One year,61.26,2101.03,1,0,0,DSL,Mailed check,0,0,1,0,4,62.0,0
CUST-007293,12,Month-to-month,84.08,980.32,1,0,1,Fiber optic,Mailed check,1,0,0,1,5,198.9,0
CUST-007294,63,Month-to-month,87.62,5769.42,2,1,0,Fiber optic,Credit card (automatic),0,0,1,0,1,55.6,1
CUST-007295,43,One year,48.87,2106.3,1,1,0,No,Credit card (automatic),1,1,0,0,0,107.7,0
CUST-007296,38,Month-to-month,44.62,1728.29,1,0,1,DSL,Credit card (automatic),1,0,1,1,1,170.6,1
CUST-007297,25,One year,27.01,634.86,6,0,0,DSL,Electronic check,1,0,0,1,5,115.0,0
CUST-007298,72,Month-to-month,74.51,5291.33,1,1,1,Fiber optic,Credit card (automatic),0,0,1,0,4,77.1,0
CUST-007299,25,Month-to-month,45.0,1150.12,0,0,0,Fiber optic,Electronic check,0,0,1,1,3,136.9,1
CUST-007300,72,One year,77.14,5503.46,4,0,0,DSL,Mailed check,1,0,1,0,1,111.3,0
CUST-007301,15,Month-to-month,73.31,970.62,0,0,1,Fiber optic,Credit card (automatic),1,0,1,0,0,212.6,0
CUST-007302,31,One year,55.19,1605.32,2,0,0,No,Electronic check,0,0,0,1,1,156.5,1
CUST-007303,52,Month-to-month,64.07,3388.58,2,0,0,DSL,Electronic check,1,0,0,1,2,161.7,0
CUST-007304,45,Month-to-month,69.95,3384.51,4,0,0,Fiber optic,Bank transfer (automatic),0,1,1,1,4,112.0,1
CUST-007305,30,Month-to-month,35.62,1056.17,6,0,0,DSL,Mailed check,0,0,1,0,4,149.0,1
CUST-007306,6,One year,70.55,412.95,0,0,0,No,Mailed check,1,0,0,0,1,364.5,1
CUST-007307,35,Month-to-month,112.23,4134.72,2,1,0,No,Credit card (automatic),1,0,0,0,3,102.0,0
CUST-007308,23,Month-to-month,112.75,2594.66,1,1,1,Fiber optic,Credit card (automatic),1,0,0,0,5,118.8,0
CUST-007309,19,Two year,97.0,1911.48,0,0,1,No,Credit card (automatic),1,0,0,1,0,184.7,0
CUST-007310,54,Month-to-month,32.54,1731.18,0,0,0,DSL,Electronic check,0,0,1,1,2,134.5,0
CUST-007311,5,One year,85.21,417.4,1,0,1,Fiber optic,Bank transfer (automatic),1,0,0,1,4,123.7,0
CUST-007312,30,Month-to-month,85.05,2656.36,2,0,1,Fiber optic,Credit card (automatic),0,0,0,1,2,107.9,0
CUST-007313,1,Month-to-month,100.71,104.1,0,1,1,No,Electronic check,1,0,0,0,1,90.5,0
CUST-007314,45,Month-to-month,112.92,4999.89,0,0,1,Fiber optic,Mailed check,1,0,0,1,0,153.9,0
CUST-007315,55,Month-to-month,60.9,3161.22,1,1,1,DSL,Electronic check,1,0,0,1,5,101.7,0
CUST-007316,35,One year,15.0,481.18,1,0,1,DSL,Electronic check,0,0,0,0,0,135.1,0
CUST-007317,21,Month-to-month,36.03,698.47,1,0,1,DSL,Electronic check,1,0,0,0,4,49.9,1
CUST-007318,72,Month-to-month,80.82,5634.8,1,0,1,No,Bank transfer (automatic),1,0,1,0,1,133.9,0
CUST-007319,72,One year,81.98,5996.0,9,0,0,Fiber optic,Bank transfer (automatic),1,0,0,0,1,226.3,1
CUST-007320,40,One year,87.24,3198.98,1,0,1,Fiber optic,Electronic check,1,0,0,0,4,31.2,0
CUST-007321,72,Month-to-month,80.34,5321.61,1,1,0,DSL,Bank transfer (automatic),1,0,1,0,5,96.9,0
CUST-007322,15,Month-to-month,118.3,1808.0,1,0,0,Fiber optic,Electronic check,0,0,1,0,0,55.9,0
CUST-007323,28,Month-to-month,70.53,2129.74,2,0,0,Fiber optic,Electronic check,1,0,0,1,4,93.3,0
CUST-007324,3,Two year,104.79,331.48,0,0,1,Fiber optic,Credit card (automatic),0,0,1,0,5,89.2,1
CUST-007325,11,One year,130.29,1301.22,2,1,1,Fiber optic,Mailed check,1,0,1,1,3,62.9,0
CUST-007326,10,One year,100.7,1026.72,0,0,0,DSL,Credit card (automatic),0,0,0,0,0,90.3,0
CUST-007327,45,Month-to-month,51.73,2439.1,6,1,0,DSL,Mailed check,1,0,1,0,4,227.5,1
CUST-007328,12,Month-to-month,72.37,846.93,0,1,0,No,Electronic check,1,0,1,0,5,189.6,1
CUST-007329,18,Month-to-month,108.77,1934.67,0,0,1,Fiber optic,Credit card (automatic),0,0,0,0,0,235.2,0
CUST-007330,20,Month-to-month,90.5,1840.18,1,1,0,Fiber optic,Electronic check,1,0,1,0,1,74.8,1
CUST-007331,9,Month-to-month,58.77,541.83,0,0,0,No,Mailed check,0,0,1,0,0,168.8,1
CUST-007332,33,Month-to-month,46.74,1571.5,0,0,1,Fiber optic,Bank transfer (automatic),0,0,0,0,4,93.6,0
CUST-007333,37,Month-to-month,68.37,2621.3,1,0,0,Fiber optic,Bank transfer (automatic),0,0,0,0,4,160.7,1
CUST-007334,7,Month-to-month,72.62,513.82,2,1,0,Fiber optic,Credit card (automatic),1,0,0,0,1,12.7,0
CUST-007335,50,Month-to-month,33.47,1621.13,1,0,1,DSL,Credit card (automatic),1,1,1,1,0,114.2,1
CUST-007336,14,Month-to-month,67.74,927.2,1,1,0,DSL,Electronic check,1,0,0,0,4,135.2,1
CUST-007337,19,One year,86.66,1582.39,2,0,0,No,Electronic check,0,0,1,0,4,89.5,0
CUST-007338,43,One year,79.52,3340.53,2,1,0,Fiber optic,Bank transfer (automatic),0,0,1,0,0,81.2,0
CUST-007339,19,Month-to-month,15.0,293.0,2,1,0,DSL,Electronic check,1,1,0,0,2,96.6,1
CUST-007340,11,One year,62.04,656.07,0,0,1,No,Bank transfer (automatic),1,0,0,1,2,23.5,1
CUST-007341,31,Month-to-month,71.85,2346.51,2,0,1,DSL,Mailed check,0,0,0,0,0,64.8,0
CUST-007342,64,Month-to-month,95.16,5789.28,0,0,0,Fiber optic,Credit card (automatic),0,0,0,0,2,52.8,0
CUST-007343,58,Two year,71.97,4216.68,0,0,1,Fiber optic,Credit card (automatic),1,0,1,0,0,210.5,0
CUST-007344,18,Month-to-month,34.88,654.08,2,1,1,DSL,Electronic check,0,0,1,1,3,131.4,0
CUST-007345,13,One year,87.16,1158.51,5,0,1,DSL,Electronic check,1,0,0,0,1,206.0,0
CUST-007346,16,Month-to-month,98.79,1434.63,3,0,1,Fiber optic,Credit card (automatic),1,0,0,1,0,18.1,1
CUST-007347,59,Month-to-month,72.97,4333.92,2,0,1,Fiber optic,Electronic check,1,0,0,0,0,71.8,1
CUST-007348,16,Month-to-month,27.47,423.31,1,1,0,No,Electronic check,1,0,1,0,4,166.6,0
CUST-007349,72,Month-to-month,70.57,4745.13,1,0,0,No,Electronic check,1,0,1,0,2,62.1,0
CUST-007350,42,Month-to-month,42.56,1807.44,8,0,0,DSL,Mailed check,0,0,0,1,3,180.7,0
CUST-007351,29,Month-to-month,74.57,2027.49,2,1,1,DSL,Electronic check,0,1,1,0,3,75.0,1
CUST-007352,18,Month-to-month,93.95,1711.8,3,0,0,Fiber optic,Mailed check,1,1,1,0,3,293.0,1
CUST-007353,32,Month-to-month,141.92,4872.05,1,1,0,Fiber optic,Electronic check,1,0,1,0,5,61.8,0
CUST-007354,11,Month-to-month,63.05,704.03,2,1,0,DSL,Credit card (automatic),1,0,0,0,0,252.4,0
CUST-007355,7,Month-to-month,115.02,795.77,2,1,0,DSL,Electronic check,1,0,0,0,5,137.0,1
CUST-007356,43,Month-to-month,67.05,2859.98,2,1,0,DSL,Credit card (automatic),1,0,1,0,3,82.4,0
CUST-007357,29,Month-to-month,48.33,1465.62,2,1,1,DSL,Bank transfer (automatic),1,0,1,0,0,194.4,0
CUST-007358,51,One year,63.61,3194.54,0,0,1,Fiber optic,Mailed check,1,0,0,0,4,81.6,0
CUST-007359,37,Two year,43.07,1556.51,2,1,1,No,Credit card (automatic),1,1,1,0,0,103.4,0
CUST-007360,17,Month-to-month,75.73,1227.46,3,1,0,DSL,Mailed check,0,0,1,0,5,179.5,0
CUST-007361,58,Month-to-month,93.23,5165.61,2,0,0,Fiber optic,Electronic check,1,0,1,0,0,133.6,1
CUST-007362,19,Two year,44.03,873.93,2,0,1,Fiber optic,Bank transfer (automatic),0,0,1,0,2,11.7,1
CUST-007363,70,One year,115.5,7888.55,2,0,0,Fiber optic,Electronic check,1,0,1,0,5,95.3,1
CUST-007364,19,Two year,101.92,1990.24,1,1,0,DSL,Electronic check,1,0,1,0,5,52.4,0
CUST-007365,9,One year,18.78,174.39,1,0,0,DSL,Credit card (automatic),0,0,1,0,1,86.8,0
CUST-007366,72,One year,90.3,6190.82,4,1,0,DSL,Credit card (automatic),1,0,1,0,4,34.3,1
CUST-007367,18,Month-to-month,132.08,2282.93,3,0,1,Fiber optic,Mailed check,1,0,0,0,2,215.7,1
CUST-007368,19,Month-to-month,45.1,881.63,1,0,1,Fiber optic,Mailed check,0,0,0,0,2,38.0,1
CUST-007369,9,One year,78.32,709.83,0,1,0,Fiber optic,Bank transfer (automatic),1,0,0,0,1,102.3,0
CUST-007370,27,Month-to-month,68.76,1839.92,2,1,0,Fiber optic,Electronic check,1,0,0,0,4,166.4,0
CUST-007371,10,One year,89.35,914.13,2,0,0,DSL,Electronic check,1,0,1,1,3,61.6,1
CUST-007372,72,Two year,54.63,4132.48,2,1,1,DSL,Bank transfer (automatic),0,0,0,0,0,70.3,0
CUST-007373,22,Month-to-month,53.64,1177.78,1,0,1,DSL,Mailed check,0,0,1,0,1,263.8,0
CUST-007374,13,Month-to-month,75.53,953.96,2,0,0,DSL,Electronic check,0,0,0,1,0,69.7,0
CUST-007375,30,Two year,103.99,3137.99,2,0,1,DSL,Bank transfer (automatic),0,0,0,0,4,94.8,0
CUST-007376,72,Two year,63.46,4385.28,1,0,0,No,Bank transfer (automatic),1,0,1,1,3,19.2,0
CUST-007377,32,Two year,53.23,1715.52,5,0,0,No,Mailed check,1,0,0,1,2,88.2,1
CUST-007378,24,One year,82.89,1989.55,3,1,0,Fiber optic,Credit card (automatic),1,0,1,0,1,149.6,1
CUST-007379,30,Two year,106.45,3063.23,2,1,1,Fiber optic,Credit card (automatic),1,0,0,1,2,146.9,0
CUST-007380,53,Month-to-month,56.72,2945.32,3,0,0,Fiber optic,Bank transfer (automatic),0,0,1,0,0,88.1,0
CUST-007381,50,Month-to-month,89.59,4406.88,4,0,0,Fiber optic,Electronic check,1,0,1,0,0,88.0,1
CUST-007382,36,Month-to-month,66.56,2484.0,2,0,0,Fiber optic,Bank transfer (automatic),0,0,0,1,2,148.3,1
CUST-007383,60,Month-to-month,34.93,2004.1,0,0,0,DSL,Bank transfer (automatic),0,0,1,0,4,70.4,0
CUST-007384,31,Two year,16.38,487.23,1,0,0,No,Bank transfer (automatic),1,0,0,0,5,36.7,0
CUST-007385,26,Month-to-month,77.13,1967.92,2,1,1,Fiber optic,Bank transfer (automatic),0,0,0,0,5,89.9,0
CUST-007386,31,One year,91.97,2931.46,4,0,0,DSL,Electronic check,0,0,0,0,5,151.8,0
CUST-007387,19,Month-to-month,40.42,795.91,7,0,0,Fiber optic,Mailed check,1,0,1,0,0,118.3,1
CUST-007388,54,One year,103.57,5666.01,1,1,1,Fiber optic,Credit card (automatic),1,0,1,0,1,239.3,0
CUST-007389,18,Month-to-month,48.78,909.42,6,1,0,No,Electronic check,1,1,1,1,4,96.4,1
CUST-007390,4,Month-to-month,63.42,268.42,1,1,0,Fiber optic,Bank transfer (automatic),0,0,1,0,5,235.0,1
CUST-007391,7,Month-to-month,98.6,695.64,1,1,1,Fiber optic,Credit card (automatic),1,1,1,1,1,100.6,1
CUST-007392,38,Month-to-month,97.76,3565.98,0,1,0,DSL,Electronic check,1,0,1,0,5,169.1,0
CUST-007393,16,Month-to-month,127.45,2031.31,1,0,0,Fiber optic,Credit card (automatic),0,0,0,0,3,178.1,1
CUST-007394,50,One year,72.09,3359.09,2,0,1,DSL,Credit card (automatic),1,0,1,1,2,179.5,0
CUST-007395,29,Month-to-month,63.24,1870.16,1,0,0,DSL,Bank transfer (automatic),0,0,1,0,3,89.7,0
CUST-007396,53,Two year,99.79,5158.85,3,1,0,Fiber optic,Bank transfer (automatic),1,0,1,0,2,43.8,0
CUST-007397,4,Two year,150.0,603.36,1,1,0,Fiber optic,Credit card (automatic),0,0,0,1,3,91.7,1
CUST-007398,18,Month-to-month,82.68,1481.92,4,1,0,Fiber optic,Electronic check,0,0,1,0,3,108.8,1
CUST-007399,13,Month-to-month,118.37,1509.34,1,0,0,Fiber optic,Bank transfer (automatic),1,0,1,1,0,79.3,1
CUST-007400,72,Month-to-month,50.19,3654.4,0,1,0,DSL,Mailed check,1,0,1,0,3,82.0,1
CUST-007401,21,Month-to-month,69.23,1444.76,9,0,0,Fiber optic,Credit card (automatic),0,0,1,1,3,65.0,1
CUST-007402,7,Month-to-month,134.22,909.92,0,1,1,Fiber optic,Bank transfer (automatic),1,1,1,0,2,55.0,1
CUST-007403,38,Two year,90.07,3234.77,1,1,1,Fiber optic,Credit card (automatic),0,0,1,0,4,152.9,0
CUST-007404,12,Two year,95.61,1167.74,1,1,0,Fiber optic,Electronic check,1,0,1,1,0,22.7,1
CUST-007405,57,Month-to-month,78.67,4213.71,0,0,1,DSL,Electronic check,0,0,0,0,4,53.4,0
CUST-007406,64,One year,42.68,2976.65,1,0,0,DSL,Credit card (automatic),1,0,0,0,5,86.7,0
CUST-007407,13,Two year,54.04,747.73,1,0,0,No,Mailed check,0,0,0,0,4,91.1,1
CUST-007408,16,Month-to-month,48.95,720.94,0,1,1,DSL,Bank transfer (automatic),1,0,0,0,1,133.3,0
CUST-007409,35,Two year,73.3,2645.99,0,0,1,DSL,Bank transfer (automatic),0,0,1,0,0,101.9,0
CUST-007410,58,Two year,74.17,4546.7,1,1,1,DSL,Electronic check,1,0,1,1,5,127.6,0
CUST-007411,38,Two year,74.99,2766.11,5,1,0,Fiber optic,Mailed check,1,0,1,0,1,132.6,0
CUST-007412,21,One year,140.69,3006.36,2,0,0,Fiber optic,Mailed check,0,0,0,0,0,203.9,0
CUST-007413,9,Month-to-month,89.32,798.85,3,0,1,Fiber optic,Credit card (automatic),0,0,0,0,1,124.1,1
CUST-007414,72,Month-to-month,67.57,5030.9,1,1,1,No,Electronic check,0,0,1,1,0,79.5,0
CUST-007415,39,Two year,98.59,3759.2,0,0,1,DSL,Mailed check,0,0,0,1,5,350.1,0
CUST-007416,72,Month-to-month,43.13,3262.8,0,0,1,DSL,Credit card (automatic),0,0,1,0,5,191.9,0
CUST-007417,43,Month-to-month,51.98,2219.11,2,0,0,No,Credit card (automatic),1,0,0,0,2,220.6,1
CUST-007418,72,Month-to-month,97.14,6883.2,3,0,0,Fiber optic,Bank transfer (automatic),1,0,1,0,5,120.3,1
CUST-007419,15,Month-to-month,28.11,435.32,1,1,0,No,Bank transfer (automatic),1,0,0,0,4,102.8,0
CUST-007420,16,Month-to-month,84.06,1405.53,1,1,0,Fiber optic,Credit card (automatic),1,0,0,0,4,106.7,0
CUST-007421,25,Two year,116.27,2567.2,2,1,0,DSL,Credit card (automatic),1,1,1,0,3,39.1,0
CUST-007422,14,Month-to-month,110.72,1325.0,5,0,1,No,Credit card (automatic),1,0,1,0,4,69.8,1
CUST-007423,6,Month-to-month,87.43,533.54,1,0,0,DSL,Bank transfer (automatic),1,0,0,0,1,77.4,1
CUST-007424,17,Month-to-month,119.57,1965.41,1,0,0,Fiber optic,Bank transfer (automatic),1,1,0,0,1,61.3,1
CUST-007425,43,One year,77.33,3105.56,1,1,0,DSL,Credit card (automatic),0,0,0,1,0,36.9,0
CUST-007426,10,One year,79.21,777.29,1,1,0,Fiber optic,Credit card (automatic),0,0,0,0,4,150.2,1
CUST-007427,11,Two year,131.09,1651.88,1,1,0,Fiber optic,Bank transfer (automatic),0,0,1,1,5,71.8,0
CUST-007428,18,Two year,41.28,693.63,1,0,0,DSL,Electronic check,0,0,0,0,4,67.9,1
CUST-007429,12,Month-to-month,89.21,1117.93,2,0,0,No,Credit card (automatic),0,0,1,1,4,98.7,1
CUST-007430,19,Two year,52.27,955.32,1,0,1,DSL,Mailed check,1,1,1,0,1,97.0,0
CUST-007431,27,Month-to-month,78.78,1972.62,0,0,1,Fiber optic,Electronic check,0,0,0,1,5,105.4,0
CUST-007432,10,One year,78.47,760.69,4,1,0,DSL,Electronic check,1,0,0,0,0,107.8,1
CUST-007433,19,One year,140.85,2485.96,3,1,0,Fiber optic,Electronic check,1,1,0,1,2,93.8,1
CUST-007434,28,Month-to-month,125.72,3244.17,0,1,0,Fiber optic,Bank transfer (automatic),0,0,0,0,1,157.6,0
CUST-007435,14,Month-to-month,98.47,1328.61,2,1,0,Fiber optic,Electronic check,0,1,0,0,3,216.7,1
CUST-007436,9,One year,91.57,779.2,2,1,1,Fiber optic,Bank transfer (automatic),1,0,0,0,3,72.6,0
CUST-007437,15,Month-to-month,109.54,1631.1,6,0,1,Fiber optic,Credit card (automatic),0,0,1,0,4,151.5,1
CUST-007438,22,One year,99.13,2199.24,0,0,0,No,Electronic check,0,0,0,0,5,187.6,0
CUST-007439,6,Month-to-month,20.99,120.97,3,1,1,No,Electronic check,1,0,0,0,4,138.2,1
CUST-007440,43,One year,61.82,2741.94,2,0,1,DSL,Electronic check,0,1,0,1,1,44.8,1
CUST-007441,22,Two year,63.69,1354.65,1,0,1,Fiber optic,Credit card (automatic),0,1,1,0,3,192.8,0
CUST-007442,15,Month-to-month,59.53,886.09,0,0,0,DSL,Electronic check,0,1,0,0,3,125.0,0
CUST-007443,7,Month-to-month,33.55,209.38,1,0,0,DSL,Electronic check,1,1,0,0,0,139.3,1
CUST-007444,39,One year,44.85,1756.33,1,0,0,Fiber optic,Electronic check,1,0,1,1,3,82.1,0
CUST-007445,64,Month-to-month,57.02,4060.2,1,0,0,Fiber optic,Electronic check,0,0,1,0,0,70.6,1
CUST-007446,18,Month-to-month,76.16,1425.37,1,1,0,Fiber optic,Bank transfer (automatic),1,0,0,0,0,136.4,1
CUST-007447,72,One year,104.66,7470.5,1,0,1,Fiber optic,Bank transfer (automatic),1,1,1,1,5,174.3,0
CUST-007448,27,Month-to-month,69.65,1771.66,2,1,1,Fiber optic,Mailed check,1,0,1,0,1,92.7,0
CUST-007449,28,One year,43.36,1313.15,1,1,1,No,Mailed check,0,0,0,0,0,64.2,0
CUST-007450,52,Month-to-month,74.89,3862.93,1,0,1,DSL,Bank transfer (automatic),1,0,0,0,5,75.1,0
CUST-007451,41,Month-to-month,97.17,3849.82,7,1,0,Fiber optic,Credit card (automatic),1,1,1,0,0,56.5,0
CUST-007452,10,Month-to-month,107.55,1040.63,1,1,0,DSL,Bank transfer (automatic),1,0,0,1,5,56.2,0
CUST-007453,17,Two year,88.37,1658.0,1,0,1,DSL,Credit card (automatic),1,0,0,0,4,76.8,0
CUST-007454,58,Month-to-month,39.35,2268.82,2,0,1,No,Credit card (automatic),0,0,0,0,1,81.9,1
CUST-007455,41,Month-to-month,48.24,2022.4,2,1,1,DSL,Mailed check,1,0,1,0,0,89.9,0
CUST-007456,72,Month-to-month,83.66,5962.35,9,0,0,DSL,Electronic check,1,0,1,0,4,99.7,1
CUST-007457,37,One year,67.84,2501.89,2,1,0,Fiber optic,Bank transfer (automatic),1,0,1,0,1,127.1,0
CUST-007458,42,One year,56.89,2338.62,0,0,0,DSL,Electronic check,1,0,0,0,5,90.6,0
CUST-007459,15,Month-to-month,47.24,758.99,2,0,0,Fiber optic,Mailed check,1,0,1,0,1,72.9,0
CUST-007460,64,Month-to-month,32.33,2073.68,0,1,1,No,Bank transfer (automatic),1,0,1,1,0,54.0,1
CUST-007461,3,Month-to-month,121.48,338.79,0,0,0,Fiber optic,Bank transfer (automatic),0,1,0,0,4,79.0,1
CUST-007462,32,One year,94.18,3073.15,0,1,0,Fiber optic,Mailed check,0,0,1,0,3,54.9,0
CUST-007463,43,Two year,74.27,3175.29,2,1,1,Fiber optic,Bank transfer (automatic),0,0,0,1,0,158.2,1
CUST-007464,35,One year,52.79,1882.86,2,1,0,No,Electronic check,1,0,0,0,3,179.5,0
CUST-007465,28,One year,107.88,2970.56,0,0,0,DSL,Electronic check,1,0,0,1,0,261.4,1
CUST-007466,25,Month-to-month,73.58,1789.74,0,0,0,Fiber optic,Mailed check,1,0,1,1,3,28.4,0
CUST-007467,28,One year,101.83,2978.71,0,0,1,Fiber optic,Electronic check,1,0,0,0,1,124.0,0
CUST-007468,11,One year,111.79,1344.0,1,1,0,Fiber optic,Credit card (automatic),1,1,0,0,5,181.7,1
CUST-007469,35,Month-to-month,101.12,3210.25,1,0,0,DSL,Mailed check,1,0,1,1,3,76.4,0
CUST-007470,15,Two year,68.72,1035.03,1,0,1,Fiber optic,Credit card (automatic),0,0,0,0,1,16.9,0
CUST-007471,18,Month-to-month,55.01,963.44,1,0,0,Fiber optic,Credit card (automatic),0,0,1,0,1,179.3,0
CUST-007472,10,One year,62.41,595.64,2,0,1,Fiber optic,Mailed check,1,0,1,0,2,107.8,0
CUST-007473,72,One year,83.28,5349.62,2,0,1,DSL,Mailed check,0,0,0,1,5,71.6,0
CUST-007474,33,Two year,114.8,3856.74,1,0,0,DSL,Credit card (automatic),0,0,0,1,1,228.1,0
CUST-007475,8,Month-to-month,109.14,852.01,2,0,0,Fiber optic,Electronic check,1,0,0,0,2,71.5,1
CUST-007476,31,Two year,73.51,2216.94,1,1,0,Fiber optic,Mailed check,0,0,1,0,3,218.4,0
CUST-007477,63,Month-to-month,94.7,6324.87,7,1,0,No,Electronic check,1,0,1,1,2,34.3,1
CUST-007478,35,Month-to-month,78.27,2679.26,1,0,0,Fiber optic,Credit card (automatic),1,0,0,0,1,45.5,1
CUST-007479,27,Two year,44.21,1164.91,1,0,0,DSL,Credit card (automatic),0,0,1,0,2,140.7,0
CUST-007480,14,Month-to-month,81.71,1067.53,1,1,1,Fiber optic,Bank transfer (automatic),0,0,1,0,4,216.8,0
CUST-007481,35,One year,75.47,2521.54,2,1,0,Fiber optic,Mailed check,0,0,0,0,2,80.6,0
CUST-007482,48,Month-to-month,72.45,3732.58,1,0,0,Fiber optic,Bank transfer (automatic),1,0,1,0,1,89.9,0
CUST-007483,49,Two year,120.54,6087.08,1,1,1,Fiber optic,Bank transfer (automatic),1,0,1,0,2,105.9,0
CUST-007484,32,One year,52.11,1774.88,2,0,1,DSL,Bank transfer (automatic),0,0,0,1,1,215.5,1
CUST-007485,32,Month-to-month,25.32,776.19,0,1,0,DSL,Credit card (automatic),1,0,0,0,1,253.7,0
CUST-007486,71,Two year,79.65,5757.28,3,0,1,DSL,Electronic check,1,0,1,0,5,114.5,1
CUST-007487,66,Month-to-month,41.13,2856.8,5,1,1,DSL,Electronic check,1,0,1,0,2,98.3,1
CUST-007488,24,One year,66.94,1653.1,2,1,0,Fiber optic,Electronic check,1,0,1,0,4,91.9,0
CUST-007489,72,One year,82.53,6411.69,3,0,0,DSL,Bank transfer (automatic),0,1,0,0,2,53.2,0
CUST-007490,8,One year,46.86,382.42,0,1,1,No,Credit card (automatic),0,1,1,1,5,132.0,0
CUST-007491,33,One year,53.68,1771.28,5,1,1,DSL,Mailed check,1,0,0,0,1,104.8,0
CUST-007492,36,Two year,91.05,2891.94,4,0,1,Fiber optic,Mailed check,1,0,1,0,5,143.6,0
CUST-007493,13,One year,82.84,1099.36,9,0,0,Fiber optic,Credit card (automatic),1,0,0,1,5,101.2,1
CUST-007494,7,Two year,54.27,391.24,10,0,1,DSL,Electronic check,1,0,1,1,2,129.3,1
CUST-007495,14,Month-to-month,31.43,465.27,7,0,1,Fiber optic,Credit card (automatic),0,1,0,0,0,118.6,1
CUST-007496,55,Month-to-month,60.68,3204.81,3,1,0,No,Credit card (automatic),1,0,0,0,0,167.0,1
CUST-007497,56,One year,105.34,5889.14,0,0,0,No,Credit card (automatic),1,1,0,0,0,133.9,1
CUST-007498,46,Month-to-month,80.74,3418.77,1,1,1,DSL,Mailed check,1,0,0,0,1,25.0,0
CUST-007499,16,Month-to-month,80.61,1185.73,1,1,0,Fiber optic,Bank transfer (automatic),1,0,0,1,1,50.1,0
CUST-007500,57,One year,76.75,4486.95,7,0,0,DSL,Electronic check,1,0,0,0,0,53.7,1
CUST-007501,16,Month-to-month,105.68,1797.96,1,0,0,Fiber optic,Electronic check,1,0,0,0,2,49.4,1
CUST-007502,35,Month-to-month,43.95,1638.36,1,0,0,DSL,Electronic check,0,0,1,1,3,21.4,0
CUST-007503,28,Month-to-month,96.43,2759.23,1,0,1,No,Electronic check,0,1,1,1,1,56.1,0
CUST-007504,21,Month-to-month,94.08,2177.79,0,0,0,Fiber optic,Credit card (automatic),0,1,0,0,3,143.5,1
CUST-007505,45,Month-to-month,57.19,2523.04,2,0,0,DSL,Bank transfer (automatic),1,0,0,1,5,145.1,0
CUST-007506,51,Month-to-month,104.76,5582.72,5,0,1,No,Mailed check,1,0,1,1,2,174.5,1
CUST-007507,15,Two year,38.29,536.5,2,0,0,Fiber optic,Bank transfer (automatic),1,0,0,1,5,30.3,0
CUST-007508,30,Month-to-month,35.6,900.14,0,0,1,DSL,Bank transfer (automatic),0,0,1,0,3,193.0,0
CUST-007509,49,Two year,106.04,5070.9,0,1,0,Fiber optic,Electronic check,1,1,1,0,3,31.7,1
CUST-007510,1,Two year,106.85,106.21,7,1,1,Fiber optic,Electronic check,1,0,0,0,1,50.4,1
CUST-007511,38,Month-to-month,131.17,5042.92,1,0,0,Fiber optic,Bank transfer (automatic),0,0,0,1,4,42.2,0
CUST-007512,50,Two year,15.0,743.02,1,0,1,DSL,Credit card (automatic),1,0,1,1,2,87.8,0
CUST-007513,40,Month-to-month,86.47,3521.3,2,0,0,DSL,Electronic check,0,0,1,0,5,184.7,1
CUST-007514,41,One year,33.87,1509.51,3,1,0,DSL,Credit card (automatic),1,0,0,0,1,74.8,0
CUST-007515,27,Two year,75.47,2112.87,7,0,0,No,Bank transfer (automatic),1,0,0,1,0,123.5,0
CUST-007516,48,Two year,63.37,2925.32,0,0,0,DSL,Mailed check,1,0,1,0,4,59.7,0
CUST-007517,9,Month-to-month,111.25,875.46,2,1,1,Fiber optic,Electronic check,0,1,1,1,5,64.8,0
CUST-007518,14,Month-to-month,59.12,783.18,0,0,0,No,Bank transfer (automatic),1,0,0,1,3,169.7,1
CUST-007519,41,Month-to-month,90.28,3950.04,7,0,1,No,Mailed check,1,1,1,0,3,270.7,1
CUST-007520,48,Two year,69.3,3242.64,2,0,0,Fiber optic,Electronic check,0,1,0,1,0,136.9,0
CUST-007521,64,Month-to-month,87.96,5820.46,3,1,0,Fiber optic,Credit card (automatic),0,0,1,0,3,98.1,0
CUST-007522,72,Month-to-month,69.82,5187.98,2,0,0,No,Mailed check,1,0,1,1,5,189.6,1
CUST-007523,16,Month-to-month,131.92,2104.84,1,0,0,Fiber optic,Electronic check,0,0,1,0,4,179.1,1
CUST-007524,11,Month-to-month,110.82,1213.73,8,0,1,Fiber optic,Mailed check,1,1,1,1,4,126.5,1
CUST-007525,54,Month-to-month,70.11,3660.19,0,0,1,DSL,Electronic check,0,1,1,0,0,56.6,0
CUST-007526,20,Month-to-month,81.0,1800.4,2,1,1,DSL,Credit card (automatic),0,0,0,0,4,23.1,0
CUST-007527,28,One year,117.15,3123.41,0,0,1,Fiber optic,Electronic check,1,0,0,0,0,60.0,1
CUST-007528,51,Month-to-month,74.36,4004.91,5,0,0,DSL,Bank transfer (automatic),1,0,1,0,2,171.9,0
CUST-007529,33,Month-to-month,39.37,1353.18,1,0,0,DSL,Bank transfer (automatic),1,0,1,0,4,137.4,0
CUST-007530,47,Month-to-month,80.71,3910.04,0,0,0,DSL,Electronic check,1,1,0,0,3,88.6,1
CUST-007531,14,Month-to-month,89.29,1242.57,0,1,1,Fiber optic,Mailed check,0,0,0,1,0,90.9,0
CUST-007532,36,One year,81.18,2706.25,3,1,1,Fiber optic,Bank transfer (automatic),1,0,0,0,3,43.6,0
CUST-007533,36,Month-to-month,45.37,1539.56,0,0,1,DSL,Credit card (automatic),1,0,0,0,4,66.9,0
CUST-007534,63,Month-to-month,104.48,6327.25,0,1,1,Fiber optic,Bank transfer (automatic),1,0,1,0,0,56.5,0
CUST-007535,72,Month-to-month,77.8,5705.16,1,0,0,DSL,Electronic check,1,1,1,0,5,30.9,0
CUST-007536,20,Month-to-month,66.11,1381.08,1,1,1,Fiber optic,Mailed check,1,0,0,1,3,58.9,1
CUST-007537,12,Two year,37.35,455.24,1,1,1,DSL,Mailed check,1,0,0,0,1,59.5,0
CUST-007538,49,Two year,137.29,6814.57,1,0,0,Fiber optic,Mailed check,1,0,0,0,2,70.7,0
CUST-007539,6,Month-to-month,86.52,546.18,0,1,0,No,Credit card (automatic),1,0,0,1,3,156.0,1
CUST-007540,51,Month-to-month,67.17,3067.7,2,0,1,DSL,Electronic check,1,0,0,0,1,106.5,1
CUST-007541,54,Month-to-month,80.16,3850.99,1,0,1,No,Mailed check,1,0,1,1,2,115.2,0
CUST-007542,18,One year,53.31,885.32,1,0,1,No,Mailed check,1,0,0,1,2,105.9,0
CUST-007543,2,Month-to-month,60.69,127.0,0,0,1,No,Electronic check,0,1,0,0,4,189.6,0
CUST-007544,58,Two year,65.54,3419.41,1,0,1,No,Mailed check,0,0,1,0,3,118.3,0
CUST-007545,72,Month-to-month,114.11,8211.87,1,1,0,Fiber optic,Electronic check,1,0,0,0,3,285.6,1
CUST-007546,72,Two year,29.67,2039.0,7,0,1,DSL,Credit card (automatic),0,0,0,0,3,90.0,0
CUST-007547,72,Month-to-month,39.49,2865.34,0,1,0,DSL,Electronic check,0,0,1,0,4,135.6,0
CUST-007548,9,Month-to-month,34.38,307.23,1,1,1,DSL,Bank transfer (automatic),1,0,1,1,5,338.8,0
CUST-007549,30,Month-to-month,111.33,3381.7,3,0,0,Fiber optic,Bank transfer (automatic),0,0,0,0,4,73.2,1
CUST-007550,36,Month-to-month,62.48,2204.39,2,1,0,No,Mailed check,1,0,0,0,4,123.6,0
CUST-007551,32,Two year,42.09,1394.52,3,0,0,DSL,Mailed check,0,0,1,0,3,93.0,1
CUST-007552,47,Month-to-month,84.46,4260.09,2,0,1,Fiber optic,Bank transfer (automatic),0,0,1,0,2,132.8,0
CUST-007553,12,Month-to-month,49.2,627.73,2,0,0,No,Credit card (automatic),0,0,0,1,2,107.2,0
CUST-007554,6,Two year,29.14,171.67,1,1,0,DSL,Mailed check,1,1,1,0,4,208.2,0
CUST-007555,4,Month-to-month,96.51,369.34,0,0,0,DSL,Mailed check,0,0,1,1,3,226.0,1
CUST-007556,59,Month-to-month,61.27,3650.29,1,0,1,DSL,Bank transfer (automatic),0,0,0,1,4,84.1,1
CUST-007557,9,Month-to-month,97.09,960.12,3,0,0,DSL,Mailed check,0,0,0,0,5,129.5,0
CUST-007558,32,Month-to-month,53.78,1716.38,1,1,0,Fiber optic,Bank transfer (automatic),1,0,1,0,2,144.0,0
CUST-007559,18,Two year,102.61,1924.44,2,0,1,Fiber optic,Electronic check,0,0,0,0,5,83.9,0
CUST-007560,18,Month-to-month,53.94,1008.97,2,1,1,Fiber optic,Mailed check,1,0,1,0,0,139.4,0
CUST-007561,25,One year,126.13,3274.97,0,0,1,DSL,Credit card (automatic),0,1,1,1,3,192.4,0
CUST-007562,19,Month-to-month,46.76,944.98,0,0,1,Fiber optic,Bank transfer (automatic),0,0,0,0,4,140.9,0
CUST-007563,6,Month-to-month,109.9,615.98,2,1,1,DSL,Mailed check,0,0,1,0,0,117.6,0
CUST-007564,25,One year,89.5,2129.74,3,1,0,Fiber optic,Credit card (automatic),0,0,1,0,5,109.2,0
CUST-007565,15,One year,60.43,908.61,3,0,0,DSL,Mailed check,1,0,1,1,0,239.0,0
CUST-007566,14,One year,104.73,1556.42,2,1,0,Fiber optic,Mailed check,1,0,0,0,4,99.7,0
CUST-007567,72,Month-to-month,66.55,5085.82,1,1,0,Fiber optic,Electronic check,1,0,1,0,1,162.7,0
CUST-007568,7,Month-to-month,84.63,591.05,1,0,0,DSL,Electronic check,0,0,1,0,3,79.3,1
CUST-007569,24,One year,111.46,2808.55,0,0,0,Fiber optic,Electronic check,0,1,1,0,5,20.2,0
CUST-007570,34,One year,90.3,3005.48,1,1,0,Fiber optic,Bank transfer (automatic),1,0,1,0,2,73.8,0
CUST-007571,72,Month-to-month,71.25,4918.02,1,1,0,No,Mailed check,0,0,1,0,0,97.4,0
CUST-007572,10,Month-to-month,113.24,1057.15,1,1,1,No,Credit card (automatic),1,0,0,0,1,127.2,1
CUST-007573,70,One year,81.28,5650.55,0,1,1,DSL,Electronic check,1,1,1,1,5,235.0,0
CUST-007574,25,Month-to-month,70.44,1730.48,1,0,1,Fiber optic,Electronic check,0,0,1,0,3,104.4,0
CUST-007575,25,One year,83.76,2199.06,1,0,0,DSL,Bank transfer (automatic),0,0,0,0,5,130.3,1
CUST-007576,45,One year,76.55,3541.69,2,1,1,Fiber optic,Electronic check,0,0,1,0,3,193.4,0
CUST-007577,72,Month-to-month,46.71,3372.24,1,1,1,DSL,Bank transfer (automatic),0,0,0,0,1,184.8,1
CUST-007578,19,Month-to-month,102.82,1959.27,1,0,1,Fiber optic,Electronic check,0,1,0,0,4,168.3,1
CUST-007579,36,Month-to-month,39.77,1401.71,0,0,0,No,Electronic check,1,0,0,0,2,115.3,0
CUST-007580,32,One year,91.16,2657.62,0,0,1,Fiber optic,Bank transfer (automatic),1,0,0,1,0,131.4,1
CUST-007581,31,Two year,81.84,2387.05,0,1,0,No,Bank transfer (automatic),0,1,0,0,5,172.5,0
CUST-007582,51,Month-to-month,112.74,5975.9,2,0,1,DSL,Electronic check,1,0,0,0,0,53.8,0
CUST-007583,16,Month-to-month,80.96,1286.39,0,1,1,No,Electronic check,1,0,1,0,0,104.2,1
CUST-007584,21,Month-to-month,53.25,1044.9,0,1,1,Fiber optic,Electronic check,1,0,1,0,4,82.3,0
CUST-007585,6,One year,57.16,366.4,1,0,0,Fiber optic,Electronic check,1,0,1,0,4,45.0,0
CUST-007586,43,Month-to-month,108.16,5045.78,1,1,0,DSL,Credit card (automatic),0,0,1,1,5,90.2,1
CUST-007587,30,One year,74.14,2358.15,2,0,1,Fiber optic,Bank transfer (automatic),1,0,1,0,3,208.0,1
CUST-007588,72,Month-to-month,52.09,3829.99,1,0,1,Fiber optic,Electronic check,1,0,0,0,5,193.5,1
CUST-007589,10,Month-to-month,39.88,404.51,2,1,1,DSL,Mailed check,1,0,1,1,5,53.5,1
CUST-007590,72,Month-to-month,84.85,6101.69,0,1,1,No,Electronic check,1,0,1,0,0,103.1,1
CUST-007591,48,Two year,92.82,4491.77,0,0,1,Fiber optic,Electronic check,1,0,0,0,2,20.3,0
CUST-007592,46,One year,81.18,3851.67,6,0,1,No,Credit card (automatic),1,0,1,0,0,204.4,1
CUST-007593,17,Month-to-month,64.17,1129.48,9,0,1,DSL,Electronic check,0,0,1,0,0,168.2,1
CUST-007594,23,Month-to-month,62.43,1468.49,0,1,0,Fiber optic,Credit card (automatic),0,1,1,0,3,135.3,1
CUST-007595,20,Two year,20.32,339.81,8,1,0,DSL,Credit card (automatic),0,0,0,1,3,170.6,0
CUST-007596,67,Two year,44.14,3127.6,1,1,1,DSL,Bank transfer (automatic),1,0,1,0,3,105.9,0
CUST-007597,5,Month-to-month,68.04,343.59,1,1,0,DSL,Mailed check,1,0,0,1,4,58.1,1
CUST-007598,26,One year,35.41,858.17,4,0,0,DSL,Electronic check,1,0,0,0,0,129.5,0
CUST-007599,27,Two year,114.57,3124.02,1,0,1,Fiber optic,Credit card (automatic),1,0,0,0,0,206.5,1
CUST-007600,19,Month-to-month,40.0,771.49,1,1,1,DSL,Credit card (automatic),1,0,1,0,3,110.5,0
CUST-007601,13,Month-to-month,23.7,283.9,3,1,0,DSL,Bank transfer (automatic),1,1,0,0,1,56.9,1
CUST-007602,2,Month-to-month,90.02,174.26,2,0,0,Fiber optic,Electronic check,1,1,0,1,1,87.1,1
CUST-007603,26,Month-to-month,109.02,2677.79,0,0,0,Fiber optic,Electronic check,0,0,0,1,2,186.2,0
CUST-007604,42,One year,127.31,5086.75,2,1,1,Fiber optic,Electronic check,0,0,0,0,1,134.1,0
CUST-007605,30,Month-to-month,49.71,1533.83,1,0,0,Fiber optic,Electronic check,1,1,0,0,3,63.4,0
CUST-007606,13,Month-to-month,100.59,1266.99,0,1,0,DSL,Bank transfer (automatic),0,0,1,0,1,203.5,0
CUST-007607,28,Month-to-month,94.63,2662.0,5,0,0,Fiber optic,Credit card (automatic),0,0,1,1,2,70.5,0
CUST-007608,72,One year,74.47,5559.59,2,1,1,Fiber optic,Bank transfer (automatic),1,0,1,0,4,50.2,0
CUST-007609,16,Month-to-month,82.02,1283.85,1,1,1,DSL,Bank transfer (automatic),1,0,0,0,3,83.1,1
CUST-007610,33,Month-to-month,98.88,3389.9,4,0,0,DSL,Bank transfer (automatic),0,0,0,0,0,79.7,1
CUST-007611,37,Month-to-month,23.02,909.45,4,0,0,No,Bank transfer (automatic),1,0,0,0,3,229.8,1
CUST-007612,8,Two year,54.23,452.2,5,1,1,DSL,Mailed check,1,0,0,1,0,118.4,0
CUST-007613,22,Month-to-month,51.38,1164.27,0,1,0,DSL,Credit card (automatic),1,0,0,1,0,26.4,0
CUST-007614,22,Month-to-month,80.65,1850.1,9,0,0,DSL,Mailed check,1,0,1,0,4,159.4,1
CUST-007615,29,One year,101.5,3001.63,2,0,0,No,Credit card (automatic),1,0,1,0,1,124.1,0
CUST-007616,66,Month-to-month,91.84,6318.7,1,1,0,Fiber optic,Electronic check,0,0,0,1,0,58.7,1
CUST-007617,10,One year,57.7,543.14,1,0,0,No,Bank transfer (automatic),0,0,0,1,2,37.2,0
CUST-007618,68,Month-to-month,76.13,5157.56,1,0,0,No,Bank transfer (automatic),0,0,1,0,2,206.3,1
CUST-007619,45,Two year,84.14,3860.54,1,0,0,Fiber optic,Mailed check,0,0,1,0,3,61.1,0
CUST-007620,72,Month-to-month,15.0,1075.95,2,1,1,DSL,Mailed check,0,0,1,0,1,171.2,0
CUST-007621,3,Month-to-month,77.93,263.04,2,0,1,DSL,Electronic check,1,0,0,1,5,107.6,1
CUST-007622,72,Month-to-month,89.64,6392.31,4,0,0,No,Credit card (automatic),0,0,1,1,0,37.5,1
CUST-007623,8,Two year,91.84,669.24,1,0,0,No,Mailed check,1,0,0,1,4,166.0,0
CUST-007624,14,Two year,36.1,506.79,2,1,0,No,Mailed check,1,0,1,0,3,114.2,0
CUST-007625,14,Month-to-month,80.18,1169.01,0,0,1,No,Credit card (automatic),1,0,0,0,4,25.5,0
CUST-007626,43,Month-to-month,128.32,5276.95,10,0,0,Fiber optic,Bank transfer (automatic),1,0,1,0,3,81.3,1
CUST-007627,24,Month-to-month,150.0,3593.39,1,1,1,Fiber optic,Credit card (automatic),0,0,1,0,3,37.7,0
CUST-007628,16,Month-to-month,101.97,1625.55,4,0,0,Fiber optic,Electronic check,1,0,1,0,1,152.3,1
CUST-007629,72,Month-to-month,114.6,8226.61,1,1,0,Fiber optic,Electronic check,0,0,0,0,3,14.1,1
CUST-007630,3,Two year,40.18,116.93,0,1,0,DSL,Electronic check,1,0,1,0,4,71.9,1
CUST-007631,57,Month-to-month,36.92,2219.86,1,0,1,DSL,Credit card (automatic),1,0,1,0,4,56.7,0
CUST-007632,27,Two year,89.68,2683.77,3,0,1,DSL,Credit card (automatic),0,0,1,1,1,74.3,0
CUST-007633,15,Month-to-month,15.0,215.56,8,0,0,DSL,Credit card (automatic),1,0,0,0,1,98.2,1
CUST-007634,17,Two year,68.88,1094.44,1,1,1,DSL,Bank transfer (automatic),0,0,1,0,0,92.7,0
CUST-007635,22,Month-to-month,125.76,2706.2,0,0,0,Fiber optic,Electronic check,0,0,0,0,0,129.5,1
CUST-007636,14,Month-to-month,107.81,1615.52,3,0,1,Fiber optic,Mailed check,1,0,0,0,2,57.2,1
CUST-007637,51,One year,107.65,5419.32,1,1,0,Fiber optic,Bank transfer (automatic),0,0,0,0,0,69.6,1
CUST-007638,20,Month-to-month,88.76,1807.71,2,1,0,Fiber optic,Electronic check,1,0,1,0,3,226.1,1
CUST-007639,46,Two year,79.75,3501.16,2,0,1,Fiber optic,Bank transfer (automatic),1,0,0,0,5,135.5,0
CUST-007640,17,One year,143.87,2663.93,1,1,0,Fiber optic,Credit card (automatic),0,0,1,0,0,49.5,0
CUST-007641,33,Two year,120.84,3928.82,1,0,0,Fiber optic,Mailed check,1,0,1,0,5,108.7,0
CUST-007642,33,Two year,86.16,2878.74,0,0,0,DSL,Bank transfer (automatic),1,0,1,0,0,84.0,0
CUST-007643,29,Month-to-month,90.7,2525.62,3,0,1,Fiber optic,Mailed check,1,0,1,0,3,29.9,1
CUST-007644,70,Month-to-month,75.4,5042.55,0,1,1,Fiber optic,Electronic check,1,0,0,1,5,158.3,1
CUST-007645,72,One year,91.99,6622.08,3,1,0,DSL,Electronic check,0,0,0,0,1,114.8,1
CUST-007646,49,Month-to-month,57.33,2823.79,3,0,0,No,Bank transfer (automatic),1,0,0,1,3,119.0,1
CUST-007647,60,Month-to-month,66.97,4191.54,6,1,0,DSL,Bank transfer (automatic),0,0,1,0,0,181.2,0
CUST-007648,47,Month-to-month,105.39,4535.34,2,0,0,Fiber optic,Mailed check,1,0,1,0,1,123.0,1
CUST-007649,19,One year,70.24,1271.1,2,0,0,No,Electronic check,1,1,1,0,3,340.3,0
CUST-007650,25,Month-to-month,128.75,3108.15,1,1,0,Fiber optic,Electronic check,1,0,0,0,5,67.2,0
CUST-007651,3,Month-to-month,57.0,172.03,2,0,1,Fiber optic,Bank transfer (automatic),1,0,0,0,4,61.6,0
CUST-007652,12,Two year,91.68,1038.03,0,0,0,Fiber optic,Mailed check,1,0,1,0,0,139.1,1
CUST-007653,8,Two year,118.45,943.08,1,0,0,DSL,Bank transfer (automatic),1,0,0,0,4,171.3,1
CUST-007654,15,Month-to-month,112.43,1632.17,5,1,0,Fiber optic,Electronic check,1,0,0,0,3,81.1,1
CUST-007655,35,Month-to-month,85.07,2957.27,0,0,0,Fiber optic,Credit card (automatic),0,0,1,1,3,200.8,0
CUST-007656,19,One year,84.97,1551.9,1,0,0,DSL,Mailed check,1,0,1,0,0,56.5,0
CUST-007657,53,Month-to-month,63.81,3210.88,2,0,0,DSL,Electronic check,0,0,0,0,0,14.8,1
CUST-007658,12,One year,101.66,1237.31,1,1,0,No,Bank transfer (automatic),0,0,0,0,2,132.4,0
CUST-007659,44,One year,85.53,3972.75,3,0,0,DSL,Bank transfer (automatic),1,1,0,0,2,45.5,0
CUST-007660,11,Month-to-month,43.34,496.13,2,1,0,No,Credit card (automatic),1,0,0,0,2,18.5,1
CUST-007661,66,Month-to-month,70.96,4943.92,2,0,1,DSL,Credit card (automatic),1,0,1,0,1,90.3,1
CUST-007662,12,Month-to-month,100.47,1279.79,0,1,0,Fiber optic,Mailed check,0,0,0,0,0,99.9,0
CUST-007663,40,Month-to-month,101.7,4035.34,1,0,0,Fiber optic,Bank transfer (automatic),1,0,0,1,1,149.5,1
CUST-007664,16,One year,97.97,1714.15,0,1,1,Fiber optic,Bank transfer (automatic),0,0,1,0,5,80.4,0
CUST-007665,72,Month-to-month,104.12,7780.06,0,1,0,Fiber optic,Bank transfer (automatic),1,0,0,1,5,208.2,0
CUST-007666,72,Two year,75.48,5176.45,2,1,0,DSL,Electronic check,1,0,0,1,4,171.1,1
CUST-007667,39,One year,71.97,2712.99,2,1,1,Fiber optic,Bank transfer (automatic),0,0,0,1,2,110.0,0
CUST-007668,38,Month-to-month,78.59,3008.95,3,1,0,Fiber optic,Credit card (automatic),1,0,0,1,3,40.3,0
CUST-007669,50,Month-to-month,83.65,4366.64,0,1,1,Fiber optic,Electronic check,1,1,1,0,5,43.7,1
CUST-007670,44,Month-to-month,92.39,4018.64,1,0,0,Fiber optic,Mailed check,1,1,1,0,1,95.3,0
CUST-007671,55,Month-to-month,83.73,4381.55,2,0,1,Fiber optic,Electronic check,1,0,1,0,1,152.3,1
CUST-007672,12,One year,92.57,1154.74,1,0,0,DSL,Mailed check,0,0,1,0,1,181.4,0
CUST-007673,29,Month-to-month,41.0,1122.6,2,0,1,DSL,Mailed check,0,0,1,0,1,153.5,0
CUST-007674,17,Month-to-month,21.63,373.3,3,1,1,DSL,Mailed check,1,0,0,0,3,176.0,0
CUST-007675,72,Month-to-month,139.17,10041.86,1,0,0,Fiber optic,Mailed check,1,0,0,1,4,74.8,1
CUST-007676,9,Month-to-month,44.56,374.12,4,1,0,No,Credit card (automatic),1,0,0,0,0,20.6,0
CUST-007677,72,One year,92.51,7252.62,7,1,1,DSL,Electronic check,1,0,0,1,1,84.4,1
CUST-007678,29,Two year,80.21,2328.04,5,0,1,DSL,Credit card (automatic),0,0,1,0,4,173.7,0
CUST-007679,55,One year,45.44,2351.0,1,1,1,No,Credit card (automatic),0,0,1,0,1,56.7,0
CUST-007680,18,Two year,61.68,1112.94,1,1,0,DSL,Bank transfer (automatic),1,0,1,1,2,99.1,0
CUST-007681,8,One year,82.95,606.19,0,0,1,Fiber optic,Mailed check,1,0,1,0,4,35.6,0
CUST-007682,72,Month-to-month,98.91,7250.1,1,1,0,Fiber optic,Credit card (automatic),1,0,1,0,4,88.2,0
CUST-007683,41,Two year,70.81,3028.21,1,0,1,Fiber optic,Mailed check,0,0,0,0,1,164.5,0
CUST-007684,10,Month-to-month,85.59,971.53,1,0,0,Fiber optic,Electronic check,1,0,1,0,4,66.0,1
CUST-007685,26,Month-to-month,64.07,1673.97,3,1,0,No,Electronic check,0,0,0,0,4,47.1,0
CUST-007686,25,Two year,117.55,2841.93,1,1,0,Fiber optic,Credit card (automatic),1,1,0,1,0,109.8,0
CUST-007687,40,One year,79.72,3221.76,2,0,0,Fiber optic,Electronic check,1,0,1,0,4,68.9,0
CUST-007688,12,Two year,40.61,522.42,1,0,0,DSL,Mailed check,0,0,1,0,2,73.8,0
CUST-007689,10,Month-to-month,51.38,526.67,1,1,1,DSL,Bank transfer (automatic),1,0,1,0,1,56.5,0
CUST-007690,32,One year,74.18,2472.59,2,0,0,No,Bank transfer (automatic),0,0,1,0,3,27.4,0
CUST-007691,13,Month-to-month,20.71,279.46,0,1,1,No,Bank transfer (automatic),1,1,1,0,2,98.0,0
CUST-007692,72,Month-to-month,94.93,7008.0,0,0,1,No,Mailed check,1,0,1,0,4,90.1,1
CUST-007693,52,Two year,65.49,3166.78,0,1,1,DSL,Bank transfer (automatic),1,0,1,0,3,28.6,0
CUST-007694,51,Month-to-month,75.83,3585.73,9,0,0,No,Electronic check,1,0,0,0,5,157.3,1
CUST-007695,3,One year,70.48,194.74,2,1,1,DSL,Electronic check,1,1,0,1,4,143.7,1
CUST-007696,19,Two year,73.32,1309.67,1,1,0,Fiber optic,Electronic check,0,0,1,0,4,49.0,0
CUST-007697,22,Two year,62.95,1309.95,1,1,0,Fiber optic,Mailed check,0,0,0,1,0,242.9,0
CUST-007698,11,Month-to-month,72.49,871.54,2,0,0,Fiber optic,Electronic check,1,0,1,0,4,172.9,1
CUST-007699,44,Month-to-month,52.35,2221.99,0,0,1,Fiber optic,Bank transfer (automatic),0,0,0,0,1,91.1,0
CUST-007700,40,Two year,98.71,3968.11,1,1,0,Fiber optic,Electronic check,1,0,0,1,5,68.3,1
CUST-007701,49,One year,60.93,2949.16,1,1,0,No,Mailed check,0,1,0,0,5,177.6,0
CUST-007702,60,Month-to-month,26.64,1613.86,2,1,0,DSL,Electronic check,0,0,0,0,1,37.7,1
CUST-007703,58,Month-to-month,49.59,2886.3,2,0,0,DSL,Mailed check,0,0,1,1,1,50.2,0
CUST-007704,72,Month-to-month,106.3,7172.96,1,1,0,Fiber optic,Credit card (automatic),1,1,1,1,1,105.5,0
CUST-007705,28,Two year,97.33,2806.69,0,0,1,DSL,Mailed check,1,0,1,1,0,106.7,0
CUST-007706,24,Month-to-month,32.9,762.76,1,0,0,DSL,Bank transfer (automatic),1,0,1,0,1,284.7,0
CUST-007707,44,One year,119.03,5050.51,9,1,0,DSL,Mailed check,1,0,0,0,2,130.9,1
CUST-007708,67,Month-to-month,41.01,2705.57,4,1,1,DSL,Electronic check,0,1,1,1,4,86.5,0
CUST-007709,6,Month-to-month,47.38,295.78,3,1,0,Fiber optic,Mailed check,1,0,1,1,4,83.3,0
CUST-007710,14,One year,108.94,1477.53,1,0,0,No,Mailed check,0,0,0,1,2,97.4,0
CUST-007711,17,Two year,38.98,665.7,2,0,1,No,Bank transfer (automatic),0,0,1,0,0,29.6,1
CUST-007712,30,Month-to-month,128.1,3920.41,1,1,0,Fiber optic,Electronic check,1,1,1,0,5,116.6,0
CUST-007713,19,Month-to-month,48.38,931.02,1,0,1,DSL,Credit card (automatic),0,0,0,1,2,82.1,1
CUST-007714,60,One year,82.67,5010.32,2,1,0,Fiber optic,Bank transfer (automatic),1,0,1,0,0,210.6,0
CUST-007715,34,Month-to-month,57.37,1813.69,0,1,0,Fiber optic,Mailed check,0,1,1,1,0,62.7,0
CUST-007716,26,Month-to-month,121.94,3190.55,1,1,1,Fiber optic,Credit card (automatic),1,0,1,0,4,264.7,0
CUST-007717,40,One year,118.5,4523.21,2,0,1,Fiber optic,Electronic check,0,0,0,1,1,33.7,1
CUST-007718,4,Month-to-month,73.49,268.09,3,1,0,Fiber optic,Credit card (automatic),1,0,1,0,5,49.1,1
CUST-007719,39,One year,63.13,2405.12,0,1,0,DSL,Electronic check,1,0,0,0,5,65.7,0
CUST-007720,13,Month-to-month,81.55,1032.65,2,1,1,No,Bank transfer (automatic),1,1,0,0,0,33.3,1
CUST-007721,53,One year,78.21,4758.65,2,0,1,Fiber optic,Electronic check,0,0,1,1,3,86.8,0
CUST-007722,5,Two year,124.11,650.84,1,0,0,Fiber optic,Credit card (automatic),0,0,0,0,4,280.9,0
CUST-007723,42,Two year,62.35,2721.39,1,1,0,No,Mailed check,1,0,1,0,5,151.4,0
CUST-007724,13,One year,52.01,662.35,1,1,1,DSL,Bank transfer (automatic),0,0,0,0,0,86.7,0
CUST-007725,68,One year,25.43,1713.22,0,0,0,DSL,Credit card (automatic),1,0,1,0,5,68.9,0
CUST-007726,6,Month-to-month,57.66,390.44,3,1,1,Fiber optic,Electronic check,0,1,0,0,2,179.3,1
CUST-007727,29,Month-to-month,104.71,2940.04,0,1,0,Fiber optic,Credit card (automatic),0,0,1,1,5,274.8,0
CUST-007728,48,Month-to-month,70.89,3446.09,3,0,1,DSL,Bank transfer (automatic),1,0,1,0,5,164.2,0
CUST-007729,37,One year,85.39,3450.3,8,0,1,DSL,Credit card (automatic),1,0,1,0,1,75.3,0
CUST-007730,37,Month-to-month,50.93,1816.22,0,1,0,DSL,Mailed check,0,0,0,0,4,27.7,0
CUST-007731,9,Month-to-month,23.97,217.35,1,1,0,DSL,Credit card (automatic),1,0,0,1,3,152.0,0
CUST-007732,8,Month-to-month,77.59,620.16,2,1,0,Fiber optic,Credit card (automatic),1,0,1,1,5,62.6,1
CUST-007733,36,One year,115.95,3988.7,3,0,1,DSL,Mailed check,0,0,0,1,3,75.7,0
CUST-007734,32,Month-to-month,65.88,2189.85,0,1,1,Fiber optic,Bank transfer (automatic),1,1,1,0,3,87.7,0
CUST-007735,11,Month-to-month,89.09,925.34,1,1,0,Fiber optic,Credit card (automatic),1,0,0,0,3,119.0,0
CUST-007736,11,One year,29.66,338.92,1,1,1,Fiber optic,Credit card (automatic),1,0,0,1,4,194.0,0
CUST-007737,26,Two year,52.0,1381.04,1,0,1,No,Credit card (automatic),0,0,0,0,0,155.6,0
CUST-007738,21,One year,54.65,1199.18,0,1,0,DSL,Bank transfer (automatic),0,0,0,0,5,67.9,0
CUST-007739,72,Month-to-month,73.3,5226.35,0,0,0,DSL,Mailed check,0,0,0,0,3,144.5,0
CUST-007740,71,Two year,57.05,4129.42,1,1,1,DSL,Credit card (automatic),1,0,0,1,1,131.0,0
CUST-007741,52,Month-to-month,27.04,1478.22,0,1,0,DSL,Bank transfer (automatic),1,1,1,1,4,186.6,0
CUST-007742,72,Month-to-month,73.4,4912.51,6,1,0,Fiber optic,Electronic check,1,0,1,0,2,98.9,1
CUST-007743,16,Month-to-month,59.9,900.49,3,0,1,DSL,Electronic check,1,0,1,0,5,66.6,0
CUST-007744,19,Month-to-month,65.1,1272.88,1,0,0,Fiber optic,Electronic check,1,1,0,1,1,37.4,0
CUST-007745,64,One year,43.73,2913.89,6,1,1,No,Bank transfer (automatic),1,0,0,0,4,97.6,0
CUST-007746,29,Month-to-month,90.13,2631.48,0,0,1,DSL,Credit card (automatic),1,0,0,0,1,178.2,0
CUST-007747,31,Two year,49.38,1601.19,3,1,0,DSL,Credit card (automatic),0,0,0,0,2,120.4,0
CUST-007748,10,One year,101.0,991.71,8,0,1,Fiber optic,Electronic check,0,0,1,0,1,66.3,0
CUST-007749,62,Month-to-month,85.58,5642.13,2,1,0,Fiber optic,Electronic check,1,0,1,0,1,94.9,0
CUST-007750,43,Month-to-month,34.25,1467.4,2,0,0,DSL,Electronic check,1,0,1,1,0,108.5,1
CUST-007751,23,One year,81.68,1805.49,2,1,0,Fiber optic,Bank transfer (automatic),1,0,1,0,3,71.5,0
CUST-007752,19,Month-to-month,72.27,1470.96,7,0,0,DSL,Credit card (automatic),1,0,1,0,1,138.3,1
CUST-007753,69,Month-to-month,133.42,9586.59,1,1,0,Fiber optic,Credit card (automatic),1,0,0,1,5,76.7,1
CUST-007754,17,Month-to-month,70.69,1174.67,3,1,0,Fiber optic,Electronic check,1,0,0,0,4,206.1,1
CUST-007755,7,Month-to-month,62.87,430.62,0,0,1,DSL,Credit card (automatic),1,1,1,0,0,122.4,1
CUST-007756,72,Month-to-month,87.73,6506.33,0,1,0,DSL,Bank transfer (automatic),1,0,0,0,0,134.5,0
CUST-007757,72,Two year,121.51,8311.04,1,1,1,Fiber optic,Credit card (automatic),1,0,0,0,2,83.8,0
CUST-007758,17,Month-to-month,73.78,1274.36,0,0,0,Fiber optic,Credit card (automatic),0,1,0,1,4,51.5,0
CUST-007759,72,Month-to-month,61.11,4362.8,0,0,1,No,Bank transfer (automatic),0,0,0,1,3,161.0,0
CUST-007760,27,One year,117.82,3215.3,1,0,0,Fiber optic,Credit card (automatic),0,0,0,0,1,60.5,0
CUST-007761,17,Two year,102.79,1570.82,2,0,1,Fiber optic,Mailed check,1,0,0,0,0,239.4,0
CUST-007762,42,One year,115.84,4644.63,1,0,0,Fiber optic,Credit card (automatic),1,0,1,0,5,76.8,0
CUST-007763,9,Month-to-month,119.29,1087.23,0,0,0,Fiber optic,Credit card (automatic),0,0,1,0,4,125.6,0
CUST-007764,13,Two year,78.84,1078.86,0,1,1,DSL,Credit card (automatic),1,0,1,0,4,72.0,0
CUST-007765,36,Month-to-month,68.59,2453.05,1,1,1,DSL,Electronic check,0,0,1,0,4,81.2,0
CUST-007766,31,Month-to-month,73.23,2352.14,2,0,0,Fiber optic,Credit card (automatic),1,1,0,0,4,151.3,1
CUST-007767,55,One year,58.89,2999.01,1,1,0,DSL,Electronic check,1,0,1,0,3,124.1,0
CUST-007768,10,Month-to-month,60.55,591.92,6,0,0,DSL,Credit card (automatic),1,1,0,1,0,82.0,1
CUST-007769,72,One year,94.97,6933.52,2,1,1,DSL,Credit card (automatic),1,0,1,0,0,64.5,0
CUST-007770,20,Two year,69.41,1383.87,1,0,1,No,Electronic check,1,0,1,0,1,44.1,0
CUST-007771,30,Month-to-month,94.65,2947.77,0,0,0,Fiber optic,Bank transfer (automatic),0,0,1,0,5,60.2,1
CUST-007772,20,Month-to-month,40.15,792.69,0,1,1,No,Bank transfer (automatic),0,0,0,1,0,41.3,1
CUST-007773,9,Month-to-month,95.11,845.41,0,1,1,No,Credit card (automatic),1,1,1,0,0,50.5,1
CUST-007774,28,Month-to-month,70.82,2047.77,1,0,0,Fiber optic,Electronic check,0,0,1,0,5,118.9,1
CUST-007775,47,One year,82.88,3790.69,0,0,1,Fiber optic,Credit card (automatic),1,0,0,0,5,62.7,0
CUST-007776,25,Two year,122.74,2929.24,1,1,0,Fiber optic,Credit card (automatic),1,0,1,1,5,113.2,0
CUST-007777,14,One year,112.17,1606.88,0,1,1,Fiber optic,Bank transfer (automatic),1,1,1,0,3,199.3,0
CUST-007778,57,Two year,43.76,2374.13,2,1,0,No,Mailed check,0,0,0,0,3,181.8,0
CUST-007779,58,Month-to-month,38.03,2362.19,0,0,0,No,Bank transfer (automatic),1,0,1,0,3,30.6,0
CUST-007780,24,Month-to-month,84.91,1850.15,2,0,0,Fiber optic,Electronic check,0,0,1,0,3,178.3,1
CUST-007781,38,Month-to-month,75.59,2829.58,0,0,0,Fiber optic,Credit card (automatic),0,0,1,1,2,37.8,0
CUST-007782,56,One year,53.31,3228.16,1,0,1,Fiber optic,Electronic check,1,0,0,1,4,77.8,0
CUST-007783,47,Month-to-month,71.17,3675.45,7,0,1,Fiber optic,Mailed check,0,0,1,0,3,214.4,1
CUST-007784,37,Month-to-month,15.0,552.47,2,0,1,DSL,Electronic check,0,0,0,0,1,85.7,1
CUST-007785,45,Month-to-month,87.6,4159.59,4,1,0,DSL,Bank transfer (automatic),1,0,1,1,5,101.5,0
CUST-007786,39,Month-to-month,86.03,3485.2,1,1,0,DSL,Bank transfer (automatic),1,0,1,1,1,24.4,1
CUST-007787,29,One year,125.24,3542.7,0,0,1,Fiber optic,Bank transfer (automatic),1,0,1,0,2,63.1,0
CUST-007788,10,Two year,73.83,755.55,0,1,1,DSL,Electronic check,1,0,0,1,0,112.4,0
CUST-007789,12,Month-to-month,53.79,617.67,0,1,1,No,Mailed check,0,0,0,1,2,151.2,0
CUST-007790,41,Month-to-month,90.59,3424.11,0,0,0,DSL,Mailed check,0,0,1,0,4,211.8,1
CUST-007791,20,Month-to-month,47.46,973.13,1,0,0,DSL,Bank transfer (automatic),1,0,0,0,5,79.5,0
CUST-007792,40,Month-to-month,56.84,2337.62,3,1,0,Fiber optic,Electronic check,1,0,0,0,0,246.6,1
CUST-007793,10,Month-to-month,61.32,576.85,1,1,1,DSL,Bank transfer (automatic),0,0,0,1,1,192.2,0
CUST-007794,15,One year,75.28,1121.14,3,0,1,DSL,Mailed check,1,0,0,0,0,160.3,0
CUST-007795,25,One year,44.7,1051.23,1,0,1,DSL,Credit card (automatic),0,0,1,0,2,100.7,0
CUST-007796,3,One year,63.81,187.01,2,0,1,Fiber optic,Mailed check,0,1,0,0,1,166.0,1
CUST-007797,13,Two year,54.58,694.06,1,1,0,DSL,Electronic check,0,0,1,0,0,57.2,1
CUST-007798,17,Month-to-month,100.3,1768.26,1,1,0,Fiber optic,Electronic check,0,1,0,1,3,159.6,0
CUST-007799,33,One year,61.36,1974.25,1,0,1,DSL,Electronic check,1,0,1,0,1,19.7,0
CUST-007800,24,One year,130.91,2943.62,1,1,0,DSL,Electronic check,1,0,1,0,2,58.8,0
CUST-007801,34,Month-to-month,61.6,2274.07,1,1,1,DSL,Credit card (automatic),1,0,1,0,1,126.4,1
CUST-007802,30,Month-to-month,83.77,2575.29,0,1,1,DSL,Bank transfer (automatic),1,0,0,0,4,204.9,0
CUST-007803,23,Month-to-month,53.78,1292.36,0,1,1,Fiber optic,Electronic check,1,0,0,1,4,48.2,0
CUST-007804,17,Month-to-month,104.67,1833.5,0,1,1,Fiber optic,Credit card (automatic),1,0,1,0,4,332.3,1
CUST-007805,31,Month-to-month,78.44,2546.05,1,1,1,Fiber optic,Electronic check,1,1,0,0,5,166.6,0
CUST-007806,67,Month-to-month,64.77,4434.31,3,0,1,No,Credit card (automatic),0,0,0,1,4,11.4,0
CUST-007807,17,Two year,107.17,1864.26,1,0,0,DSL,Electronic check,1,0,1,0,0,228.9,0
CUST-007808,72,Two year,55.69,4035.21,1,0,1,No,Mailed check,0,0,1,0,1,182.9,0
CUST-007809,31,One year,57.3,1737.3,4,1,0,Fiber optic,Credit card (automatic),1,0,1,0,1,191.9,1
CUST-007810,53,One year,61.2,3387.4,1,0,1,Fiber optic,Electronic check,1,1,1,0,3,71.8,0
CUST-007811,38,Two year,69.32,2599.31,1,1,0,No,Electronic check,1,1,1,0,0,46.6,0
CUST-007812,42,Month-to-month,67.97,2871.55,1,1,1,DSL,Credit card (automatic),1,0,1,1,0,29.9,0
CUST-007813,13,Month-to-month,91.93,1217.2,2,0,1,Fiber optic,Bank transfer (automatic),1,1,0,0,4,135.2,1
CUST-007814,19,One year,57.86,1124.32,4,1,0,Fiber optic,Credit card (automatic),0,0,0,0,1,66.9,0
CUST-007815,6,Two year,140.66,801.16,2,0,0,Fiber optic,Bank transfer (automatic),1,0,1,0,2,121.5,1
CUST-007816,24,One year,101.61,2463.17,0,0,0,DSL,Electronic check,0,0,1,1,3,128.5,0
CUST-007817,45,Month-to-month,68.26,2914.92,2,1,0,DSL,Bank transfer (automatic),1,0,1,0,2,188.9,0
CUST-007818,24,One year,26.97,653.06,0,0,0,No,Credit card (automatic),0,1,1,0,3,110.1,0
CUST-007819,55,Month-to-month,129.61,7406.48,2,0,0,Fiber optic,Electronic check,1,0,0,0,4,185.0,1
CUST-007820,21,Month-to-month,93.42,2138.37,2,1,0,DSL,Electronic check,1,0,1,0,1,91.7,0
CUST-007821,16,Month-to-month,67.57,1112.35,0,1,0,DSL,Bank transfer (automatic),1,0,0,0,3,255.8,1
CUST-007822,19,One year,119.97,2377.9,2,1,0,Fiber optic,Credit card (automatic),0,1,1,0,2,84.3,1
CUST-007823,48,Month-to-month,52.64,2389.3,1,1,1,DSL,Mailed check,1,0,1,0,2,152.5,1
CUST-007824,72,Month-to-month,40.99,3030.69,0,1,1,DSL,Bank transfer (automatic),0,1,0,0,3,80.3,0
CUST-007825,72,One year,68.93,4686.17,2,1,1,No,Electronic check,1,0,0,0,0,90.6,0
CUST-007826,44,Month-to-month,26.18,1221.18,1,0,0,DSL,Mailed check,1,0,0,0,2,133.5,1
CUST-007827,54,Two year,37.25,1904.26,3,0,0,DSL,Bank transfer (automatic),1,0,0,0,2,130.6,0
CUST-007828,7,Month-to-month,103.6,689.77,1,0,0,Fiber optic,Electronic check,0,0,0,0,2,43.5,1
CUST-007829,9,One year,71.0,663.11,0,1,0,DSL,Mailed check,1,0,0,0,0,60.0,0
CUST-007830,14,Month-to-month,30.46,462.26,0,1,1,DSL,Bank transfer (automatic),0,0,0,0,1,115.6,1
CUST-007831,70,Two year,79.78,5879.98,2,0,1,Fiber optic,Mailed check,0,0,0,1,1,101.9,0
CUST-007832,69,Two year,56.55,3832.89,6,1,0,Fiber optic,Credit card (automatic),0,0,0,0,5,33.5,0
CUST-007833,72,Month-to-month,77.79,5323.82,0,0,1,Fiber optic,Credit card (automatic),1,0,0,0,5,147.0,0
CUST-007834,14,One year,75.05,1028.22,1,1,0,Fiber optic,Bank transfer (automatic),0,0,0,0,1,189.6,1
CUST-007835,27,One year,89.81,2440.11,1,0,1,No,Credit card (automatic),1,1,1,1,1,56.3,0
CUST-007836,6,Month-to-month,86.08,514.48,1,1,0,Fiber optic,Credit card (automatic),1,0,1,1,1,54.1,1
CUST-007837,8,One year,83.92,636.82,2,0,0,Fiber optic,Bank transfer (automatic),1,0,0,1,3,81.1,0
CUST-007838,23,Two year,55.19,1351.0,2,0,1,No,Credit card (automatic),0,0,1,0,0,393.0,0
CUST-007839,14,Month-to-month,21.98,327.84,2,0,1,DSL,Electronic check,1,0,0,1,4,158.7,0
CUST-007840,14,Two year,87.53,1340.91,3,0,0,Fiber optic,Credit card (automatic),1,0,0,0,5,125.0,0
CUST-007841,18,Month-to-month,77.07,1272.08,0,1,0,DSL,Electronic check,1,0,1,0,2,171.7,0
CUST-007842,72,Two year,70.79,4890.81,0,0,0,DSL,Electronic check,1,0,1,0,2,100.4,0
CUST-007843,61,Two year,82.32,5084.5,1,1,0,No,Bank transfer (automatic),1,0,1,1,0,88.2,0
CUST-007844,12,Month-to-month,83.53,1002.6,3,0,0,DSL,Electronic check,1,0,0,0,0,210.2,1
CUST-007845,60,Month-to-month,119.95,7035.23,2,1,0,DSL,Electronic check,1,0,1,1,1,161.6,0
CUST-007846,15,One year,36.78,528.08,2,0,1,DSL,Bank transfer (automatic),0,0,0,0,5,148.0,1
CUST-007847,7,Two year,95.87,637.61,1,0,1,Fiber optic,Electronic check,1,1,1,1,3,81.6,0
CUST-007848,17,Month-to-month,73.67,1379.27,2,1,0,No,Credit card (automatic),1,0,1,0,2,9.9,0
CUST-007849,35,Month-to-month,82.01,2665.55,2,1,0,Fiber optic,Credit card (automatic),0,0,0,0,0,45.5,1
CUST-007850,13,One year,49.19,589.67,1,1,1,No,Bank transfer (automatic),1,1,0,0,1,62.6,0
CUST-007851,44,Month-to-month,102.47,4240.82,1,0,0,Fiber optic,Electronic check,1,0,0,0,0,62.9,1
CUST-007852,18,One year,75.07,1364.25,0,1,1,No,Bank transfer (automatic),0,0,1,0,0,134.7,0
CUST-007853,37,One year,38.67,1411.26,2,0,0,No,Electronic check,0,0,0,0,5,325.6,0
CUST-007854,12,Two year,20.06,245.7,1,1,0,DSL,Bank transfer (automatic),1,0,1,1,4,79.7,0
CUST-007855,29,Month-to-month,52.71,1474.58,1,0,0,No,Electronic check,0,1,1,0,3,21.5,1
CUST-007856,14,Two year,48.16,677.21,1,0,0,DSL,Mailed check,1,0,0,1,5,117.3,0
CUST-007857,23,One year,105.07,2426.85,2,1,0,Fiber optic,Electronic check,1,0,1,0,1,110.5,0
CUST-007858,72,Two year,41.9,3254.34,1,1,1,DSL,Credit card (automatic),0,0,1,0,4,16.9,0
CUST-007859,20,Month-to-month,85.56,1863.41,1,0,0,Fiber optic,Electronic check,1,0,1,0,1,86.3,1
CUST-007860,9,One year,22.33,199.45,2,0,0,No,Mailed check,0,0,0,0,2,113.3,0
CUST-007861,30,Two year,51.21,1601.97,1,0,0,Fiber optic,Electronic check,1,0,0,0,5,69.5,0
CUST-007862,30,One year,70.76,2140.03,0,1,0,Fiber optic,Bank transfer (automatic),0,0,0,1,0,200.1,0
CUST-007863,30,Month-to-month,58.74,1830.11,0,0,0,No,Credit card (automatic),1,0,0,0,3,223.4,1
CUST-007864,42,Month-to-month,69.5,2975.17,0,1,0,Fiber optic,Electronic check,1,1,1,0,1,34.3,0
CUST-007865,19,Month-to-month,68.57,1350.77,2,0,1,DSL,Electronic check,1,0,0,0,0,79.0,0
CUST-007866,45,Month-to-month,22.47,1054.28,3,1,1,No,Electronic check,1,0,1,0,0,94.2,0
CUST-007867,28,One year,59.62,1704.8,0,1,1,DSL,Bank transfer (automatic),1,0,1,0,1,120.1,0
CUST-007868,9,Two year,59.91,542.88,0,0,1,No,Bank transfer (automatic),1,0,0,1,5,183.0,1
CUST-007869,50,One year,28.8,1515.08,9,1,0,DSL,Credit card (automatic),1,0,1,1,4,85.9,0
CUST-007870,32,Month-to-month,70.71,2247.49,1,1,0,DSL,Credit card (automatic),0,0,1,0,5,79.8,1
CUST-007871,43,Month-to-month,35.77,1493.8,1,0,0,Fiber optic,Electronic check,1,0,1,0,4,74.6,1
CUST-007872,10,Month-to-month,47.87,441.5,2,1,0,DSL,Credit card (automatic),1,0,0,0,1,138.7,0
CUST-007873,52,Month-to-month,84.69,4497.53,2,1,0,DSL,Credit card (automatic),0,1,0,0,2,48.1,1
CUST-007874,72,Two year,15.0,1117.38,1,0,1,DSL,Bank transfer (automatic),0,0,1,0,5,36.2,0
CUST-007875,9,Month-to-month,81.78,672.58,1,0,1,DSL,Mailed check,0,0,0,1,1,240.9,0
CUST-007876,57,Month-to-month,60.85,3362.01,1,1,0,Fiber optic,Bank transfer (automatic),1,0,1,0,1,47.8,1
CUST-007877,32,One year,75.24,2498.09,3,0,1,Fiber optic,Bank transfer (automatic),0,0,1,0,4,400.4,0
CUST-007878,28,Month-to-month,100.16,2784.33,0,1,1,DSL,Mailed check,1,0,1,0,2,126.6,0
CUST-007879,52,Month-to-month,49.33,2572.25,1,0,1,DSL,Electronic check,1,1,1,0,1,85.8,0
CUST-007880,48,Month-to-month,105.34,5287.05,1,1,0,DSL,Bank transfer (automatic),1,0,1,0,5,141.0,0
CUST-007881,67,Month-to-month,82.37,5488.95,1,0,1,Fiber optic,Bank transfer (automatic),1,0,0,0,2,113.3,0
CUST-007882,10,One year,87.88,895.69,1,1,0,Fiber optic,Electronic check,1,0,0,0,2,47.9,0
CUST-007883,68,Month-to-month,86.06,5535.8,1,1,0,DSL,Credit card (automatic),0,0,1,0,5,71.4,0
CUST-007884,37,One year,78.6,2959.32,1,0,1,No,Electronic check,0,0,0,1,5,196.2,0
CUST-007885,6,Month-to-month,68.85,385.45,0,1,1,DSL,Electronic check,0,0,0,0,1,86.4,1
CUST-007886,20,Month-to-month,78.42,1466.71,1,1,0,Fiber optic,Mailed check,0,0,1,0,4,141.7,0
CUST-007887,33,One year,51.23,1648.04,1,1,0,Fiber optic,Bank transfer (automatic),1,0,0,1,2,175.6,0
CUST-007888,20,Month-to-month,27.45,564.07,3,0,0,DSL,Electronic check,1,1,0,0,4,19.6,1
CUST-007889,25,Month-to-month,97.83,2452.17,1,1,1,DSL,Bank transfer (automatic),1,0,0,0,1,107.1,0
CUST-007890,18,Month-to-month,132.49,2290.71,1,1,1,Fiber optic,Mailed check,1,0,0,1,1,59.3,0
CUST-007891,72,Month-to-month,93.24,7007.82,0,0,1,Fiber optic,Electronic check,1,1,1,1,0,129.6,0
CUST-007892,46,Month-to-month,20.66,965.51,1,1,0,No,Electronic check,0,0,1,0,2,40.6,0
CUST-007893,30,Two year,70.69,2231.51,1,0,1,Fiber optic,Mailed check,0,0,0,0,2,155.0,1
CUST-007894,12,Month-to-month,44.45,509.64,1,0,1,No,Mailed check,1,0,0,1,3,35.5,0
CUST-007895,67,Month-to-month,76.11,5465.07,1,0,1,Fiber optic,Electronic check,0,0,0,0,0,139.0,0
CUST-007896,41,Month-to-month,67.88,3003.21,4,1,0,Fiber optic,Mailed check,0,0,0,1,3,136.9,1
CUST-007897,13,Month-to-month,78.01,1060.36,1,1,0,DSL,Bank transfer (automatic),1,0,0,0,4,119.5,0
CUST-007898,13,One year,71.18,947.91,2,1,1,No,Credit card (automatic),1,0,1,1,4,131.1,0
CUST-007899,26,One year,104.5,2784.44,0,0,0,DSL,Bank transfer (automatic),1,1,0,1,0,33.0,0
CUST-007900,30,Two year,55.27,1685.51,9,1,1,DSL,Electronic check,0,0,0,0,4,264.5,1
CUST-007901,45,Month-to-month,95.0,3981.49,0,1,1,Fiber optic,Mailed check,1,0,1,0,5,67.8,0
CUST-007902,27,Month-to-month,83.53,2187.8,3,0,0,No,Electronic check,1,0,1,0,1,87.4,0
CUST-007903,48,One year,90.54,4323.31,0,0,1,DSL,Bank transfer (automatic),1,1,1,0,4,33.2,0
CUST-007904,20,Month-to-month,34.13,647.43,0,0,1,DSL,Mailed check,1,0,0,0,5,43.1,0
CUST-007905,27,Month-to-month,75.12,2173.75,0,0,1,No,Credit card (automatic),1,0,1,1,0,107.4,0
CUST-007906,68,Month-to-month,68.67,4786.38,0,1,1,No,Mailed check,1,0,0,0,4,204.4,0
CUST-007907,49,Month-to-month,97.57,5206.99,3,0,1,Fiber optic,Credit card (automatic),0,0,0,0,1,202.8,0
CUST-007908,29,Two year,91.49,2758.03,1,0,1,Fiber optic,Bank transfer (automatic),0,0,0,1,5,63.9,0
CUST-007909,36,Two year,132.82,4447.6,0,1,0,Fiber optic,Mailed check,0,0,0,0,1,288.3,0
CUST-007910,27,One year,42.73,1229.1,4,0,1,No,Electronic check,1,0,1,0,2,45.8,0
CUST-007911,8,Month-to-month,41.25,322.56,1,1,0,DSL,Electronic check,1,1,1,1,5,160.0,0
CUST-007912,72,One year,69.48,5343.87,9,0,0,Fiber optic,Credit card (automatic),1,0,0,0,3,60.6,0
CUST-007913,14,One year,82.75,1245.86,0,0,1,Fiber optic,Credit card (automatic),0,0,0,0,2,68.8,0
CUST-007914,21,One year,72.33,1621.59,8,1,1,No,Mailed check,1,0,1,0,3,88.6,0
CUST-007915,72,Month-to-month,78.6,5962.93,7,1,0,Fiber optic,Mailed check,1,0,0,0,0,98.4,1
CUST-007916,11,Two year,90.16,1013.25,2,0,0,DSL,Electronic check,1,0,1,0,1,169.8,1
CUST-007917,26,Month-to-month,89.91,2336.45,2,0,0,Fiber optic,Mailed check,1,0,0,0,4,170.0,0
CUST-007918,72,One year,62.59,4931.24,1,0,0,No,Credit card (automatic),0,0,1,0,0,149.1,0
CUST-007919,72,Two year,31.74,2316.4,0,1,0,No,Electronic check,1,0,0,1,1,145.2,0
CUST-007920,41,Two year,110.53,4444.43,1,1,0,DSL,Electronic check,0,0,1,1,0,163.1,0
CUST-007921,67,Two year,63.81,4369.74,5,1,0,DSL,Bank transfer (automatic),1,0,1,1,1,227.6,0
CUST-007922,24,Month-to-month,130.93,3322.82,0,1,0,Fiber optic,Mailed check,0,0,0,0,1,61.6,0
CUST-007923,1,One year,74.44,78.58,0,1,1,Fiber optic,Electronic check,1,0,0,0,0,136.9,0
CUST-007924,63,Month-to-month,85.77,5110.07,0,1,1,DSL,Mailed check,1,0,0,0,2,144.1,0
CUST-007925,28,One year,50.93,1503.07,0,1,0,DSL,Bank transfer (automatic),0,0,0,0,5,112.4,0
CUST-007926,22,Month-to-month,110.48,2514.33,3,1,1,DSL,Credit card (automatic),0,0,1,0,4,91.4,0
CUST-007927,20,Month-to-month,93.02,1828.26,3,0,0,DSL,Credit card (automatic),1,0,0,0,2,150.9,1
CUST-007928,47,Two year,86.24,3886.2,2,1,0,DSL,Bank transfer (automatic),0,0,0,1,2,138.4,0
CUST-007929,47,Two year,46.88,2360.91,2,0,0,No,Credit card (automatic),0,0,0,1,5,26.4,0
CUST-007930,29,Month-to-month,137.67,4297.62,0,1,1,Fiber optic,Bank transfer (automatic),1,0,1,0,2,96.2,1
CUST-007931,40,Month-to-month,115.95,5002.03,2,0,1,DSL,Mailed check,0,1,0,0,1,171.8,1
CUST-007932,11,Month-to-month,80.51,827.69,3,0,1,Fiber optic,Electronic check,0,0,1,0,3,158.5,0
CUST-007933,24,Month-to-month,94.04,2233.31,2,1,0,Fiber optic,Electronic check,1,0,1,0,0,25.7,0
CUST-007934,11,Month-to-month,113.17,1248.42,0,1,1,Fiber optic,Mailed check,1,0,0,0,2,229.7,1
CUST-007935,11,Two year,15.7,185.67,1,0,0,No,Credit card (automatic),1,0,1,1,1,99.5,0
CUST-007936,37,Month-to-month,93.65,3604.97,0,1,0,DSL,Bank transfer (automatic),1,1,1,0,4,156.8,0
CUST-007937,30,Month-to-month,90.59,2687.28,1,0,1,No,Credit card (automatic),1,0,1,0,0,97.5,0
CUST-007938,20,One year,50.92,1026.65,4,1,0,DSL,Electronic check,1,0,1,0,1,164.3,0
CUST-007939,23,Month-to-month,35.19,838.26,1,0,1,Fiber optic,Electronic check,0,0,0,0,1,43.4,1
CUST-007940,39,Month-to-month,73.33,2966.78,1,0,0,No,Credit card (automatic),1,0,1,1,3,174.8,0
CUST-007941,48,Month-to-month,61.66,3208.37,5,0,0,Fiber optic,Mailed check,1,0,1,0,4,115.9,0
CUST-007942,42,Month-to-month,25.29,1139.53,2,1,1,DSL,Bank transfer (automatic),1,0,1,0,4,110.7,0
CUST-007943,6,Month-to-month,74.27,473.41,4,1,0,DSL,Electronic check,1,0,0,1,4,151.4,1
CUST-007944,2,One year,97.95,188.41,0,0,0,DSL,Credit card (automatic),1,0,1,0,2,90.4,1
CUST-007945,15,Month-to-month,59.53,861.57,1,1,0,DSL,Electronic check,1,0,0,0,4,141.4,0
CUST-007946,2,Two year,94.63,179.88,0,1,1,DSL,Credit card (automatic),1,1,0,0,2,111.3,0
CUST-007947,72,Two year,81.6,5999.51,5,1,1,DSL,Electronic check,1,0,1,0,4,77.0,0
CUST-007948,23,Two year,55.67,1250.35,1,0,1,Fiber optic,Electronic check,0,0,0,0,4,176.8,0
CUST-007949,9,Two year,51.15,474.06,3,1,0,DSL,Credit card (automatic),1,0,0,0,2,98.8,0
CUST-007950,23,Two year,116.98,2790.1,2,1,1,Fiber optic,Mailed check,0,1,1,0,0,110.6,0
CUST-007951,4,Two year,75.94,307.5,3,1,1,Fiber optic,Electronic check,1,0,0,1,1,87.4,0
CUST-007952,9,Month-to-month,85.48,804.21,1,1,1,DSL,Bank transfer (automatic),1,0,1,1,3,80.2,0
CUST-007953,21,Month-to-month,79.75,1623.19,5,1,0,Fiber optic,Electronic check,1,0,0,0,2,21.8,1
CUST-007954,18,One year,108.03,1803.74,1,1,0,Fiber optic,Electronic check,1,0,1,0,0,284.4,0
CUST-007955,21,Two year,100.73,2043.84,3,0,0,Fiber optic,Electronic check,1,1,1,0,3,64.1,0
CUST-007956,40,Two year,83.79,3497.04,0,1,0,Fiber optic,Bank transfer (automatic),0,0,0,0,4,74.0,0
CUST-007957,56,One year,107.33,6572.67,0,1,0,Fiber optic,Electronic check,1,0,1,0,5,215.9,0
CUST-007958,31,Two year,36.0,1200.29,4,0,0,Fiber optic,Credit card (automatic),0,0,0,1,1,90.4,0
CUST-007959,58,One year,62.86,3615.43,2,0,0,Fiber optic,Credit card (automatic),0,1,0,1,1,69.0,0
CUST-007960,19,One year,53.41,1065.24,2,0,0,No,Electronic check,0,0,1,0,1,227.0,0
CUST-007961,64,Month-to-month,94.32,5628.31,1,1,0,No,Bank transfer (automatic),1,0,0,0,3,138.9,1
CUST-007962,32,Month-to-month,53.85,1859.71,1,0,0,Fiber optic,Bank transfer (automatic),1,0,1,1,2,66.5,0
CUST-007963,53,Month-to-month,89.13,4856.96,0,0,0,Fiber optic,Bank transfer (automatic),1,0,1,0,5,120.4,1
CUST-007964,19,Month-to-month,72.94,1443.38,1,1,0,No,Mailed check,1,0,1,0,4,151.0,1
CUST-007965,31,Month-to-month,96.19,2702.83,2,1,0,Fiber optic,Bank transfer (automatic),0,0,1,0,1,37.0,0
CUST-007966,72,Month-to-month,87.54,6461.98,1,0,1,Fiber optic,Electronic check,0,0,1,1,0,49.7,0
CUST-007967,30,Two year,49.49,1624.86,0,1,0,DSL,Mailed check,0,0,1,0,0,173.0,0
CUST-007968,56,Month-to-month,58.83,3350.63,3,1,1,DSL,Electronic check,1,0,0,0,1,269.3,1
CUST-007969,61,One year,114.37,6960.98,2,0,1,Fiber optic,Credit card (automatic),1,1,1,0,2,130.6,1
CUST-007970,45,Month-to-month,47.79,2128.17,1,1,1,No,Mailed check,0,0,0,1,0,87.1,1
CUST-007971,50,Two year,15.0,724.78,1,0,1,DSL,Bank transfer (automatic),1,1,0,1,0,187.6,0
CUST-007972,19,Month-to-month,76.65,1466.43,1,1,0,No,Mailed check,1,0,0,0,4,97.6,0
CUST-007973,14,One year,127.4,1679.48,0,0,0,Fiber optic,Electronic check,0,0,1,1,3,53.9,1
CUST-007974,12,One year,63.72,783.74,1,0,0,Fiber optic,Electronic check,0,0,0,0,2,54.7,1
CUST-007975,39,Month-to-month,99.02,4085.68,1,1,0,No,Electronic check,1,0,1,0,3,75.7,0
CUST-007976,30,One year,78.02,2296.14,2,0,0,DSL,Bank transfer (automatic),1,0,0,0,5,173.3,1
CUST-007977,37,One year,36.09,1364.28,2,0,1,DSL,Bank transfer (automatic),1,0,0,0,5,180.7,0
CUST-007978,10,Two year,47.41,473.77,1,1,1,DSL,Electronic check,1,0,0,0,4,130.7,1
CUST-007979,16,Month-to-month,71.31,1166.34,2,0,0,Fiber optic,Mailed check,1,0,0,0,1,62.1,1
CUST-007980,55,Two year,69.23,3990.48,1,1,0,DSL,Mailed check,1,1,0,1,4,125.0,0
CUST-007981,33,Month-to-month,85.47,2886.04,1,0,1,Fiber optic,Bank transfer (automatic),1,0,0,0,4,77.9,1
CUST-007982,32,Month-to-month,92.64,3099.42,1,0,1,No,Mailed check,0,0,1,0,5,181.3,0
CUST-007983,24,Month-to-month,86.23,2128.69,0,0,1,DSL,Credit card (automatic),0,0,1,0,1,100.5,1
CUST-007984,15,Month-to-month,51.37,805.74,0,0,0,Fiber optic,Mailed check,0,0,0,1,1,81.9,0
CUST-007985,65,Month-to-month,54.53,3609.37,1,0,0,Fiber optic,Mailed check,1,0,1,0,4,144.6,1
CUST-007986,72,Two year,105.36,7730.55,2,1,1,Fiber optic,Bank transfer (automatic),1,0,0,0,4,76.3,0
CUST-007987,31,One year,52.11,1675.32,3,1,1,No,Credit card (automatic),0,0,0,1,1,34.3,0
CUST-007988,26,Two year,60.63,1574.62,3,0,1,DSL,Mailed check,1,0,1,0,2,33.8,0
CUST-007989,72,Month-to-month,78.66,5805.08,9,0,1,DSL,Electronic check,1,0,1,1,5,178.9,0
CUST-007990,17,One year,86.46,1407.99,1,0,1,No,Electronic check,1,1,0,0,2,73.1,0
CUST-007991,20,Month-to-month,34.17,623.17,3,1,0,DSL,Mailed check,0,0,0,0,4,22.9,1
CUST-007992,53,Month-to-month,34.46,1839.34,3,1,1,Fiber optic,Bank transfer (automatic),1,0,0,0,4,66.5,0
CUST-007993,20,Month-to-month,62.17,1196.81,1,0,0,DSL,Bank transfer (automatic),1,0,0,0,5,29.6,1
CUST-007994,29,One year,68.63,2187.26,3,0,1,Fiber optic,Electronic check,0,0,0,0,4,95.9,0
CUST-007995,3,One year,91.66,264.64,1,1,1,Fiber optic,Electronic check,0,0,1,0,4,141.3,1
CUST-007996,72,Month-to-month,87.78,6576.58,3,0,0,Fiber optic,Bank transfer (automatic),0,0,0,1,3,112.3,0
CUST-007997,50,Month-to-month,40.61,1963.01,0,1,0,DSL,Bank transfer (automatic),1,0,0,0,4,36.4,0
CUST-007998,62,Month-to-month,117.17,7272.3,0,0,1,No,Credit card (automatic),0,0,1,0,4,265.3,0
CUST-007999,13,Month-to-month,65.43,804.98,3,0,1,No,Bank transfer (automatic),0,0,1,1,5,220.5,1
