customer_id,tenure_months,contract_type,monthly_charges,total_charges,num_support_tickets,has_tech_support,has_online_security,internet_service,payment_method,paperless_billing,senior_citizen,partner,dependents,num_additional_services,avg_monthly_usage_gb,churn
7590-VHVEG,1,Month-to-month,29.85,29.85,4,0,0,DSL,Electronic check,1,0,1,0,1,58.1,0
5575-GNVDE,34,One year,56.95,1889.5,1,0,1,DSL,Mailed check,0,0,0,0,2,111.1,0
3668-QPYBK,2,Month-to-month,53.85,108.15,3,0,1,DSL,Mailed check,1,0,0,0,2,132.1,1
7795-CFOCW,45,One year,42.3,1840.75,0,1,1,DSL,Bank transfer (automatic),0,0,0,0,3,78.5,0
9237-HQITU,2,Month-to-month,70.7,151.65,5,0,0,Fiber optic,Electronic check,1,0,0,0,0,113.3,1
9305-CDSKC,8,Month-to-month,99.65,820.5,3,0,0,Fiber optic,Electronic check,1,0,0,0,3,239.8,1
1452-KIOVK,22,Month-to-month,89.1,1949.4,1,0,0,Fiber optic,Credit card (automatic),1,0,0,1,2,221.1,0
6713-OKOMC,10,Month-to-month,29.75,301.9,0,0,1,DSL,Mailed check,0,0,0,0,1,68.6,0
7892-POOKP,28,Month-to-month,104.8,3046.05,2,1,0,Fiber optic,Electronic check,1,0,1,0,4,292.1,1
6388-TABGU,62,One year,56.15,3487.95,1,0,1,DSL,Bank transfer (automatic),0,0,0,1,2,108.9,0
9763-GRSKD,13,Month-to-month,49.95,587.45,1,0,1,DSL,Mailed check,1,0,1,1,1,93.3,0
7469-LKBCI,16,Two year,18.95,326.8,0,0,0,No,Credit card (automatic),0,0,0,0,0,31.8,0
8091-TTVAX,58,One year,100.35,5681.1,2,0,0,Fiber optic,Credit card (automatic),0,0,1,0,3,263.1,0
0280-XJGEX,49,Month-to-month,103.7,5036.3,1,0,0,Fiber optic,Bank transfer (automatic),1,0,0,0,4,218.7,1
5129-JLPIS,25,Month-to-month,105.5,2686.05,1,1,1,Fiber optic,Electronic check,1,0,0,0,5,299.1,0
3655-SNQYZ,69,Two year,113.25,7895.15,0,1,1,Fiber optic,Credit card (automatic),0,0,1,1,6,303.2,0
8191-XWSZG,52,One year,20.65,1022.95,5,0,0,No,Mailed check,0,0,0,0,0,38.1,0
9959-WOFKT,71,Two year,106.7,7382.25,3,0,1,Fiber optic,Bank transfer (automatic),0,0,0,1,4,237.3,0
4190-MFLUW,10,Month-to-month,55.2,528.35,1,1,0,DSL,Credit card (automatic),0,0,1,1,2,95.4,1
4183-MYFRB,21,Month-to-month,90.05,1862.9,2,0,0,Fiber optic,Electronic check,1,0,0,0,3,184.8,0
8779-QRDMV,1,Month-to-month,39.65,39.65,6,0,0,DSL,Electronic check,1,1,0,0,2,116.2,1
1680-VDCWW,12,One year,19.8,202.25,1,0,0,No,Bank transfer (automatic),0,0,1,0,0,34.1,0
1066-JKSGK,1,Month-to-month,20.15,20.15,2,0,0,No,Mailed check,0,0,0,0,0,38.2,1
3638-WEABW,58,Two year,59.9,3505.1,1,1,0,DSL,Credit card (automatic),1,0,1,0,2,122.4,0
6322-HRPFA,49,Month-to-month,59.6,2970.3,0,1,1,DSL,Credit card (automatic),0,0,1,1,3,127.1,0
6865-JZNKO,30,Month-to-month,55.3,1530.6,0,0,1,DSL,Bank transfer (automatic),1,0,0,0,2,84.4,0
6467-CHFZW,47,Month-to-month,99.35,4749.15,3,0,0,Fiber optic,Electronic check,1,0,1,1,3,245.8,1
8665-UTDHZ,1,Month-to-month,30.2,30.2,4,0,0,DSL,Electronic check,0,0,1,1,1,45.6,1
5248-YGIJN,72,Two year,90.25,6369.45,1,1,1,DSL,Credit card (automatic),1,0,1,0,6,286.7,0
8773-HHUOZ,17,Month-to-month,64.7,1093.1,2,0,0,DSL,Mailed check,1,0,0,1,2,171.7,1
3841-NFECX,71,Two year,96.35,6766.95,1,1,1,Fiber optic,Credit card (automatic),1,1,1,0,4,207.6,0
4929-XIHVW,2,Month-to-month,95.5,181.65,2,0,0,Fiber optic,Credit card (automatic),1,1,1,0,3,233.1,0
6827-IEAUQ,27,One year,66.15,1874.45,0,1,1,DSL,Mailed check,0,0,1,1,4,136.9,0
7310-EGVHZ,1,Month-to-month,20.2,20.2,4,0,0,No,Bank transfer (automatic),0,0,0,0,0,33.4,0
3413-BMNZE,1,Month-to-month,45.25,45.25,1,0,0,DSL,Bank transfer (automatic),0,1,0,0,0,78.7,0
6234-RAAPL,72,Two year,99.9,7251.7,0,1,1,Fiber optic,Bank transfer (automatic),0,0,1,1,4,223.6,0
6047-YHPVI,5,Month-to-month,69.7,316.9,6,0,0,Fiber optic,Electronic check,1,0,0,0,0,127.0,1
6572-ADKRS,46,Month-to-month,74.8,3548.3,5,0,0,Fiber optic,Credit card (automatic),1,0,0,0,1,131.6,0
5380-WJKOV,34,Month-to-month,106.35,3549.25,1,0,0,Fiber optic,Electronic check,1,0,0,0,4,297.8,1
8168-UQWWF,11,Month-to-month,97.85,1105.4,3,0,0,Fiber optic,Bank transfer (automatic),1,0,0,0,3,301.0,1
8865-TNMNX,10,One year,49.55,475.7,1,0,0,DSL,Mailed check,0,0,1,1,1,100.4,0
9489-DEDVP,70,Two year,69.2,4872.35,2,0,1,DSL,Credit card (automatic),1,0,1,1,3,152.8,0
9867-JCZSP,17,One year,20.75,418.25,2,0,0,No,Mailed check,0,0,1,1,0,27.2,0
4671-VJLCL,63,Two year,79.85,4861.45,0,1,1,DSL,Credit card (automatic),1,0,0,0,5,186.7,0
4080-IIARD,13,Month-to-month,76.2,981.45,0,1,1,DSL,Electronic check,1,0,1,0,4,103.2,0
3714-NTNFO,49,Month-to-month,84.5,3906.7,3,0,0,Fiber optic,Electronic check,1,0,0,0,1,211.0,0
5948-UJZLF,2,Month-to-month,49.25,97.0,5,0,0,DSL,Mailed check,0,0,0,0,1,96.7,0
7760-OYPDY,2,Month-to-month,80.65,144.15,7,0,0,Fiber optic,Electronic check,1,0,0,0,1,152.0,1
7639-LIAYI,52,Two year,79.75,4217.8,0,1,1,DSL,Credit card (automatic),1,0,0,0,4,242.6,0
2954-PIBKO,69,Two year,64.15,4254.1,0,1,1,DSL,Credit card (automatic),1,0,1,1,3,104.2,0
8012-SOUDQ,43,Month-to-month,90.25,3838.75,5,0,0,Fiber optic,Electronic check,1,1,0,0,2,240.0,0
9420-LOJKX,15,Month-to-month,99.1,1426.4,2,0,1,Fiber optic,Credit card (automatic),1,0,0,0,4,229.2,1
6575-SUVOI,25,Month-to-month,69.5,1752.65,0,1,1,DSL,Credit card (automatic),1,1,1,0,3,144.8,0
7495-OOKFY,8,Month-to-month,80.65,633.3,0,0,0,Fiber optic,Credit card (automatic),1,1,1,0,1,131.1,1
4667-QONEA,60,One year,74.85,4456.35,0,1,1,DSL,Credit card (automatic),1,1,1,1,5,180.8,0
1658-BYGOY,18,Month-to-month,95.45,1752.55,3,0,0,Fiber optic,Electronic check,1,1,0,0,2,213.3,1
8769-KKTPH,63,One year,99.65,6311.2,3,0,1,Fiber optic,Credit card (automatic),1,0,1,1,3,345.2,0
5067-XJQFU,66,One year,108.45,7076.35,3,1,0,Fiber optic,Electronic check,1,1,1,1,5,260.1,0
3957-SQXML,34,Two year,24.95,894.3,1,0,0,No,Credit card (automatic),0,0,1,1,0,56.4,0
5954-BDFSG,72,Two year,107.5,7853.7,3,1,0,Fiber optic,Credit card (automatic),1,0,0,0,4,261.9,0
0434-CSFON,47,Month-to-month,100.5,4707.1,3,0,0,Fiber optic,Electronic check,1,0,1,0,3,248.7,0
1215-FIGMP,60,Month-to-month,89.9,5450.7,2,0,0,Fiber optic,Bank transfer (automatic),1,0,0,0,2,180.7,0
0526-SXDJP,72,Two year,42.1,2962.0,0,0,1,DSL,Bank transfer (automatic),0,0,1,0,3,67.3,0
0557-ASKVU,18,One year,54.4,957.1,0,1,0,DSL,Credit card (automatic),1,0,1,1,2,104.2,0
5698-BQJOH,9,Month-to-month,94.4,857.25,1,0,0,Fiber optic,Electronic check,0,0,0,0,2,293.8,1
5122-CYFXA,3,Month-to-month,75.3,244.1,1,1,0,DSL,Electronic check,1,0,0,0,4,218.9,0
8627-ZYGSZ,47,One year,78.9,3650.35,0,0,0,Fiber optic,Electronic check,1,0,1,0,1,123.4,0
3410-YOQBQ,31,Two year,79.2,2497.2,1,1,0,DSL,Mailed check,0,0,0,0,5,229.4,0
3170-NMYVV,50,Two year,20.15,930.9,1,0,0,No,Bank transfer (automatic),0,0,1,1,0,32.0,0
7410-OIEDU,10,Month-to-month,79.85,887.35,2,0,1,Fiber optic,Mailed check,1,0,0,0,2,87.1,0
2273-QCKXA,1,Month-to-month,49.05,49.05,3,1,0,DSL,Mailed check,0,0,0,0,1,89.9,0
0731-EBJQB,52,One year,20.4,1090.65,1,0,0,No,Electronic check,1,0,1,1,0,27.3,0
1891-QRQSA,64,Two year,111.6,7099.0,3,1,1,Fiber optic,Bank transfer (automatic),1,1,1,1,5,254.7,0
8028-PNXHQ,62,Two year,24.25,1424.6,1,0,0,No,Bank transfer (automatic),1,0,1,1,0,44.0,0
5630-AHZIL,3,Month-to-month,64.5,177.4,0,1,1,DSL,Bank transfer (automatic),1,0,0,1,3,146.8,0
2673-CXQEU,56,One year,110.5,6139.5,2,0,1,Fiber optic,Electronic check,0,1,0,0,5,268.1,0
6416-JNVRK,46,One year,55.65,2688.85,2,0,0,DSL,Credit card (automatic),0,0,0,0,1,172.0,0
5590-ZSKRV,8,Month-to-month,54.65,482.25,2,0,1,DSL,Mailed check,0,0,1,1,2,112.2,0
0191-ZHSKZ,30,Month-to-month,74.75,2111.3,2,0,1,DSL,Electronic check,1,1,0,0,4,262.3,0
3887-PBQAO,45,One year,25.9,1216.6,0,0,0,No,Credit card (automatic),1,0,1,1,0,48.1,0
5919-TMRGD,1,Month-to-month,79.35,79.35,8,0,0,Fiber optic,Electronic check,1,0,0,1,1,188.9,1
8108-UXRQN,11,Month-to-month,50.55,565.35,0,0,1,DSL,Electronic check,0,0,1,1,3,215.3,0
9191-MYQKX,7,Month-to-month,75.15,496.9,4,0,0,Fiber optic,Bank transfer (automatic),1,0,1,0,1,122.8,1
9919-YLNNG,42,Month-to-month,103.8,4327.5,1,1,0,Fiber optic,Bank transfer (automatic),1,0,0,0,5,279.8,0
0318-ZOPWS,49,Two year,20.15,973.35,1,0,0,No,Bank transfer (automatic),1,0,1,0,0,37.0,0
4445-ZJNMU,9,Month-to-month,99.3,918.75,1,0,0,Fiber optic,Credit card (automatic),1,0,0,0,3,269.8,0
4808-YNLEU,35,One year,62.15,2215.45,2,0,1,DSL,Bank transfer (automatic),1,0,1,0,2,165.1,0
1862-QRWPE,48,Two year,20.65,1057.0,2,0,0,No,Bank transfer (automatic),0,0,1,1,0,37.8,0
2796-NNUFI,46,Two year,19.95,927.1,1,0,0,No,Mailed check,1,0,1,1,0,40.2,0
3016-KSVCP,29,Month-to-month,33.75,1009.25,1,0,0,DSL,Mailed check,0,0,1,0,1,88.2,0
4767-HZZHQ,30,Month-to-month,82.05,2570.2,3,0,0,Fiber optic,Bank transfer (automatic),0,0,1,1,2,158.4,0
2424-WVHPL,1,Month-to-month,74.7,74.7,2,1,0,Fiber optic,Electronic check,0,1,0,0,1,113.8,0
7233-PAHHL,66,Two year,84.0,5714.25,0,1,1,DSL,Mailed check,1,0,1,1,5,267.6,0
6067-NGCEU,65,Month-to-month,111.05,7107.0,0,0,1,Fiber optic,Credit card (automatic),1,0,0,0,5,320.0,0
9848-JQJTX,72,Two year,100.9,7459.05,3,0,0,Fiber optic,Bank transfer (automatic),1,0,0,0,4,253.5,0
8637-XJIVR,12,Month-to-month,78.95,927.35,1,0,1,Fiber optic,Electronic check,1,0,0,0,1,131.4,1
9803-FTJCG,71,One year,66.85,4748.7,0,1,1,DSL,Credit card (automatic),1,0,1,1,3,119.7,0
0278-YXOOG,5,Month-to-month,21.05,113.85,3,0,0,No,Mailed check,0,0,0,0,0,40.9,1
3212-KXOCR,52,Two year,21.0,1107.2,4,0,0,No,Bank transfer (automatic),0,0,0,0,0,29.4,0
4598-XLKNJ,25,Month-to-month,98.5,2514.5,0,0,0,Fiber optic,Electronic check,1,1,1,0,4,219.1,1
6380-ARCEH,1,Month-to-month,20.2,20.2,3,0,0,No,Mailed check,0,0,0,0,0,41.3,0
3679-XASPY,1,Month-to-month,19.45,19.45,3,0,0,No,Electronic check,0,0,1,1,0,33.9,0
7123-WQUHX,38,One year,95.0,3605.6,0,1,0,Fiber optic,Bank transfer (automatic),0,0,0,0,3,171.0,0
5386-THSLQ,66,One year,45.55,3027.25,7,0,0,DSL,Bank transfer (automatic),0,1,1,0,3,82.1,0
3192-NQECA,68,Two year,110.0,7611.85,1,1,0,Fiber optic,Bank transfer (automatic),1,0,1,0,5,259.5,1
6180-YBIQI,5,Month-to-month,24.3,100.2,5,0,0,DSL,Mailed check,0,0,0,0,0,32.4,0
6728-DKUCO,72,One year,104.15,7303.05,0,0,1,Fiber optic,Electronic check,1,0,1,1,4,271.8,0
9750-BOOHV,32,One year,30.15,927.65,2,0,1,DSL,Mailed check,0,0,0,0,1,53.5,0
8597-CWYHH,43,One year,94.35,3921.3,5,0,0,Fiber optic,Mailed check,0,0,0,0,2,316.3,0
2848-YXSMW,72,Two year,19.4,1363.25,1,0,0,No,Credit card (automatic),0,0,1,1,0,28.4,0
0486-HECZI,55,Month-to-month,96.75,5238.9,1,0,1,Fiber optic,Electronic check,1,0,1,0,3,233.4,1
4549-ZDQYY,52,One year,57.95,3042.25,0,1,1,DSL,Credit card (automatic),0,0,0,0,3,85.7,0
5712-AHQNN,43,Month-to-month,91.65,3954.1,3,0,0,Fiber optic,Electronic check,1,0,0,0,3,173.4,0
4846-WHAFZ,37,Month-to-month,76.5,2868.15,2,0,0,Fiber optic,Electronic check,1,1,1,0,0,133.1,1
5256-SKJGO,64,Two year,54.6,3423.5,1,1,0,DSL,Electronic check,1,0,1,1,4,155.6,0
3071-VBYPO,3,Month-to-month,89.85,248.4,3,0,1,Fiber optic,Electronic check,0,0,1,1,3,254.7,0
9560-BBZXK,36,Two year,31.05,1126.35,1,0,1,DSL,Bank transfer (automatic),0,0,0,0,1,55.2,0
5299-RULOA,10,Month-to-month,100.25,1064.65,1,0,1,Fiber optic,Electronic check,1,0,1,1,3,230.8,1
8402-OOOHJ,41,Two year,20.65,835.15,1,0,0,No,Mailed check,0,0,0,0,0,49.6,0
9445-ZUEQE,27,Month-to-month,85.2,2151.6,2,1,0,Fiber optic,Credit card (automatic),1,0,1,1,2,134.9,0
1091-SOZGA,56,One year,99.8,5515.45,5,0,0,Fiber optic,Credit card (automatic),1,0,1,1,3,244.3,0
2928-HLDBA,6,Month-to-month,20.7,112.75,0,0,0,No,Mailed check,0,0,0,0,0,35.9,0
0404-SWRVG,3,Month-to-month,74.4,229.55,1,0,0,Fiber optic,Electronic check,1,0,0,0,0,118.1,1
6497-TILVL,7,Month-to-month,50.7,350.35,0,0,1,DSL,Mailed check,0,0,1,1,1,98.9,0
7219-TLZHO,4,Month-to-month,20.85,62.9,3,0,0,No,Mailed check,0,0,1,1,0,43.9,0
4622-YNKIJ,33,Two year,88.95,3027.65,1,1,1,Fiber optic,Electronic check,1,0,0,0,3,161.4,0
4412-YLTKF,27,Month-to-month,78.05,2135.5,3,0,0,Fiber optic,Electronic check,1,1,0,0,1,129.8,1
6734-PSBAW,72,Two year,23.55,1723.95,4,0,0,No,Bank transfer (automatic),1,0,1,0,0,39.8,0
3930-ZGWVE,1,Month-to-month,19.75,19.75,1,0,0,No,Mailed check,0,0,0,0,0,28.1,0
2639-UGMAZ,71,One year,56.45,3985.35,2,0,1,DSL,Electronic check,1,1,0,0,4,145.6,0
2876-GZYZC,13,Month-to-month,85.95,1215.65,3,0,0,Fiber optic,Electronic check,1,0,0,0,1,183.0,0
6207-WIOLX,25,Month-to-month,58.6,1502.65,1,0,1,DSL,Credit card (automatic),1,0,1,1,5,159.9,1
8587-XYZSF,67,Two year,50.55,3260.1,0,1,0,DSL,Bank transfer (automatic),0,0,0,0,1,94.5,0
3091-FYHKI,1,Month-to-month,35.45,35.45,1,0,0,DSL,Electronic check,1,0,0,0,1,115.5,1
2372-HWUHI,2,Month-to-month,44.35,81.25,5,0,0,DSL,Electronic check,0,0,0,0,0,81.4,1
7799-LGRDP,43,Two year,25.7,1188.2,4,0,0,No,Credit card (automatic),1,0,0,0,0,47.9,0
7850-VWJUU,23,Month-to-month,75.0,1778.5,0,0,1,Fiber optic,Bank transfer (automatic),1,0,0,0,1,116.0,0
3774-VBNXY,64,Two year,20.2,1277.75,1,0,0,No,Mailed check,0,0,1,1,0,32.9,0
6217-KDYWC,57,Two year,19.6,1170.55,4,0,0,No,Mailed check,1,0,0,1,0,37.0,0
0390-DCFDQ,1,Month-to-month,70.45,70.45,3,0,0,Fiber optic,Mailed check,1,1,1,0,0,136.4,1
3146-MSEGF,72,Two year,88.05,6425.65,0,1,1,DSL,Credit card (automatic),1,1,1,1,6,233.7,0
4080-OGPJL,8,Month-to-month,71.15,563.65,0,1,1,DSL,Electronic check,0,0,0,0,3,180.1,1
1095-WGNGG,61,Two year,101.05,5971.25,5,0,0,Fiber optic,Bank transfer (automatic),1,0,1,0,3,250.4,0
2636-SJDOU,64,One year,84.3,5289.05,3,0,1,Fiber optic,Credit card (automatic),1,0,0,0,2,124.9,0
1131-QQZEB,71,Two year,23.95,1756.2,1,0,0,No,Bank transfer (automatic),0,1,1,0,0,44.7,0
5716-EZXZN,65,Two year,99.05,6416.7,1,1,1,Fiber optic,Credit card (automatic),1,0,1,1,4,203.2,0
6837-BJYDQ,3,One year,19.6,61.35,1,0,0,No,Mailed check,0,0,0,0,0,26.3,0
2135-RXIHG,1,Month-to-month,45.65,45.65,6,0,0,DSL,Electronic check,1,0,0,0,0,91.6,1
6440-DKQGE,30,One year,64.5,1929.95,3,0,0,DSL,Credit card (automatic),0,0,0,1,3,163.6,0
3466-BYAVD,15,Month-to-month,69.5,1071.4,1,1,0,DSL,Mailed check,1,0,1,1,4,181.2,0
3780-YVMFA,8,Month-to-month,68.55,564.35,1,1,0,DSL,Electronic check,1,0,1,1,3,187.9,0
3874-EQOEP,7,Month-to-month,95.0,655.5,2,0,0,Fiber optic,Mailed check,0,0,0,0,2,303.0,1
1679-JRFBR,70,One year,108.15,7930.55,1,0,1,Fiber optic,Credit card (automatic),1,0,1,1,5,291.6,0
9073-ZZIAY,62,Two year,86.1,5215.25,0,1,1,DSL,Electronic check,0,0,1,1,6,266.4,0
3077-RSNTJ,6,Month-to-month,19.7,113.5,4,0,0,No,Mailed check,0,0,1,1,0,31.8,0
6551-GNYDG,14,Month-to-month,80.9,1152.8,5,0,0,Fiber optic,Bank transfer (automatic),1,0,1,1,1,175.8,0
9167-APMXZ,22,Month-to-month,84.15,1821.95,3,0,0,Fiber optic,Bank transfer (automatic),1,0,0,0,1,225.5,0
2749-CTKAJ,22,One year,20.15,419.9,2,0,0,No,Mailed check,0,0,1,1,0,35.8,0
6371-NZYEG,16,Two year,64.25,1024.0,1,0,1,DSL,Mailed check,0,0,1,1,3,155.0,0
7554-NEWDD,10,Two year,25.7,251.6,4,0,0,No,Bank transfer (automatic),0,0,0,0,0,55.9,0
8992-VONJD,13,Month-to-month,56.0,764.55,2,0,1,DSL,Electronic check,1,0,0,1,2,116.9,0
0867-MKZVY,20,Month-to-month,82.4,1592.35,3,0,1,Fiber optic,Electronic check,0,0,1,0,1,152.1,1
4482-EWFMI,2,Month-to-month,69.7,135.2,2,0,0,Fiber optic,Electronic check,1,0,0,0,0,159.1,0
4648-YPBTM,53,Two year,73.9,3958.25,0,1,0,DSL,Bank transfer (automatic),1,0,0,0,4,134.5,0
2907-ILJBN,11,One year,20.6,233.9,3,0,0,No,Mailed check,0,0,1,1,0,36.5,0
6345-FZOQH,69,Two year,19.9,1363.45,4,0,0,No,Mailed check,0,0,1,0,0,32.7,0
3376-BMGFE,4,Month-to-month,70.9,273.0,4,0,0,Fiber optic,Bank transfer (automatic),1,0,0,0,0,153.9,1
5997-OPVFA,72,Two year,89.05,6254.45,0,1,1,DSL,Bank transfer (automatic),1,0,1,0,6,293.3,0
3445-HXXGF,58,Month-to-month,45.3,2651.2,2,0,0,DSL,Electronic check,1,1,1,0,3,112.2,1
1159-WFSGR,16,Month-to-month,20.4,321.4,4,0,0,No,Electronic check,0,0,1,1,0,37.2,0
7654-YWJUF,43,One year,84.25,3539.25,0,1,1,Fiber optic,Bank transfer (automatic),1,0,1,0,3,171.1,0
1875-QIVME,2,Month-to-month,104.4,242.8,2,1,0,Fiber optic,Electronic check,1,0,1,0,4,286.3,1
6727-IOTLZ,14,Two year,81.95,1181.75,0,1,0,DSL,Mailed check,0,0,1,0,5,234.7,0
0691-JVSYA,53,One year,94.85,5000.2,2,0,0,Fiber optic,Bank transfer (automatic),1,0,1,0,3,285.1,1
5918-VUKWP,32,One year,20.55,654.55,3,0,0,No,Bank transfer (automatic),0,0,0,0,0,47.1,0
1744-JHKYS,34,Month-to-month,24.7,780.2,2,0,0,No,Electronic check,0,0,1,0,0,45.0,0
2656-FMOKZ,15,Month-to-month,74.45,1145.7,2,0,0,Fiber optic,Mailed check,1,1,0,0,0,111.8,1
2070-FNEXE,7,Month-to-month,76.45,503.6,2,0,1,Fiber optic,Bank transfer (automatic),0,1,0,0,1,134.6,1
5947-SGKCL,15,Month-to-month,105.35,1559.25,2,0,0,Fiber optic,Bank transfer (automatic),1,0,1,1,4,266.5,0
3712-PKXZA,61,One year,20.55,1252.0,1,0,0,No,Credit card (automatic),1,0,1,0,0,34.8,0
6317-YPKDH,1,Month-to-month,29.95,29.95,1,0,0,DSL,Bank transfer (automatic),0,0,0,0,1,59.0,1
6582-OIVSP,1,Month-to-month,45.3,45.3,3,0,0,DSL,Mailed check,0,0,0,0,0,89.7,0
9367-WXLCH,8,Month-to-month,84.5,662.65,4,0,0,Fiber optic,Bank transfer (automatic),0,0,0,0,1,216.0,1
5524-KHNJP,33,One year,74.75,2453.3,3,0,1,DSL,Credit card (automatic),0,0,1,1,4,228.1,0
1918-ZBFQJ,13,Month-to-month,79.25,1111.65,2,0,0,Fiber optic,Electronic check,1,0,0,0,2,147.2,1
1024-GUALD,1,Month-to-month,24.8,24.8,2,0,0,DSL,Electronic check,1,0,1,0,0,37.8,1
4827-USJHP,20,Month-to-month,51.8,1023.85,1,0,0,DSL,Mailed check,1,0,0,0,1,88.1,0
8167-GJLRN,3,Month-to-month,30.4,82.15,1,1,0,DSL,Electronic check,0,0,0,0,1,47.6,0
0956-SYCWG,13,One year,19.65,244.8,1,0,0,No,Electronic check,0,0,0,0,0,36.8,0
8017-UVSZU,40,Month-to-month,56.6,2379.1,1,0,0,DSL,Credit card (automatic),0,0,1,0,1,99.6,0
7100-FQPRV,43,One year,71.9,3173.35,0,1,1,DSL,Credit card (automatic),1,0,1,1,3,167.5,0
2472-OVKUP,6,Month-to-month,91.0,531.0,0,0,0,Fiber optic,Electronic check,1,0,1,0,3,218.1,1
2984-RGEYA,69,Two year,19.75,1375.4,1,0,0,No,Bank transfer (automatic),0,0,1,1,0,33.9,0
9680-NIAUV,72,Two year,109.7,8129.3,2,0,1,Fiber optic,Credit card (automatic),0,0,1,1,5,318.4,0
2146-EGVDT,59,Two year,19.3,1192.7,2,0,0,No,Credit card (automatic),0,0,1,1,0,39.8,0
2604-IJPDU,20,Month-to-month,96.55,1901.65,1,1,1,Fiber optic,Electronic check,1,0,1,0,4,183.7,0
9178-JHUVJ,24,Two year,24.1,587.4,3,0,0,No,Bank transfer (automatic),1,0,1,1,0,51.3,0
6168-YBYNP,59,Month-to-month,111.35,6519.75,3,1,0,Fiber optic,Electronic check,1,0,0,0,5,265.3,0
7255-SSFBC,72,Two year,112.25,8041.65,2,1,0,Fiber optic,Bank transfer (automatic),1,0,1,1,5,251.2,0
3645-DEYGF,1,Month-to-month,20.75,20.75,1,0,0,No,Mailed check,0,0,0,1,0,35.5,0
9323-HGFWY,27,One year,101.9,2681.15,3,1,1,Fiber optic,Credit card (automatic),1,0,1,0,4,214.1,0
8544-GOQSH,14,Month-to-month,80.05,1112.3,4,1,0,Fiber optic,Credit card (automatic),1,0,0,0,2,150.3,0
3363-DTIVD,71,Two year,105.55,7405.5,1,0,1,Fiber optic,Electronic check,0,0,1,1,4,315.1,0
7018-WBJNK,13,Month-to-month,78.3,1033.95,0,0,0,Fiber optic,Credit card (automatic),1,0,0,1,1,140.7,0
9142-KZXOP,44,Month-to-month,68.85,2958.95,5,0,0,Fiber optic,Credit card (automatic),0,0,0,0,0,130.8,0
7674-YTAFD,33,One year,79.95,2684.85,0,1,0,Fiber optic,Bank transfer (automatic),1,0,0,0,2,155.1,0
6348-SNFUS,72,Two year,55.45,4179.2,0,1,1,DSL,Credit card (automatic),1,0,1,1,5,152.2,0
1285-OKIPP,1,Month-to-month,79.9,79.9,2,0,0,Fiber optic,Electronic check,0,0,0,0,1,199.7,1
7825-ECJRF,19,Month-to-month,106.6,1934.45,1,1,1,Fiber optic,Electronic check,1,0,0,0,5,287.3,1
1347-KTTTA,64,One year,102.45,6654.1,3,1,0,Fiber optic,Credit card (automatic),1,0,1,0,5,245.4,0
7841-TZDMQ,2,Month-to-month,46.0,84.5,0,0,0,DSL,Credit card (automatic),1,0,0,0,0,92.9,1
4195-NZGTA,1,Month-to-month,25.25,25.25,2,0,0,DSL,Electronic check,0,0,0,0,0,47.4,0
7157-SMCFK,61,Two year,19.75,1124.2,2,0,0,No,Mailed check,0,0,0,1,0,39.4,0
4709-LKHYG,29,One year,20.0,540.05,2,0,0,No,Electronic check,0,0,1,1,0,37.4,0
2504-DSHIH,23,Month-to-month,86.8,1975.85,2,0,0,Fiber optic,Electronic check,0,1,1,0,1,187.9,0
0699-NDKJM,57,Month-to-month,58.75,3437.45,0,0,1,DSL,Bank transfer (automatic),1,0,1,0,5,183.5,0
9286-BHDQG,72,Two year,45.25,3139.8,0,1,1,DSL,Credit card (automatic),0,0,1,1,4,88.1,0
0230-WEQUW,66,Two year,56.6,3789.2,0,1,1,DSL,Bank transfer (automatic),1,0,1,0,5,162.2,0
2040-LDIWQ,65,Two year,84.2,5324.5,2,1,0,DSL,Bank transfer (automatic),1,0,1,1,5,167.1,0
6496-JDSSB,8,Month-to-month,80.0,624.6,3,0,0,Fiber optic,Bank transfer (automatic),1,0,0,0,1,149.4,0
9408-SSNVZ,4,Month-to-month,70.15,268.35,6,0,0,Fiber optic,Electronic check,1,0,0,0,0,96.1,1
4443-EMBNA,71,Two year,24.75,1836.9,3,0,0,No,Bank transfer (automatic),0,0,1,0,0,40.9,0
6469-MRVET,1,One year,20.2,20.2,0,0,0,No,Electronic check,1,0,1,1,0,32.7,0
0742-MOABM,4,Month-to-month,50.05,179.35,2,1,0,DSL,Mailed check,0,0,1,0,1,92.1,1
5961-VUSRV,12,One year,19.35,219.35,2,0,0,No,Bank transfer (automatic),1,0,0,0,0,33.1,0
6778-JFCMK,24,One year,50.6,1288.75,2,0,1,DSL,Mailed check,1,0,0,0,3,202.6,0
6341-JVQGF,31,One year,81.15,2545.75,0,1,1,DSL,Mailed check,1,0,1,1,5,204.9,0
2232-DMLXU,1,Month-to-month,55.2,55.2,1,0,0,DSL,Mailed check,0,0,1,0,1,124.4,1
4811-JBUVU,30,Month-to-month,89.9,2723.15,1,1,0,Fiber optic,Credit card (automatic),1,0,0,0,2,176.9,0
0945-TSONX,47,Two year,85.3,4107.25,0,1,1,DSL,Credit card (automatic),1,0,1,1,5,222.2,0
2651-ZCBXV,54,Two year,108.0,5760.65,0,1,1,Fiber optic,Credit card (automatic),1,0,0,0,5,279.1,0
3316-UWXUY,50,Month-to-month,93.5,4747.5,0,1,1,Fiber optic,Credit card (automatic),1,0,0,0,4,192.7,0
8937-RDTHP,1,Month-to-month,84.6,84.6,4,0,1,Fiber optic,Mailed check,1,0,0,0,2,165.7,1
7083-MIOPC,72,Two year,20.25,1566.9,0,0,0,No,Credit card (automatic),0,0,0,0,0,29.1,0
1984-GPTEH,29,Month-to-month,25.15,702.0,0,0,0,No,Electronic check,0,0,0,0,0,46.2,0
1251-KRREG,2,Month-to-month,54.4,114.1,3,0,0,DSL,Mailed check,1,0,0,0,1,89.6,1
0621-JFHOL,10,Two year,29.6,299.05,3,1,0,DSL,Mailed check,1,0,0,0,1,45.5,0
9903-LYSAB,18,Month-to-month,73.15,1305.95,3,0,0,Fiber optic,Electronic check,1,0,1,0,0,125.7,0
0094-OIFMO,11,Month-to-month,95.0,1120.3,3,0,0,Fiber optic,Electronic check,1,1,0,0,3,261.3,1
9227-UAQFT,16,Two year,19.75,284.35,2,0,0,No,Mailed check,0,0,0,0,0,45.7,0
7301-ABVAD,72,Two year,86.6,6350.5,0,1,0,DSL,Bank transfer (automatic),0,0,0,0,5,289.1,0
6614-FHDBO,72,Two year,109.2,7878.3,0,1,0,Fiber optic,Bank transfer (automatic),0,0,0,0,5,239.6,0
7576-ASEJU,41,One year,74.7,3187.65,0,1,1,DSL,Credit card (automatic),1,0,1,1,4,199.3,0
9058-HRZSV,65,Month-to-month,94.4,6126.15,4,0,1,Fiber optic,Electronic check,0,1,1,0,4,150.0,0
4522-AKYLR,13,Month-to-month,54.8,731.3,4,0,0,DSL,Electronic check,1,1,0,0,2,70.4,0
0221-WMXNQ,4,Month-to-month,75.35,273.4,2,0,1,Fiber optic,Electronic check,0,1,0,0,1,99.0,0
0303-UNCIP,41,One year,65.0,2531.8,1,0,0,DSL,Mailed check,0,0,0,0,2,176.3,0
9947-OTFQU,15,Month-to-month,74.4,1074.3,2,0,0,Fiber optic,Electronic check,1,1,0,0,1,130.1,1
0322-YINQP,1,Month-to-month,48.55,48.55,2,0,1,DSL,Mailed check,1,0,0,0,1,68.5,1
0959-WHOKV,42,One year,99.0,4298.45,2,0,1,Fiber optic,Electronic check,1,0,0,0,4,195.7,0
4075-JFPGR,51,One year,93.5,4619.55,1,0,1,Fiber optic,Electronic check,1,0,1,0,4,191.8,0
4629-NRXKX,2,Month-to-month,70.4,147.15,3,0,0,Fiber optic,Electronic check,0,0,1,1,0,113.8,1
9514-JDSKI,1,Month-to-month,40.2,40.2,3,0,0,DSL,Electronic check,0,1,1,0,2,135.0,1
3282-ZISZV,32,One year,83.7,2633.3,0,1,0,DSL,Credit card (automatic),0,0,0,1,5,165.4,0
3675-YDUPJ,10,Month-to-month,19.85,193.05,1,0,0,No,Mailed check,1,0,0,0,0,33.1,0
4111-BNXIF,67,Two year,59.55,4103.9,1,1,0,DSL,Electronic check,1,0,1,1,5,192.3,0
7017-VFHAY,61,Two year,115.1,7008.15,0,1,1,Fiber optic,Credit card (automatic),0,0,1,1,6,304.7,0
6655-LHBYW,50,One year,114.35,5791.1,0,1,1,Fiber optic,Credit card (automatic),0,0,0,0,6,194.9,0
4959-JOSRX,2,Month-to-month,44.6,80.55,3,0,0,DSL,Credit card (automatic),1,0,1,0,0,81.8,1
5046-NUHWD,29,Month-to-month,45.0,1228.65,2,0,1,DSL,Electronic check,1,1,1,0,3,98.3,0
7273-TEFQD,3,Month-to-month,41.15,132.2,2,0,0,DSL,Electronic check,1,1,0,0,2,103.8,1
3606-TWKGI,13,Month-to-month,106.9,1364.3,1,0,0,Fiber optic,Electronic check,1,1,0,0,4,208.5,1
7529-ZDFXI,57,Month-to-month,89.85,4925.35,2,0,0,Fiber optic,Electronic check,1,1,1,0,2,222.4,0
7605-BDWDC,31,Two year,49.85,1520.1,0,1,1,DSL,Bank transfer (automatic),1,0,0,0,4,186.4,0
1950-KSVVJ,45,One year,113.3,5032.25,0,1,1,Fiber optic,Mailed check,0,0,1,0,6,322.8,0
0123-CRBRT,61,Two year,88.1,5526.75,0,1,1,DSL,Mailed check,0,0,1,1,6,226.6,0
6292-TOSSS,50,Two year,24.9,1195.25,1,0,0,No,Bank transfer (automatic),0,0,0,0,0,33.3,0
3197-ARFOY,19,Month-to-month,105.0,2007.25,0,1,1,Fiber optic,Mailed check,1,1,0,0,5,300.5,0
6323-AYBRX,59,Two year,19.35,1099.6,1,0,0,No,Mailed check,0,0,0,0,0,40.5,1
7014-ZZXAW,71,Two year,24.25,1732.95,2,0,0,No,Credit card (automatic),1,0,1,0,0,36.5,0
4385-GZQXV,16,Month-to-month,94.45,1511.2,1,1,0,Fiber optic,Electronic check,1,1,0,0,3,281.8,1
7633-MVPUY,57,Two year,59.75,3450.15,0,1,1,DSL,Electronic check,1,0,1,0,3,79.2,0
6366-ZGQGL,1,Month-to-month,24.8,24.8,4,0,0,DSL,Bank transfer (automatic),0,0,0,0,0,36.2,1
4716-HHKQH,20,Month-to-month,107.05,2172.05,3,1,0,Fiber optic,Electronic check,0,1,1,0,4,276.4,0
5940-AHUHD,1,Month-to-month,70.6,70.6,2,0,0,Fiber optic,Mailed check,0,0,0,0,0,100.9,1
6432-TWQLB,5,Month-to-month,85.4,401.1,3,1,0,Fiber optic,Electronic check,1,0,1,0,2,169.2,1
4484-GLZOU,52,Month-to-month,105.05,5624.85,1,0,0,Fiber optic,Electronic check,1,0,1,0,4,322.1,1
3179-GBRWV,21,Month-to-month,64.95,1339.8,2,0,1,DSL,Bank transfer (automatic),1,1,1,0,3,157.3,0
8645-KWHJO,14,Month-to-month,55.0,771.95,1,1,0,DSL,Electronic check,1,0,0,0,4,190.4,0
4130-MZLCC,5,Month-to-month,50.55,244.75,1,0,0,DSL,Bank transfer (automatic),0,0,0,0,1,111.2,0
0314-TKOSI,6,Month-to-month,55.15,322.9,1,0,1,DSL,Mailed check,0,0,0,0,2,106.0,0
8229-MYEJZ,10,Month-to-month,51.2,498.25,2,0,0,DSL,Electronic check,0,0,0,0,1,108.8,0
2080-SRCDE,1,Month-to-month,25.4,25.4,6,0,0,No,Mailed check,0,0,0,1,0,54.8,0
9577-WJVCQ,68,Month-to-month,54.45,3687.75,2,0,1,DSL,Mailed check,0,0,0,0,1,82.8,0
9512-UIBFX,18,Month-to-month,95.15,1779.95,6,0,0,Fiber optic,Mailed check,0,0,1,1,3,328.6,1
6202-DYYFX,22,One year,76.0,1783.6,4,0,0,Fiber optic,Credit card (automatic),1,0,0,0,0,159.3,0
3808-HFKDE,20,Month-to-month,44.35,927.15,2,0,0,DSL,Electronic check,1,0,0,0,0,81.3,0
5583-SXDAG,1,Month-to-month,70.0,70.0,1,0,0,Fiber optic,Electronic check,0,0,1,0,0,140.4,1
3488-PGMQJ,8,Month-to-month,74.5,606.55,4,0,0,Fiber optic,Electronic check,1,1,0,0,1,139.7,1
3580-REOAC,10,Month-to-month,44.85,435.4,1,0,0,DSL,Credit card (automatic),1,0,0,0,0,83.1,1
7534-BFESC,24,Month-to-month,76.1,1712.7,3,0,0,Fiber optic,Electronic check,1,1,0,0,0,117.1,1
3727-OWVYD,35,One year,61.2,2021.2,1,0,1,DSL,Mailed check,0,0,0,0,3,103.5,0
2294-SALNE,23,One year,86.8,1940.8,0,1,0,Fiber optic,Mailed check,0,0,1,1,3,148.4,0
4847-TAJYI,6,Month-to-month,89.35,567.8,4,0,0,Fiber optic,Electronic check,1,1,0,0,2,277.7,0
1563-IWQEX,12,Month-to-month,19.7,220.35,2,0,0,No,Mailed check,0,0,0,0,0,37.8,0
8203-XJZRC,1,Month-to-month,20.25,20.25,3,0,0,No,Mailed check,0,0,0,0,0,38.5,0
6556-DBKZF,71,Two year,76.05,5436.45,1,0,0,Fiber optic,Electronic check,0,0,1,1,1,134.4,0
6851-WEFYX,35,Month-to-month,100.8,3437.5,2,0,0,Fiber optic,Electronic check,1,1,1,0,3,308.1,0
2985-JUUBZ,40,Month-to-month,74.55,3015.75,2,0,0,DSL,Electronic check,1,0,1,1,3,138.9,0
6390-DSAZX,1,Month-to-month,73.6,73.6,3,0,1,Fiber optic,Mailed check,1,0,0,1,1,115.0,1
0895-LMRSF,23,One year,64.9,1509.8,3,0,0,DSL,Bank transfer (automatic),1,0,0,0,2,223.2,0
8098-LLAZX,4,Month-to-month,95.45,396.1,1,0,0,Fiber optic,Electronic check,1,1,0,0,2,236.5,1
8266-VBFQL,4,Month-to-month,90.4,356.65,0,1,0,Fiber optic,Electronic check,1,0,0,0,3,221.0,0
8181-YHCMF,68,Two year,60.3,4109.0,1,1,0,DSL,Credit card (automatic),0,0,1,1,5,230.9,0
2240-HSJQD,38,Month-to-month,81.85,3141.7,1,0,0,Fiber optic,Mailed check,1,0,0,1,1,164.0,0
1248-DYXUB,52,Two year,24.8,1229.1,0,0,0,No,Mailed check,0,0,1,1,0,35.2,0
0265-EDXBD,32,Month-to-month,74.9,2303.35,0,0,0,Fiber optic,Electronic check,1,1,1,0,0,130.3,1
4115-BNPJY,29,Two year,75.55,2054.4,1,1,0,DSL,Mailed check,0,0,1,1,4,180.2,0
3167-SNQPL,38,Month-to-month,101.15,3741.85,2,0,0,Fiber optic,Electronic check,0,1,1,1,3,279.4,0
4091-TVOCN,48,One year,78.75,3682.45,0,0,1,DSL,Credit card (automatic),1,0,0,1,4,254.3,0
1098-TDVUQ,1,Month-to-month,19.25,19.25,4,0,0,No,Bank transfer (automatic),1,0,0,0,0,33.4,0
7277-OZCGZ,22,Month-to-month,89.05,1886.25,0,1,1,Fiber optic,Electronic check,1,0,0,0,3,214.7,0
1557-EMYVT,43,Two year,115.05,4895.1,0,1,1,Fiber optic,Credit card (automatic),0,0,0,0,6,278.5,0
2799-ARNLO,5,Month-to-month,69.35,341.6,0,0,0,Fiber optic,Electronic check,1,1,1,0,0,158.9,0
7563-BIUPC,5,Month-to-month,80.6,415.55,2,0,0,Fiber optic,Electronic check,1,0,0,0,1,188.4,1
5027-YOCXN,51,One year,110.05,5686.4,0,1,1,Fiber optic,Credit card (automatic),0,0,1,1,5,286.9,0
3973-SKMLN,71,Two year,19.9,1355.1,2,0,0,No,Credit card (automatic),1,0,0,0,0,38.7,0
2321-OMBXY,38,One year,80.3,3058.65,0,1,1,DSL,Credit card (automatic),0,0,1,1,5,258.2,1
2840-XANRC,24,Month-to-month,93.15,2231.05,4,0,0,Fiber optic,Electronic check,1,1,1,0,3,272.0,1
6745-JEFZB,35,Month-to-month,91.5,3236.35,1,1,0,Fiber optic,Credit card (automatic),1,0,1,0,2,203.7,0
5020-ZSTTY,54,One year,82.45,4350.1,1,1,1,DSL,Bank transfer (automatic),0,1,0,0,5,230.1,1
9880-TDQAC,72,Two year,60.0,4264.0,1,1,0,DSL,Electronic check,1,0,1,1,5,201.5,0
8705-WZCYL,1,Month-to-month,44.8,44.8,0,0,0,DSL,Electronic check,1,0,0,0,0,87.4,0
7102-JJVTX,9,One year,48.6,422.3,1,0,1,DSL,Mailed check,0,0,1,1,1,82.8,0
8626-PTQGE,69,Two year,60.05,4176.7,0,1,1,DSL,Bank transfer (automatic),1,0,0,0,5,172.5,0
4983-CLMLV,52,Month-to-month,102.7,5138.1,3,1,0,Fiber optic,Credit card (automatic),1,0,1,0,4,255.9,0
5701-YVSVF,11,Month-to-month,82.9,880.05,0,1,0,Fiber optic,Electronic check,1,1,1,0,2,201.6,0
5804-LEPIM,2,Month-to-month,70.35,139.05,3,0,0,Fiber optic,Electronic check,1,1,0,0,0,118.5,1
5697-GOMBF,28,Month-to-month,35.9,973.65,2,0,0,DSL,Electronic check,1,1,1,1,1,88.5,0
2739-CACDQ,17,Month-to-month,82.65,1470.05,1,0,0,Fiber optic,Credit card (automatic),1,1,0,0,1,141.6,0
9385-EHGDO,35,Two year,19.85,739.35,1,0,0,No,Mailed check,1,0,1,1,0,33.2,0
9498-FIMXL,8,One year,19.2,161.95,4,0,0,No,Mailed check,1,0,0,0,0,37.5,0
2379-GYFLQ,46,One year,94.9,4422.95,3,0,0,Fiber optic,Credit card (automatic),1,0,0,0,3,195.3,0
0122-OAHPZ,7,Month-to-month,73.85,511.25,0,0,0,Fiber optic,Electronic check,1,0,0,0,0,125.2,1
2868-SNELZ,2,Month-to-month,80.6,155.8,3,0,0,Fiber optic,Mailed check,0,0,0,0,1,183.8,1
4322-RCYMT,68,One year,75.8,5293.95,1,1,0,DSL,Bank transfer (automatic),1,0,1,1,4,187.7,1
6680-NENYN,43,Two year,104.6,4759.85,3,0,0,Fiber optic,Electronic check,1,0,0,0,4,232.9,1
2088-IEBAU,68,Two year,88.15,6148.45,0,1,1,DSL,Electronic check,1,0,0,0,6,279.5,0
7982-VCELR,36,Month-to-month,94.8,3565.65,4,0,0,Fiber optic,Credit card (automatic),1,0,0,0,3,237.6,0
1343-EHPYB,63,Month-to-month,103.4,6603.0,1,0,0,Fiber optic,Electronic check,1,0,1,0,4,235.4,1
6035-BXTTY,32,Month-to-month,54.65,1830.1,1,1,0,DSL,Bank transfer (automatic),0,1,0,0,2,107.5,0
6885-PKOAM,71,Two year,85.75,6223.8,0,1,1,DSL,Credit card (automatic),0,0,1,0,6,187.3,0
7520-HQWJU,66,Month-to-month,67.45,4508.65,2,0,1,DSL,Bank transfer (automatic),1,0,1,1,3,120.3,0
9639-BUJXT,63,One year,20.5,1328.15,2,0,0,No,Mailed check,0,0,0,0,0,39.9,0
5924-SNGKP,41,One year,20.25,865.0,1,0,0,No,Credit card (automatic),1,0,0,1,0,40.3,0
0021-IKXGC,1,Month-to-month,72.1,72.1,4,0,0,Fiber optic,Electronic check,1,1,0,0,0,120.1,0
2034-GDRCN,2,Month-to-month,90.4,168.2,6,0,0,Fiber optic,Electronic check,1,0,0,0,2,225.5,1
8966-SNIZF,70,Two year,19.45,1303.5,3,0,0,No,Bank transfer (automatic),0,0,1,0,0,34.6,0
6243-OZGFH,23,Month-to-month,44.95,996.85,2,0,0,DSL,Electronic check,1,0,0,0,2,188.7,0
4654-DLAMQ,64,One year,97.0,6430.9,2,0,1,Fiber optic,Bank transfer (automatic),0,1,1,0,4,159.9,0
0513-RBGPE,37,Two year,62.8,2278.75,0,1,1,DSL,Credit card (automatic),1,0,1,1,3,126.3,0
5160-UXJED,17,One year,44.6,681.4,0,0,0,DSL,Mailed check,0,0,0,1,0,83.7,0
4115-NZRKS,7,Month-to-month,89.15,574.35,2,0,0,Fiber optic,Electronic check,1,1,0,0,2,287.4,0
0219-YTZUE,4,Month-to-month,84.8,371.9,7,0,0,Fiber optic,Bank transfer (automatic),1,0,1,1,2,128.4,1
0623-IIHUG,21,Month-to-month,41.9,840.1,3,0,1,DSL,Electronic check,1,1,0,0,2,134.4,1
4572-DVCGN,10,Month-to-month,80.25,846.0,2,0,0,Fiber optic,Bank transfer (automatic),1,0,0,0,1,161.8,1
3351-NGXYI,16,Month-to-month,54.1,889.0,0,0,1,DSL,Electronic check,1,1,0,0,1,101.6,0
8984-EYLLL,64,Two year,105.25,6823.4,0,1,0,Fiber optic,Electronic check,1,0,1,0,4,254.6,0
9057-MSWCO,27,Month-to-month,30.75,805.1,2,0,1,DSL,Credit card (automatic),0,1,1,0,1,36.0,1
9833-TGFHX,42,One year,97.1,4016.75,0,0,1,Fiber optic,Electronic check,0,0,1,1,3,252.8,0
9294-TDIPC,5,Month-to-month,20.2,83.75,1,0,0,No,Mailed check,0,0,0,1,0,38.4,0
5229-DTFYB,41,Two year,98.8,3959.15,0,1,0,Fiber optic,Bank transfer (automatic),1,0,0,0,4,289.7,0
0104-PPXDV,58,One year,50.3,2878.55,2,0,0,DSL,Credit card (automatic),0,0,1,0,1,82.5,0
5176-LMJXE,47,Two year,20.55,945.7,2,0,0,No,Mailed check,1,0,0,0,0,30.9,0
3583-KRKMD,18,Month-to-month,75.9,1373.05,1,1,0,Fiber optic,Bank transfer (automatic),1,0,0,0,1,150.5,0
1010-DIAUQ,5,Month-to-month,96.5,492.55,5,0,0,Fiber optic,Bank transfer (automatic),0,0,0,0,3,241.0,1
9069-LGEUL,23,Month-to-month,59.95,1406.0,2,0,1,DSL,Bank transfer (automatic),1,0,1,0,2,170.1,0
7302-ZHMHP,1,Month-to-month,19.15,19.15,1,0,0,No,Mailed check,0,0,0,0,0,41.5,0
9571-EDEBV,71,One year,98.65,6962.85,1,0,0,Fiber optic,Credit card (automatic),1,0,1,0,3,249.3,0
3520-FJGCV,72,Two year,112.6,8126.65,0,1,1,Fiber optic,Credit card (automatic),1,0,1,1,6,276.1,0
6563-VRERX,33,One year,20.6,690.25,1,0,0,No,Mailed check,0,0,1,1,0,33.3,0
0259-GBZSH,2,Month-to-month,85.65,181.5,2,0,0,Fiber optic,Electronic check,1,0,0,0,1,138.3,1
6122-EFVKN,24,Two year,35.75,830.8,0,1,1,DSL,Mailed check,0,0,0,1,2,64.4,0
2805-EDJPQ,56,One year,99.75,5608.4,1,1,0,Fiber optic,Credit card (automatic),1,0,1,1,4,242.5,0
6862-CQUMB,37,Month-to-month,96.1,3646.8,2,0,0,Fiber optic,Credit card (automatic),1,0,0,0,3,291.5,0
7156-MXBJE,43,One year,85.1,3662.25,1,1,0,DSL,Credit card (automatic),0,0,0,0,5,232.8,0
6158-HDPXZ,1,Month-to-month,25.35,25.35,4,0,0,DSL,Mailed check,0,0,0,0,0,57.7,0
9601-BRXPO,25,Month-to-month,104.95,2566.5,1,1,0,Fiber optic,Bank transfer (automatic),1,0,1,0,4,249.2,1
2863-IMQDR,61,Two year,89.65,5308.7,0,1,1,DSL,Electronic check,0,0,0,0,6,240.9,0
5686-CMAWK,17,One year,86.75,1410.25,2,1,0,Fiber optic,Electronic check,0,0,0,0,2,144.3,0
5651-CRHKQ,41,One year,86.2,3339.05,3,1,0,Fiber optic,Bank transfer (automatic),1,0,1,0,3,145.6,0
6905-NIQIN,1,Month-to-month,50.65,50.65,4,0,0,DSL,Mailed check,0,0,0,0,1,87.7,1
8204-YJCLA,72,Two year,64.8,4732.35,0,1,1,DSL,Bank transfer (automatic),1,1,1,1,6,177.7,0
5167-ZFFMM,1,Month-to-month,90.85,90.85,4,0,0,Fiber optic,Credit card (automatic),1,0,0,0,2,191.7,1
6583-SZVGP,48,Two year,108.1,5067.45,4,0,0,Fiber optic,Bank transfer (automatic),1,0,0,0,4,286.1,0
4895-TMWIR,11,Month-to-month,19.95,214.75,2,0,0,No,Mailed check,0,1,1,0,0,36.5,1
0533-BNWKF,55,Month-to-month,85.45,4874.7,1,0,0,Fiber optic,Electronic check,1,1,1,0,2,131.2,1
1708-PBBOA,42,One year,54.75,2348.45,0,1,1,DSL,Electronic check,1,0,0,0,5,148.8,0
8782-LKFPK,44,Month-to-month,90.4,4063.0,1,0,0,Fiber optic,Mailed check,1,0,0,0,2,179.5,0
5522-JBWMO,1,Month-to-month,44.0,44.0,4,0,0,DSL,Electronic check,0,0,0,1,0,84.5,0
3597-MVHJT,27,Month-to-month,95.6,2595.25,1,0,0,Fiber optic,Bank transfer (automatic),1,0,0,0,2,255.2,0
9774-NRNAU,27,Month-to-month,84.8,2309.55,0,1,0,DSL,Bank transfer (automatic),1,1,1,0,5,169.4,0
0224-RLWWD,2,Month-to-month,44.3,89.3,4,0,0,DSL,Electronic check,1,1,0,0,0,68.1,0
9967-ATRFS,19,Month-to-month,19.9,367.55,3,0,0,No,Mailed check,0,0,0,0,0,40.7,0
3951-NJCVI,42,Month-to-month,95.05,3944.5,2,0,0,Fiber optic,Electronic check,1,1,1,0,2,228.6,0
2977-CEBSX,66,Two year,90.05,5965.95,0,1,1,DSL,Credit card (automatic),1,0,0,0,6,219.9,0
0177-PXBAT,33,Month-to-month,109.9,3694.7,0,1,1,Fiber optic,Bank transfer (automatic),1,1,1,0,5,261.2,0
6599-CEBNN,34,Month-to-month,73.95,2524.45,4,0,0,Fiber optic,Credit card (automatic),1,0,0,0,1,135.5,1
2519-ERQOJ,33,Month-to-month,54.6,1803.7,2,1,0,DSL,Electronic check,1,1,0,0,4,193.3,0
5876-QMYLD,23,One year,20.05,415.1,1,0,0,No,Mailed check,0,0,1,1,0,34.7,0
2277-AXSDC,32,One year,19.75,624.15,5,0,0,No,Bank transfer (automatic),0,0,0,0,0,44.2,0
9442-JTWDL,11,One year,20.05,237.7,2,0,0,No,Credit card (automatic),0,0,0,0,0,33.2,0
0979-PHULV,69,Month-to-month,99.45,7007.6,4,0,0,Fiber optic,Credit card (automatic),1,0,1,1,3,242.4,1
3067-SVMTC,68,One year,55.9,3848.8,0,1,1,DSL,Bank transfer (automatic),0,0,1,0,2,98.2,0
5495-GPSRW,20,Two year,19.7,419.4,3,0,0,No,Mailed check,1,0,0,0,0,36.4,0
7606-BPHHN,72,Two year,19.8,1468.75,3,0,0,No,Credit card (automatic),1,0,0,0,0,43.2,0
4742-DRORA,60,One year,95.4,5812.0,3,0,1,Fiber optic,Bank transfer (automatic),1,0,1,1,3,283.2,0
0111-KLBQG,32,Month-to-month,93.95,2861.45,3,0,0,Fiber optic,Mailed check,1,1,1,1,3,237.6,0
4800-VHZKI,1,Month-to-month,19.9,19.9,6,0,0,No,Mailed check,1,0,0,0,0,35.0,1
7989-CHGTL,1,Month-to-month,19.6,19.6,4,0,0,No,Mailed check,1,0,0,0,0,38.6,1
0334-GDDSO,3,Month-to-month,81.35,233.7,5,0,0,Fiber optic,Electronic check,1,1,0,0,1,144.3,1
4163-NCJAK,46,One year,24.45,1066.15,1,0,0,No,Bank transfer (automatic),1,0,1,0,0,49.5,0
5233-AOZUF,29,Month-to-month,74.95,2149.05,3,0,0,Fiber optic,Electronic check,1,0,1,0,0,114.8,0
5973-EJGDP,51,Month-to-month,87.35,4473.0,2,1,0,Fiber optic,Electronic check,1,0,0,0,3,176.8,0
1996-DBMUS,48,Month-to-month,70.65,3545.05,2,0,0,Fiber optic,Bank transfer (automatic),1,1,1,0,0,87.8,0
7916-VCCPB,16,Month-to-month,73.25,1195.75,4,0,0,Fiber optic,Bank transfer (automatic),0,0,1,1,1,142.1,0
4686-GEFRM,70,Two year,98.7,6858.9,2,1,0,Fiber optic,Bank transfer (automatic),1,0,1,0,4,239.0,0
5249-QYHEX,40,Two year,24.8,1024.7,3,0,0,No,Mailed check,1,0,1,1,0,60.6,0
0578-SKVMF,22,Month-to-month,83.3,1845.9,3,0,0,Fiber optic,Electronic check,0,0,1,1,2,165.6,1
5564-NEMQO,1,Month-to-month,75.3,75.3,1,0,0,Fiber optic,Bank transfer (automatic),1,1,0,0,1,149.3,1
2233-FAGXV,5,Month-to-month,24.3,132.25,5,0,0,No,Mailed check,1,0,1,1,0,47.9,0
5605-IYGFG,7,Month-to-month,69.85,515.45,0,0,0,Fiber optic,Bank transfer (automatic),1,0,0,0,0,109.1,0
7663-ZTEGJ,29,One year,100.55,2830.45,3,1,0,Fiber optic,Credit card (automatic),0,0,0,1,4,229.6,0
3935-TBRZZ,44,One year,25.7,1110.5,6,0,0,No,Mailed check,0,0,1,1,0,40.8,0
8111-BKVDS,10,Month-to-month,40.7,449.3,0,0,1,DSL,Bank transfer (automatic),0,0,0,0,3,61.2,0
2055-SIFSS,55,Month-to-month,51.65,2838.55,1,0,0,DSL,Bank transfer (automatic),0,1,1,0,0,73.0,0
2806-MLNTI,52,One year,105.1,5376.4,5,0,0,Fiber optic,Bank transfer (automatic),1,1,1,0,4,261.3,0
8734-DKSTZ,10,Month-to-month,85.95,858.6,4,0,0,Fiber optic,Electronic check,0,0,1,1,1,165.7,0
4360-PNRQB,18,Month-to-month,75.6,1395.05,2,0,0,Fiber optic,Bank transfer (automatic),1,0,0,0,0,95.8,0
6152-ONASV,68,One year,58.25,3975.7,0,1,1,DSL,Bank transfer (automatic),0,0,1,0,2,109.3,0
9063-ZGTUY,61,Month-to-month,19.4,1182.55,3,0,0,No,Mailed check,1,0,1,1,0,26.4,1
7781-HVGMK,72,Two year,65.2,4784.45,0,1,1,DSL,Credit card (automatic),1,0,1,1,6,217.3,0
2181-UAESM,2,Month-to-month,53.45,119.5,1,0,1,DSL,Electronic check,0,0,0,0,2,99.7,0
2957-LOLHO,12,Month-to-month,45.4,518.9,4,0,0,DSL,Bank transfer (automatic),1,0,0,0,0,72.1,1
6048-NJXHX,41,Two year,19.75,899.45,2,0,0,No,Electronic check,1,0,1,0,0,27.5,0
2320-SLKMB,26,Month-to-month,44.45,1183.8,1,1,0,DSL,Credit card (automatic),1,0,0,0,3,104.4,0
4980-URKXC,36,One year,20.85,720.05,2,0,0,No,Bank transfer (automatic),0,0,1,0,0,30.3,0
4376-KFVRS,72,Two year,114.05,8468.2,0,1,1,Fiber optic,Credit card (automatic),1,0,1,1,6,269.9,0
5886-VLQVU,35,Month-to-month,89.85,3161.2,3,1,0,Fiber optic,Bank transfer (automatic),1,0,1,0,2,191.2,0
3577-AMVUX,1,Month-to-month,55.05,55.05,0,1,0,DSL,Mailed check,0,0,0,0,2,134.4,0
0771-WLCLA,16,Month-to-month,112.95,1882.55,2,1,1,Fiber optic,Electronic check,1,0,1,1,5,198.0,0
5628-RKIFK,49,Month-to-month,101.55,5070.4,1,0,1,Fiber optic,Credit card (automatic),0,1,0,0,3,240.5,0
0206-TBWLC,54,One year,114.65,6049.5,0,1,1,Fiber optic,Mailed check,1,0,1,0,6,309.6,0
2937-FTHUR,18,Month-to-month,64.8,1166.7,1,0,1,DSL,Electronic check,0,0,0,1,2,180.0,0
1910-FMXJM,36,Month-to-month,80.4,2937.65,5,0,0,Fiber optic,Electronic check,0,0,1,0,1,220.6,0
7752-XUSCI,60,Month-to-month,105.9,6396.45,2,0,0,Fiber optic,Electronic check,1,0,0,0,4,232.4,1
4110-PFEUZ,1,Month-to-month,69.55,69.55,2,0,0,Fiber optic,Mailed check,0,0,0,0,0,139.8,1
0732-OCQOC,52,Two year,25.05,1270.25,3,0,0,No,Bank transfer (automatic),1,0,1,1,0,26.3,0
5168-MSWXT,8,Month-to-month,94.75,759.55,4,0,0,Fiber optic,Electronic check,1,0,1,1,3,242.5,0
1090-ESELR,72,Two year,105.5,7611.55,2,1,1,Fiber optic,Bank transfer (automatic),0,0,1,1,5,303.4,0
8592-PLTMQ,64,One year,24.7,1642.75,5,0,0,No,Mailed check,0,0,0,0,0,49.0,0
5760-WRAHC,22,Month-to-month,69.75,1545.4,0,1,1,DSL,Mailed check,1,1,0,0,4,131.8,0
8847-GEOOQ,60,Month-to-month,60.2,3582.4,0,1,0,DSL,Bank transfer (automatic),1,0,1,0,5,165.7,0
0256-LTHVJ,28,Month-to-month,81.05,2227.1,2,0,0,Fiber optic,Electronic check,1,0,1,1,1,127.8,1
4785-FCIFB,61,Two year,24.4,1417.9,0,0,0,No,Mailed check,0,0,1,0,0,39.2,0
8313-NDOIA,24,Month-to-month,104.15,2494.65,5,0,0,Fiber optic,Electronic check,1,0,0,0,4,214.0,0
5149-CUZUJ,28,One year,92.9,2768.35,3,1,0,Fiber optic,Bank transfer (automatic),0,0,1,1,4,215.4,0
0942-KOWSM,30,Two year,80.8,2369.3,0,1,0,DSL,Bank transfer (automatic),0,0,1,1,5,200.6,0
4237-CLSMM,2,Month-to-month,20.0,38.0,4,0,0,No,Mailed check,0,0,1,0,0,39.1,0
1452-VOQCH,1,Month-to-month,75.1,75.1,4,0,0,Fiber optic,Electronic check,1,0,0,0,0,133.0,0
4719-UMSIY,6,Month-to-month,19.65,100.9,3,0,0,No,Mailed check,0,0,0,1,0,33.6,0
6614-VBEGU,24,Month-to-month,69.45,1614.05,2,0,0,DSL,Bank transfer (automatic),1,0,1,0,3,257.5,0
0880-TKATG,4,Month-to-month,101.15,385.9,5,0,0,Fiber optic,Electronic check,0,0,1,1,3,306.5,1
3811-VBYBZ,7,Month-to-month,99.8,673.25,3,0,0,Fiber optic,Electronic check,1,0,0,0,3,209.6,1
1480-BKXGA,72,Two year,116.05,8404.9,0,1,1,Fiber optic,Bank transfer (automatic),1,1,1,0,6,346.9,0
2996-XAUVF,70,Two year,40.05,2799.75,0,1,0,DSL,Mailed check,1,0,0,0,2,124.5,0
9076-AXYIK,64,Two year,102.1,6538.45,1,1,0,Fiber optic,Electronic check,0,1,1,0,4,314.6,0
5968-XQIVE,72,One year,89.7,6588.95,3,0,0,Fiber optic,Electronic check,1,0,1,1,2,214.6,0
8896-RAZCR,44,Two year,19.9,868.1,1,0,0,No,Mailed check,0,0,0,1,0,26.4,0
4640-UHDOS,13,Month-to-month,55.95,734.35,1,0,0,DSL,Electronic check,0,0,1,1,1,132.9,1
4933-IKULF,17,One year,20.65,330.6,2,0,0,No,Mailed check,0,1,0,0,0,24.0,0
3583-EKAPL,1,Month-to-month,55.0,55.0,4,0,0,DSL,Electronic check,1,0,0,0,1,110.6,1
1304-BCCFO,9,Month-to-month,70.05,564.4,1,0,0,DSL,Mailed check,1,0,1,0,3,185.0,0
4104-PVRPS,24,Month-to-month,53.6,1315.35,0,1,1,DSL,Mailed check,0,0,1,0,2,114.3,0
9399-APLBT,1,Month-to-month,74.7,74.7,4,0,0,Fiber optic,Electronic check,1,0,1,1,1,135.2,1
2359-KMGLI,24,Month-to-month,80.25,1861.5,7,0,0,Fiber optic,Electronic check,1,0,0,0,1,148.9,1
3780-DDGSE,35,Month-to-month,76.05,2747.2,0,1,0,DSL,Electronic check,1,1,1,1,4,240.1,0
4431-EDMIQ,7,Month-to-month,75.7,554.05,0,1,1,DSL,Electronic check,1,0,1,1,5,152.9,0
0306-JAELE,5,Month-to-month,96.1,453.4,3,1,0,Fiber optic,Electronic check,1,0,0,0,3,293.6,1
6227-HWPWX,15,Month-to-month,69.0,994.8,0,0,0,Fiber optic,Bank transfer (automatic),0,0,0,1,0,128.1,1
0486-LGCCH,11,Two year,19.65,225.75,3,0,0,No,Mailed check,0,0,1,1,0,30.4,0
0447-BEMNG,48,Month-to-month,45.3,2145.0,2,0,1,DSL,Bank transfer (automatic),1,0,1,0,3,111.3,1
4612-SSVHJ,20,Month-to-month,81.45,1671.6,2,0,0,Fiber optic,Electronic check,1,1,0,0,1,179.8,0
5168-MQQCA,72,One year,108.5,8003.8,0,1,0,Fiber optic,Bank transfer (automatic),1,0,1,0,5,299.5,0
5949-XIKAE,8,Month-to-month,83.55,680.05,1,0,0,Fiber optic,Electronic check,1,0,1,1,2,229.8,1
7971-HLVXI,72,Two year,84.5,6130.85,6,0,0,Fiber optic,Credit card (automatic),1,0,1,1,1,183.3,0
9094-AZPHK,15,Month-to-month,100.15,1415.0,6,0,0,Fiber optic,Electronic check,1,0,0,0,3,251.5,0
3649-JPUGY,72,Two year,88.6,6201.95,1,1,0,DSL,Bank transfer (automatic),1,0,0,0,5,302.3,0
4472-LVYGI,0,Two year,52.55,0.0,0,1,1,DSL,Bank transfer (automatic),1,0,1,1,4,197.3,0
8372-JUXUI,1,Month-to-month,74.35,74.35,3,0,0,Fiber optic,Electronic check,1,0,0,1,0,169.0,1
3552-CTCYF,63,Two year,104.8,6597.25,5,0,0,Fiber optic,Bank transfer (automatic),1,0,1,1,4,276.0,0
6778-YSNIH,2,Month-to-month,59.0,114.15,1,0,0,DSL,Electronic check,1,0,0,0,2,138.4,0
0388-EOPEX,2,Month-to-month,74.4,139.4,2,0,1,Fiber optic,Electronic check,1,0,1,0,1,147.2,1
5756-OZRIO,61,One year,64.05,3902.6,4,0,0,DSL,Bank transfer (automatic),0,1,1,0,2,162.1,0
6579-JPICP,1,Month-to-month,20.4,20.4,2,0,0,No,Mailed check,0,0,0,0,0,32.4,0
8205-OTCHB,22,One year,43.75,903.6,2,0,0,DSL,Bank transfer (automatic),1,0,0,0,3,142.3,1
4134-BSXLX,28,Month-to-month,60.9,1785.65,0,1,1,DSL,Mailed check,0,0,1,0,3,150.2,0
0505-SPOOW,70,Two year,19.8,1397.65,1,0,0,No,Bank transfer (automatic),0,0,1,0,0,31.2,0
6235-VDHOM,5,Month-to-month,28.45,131.05,4,0,0,DSL,Electronic check,0,1,0,0,1,45.2,1
7783-YKGDV,12,Month-to-month,99.7,1238.45,0,0,1,Fiber optic,Bank transfer (automatic),1,0,0,0,4,202.9,1
4374-YMUSQ,34,One year,116.25,3899.05,0,1,1,Fiber optic,Credit card (automatic),0,0,0,0,6,235.4,0
4513-CXYIX,71,Two year,80.7,5676.0,1,0,1,Fiber optic,Credit card (automatic),1,1,1,0,1,162.4,0
3957-HHLMR,70,One year,65.2,4543.15,4,0,1,DSL,Bank transfer (automatic),0,0,1,1,2,124.0,0
7803-XOCCZ,52,Month-to-month,84.05,4326.8,1,1,1,Fiber optic,Bank transfer (automatic),1,0,1,1,3,165.9,0
5736-YEJAX,69,Two year,79.45,5502.55,0,1,1,DSL,Credit card (automatic),1,0,0,1,5,193.5,0
5609-CEBID,20,Month-to-month,94.1,1782.4,2,0,0,Fiber optic,Electronic check,1,1,0,0,3,232.1,1
8981-FJGLA,11,Month-to-month,78.0,851.8,1,0,0,Fiber optic,Mailed check,1,0,0,1,1,109.7,0
7218-HKQFK,2,Month-to-month,94.2,167.5,1,1,0,Fiber optic,Electronic check,1,0,1,0,3,254.7,1
4636-QRJKY,6,Month-to-month,80.5,502.85,1,1,0,Fiber optic,Electronic check,1,0,1,1,1,150.6,1
1135-LMECX,1,Month-to-month,19.85,19.85,7,0,0,No,Mailed check,0,0,0,0,0,40.3,0
4332-MUOEZ,20,One year,94.3,1818.3,0,1,1,Fiber optic,Credit card (automatic),0,1,1,1,4,221.1,0
8535-SFUTN,61,Month-to-month,106.45,6300.15,1,0,1,Fiber optic,Electronic check,1,0,0,0,4,248.2,0
5956-VKDTT,5,Month-to-month,74.35,334.8,5,0,0,Fiber optic,Electronic check,1,1,1,0,0,156.2,1
8677-HDZEE,56,Month-to-month,105.45,5916.95,1,1,0,Fiber optic,Bank transfer (automatic),1,0,0,0,4,324.5,0
2475-MROZF,30,Month-to-month,95.0,2852.4,0,1,1,Fiber optic,Credit card (automatic),1,0,0,0,4,204.8,0
9412-GHEEC,40,Month-to-month,104.8,4131.95,1,1,0,Fiber optic,Bank transfer (automatic),0,0,0,0,4,239.0,1
3482-ABPKK,28,One year,54.3,1546.3,0,1,1,DSL,Mailed check,0,0,0,0,2,105.3,0
6705-LXORM,5,Month-to-month,70.05,302.6,1,0,0,Fiber optic,Electronic check,0,1,1,0,0,109.1,0
0257-ZESQC,27,Month-to-month,75.2,1929.35,3,0,1,Fiber optic,Bank transfer (automatic),1,1,1,0,1,131.9,1
7531-GQHME,12,Month-to-month,20.05,265.45,0,0,0,No,Credit card (automatic),0,0,0,0,0,40.1,0
5174-ITUMV,67,One year,105.4,6989.45,1,0,0,Fiber optic,Electronic check,1,0,1,1,4,212.6,0
4109-CYRBD,29,Month-to-month,51.6,1442.0,4,0,0,DSL,Electronic check,1,1,1,0,0,130.8,0
0913-XWSCN,55,Month-to-month,85.5,4713.4,4,0,0,Fiber optic,Bank transfer (automatic),0,0,1,1,1,228.7,0
6825-UYPFK,23,Month-to-month,75.6,1758.6,3,0,0,Fiber optic,Bank transfer (automatic),0,0,0,0,0,120.6,1
8397-MVTAZ,34,Month-to-month,100.05,3480.0,1,0,0,Fiber optic,Electronic check,1,0,1,0,3,238.1,1
0750-EBAIU,52,One year,91.25,4738.3,0,0,1,Fiber optic,Electronic check,0,0,0,0,3,201.9,0
8606-CIQUL,72,Two year,115.75,8399.15,1,1,1,Fiber optic,Credit card (automatic),1,1,1,1,6,282.1,0
3571-DPYUH,58,One year,94.7,5430.35,1,1,0,Fiber optic,Credit card (automatic),1,0,1,1,3,172.8,0
7601-GNDYK,35,Two year,19.6,686.95,3,0,0,No,Mailed check,0,0,1,1,0,34.6,0
0356-OBMAC,56,Two year,99.9,5706.3,2,1,0,Fiber optic,Bank transfer (automatic),1,1,0,0,4,169.6,0
8067-NIOYM,24,Two year,21.1,490.65,1,0,0,No,Credit card (automatic),1,0,1,1,0,34.5,0
1403-GYAFU,70,Two year,20.05,1360.25,4,0,0,No,Credit card (automatic),0,0,1,1,0,45.6,0
4234-XTNEA,2,Month-to-month,79.95,174.45,1,0,0,Fiber optic,Electronic check,1,0,0,0,1,182.0,0
1297-VQDRP,68,One year,107.15,7379.8,0,1,0,Fiber optic,Credit card (automatic),1,1,1,1,4,257.1,0
9282-IZGQK,1,Month-to-month,85.0,85.0,2,0,0,Fiber optic,Electronic check,1,0,0,0,1,237.6,1
5348-CAGXB,12,Month-to-month,89.55,1021.75,2,0,0,Fiber optic,Electronic check,1,0,0,0,2,210.5,0
0621-HJWXJ,63,Month-to-month,81.55,5029.05,2,0,0,Fiber optic,Bank transfer (automatic),1,0,1,0,1,160.2,0
5844-QVTAT,33,One year,58.45,1955.4,1,0,1,DSL,Mailed check,1,0,1,1,3,96.3,0
8905-IAZPF,69,One year,95.65,6744.2,4,0,0,Fiber optic,Credit card (automatic),1,0,1,0,3,292.8,0
5394-MEITZ,60,Two year,80.6,4946.7,0,1,0,DSL,Bank transfer (automatic),1,0,1,1,5,214.0,0
6859-QNXIQ,72,Two year,113.1,8248.5,1,1,1,Fiber optic,Bank transfer (automatic),1,0,1,1,6,320.1,0
2782-LFZVW,11,Month-to-month,58.95,601.6,6,0,0,DSL,Mailed check,1,0,0,0,1,159.9,0
2866-IKBTM,1,Month-to-month,19.55,19.55,2,0,0,No,Mailed check,0,0,0,0,0,44.2,0
1342-JPNKI,10,Month-to-month,86.05,834.1,3,0,0,Fiber optic,Bank transfer (automatic),1,0,0,0,1,223.4,1
2817-NTQDO,13,Month-to-month,45.55,597.0,0,1,1,DSL,Credit card (automatic),1,0,0,0,3,121.6,1
7129-AZJDE,34,One year,78.95,2647.2,6,0,0,Fiber optic,Bank transfer (automatic),1,0,1,1,1,153.5,0
6986-IJDHX,39,Month-to-month,86.3,3266.0,1,0,0,Fiber optic,Mailed check,1,0,1,1,2,186.5,1
2560-PPCHE,65,One year,105.05,6744.25,2,1,0,Fiber optic,Bank transfer (automatic),1,0,0,0,4,241.4,0
4676-MQUEA,50,One year,101.9,5265.5,1,0,1,Fiber optic,Bank transfer (automatic),1,1,1,0,4,273.9,0
8138-EALND,15,Month-to-month,19.75,311.6,1,0,0,No,Mailed check,0,0,0,0,0,33.2,0
3580-HYCSP,72,Two year,110.3,7966.9,2,0,1,Fiber optic,Bank transfer (automatic),1,0,1,1,5,183.8,0
1352-HNSAW,72,Two year,115.6,8220.4,1,1,1,Fiber optic,Bank transfer (automatic),1,0,1,1,6,304.2,0
2075-PUEPR,55,Two year,19.35,1153.25,3,0,0,No,Bank transfer (automatic),0,0,1,1,0,39.0,0
1982-FEBTD,23,Two year,25.6,514.75,1,0,0,No,Credit card (automatic),1,0,1,1,0,39.8,0
5301-GAUUY,32,Month-to-month,80.35,2596.15,2,0,0,Fiber optic,Bank transfer (automatic),1,0,0,0,1,159.9,1
5791-KAJFD,56,One year,68.75,3808.0,1,0,1,DSL,Bank transfer (automatic),1,0,1,1,3,131.6,0
2654-VBVPB,1,Month-to-month,19.9,19.9,2,0,0,No,Bank transfer (automatic),0,0,0,0,0,37.1,0
1154-HYWWO,38,One year,70.6,2708.2,0,1,1,DSL,Mailed check,0,0,0,0,4,163.0,0
2501-XWWTZ,11,Month-to-month,70.2,760.05,2,0,0,Fiber optic,Electronic check,0,0,0,0,0,132.1,0
3716-UVSPD,1,Month-to-month,49.3,49.3,3,1,0,DSL,Electronic check,1,0,0,0,1,94.2,0
6815-ABQFQ,56,One year,107.25,6033.3,5,1,0,Fiber optic,Electronic check,1,0,1,0,4,245.6,0
7343-EOBEU,3,Month-to-month,23.6,89.05,2,0,0,No,Mailed check,1,0,1,0,0,47.5,0
3701-SFMUH,7,Month-to-month,69.7,516.15,0,0,1,DSL,Credit card (automatic),0,0,1,1,3,190.0,0
6103-LIANB,59,Two year,99.5,5861.75,1,0,0,Fiber optic,Credit card (automatic),1,0,1,1,3,263.5,0
7319-VENRZ,7,Month-to-month,64.3,445.95,2,1,0,DSL,Bank transfer (automatic),0,0,0,0,3,188.5,0
5846-NEQVZ,71,Two year,70.85,4973.4,0,1,1,DSL,Credit card (automatic),1,0,1,1,4,144.5,0
6967-QIQRV,15,One year,101.9,1667.25,1,1,1,Fiber optic,Electronic check,0,0,1,1,4,266.1,0
5781-RFZRP,71,Two year,73.5,5357.75,0,1,1,DSL,Credit card (automatic),0,0,1,0,4,213.1,0
0939-YAPAF,35,Month-to-month,100.25,3527.6,1,0,0,Fiber optic,Electronic check,1,0,0,0,3,309.0,1
0308-IVGOK,11,One year,40.4,422.6,1,1,0,DSL,Credit card (automatic),1,0,0,0,3,65.3,0
7293-LSCDV,60,Two year,19.25,1103.25,2,0,0,No,Credit card (automatic),1,0,1,1,0,31.4,0
7025-WCBNE,47,Two year,59.6,2754.0,1,1,0,DSL,Bank transfer (automatic),0,1,0,0,2,115.9,0
5756-JYOJT,11,One year,64.9,697.25,0,1,0,DSL,Credit card (automatic),0,0,0,0,3,141.4,0
4710-FDUIZ,56,One year,100.3,5614.45,3,0,0,Fiber optic,Credit card (automatic),0,0,1,0,3,263.2,1
6030-REHUX,28,Month-to-month,110.85,3204.4,2,1,0,Fiber optic,Electronic check,1,1,1,0,5,222.5,0
9548-LIGTA,61,Two year,81.05,4747.65,0,1,1,DSL,Mailed check,1,0,1,0,5,247.0,0
5150-LJNSR,31,One year,98.05,3082.1,2,0,1,Fiber optic,Bank transfer (automatic),0,0,1,1,3,164.6,0
8270-RKSAP,9,Month-to-month,70.5,597.9,3,0,0,Fiber optic,Electronic check,1,0,0,0,0,129.3,0
6522-YRBXD,35,Month-to-month,94.55,3365.4,0,0,1,Fiber optic,Electronic check,1,1,1,0,3,231.9,0
2640-LYMOV,2,Month-to-month,19.65,38.8,2,0,0,No,Mailed check,1,0,0,0,0,31.8,0
1218-VKFPE,12,Month-to-month,19.0,233.55,3,0,0,No,Mailed check,0,0,1,1,0,26.2,1
3627-FHKBK,1,Month-to-month,75.3,75.3,0,0,1,Fiber optic,Mailed check,0,0,0,0,1,109.8,1
2865-TCHJW,4,Month-to-month,89.2,346.2,4,0,0,Fiber optic,Electronic check,1,1,0,0,2,143.2,1
1423-BMPBQ,1,Month-to-month,19.0,19.0,4,0,0,No,Mailed check,1,0,1,1,0,43.3,0
2393-DIVAI,3,Month-to-month,20.0,61.7,0,0,0,No,Mailed check,1,0,0,0,0,25.6,0
5192-EBGOV,1,Month-to-month,85.7,85.7,4,0,0,Fiber optic,Electronic check,1,1,0,0,1,156.8,1
4568-KNYWR,52,Two year,63.25,3342.45,1,0,1,DSL,Credit card (automatic),1,0,0,0,3,161.2,0
8752-IMQOS,5,One year,20.1,85.1,3,0,0,No,Mailed check,0,0,1,1,0,36.4,0
0742-LAFQK,72,Two year,99.15,7422.1,0,0,1,Fiber optic,Electronic check,1,0,1,0,4,251.8,0
0795-LAFGP,71,Two year,90.4,6668.05,0,1,1,DSL,Electronic check,0,0,1,1,6,290.1,0
0619-OLYUR,72,Two year,111.9,8071.05,1,1,1,Fiber optic,Credit card (automatic),1,0,1,0,5,300.0,0
5512-IDZEI,46,One year,24.9,1174.8,2,0,0,No,Electronic check,0,0,1,1,0,44.3,0
0459-SPZHJ,63,Two year,83.5,5435.0,0,0,1,DSL,Credit card (automatic),0,0,1,1,5,210.7,0
0215-BQKGS,30,Month-to-month,84.3,2438.6,1,0,1,Fiber optic,Credit card (automatic),1,0,0,0,3,147.4,0
9244-ZVAPM,1,Month-to-month,45.6,45.6,3,0,0,DSL,Mailed check,0,0,0,0,0,93.6,0
0719-SYFRB,12,Month-to-month,61.65,713.75,0,1,1,DSL,Mailed check,1,0,0,0,3,121.0,1
8208-EUMTE,16,Two year,54.85,916.15,0,1,1,DSL,Mailed check,0,0,0,0,5,151.6,0
5172-MIGPM,4,Month-to-month,65.55,237.2,3,1,0,DSL,Mailed check,0,0,0,0,2,118.3,0
1710-RCXUS,51,One year,90.35,4614.55,3,0,0,Fiber optic,Credit card (automatic),1,0,1,0,2,179.3,0
0374-FIUCA,65,Two year,20.4,1414.45,1,0,0,No,Credit card (automatic),1,0,1,0,0,32.9,0
5839-SUYVZ,16,Month-to-month,74.55,1170.5,1,1,0,Fiber optic,Credit card (automatic),1,0,0,0,1,123.2,0
5173-ZXXXL,2,One year,19.95,47.7,1,0,0,No,Mailed check,0,0,0,0,0,30.2,0
1096-ADRUX,66,One year,74.25,4859.25,2,0,0,Fiber optic,Bank transfer (automatic),1,0,1,1,0,147.1,0
2001-MCUUW,46,Two year,108.65,4903.2,1,1,0,Fiber optic,Electronic check,0,0,0,0,5,319.0,0
2731-GJRDG,32,One year,109.55,3608.0,3,1,1,Fiber optic,Bank transfer (automatic),1,0,0,0,5,352.3,0
4723-BEGSG,72,Two year,86.65,6094.25,0,1,1,DSL,Credit card (automatic),0,0,1,0,5,217.2,0
6516-NKQBO,38,Two year,81.0,3084.9,0,1,1,DSL,Credit card (automatic),0,0,1,1,5,222.2,0
8672-OAUPW,51,One year,47.85,2356.75,0,1,0,DSL,Credit card (automatic),0,0,0,1,1,87.3,0
8207-DMRVL,72,Two year,114.55,8306.05,1,1,1,Fiber optic,Bank transfer (automatic),0,0,1,1,6,285.6,0
3419-SNJJD,65,Month-to-month,105.25,6786.4,1,0,1,Fiber optic,Bank transfer (automatic),0,1,1,0,4,235.4,1
6543-CPZMK,9,Month-to-month,29.95,248.95,3,0,0,DSL,Electronic check,1,0,1,1,1,60.3,1
4765-OXPPD,9,Month-to-month,65.0,663.05,0,1,1,DSL,Mailed check,0,0,1,1,4,81.5,1
2804-ETQDK,66,Two year,20.55,1357.1,0,0,0,No,Mailed check,0,0,0,1,0,34.3,0
6689-VRRTK,44,One year,109.8,4860.35,1,0,1,Fiber optic,Credit card (automatic),1,1,0,0,5,198.3,0
7138-GIRSH,50,Two year,69.5,3418.2,0,1,0,DSL,Bank transfer (automatic),0,0,0,0,3,180.5,0
9396-ZSFLL,15,Month-to-month,48.85,631.4,5,0,0,DSL,Mailed check,0,0,0,0,0,69.5,0
6464-KEXXH,8,Month-to-month,25.25,186.3,1,0,0,DSL,Credit card (automatic),1,0,0,0,0,37.5,0
7134-MJPDY,66,One year,102.85,6976.75,1,1,0,Fiber optic,Credit card (automatic),1,1,0,0,4,264.4,0
5240-CAOYT,57,Month-to-month,87.55,4884.85,0,1,1,Fiber optic,Bank transfer (automatic),1,0,0,0,3,132.9,0
4059-IIEBK,7,Month-to-month,78.55,522.95,1,0,0,Fiber optic,Bank transfer (automatic),1,0,0,0,1,146.6,0
4881-JVQOD,10,Month-to-month,34.55,362.6,1,0,0,DSL,Bank transfer (automatic),1,1,1,1,1,96.2,0
0516-UXRMT,62,One year,92.05,5755.8,4,0,1,Fiber optic,Electronic check,1,0,0,0,3,214.3,0
4851-BQDNX,40,One year,85.05,3355.65,4,0,0,Fiber optic,Electronic check,1,0,1,1,2,157.7,0
5148-HKFIR,20,Two year,19.7,406.95,3,0,0,No,Mailed check,0,0,0,0,0,31.1,0
1009-IRMNA,7,Month-to-month,20.0,137.6,2,0,0,No,Bank transfer (automatic),0,0,0,0,0,39.1,1
3003-CMDUU,25,Month-to-month,95.15,2395.7,1,1,0,Fiber optic,Electronic check,1,0,1,0,3,255.6,0
5016-IBERQ,23,Month-to-month,84.25,1968.1,2,0,0,Fiber optic,Electronic check,0,0,1,0,2,161.7,0
6797-UCJHZ,66,One year,104.6,6819.45,0,0,0,Fiber optic,Credit card (automatic),0,1,1,0,4,256.4,0
2469-DTSGX,72,Two year,111.65,7943.45,2,1,0,Fiber optic,Electronic check,0,1,0,0,5,320.8,0
4554-YGZIH,49,Month-to-month,90.05,4547.25,2,0,0,Fiber optic,Credit card (automatic),0,1,1,0,2,212.5,1
5099-BAILX,43,Month-to-month,110.75,4687.9,2,1,0,Fiber optic,Bank transfer (automatic),1,1,1,1,5,334.6,1
9931-KGHOA,46,Month-to-month,55.0,2473.95,2,0,1,DSL,Bank transfer (automatic),0,0,1,0,1,78.8,0
1775-KWJKQ,72,Two year,89.85,6562.9,0,1,1,DSL,Credit card (automatic),0,0,1,1,6,250.8,0
7665-VIGUD,10,One year,20.35,176.3,2,0,0,No,Mailed check,0,0,0,0,0,35.4,0
9411-TPQQV,40,One year,54.55,2236.2,0,1,1,DSL,Bank transfer (automatic),1,0,0,0,4,188.8,0
7207-RMRDB,65,Month-to-month,105.5,6985.65,1,0,0,Fiber optic,Electronic check,1,0,1,1,4,231.7,1
7954-MLBUN,31,Two year,99.45,3109.9,0,1,0,Fiber optic,Bank transfer (automatic),0,0,0,0,4,290.4,0
2077-DDHJK,68,Two year,70.9,4911.35,0,1,1,DSL,Credit card (automatic),0,0,1,0,4,102.0,0
4913-EHYUI,56,One year,104.55,5794.65,3,0,1,Fiber optic,Bank transfer (automatic),1,1,1,1,4,303.8,1
0195-IESCP,10,Month-to-month,85.25,855.3,3,0,0,Fiber optic,Electronic check,1,0,1,0,1,209.3,1
9574-BOSMD,68,Two year,25.4,1620.2,3,0,0,No,Bank transfer (automatic),0,0,1,1,0,33.3,0
4580-TMHJU,43,Month-to-month,56.15,2499.3,0,0,0,DSL,Electronic check,0,0,1,1,1,149.4,1
0970-ETWGE,1,Month-to-month,89.55,89.55,8,0,0,Fiber optic,Electronic check,1,0,0,0,2,170.9,1
4908-XAXAY,49,One year,89.85,4287.2,1,0,0,Fiber optic,Bank transfer (automatic),1,1,0,0,3,218.8,0
8404-VLQFB,15,Month-to-month,25.25,394.85,2,0,0,No,Electronic check,1,0,1,1,0,34.5,0
1626-ERCMM,20,Month-to-month,94.55,1899.65,2,0,0,Fiber optic,Electronic check,1,1,1,0,2,247.5,1
0887-HJGAR,1,Month-to-month,45.7,45.7,6,0,0,DSL,Mailed check,1,0,0,0,0,78.9,1
2391-IPLOP,50,One year,69.65,3442.15,2,1,0,DSL,Electronic check,1,0,1,1,3,124.9,0
5644-PDMZC,2,Month-to-month,89.5,161.5,6,0,0,Fiber optic,Electronic check,0,1,0,0,2,145.0,1
3509-GWQGF,24,Month-to-month,70.0,1732.6,1,0,0,Fiber optic,Credit card (automatic),0,1,0,0,0,135.4,0
9576-ANLXO,3,Month-to-month,69.55,222.3,4,0,0,Fiber optic,Bank transfer (automatic),1,0,0,0,0,116.1,1
2024-BASKD,1,Month-to-month,74.6,74.6,4,0,0,Fiber optic,Mailed check,1,0,0,0,1,156.2,1
5845-BZZIB,35,Two year,20.1,655.3,1,0,0,No,Mailed check,0,0,1,1,0,35.9,0
1140-UKVZG,17,Month-to-month,24.8,475.25,4,0,0,No,Mailed check,0,0,0,0,0,63.1,0
4160-AMJTL,8,Month-to-month,19.65,164.3,2,0,0,No,Electronic check,0,1,0,0,0,36.3,1
5183-SNMJQ,10,Month-to-month,95.1,865.1,1,1,0,Fiber optic,Credit card (automatic),1,0,0,0,3,317.8,0
8100-PNJMH,68,Two year,88.85,6132.7,0,1,1,DSL,Credit card (automatic),1,0,1,1,6,252.6,0
7838-LAZFO,45,One year,78.8,3597.5,0,0,1,DSL,Bank transfer (automatic),0,0,1,0,5,224.7,0
4464-JCOLN,2,One year,19.85,35.9,2,0,0,No,Mailed check,0,0,1,1,0,38.7,1
2085-JVGAD,37,Month-to-month,20.35,697.65,2,0,0,No,Bank transfer (automatic),0,0,1,0,0,32.5,0
5650-VDUDS,4,Month-to-month,24.25,96.05,4,0,0,DSL,Mailed check,1,0,0,0,0,39.4,1
8095-WANWK,10,Month-to-month,45.25,428.7,2,0,0,DSL,Mailed check,0,0,0,0,0,101.8,0
3030-ZKIWL,1,Month-to-month,20.05,20.05,3,0,0,No,Mailed check,0,0,0,0,0,35.1,0
9565-FLVCG,65,Two year,69.55,4459.15,0,0,1,DSL,Mailed check,1,0,1,1,3,136.8,0
8755-OGKNA,57,Two year,19.5,1167.6,4,0,0,No,Bank transfer (automatic),0,0,1,1,0,37.8,0
2800-VEQXM,3,Month-to-month,74.75,238.1,7,0,0,Fiber optic,Mailed check,1,0,0,0,1,117.8,0
7538-GWHML,2,Month-to-month,69.65,145.15,5,0,0,Fiber optic,Electronic check,0,0,0,0,0,127.1,1
5533-RJFTJ,49,Month-to-month,30.2,1453.1,2,0,0,DSL,Bank transfer (automatic),1,0,0,0,1,63.7,0
3859-CVCET,4,Month-to-month,45.65,191.05,2,0,0,DSL,Mailed check,0,0,0,0,0,98.3,1
0214-JHPFW,70,Two year,57.8,4039.3,0,1,0,DSL,Bank transfer (automatic),0,0,1,0,5,234.9,0
5642-MHDQT,53,One year,19.85,1039.45,2,0,0,No,Bank transfer (automatic),1,0,1,1,0,42.1,0
3088-FVYWK,53,Two year,25.55,1336.1,2,0,0,No,Credit card (automatic),0,0,1,1,0,50.7,0
3276-HDUEG,1,Month-to-month,75.05,75.05,7,0,0,Fiber optic,Mailed check,1,0,0,0,0,146.6,1
9092-GDZKO,22,Month-to-month,24.85,493.4,4,0,0,No,Credit card (automatic),1,0,0,0,0,46.9,0
0823-HSCDJ,52,Month-to-month,49.15,2550.9,1,0,0,DSL,Electronic check,1,1,0,0,3,168.1,1
3729-OWRVL,65,Two year,110.35,7246.15,0,1,1,Fiber optic,Electronic check,1,1,0,0,5,375.0,0
2324-AALNO,48,One year,24.55,1203.95,2,0,0,No,Bank transfer (automatic),0,0,0,0,0,43.9,0
0822-GAVAP,2,Month-to-month,34.7,62.25,3,0,0,DSL,Electronic check,1,0,0,0,1,128.7,1
5760-IFJOZ,3,Month-to-month,107.95,313.6,6,0,0,Fiber optic,Mailed check,0,0,0,0,4,270.7,0
2826-UWHIS,45,Month-to-month,81.4,3775.85,2,0,0,Fiber optic,Bank transfer (automatic),0,0,1,0,1,173.9,0
1448-PWKYE,1,Month-to-month,80.0,80.0,1,0,0,Fiber optic,Electronic check,0,0,1,1,1,106.1,1
7501-IWUNG,61,Two year,73.8,4616.05,1,1,0,DSL,Bank transfer (automatic),1,0,1,1,4,218.8,0
4957-TREIR,3,Month-to-month,64.4,195.65,3,1,1,DSL,Credit card (automatic),1,0,0,0,3,142.1,0
7251-LJBQN,40,One year,103.75,4188.4,3,1,0,Fiber optic,Credit card (automatic),1,1,0,0,4,331.4,0
8040-MNRTF,1,Month-to-month,71.1,71.1,7,0,0,Fiber optic,Mailed check,0,0,0,0,0,157.7,0
1536-HBSWP,1,Month-to-month,49.9,49.9,1,1,0,DSL,Electronic check,1,0,0,0,1,81.9,0
5313-FPXWG,51,One year,24.6,1266.4,2,0,0,No,Bank transfer (automatic),1,0,0,0,0,44.1,0
0067-DKWBL,2,Month-to-month,49.25,91.1,2,0,1,DSL,Electronic check,1,1,0,0,1,101.6,1
0946-FKYTX,52,One year,30.1,1623.4,2,0,0,DSL,Mailed check,0,0,0,0,1,57.0,0
5076-YVXCM,51,Month-to-month,83.4,4149.45,2,0,0,Fiber optic,Bank transfer (automatic),0,0,0,0,1,194.4,0
8262-COGGB,1,Month-to-month,20.45,20.45,4,0,0,No,Mailed check,1,0,0,0,0,42.5,0
6663-JOCQO,31,One year,75.25,2344.5,0,1,1,DSL,Bank transfer (automatic),1,0,1,1,4,142.3,0
9620-QJREV,47,One year,20.55,1013.05,3,0,0,No,Credit card (automatic),0,0,0,1,0,46.3,0
2276-YDAVZ,3,Month-to-month,75.1,270.7,4,0,0,Fiber optic,Credit card (automatic),1,0,0,0,0,145.6,1
2682-KEVRP,22,One year,20.05,417.0,4,0,0,No,Mailed check,1,1,0,0,0,20.8,0
2480-JZOSN,1,Month-to-month,20.65,20.65,4,0,0,No,Mailed check,1,0,1,0,0,32.4,0
0078-XZMHT,72,Two year,85.15,6316.2,0,1,0,DSL,Bank transfer (automatic),1,0,1,0,5,232.9,0
5896-NPFWW,3,Month-to-month,50.15,168.15,1,0,0,DSL,Electronic check,1,0,1,1,1,122.1,1
9978-HYCIN,47,One year,84.95,4018.05,3,0,0,Fiber optic,Bank transfer (automatic),1,1,1,1,2,194.8,0
8338-QIUNR,72,Two year,66.5,4811.6,0,1,1,DSL,Credit card (automatic),1,0,1,1,3,93.9,0
1525-LNLOJ,66,Two year,63.3,4189.7,3,0,0,DSL,Bank transfer (automatic),1,0,1,1,2,187.4,0
9450-TRJUU,35,Month-to-month,83.15,2848.45,2,0,0,Fiber optic,Electronic check,0,0,0,0,1,203.4,0
1766-GKNMI,29,Month-to-month,84.9,2516.2,0,0,0,Fiber optic,Electronic check,1,0,0,0,1,195.1,0
6942-LBFDP,2,Month-to-month,20.55,33.6,4,0,0,No,Mailed check,1,0,0,0,0,43.3,0
1456-TWCGB,4,Month-to-month,49.25,208.45,3,0,0,DSL,Mailed check,0,0,0,0,1,84.7,0
7133-VBDCG,25,Month-to-month,79.85,2015.35,2,0,1,Fiber optic,Bank transfer (automatic),1,0,0,0,2,143.3,1
7596-ZYWBB,65,Two year,59.6,3739.8,0,1,1,DSL,Mailed check,1,0,0,0,3,125.0,0
8329-UTMVM,27,One year,104.65,2964.0,2,1,0,Fiber optic,Bank transfer (automatic),1,1,0,0,4,290.1,0
3014-WJKSM,29,Month-to-month,75.3,2263.4,3,0,0,Fiber optic,Credit card (automatic),1,0,1,0,1,157.4,0
3347-YJZZE,29,Month-to-month,80.1,2211.8,1,0,0,DSL,Credit card (automatic),0,0,1,1,4,215.2,0
1029-QFBEN,1,Month-to-month,19.55,19.55,3,0,0,No,Mailed check,0,0,0,0,0,44.7,1
7929-DMBCV,20,Month-to-month,81.0,1683.7,2,1,0,Fiber optic,Mailed check,1,0,1,0,2,116.9,0
9661-JALZV,58,Two year,24.7,1519.0,1,0,0,No,Credit card (automatic),1,0,0,0,0,36.0,0
5433-KYGHE,14,Month-to-month,86.0,1164.05,0,1,1,Fiber optic,Mailed check,1,0,0,1,2,169.0,0
4312-KFRXN,72,Two year,25.4,1710.9,1,0,0,No,Mailed check,0,0,1,0,0,44.4,0
5575-TPIZQ,46,Month-to-month,89.15,4245.55,0,0,1,Fiber optic,Credit card (automatic),1,0,0,0,2,209.9,0
0114-IGABW,71,Two year,58.25,4145.9,2,1,0,DSL,Bank transfer (automatic),0,0,1,0,5,189.1,0
9944-AEXBM,32,Month-to-month,85.65,2664.3,2,0,0,Fiber optic,Bank transfer (automatic),1,0,0,0,1,193.0,0
1853-ARAAQ,26,Month-to-month,50.35,1277.5,2,0,0,DSL,Credit card (automatic),1,0,0,0,3,146.3,0
6952-OMNWB,68,Month-to-month,80.35,5589.3,6,0,0,Fiber optic,Credit card (automatic),1,1,1,0,1,153.8,0
4697-LUPSU,2,One year,20.2,34.75,3,0,0,No,Mailed check,0,0,1,1,0,44.2,0
8434-VGEQQ,61,Two year,20.55,1305.95,0,0,0,No,Credit card (automatic),0,0,1,1,0,33.0,0
4952-YSOGZ,4,Month-to-month,85.95,381.3,3,0,0,Fiber optic,Electronic check,1,0,1,1,1,253.6,1
1589-AGTLK,3,Month-to-month,45.35,141.5,2,0,0,DSL,Electronic check,1,0,0,0,0,102.4,1
5244-IRFIH,33,Month-to-month,94.5,3105.55,4,0,0,Fiber optic,Electronic check,1,1,1,0,2,222.9,1
6549-YMFAW,9,Month-to-month,21.25,204.55,1,0,0,No,Mailed check,1,1,1,0,0,43.6,0
4950-HKQTE,22,Two year,26.25,605.9,0,0,0,No,Mailed check,0,0,0,0,0,40.3,0
6786-OBWQR,5,Month-to-month,80.85,356.1,7,0,0,Fiber optic,Electronic check,1,0,1,1,1,185.5,0
2684-EIWEO,30,Month-to-month,91.7,2758.15,2,0,1,Fiber optic,Credit card (automatic),0,1,0,0,3,141.0,1
2753-JMMCV,65,Two year,74.2,4805.65,0,1,0,DSL,Credit card (automatic),1,0,0,0,4,162.9,0
6439-GTPCA,45,Month-to-month,87.25,3941.7,0,1,0,Fiber optic,Electronic check,1,0,0,0,2,116.2,1
6621-YOBKI,5,Month-to-month,20.35,92.75,1,0,0,No,Mailed check,0,0,0,0,0,36.5,0
1216-JWVUX,25,Month-to-month,75.5,1901.05,4,0,0,Fiber optic,Electronic check,1,0,1,1,1,117.1,0
7564-GHCVB,72,Two year,79.05,5730.7,3,0,1,Fiber optic,Bank transfer (automatic),0,0,1,1,1,125.9,0
1173-NOEYG,27,Month-to-month,90.15,2423.4,1,0,0,Fiber optic,Bank transfer (automatic),0,0,1,0,2,146.2,0
7595-EHCDL,32,Month-to-month,50.6,1653.45,2,0,0,DSL,Credit card (automatic),0,0,1,1,3,175.3,0
6647-ZEDXT,30,One year,110.45,3327.05,1,1,0,Fiber optic,Credit card (automatic),0,0,0,0,5,363.7,0
2521-NPUZR,70,Two year,101.0,7085.5,0,1,1,Fiber optic,Credit card (automatic),0,0,1,0,5,213.8,0
1307-TVUFB,42,Month-to-month,79.35,3344.1,3,0,0,Fiber optic,Bank transfer (automatic),1,1,0,0,1,142.3,0
7503-MIOGA,72,Two year,89.85,6697.35,0,1,1,DSL,Bank transfer (automatic),1,1,1,0,6,204.9,0
4381-MHQDC,47,Two year,65.0,2879.9,1,1,1,DSL,Mailed check,1,0,0,0,3,110.9,0
6923-JHPMP,2,Month-to-month,80.45,137.1,6,0,1,Fiber optic,Electronic check,1,0,0,0,2,128.9,0
5138-WVKYJ,10,Month-to-month,98.55,1008.55,3,0,1,Fiber optic,Electronic check,0,0,0,0,3,201.8,1
4018-PPNDW,61,Two year,24.1,1551.6,2,0,0,No,Mailed check,1,0,1,1,0,38.4,0
1635-FJFCC,5,Month-to-month,44.05,202.15,3,0,0,DSL,Credit card (automatic),1,0,0,0,0,74.6,0
2499-AJYUA,72,Two year,110.8,7882.25,4,1,0,Fiber optic,Credit card (automatic),1,1,1,0,5,297.6,0
6919-ELBGL,72,Two year,114.95,8196.4,0,1,1,Fiber optic,Bank transfer (automatic),1,1,1,1,6,277.5,0
3966-HRMZA,3,Month-to-month,75.05,202.9,1,0,0,Fiber optic,Mailed check,0,1,0,0,1,143.2,0
6425-JWTDV,48,Two year,19.25,855.1,5,0,0,No,Mailed check,0,0,1,0,0,42.0,0
8405-IGQFX,63,One year,90.05,5817.0,2,1,0,Fiber optic,Credit card (automatic),1,0,0,0,3,233.7,0
8224-IVVPA,27,Month-to-month,56.7,1652.95,4,0,1,DSL,Mailed check,1,0,0,0,2,97.4,0
9477-LGWQI,70,Two year,80.15,5600.15,1,0,1,DSL,Credit card (automatic),1,0,1,1,5,168.5,0
1410-RSCMR,7,Month-to-month,71.35,515.75,0,1,1,DSL,Credit card (automatic),1,0,1,1,4,166.5,0
3115-CZMZD,0,Two year,20.25,0.0,3,0,0,No,Mailed check,0,0,0,1,0,37.5,0
0139-IVFJG,2,Month-to-month,90.35,190.5,1,0,1,Fiber optic,Electronic check,0,0,1,0,3,236.3,0
6683-VLCTZ,20,Month-to-month,98.55,1842.8,2,0,0,Fiber optic,Electronic check,1,1,0,0,3,267.0,1
5730-DBDSI,66,Two year,19.7,1253.8,0,0,0,No,Bank transfer (automatic),0,0,0,0,0,50.9,0
0030-FNXPP,3,Month-to-month,19.85,57.2,2,0,0,No,Mailed check,0,0,0,0,0,34.6,0
2189-WWOEW,15,Month-to-month,85.9,1269.55,2,0,0,Fiber optic,Bank transfer (automatic),1,0,0,1,2,217.0,1
5684-FJVYR,72,Two year,90.35,6563.4,0,1,1,Fiber optic,Bank transfer (automatic),1,0,1,1,3,142.9,0
4013-GUXND,1,Month-to-month,20.8,20.8,5,0,0,No,Mailed check,0,0,0,0,0,32.4,0
1894-IGFSG,22,Month-to-month,89.25,1907.85,3,0,0,Fiber optic,Electronic check,0,0,0,0,2,233.6,1
7379-POKDZ,3,Month-to-month,70.3,208.85,1,0,0,Fiber optic,Electronic check,1,0,1,0,0,132.3,1
1266-NZYUI,72,Two year,66.85,4758.8,0,1,1,DSL,Bank transfer (automatic),0,0,1,1,3,134.6,0
7969-FFOWG,65,Two year,19.9,1292.6,2,0,0,No,Mailed check,0,0,1,1,0,19.4,0
4718-DHSMV,11,Month-to-month,35.8,363.15,3,0,0,DSL,Mailed check,1,0,0,0,1,123.6,0
5175-WLYXL,22,Month-to-month,78.85,1600.25,1,0,0,Fiber optic,Mailed check,1,0,0,0,1,175.9,0
7817-OMJNA,14,One year,20.4,275.7,0,0,0,No,Bank transfer (automatic),0,0,0,0,0,44.7,0
8728-SKJLR,41,Month-to-month,74.25,3089.1,2,1,0,Fiber optic,Electronic check,1,0,0,0,1,152.6,0
3137-NYQQI,17,One year,64.8,1175.6,2,0,1,DSL,Mailed check,0,0,1,0,3,156.0,0
7706-DZNKK,11,Month-to-month,20.45,237.3,1,0,0,No,Credit card (automatic),1,0,0,0,0,40.4,0
0236-HFWSV,15,Month-to-month,93.35,1444.65,7,0,0,Fiber optic,Electronic check,1,0,0,0,2,299.5,1
3900-AQPHZ,1,Month-to-month,19.9,19.9,4,0,0,No,Mailed check,0,0,0,0,0,31.1,1
5842-POCOP,5,Month-to-month,88.9,454.15,2,0,1,Fiber optic,Mailed check,1,0,1,0,3,222.9,1
2037-XJFUP,33,One year,95.8,3036.75,1,0,0,Fiber optic,Electronic check,1,0,1,0,3,275.1,1
8823-RLPWL,72,Two year,110.65,8065.65,1,0,1,Fiber optic,Credit card (automatic),1,0,1,0,5,277.2,0
9505-SQFSW,3,Month-to-month,40.3,92.5,3,0,0,DSL,Mailed check,0,0,1,1,2,144.4,0
7314-OXENN,2,Month-to-month,82.0,184.65,5,0,0,Fiber optic,Electronic check,1,0,0,0,1,134.2,1
3758-CKOQL,59,One year,107.0,6152.3,1,1,1,Fiber optic,Credit card (automatic),1,0,1,0,5,201.4,0
0322-CHQRU,2,Month-to-month,45.35,89.5,2,0,0,DSL,Electronic check,0,0,0,0,0,82.1,1
5676-CFLYY,71,Two year,73.35,5154.5,0,1,0,DSL,Credit card (automatic),1,0,1,1,4,194.8,0
7521-AFHAB,5,Month-to-month,44.8,220.45,3,0,0,DSL,Mailed check,0,0,1,1,0,97.9,0
0285-INHLN,27,Month-to-month,54.75,1510.3,1,0,1,DSL,Credit card (automatic),1,0,1,1,2,75.2,0
4678-DVQEO,1,Month-to-month,52.2,52.2,3,1,0,DSL,Electronic check,1,0,0,0,1,76.6,1
5125-CNDSP,63,One year,40.6,2588.95,0,1,1,DSL,Bank transfer (automatic),1,0,0,1,3,77.4,0
0691-IFBQW,46,One year,110.0,4874.8,0,0,1,Fiber optic,Electronic check,1,1,0,0,5,312.5,1
4992-LTJNE,72,Two year,55.3,3983.6,2,0,1,DSL,Bank transfer (automatic),0,0,1,1,1,83.0,0
2202-OUTMO,34,Month-to-month,60.85,2003.6,1,1,1,DSL,Bank transfer (automatic),1,0,1,0,2,132.2,0
0810-BDHAW,24,One year,78.4,1832.4,1,0,1,DSL,Electronic check,0,0,1,1,4,160.0,0
0229-LFJAF,72,Two year,69.65,4908.25,0,1,1,DSL,Bank transfer (automatic),0,0,0,0,4,146.2,0
7131-ZQZNK,60,Two year,59.85,3590.2,1,1,1,DSL,Credit card (automatic),0,0,1,1,5,164.8,0
3442-ZHHCC,68,One year,76.9,5023.0,1,0,1,DSL,Credit card (automatic),1,0,0,0,4,167.7,0
5726-CVNYA,8,Two year,19.85,146.6,2,0,0,No,Mailed check,1,0,1,1,0,45.8,0
9871-ELEYA,34,Two year,67.65,2339.3,0,1,1,DSL,Credit card (automatic),0,0,0,1,4,162.0,0
4257-GAESD,6,Month-to-month,45.0,298.7,0,0,0,DSL,Credit card (automatic),0,0,0,0,2,147.1,0
5173-WXOQV,2,Month-to-month,64.2,143.65,1,1,0,DSL,Mailed check,1,0,1,0,3,162.8,0
2040-OBMLJ,31,One year,81.7,2548.65,1,1,0,Fiber optic,Credit card (automatic),0,0,0,0,1,190.2,0
6286-ZHAOK,20,Month-to-month,25.55,507.4,2,0,0,No,Bank transfer (automatic),1,0,1,1,0,46.9,0
3807-XHCJH,1,Month-to-month,20.0,20.0,5,0,0,No,Electronic check,0,0,1,1,0,32.2,0
3009-JWMPU,62,One year,96.75,6125.4,1,0,0,Fiber optic,Electronic check,1,0,0,0,3,264.6,1
5671-RQRLP,70,Two year,75.65,5411.4,1,0,0,Fiber optic,Credit card (automatic),1,1,1,0,0,112.2,0
1450-GALXR,10,Month-to-month,98.5,1058.25,3,1,0,Fiber optic,Electronic check,1,0,0,0,3,233.2,1
8859-AXJZP,39,Two year,23.8,903.8,2,0,0,No,Mailed check,1,0,1,1,0,39.6,0
3174-AKMAS,46,Two year,64.2,3009.5,4,1,0,DSL,Credit card (automatic),1,0,1,0,3,172.1,0
3138-BKYAV,6,Month-to-month,85.35,489.45,2,0,0,Fiber optic,Electronic check,1,0,0,0,2,181.2,1
9926-PJHDQ,72,Two year,76.8,5468.45,1,0,0,DSL,Bank transfer (automatic),1,0,1,1,3,236.0,0
7382-DFJTU,18,Month-to-month,55.2,1058.1,0,1,0,DSL,Credit card (automatic),0,0,0,0,2,117.4,0
2798-NYLMZ,71,Two year,108.55,7616.0,1,1,1,Fiber optic,Credit card (automatic),1,0,1,0,5,343.0,0
4289-DTDKW,40,Month-to-month,101.3,4113.1,8,0,0,Fiber optic,Electronic check,1,0,1,0,3,198.2,1
1820-TQVEV,1,Month-to-month,69.55,69.55,2,0,0,Fiber optic,Electronic check,1,0,0,0,0,125.3,1
2239-JALAW,58,One year,103.25,6017.65,2,0,0,Fiber optic,Bank transfer (automatic),1,0,0,0,4,222.2,1
4853-RULSV,70,Two year,104.0,7250.15,0,1,1,Fiber optic,Credit card (automatic),1,0,0,0,4,295.1,1
8098-TDCBU,42,Two year,25.25,1108.2,2,0,0,No,Electronic check,0,0,1,0,0,47.5,0
3551-GAEGL,34,One year,30.4,938.65,2,0,1,DSL,Bank transfer (automatic),0,0,1,1,1,55.1,0
4785-NKHCX,5,Month-to-month,20.05,94.15,1,0,0,No,Bank transfer (automatic),0,1,0,0,0,33.5,0
3196-NVXLZ,25,Month-to-month,84.6,2088.05,2,0,0,Fiber optic,Mailed check,1,0,0,0,1,166.0,0
6275-YDUVO,2,Month-to-month,86.2,178.7,4,0,0,Fiber optic,Mailed check,1,0,0,0,2,147.3,1
0036-IHMOT,55,One year,103.7,5656.75,0,1,0,Fiber optic,Bank transfer (automatic),1,0,1,1,5,307.4,0
0115-TFERT,21,Month-to-month,111.2,2317.1,3,1,0,Fiber optic,Electronic check,1,0,1,0,5,274.0,1
4178-EGMON,70,Two year,88.0,5986.45,1,1,1,Fiber optic,Credit card (automatic),1,0,1,0,3,160.4,0
4220-TINQT,61,Month-to-month,106.35,6751.35,3,1,0,Fiber optic,Electronic check,1,0,1,0,4,286.6,0
5318-YKDPV,43,Two year,79.15,3566.6,0,1,1,DSL,Credit card (automatic),1,0,1,1,5,250.6,0
7975-TZMLR,47,One year,103.1,4889.3,4,0,0,Fiber optic,Electronic check,1,0,0,0,4,342.7,0
0295-QVKPB,5,Month-to-month,63.95,318.1,2,1,0,DSL,Credit card (automatic),1,0,0,0,3,152.2,0
4335-BSMJS,62,Two year,25.8,1563.95,0,0,0,No,Credit card (automatic),1,0,0,0,0,51.4,0
2311-QYMUQ,16,Month-to-month,89.45,1430.25,3,0,0,Fiber optic,Credit card (automatic),1,0,1,1,3,153.4,1
3643-AHCFP,7,Month-to-month,95.6,644.35,3,0,0,Fiber optic,Bank transfer (automatic),1,1,1,0,2,239.2,1
9146-JRIOX,14,Month-to-month,25.55,372.45,1,0,0,No,Mailed check,0,0,1,1,0,41.5,0
3104-OWCGK,60,One year,90.95,5453.4,5,0,0,Fiber optic,Electronic check,0,0,1,1,3,186.2,1
5337-IIWKZ,34,Month-to-month,44.85,1442.6,2,1,0,DSL,Electronic check,1,0,1,1,3,142.6,0
9101-BWFSS,50,One year,108.55,5610.7,0,1,1,Fiber optic,Electronic check,0,0,1,0,5,282.0,1
9650-VBUOG,38,Two year,25.05,963.95,3,0,0,No,Credit card (automatic),0,0,1,1,0,45.9,0
3487-EARAT,70,One year,74.1,5222.3,0,1,1,DSL,Credit card (automatic),0,0,1,1,5,176.8,0
2672-TGEFF,37,Month-to-month,88.8,3340.55,3,0,0,Fiber optic,Electronic check,1,0,1,1,2,194.7,0
9231-ZJYAM,4,Month-to-month,78.85,292.8,2,0,0,Fiber optic,Electronic check,1,1,0,0,1,177.4,1
4250-WAROZ,60,Month-to-month,93.25,5774.55,1,0,1,Fiber optic,Electronic check,1,1,1,1,3,189.4,0
8184-WMOFI,62,One year,71.4,4487.3,0,1,1,DSL,Credit card (automatic),0,0,1,1,4,156.3,0
6982-SSHFK,1,Month-to-month,44.4,44.4,3,0,0,DSL,Mailed check,0,0,0,0,0,75.4,1
6092-QZVPP,36,Month-to-month,79.2,2854.95,0,1,1,DSL,Credit card (automatic),1,0,0,0,5,218.2,0
4625-LAMOB,44,Two year,20.4,905.55,4,0,0,No,Credit card (automatic),0,0,0,0,0,26.7,0
0727-BMPLR,55,One year,100.0,5509.3,3,0,0,Fiber optic,Electronic check,1,1,0,0,3,264.6,1
0392-BZIUW,72,Two year,105.0,7589.8,4,0,1,Fiber optic,Credit card (automatic),1,0,1,0,4,269.6,0
1038-ZAGBI,12,One year,19.8,229.6,4,0,0,No,Bank transfer (automatic),0,0,1,1,0,38.1,1
6549-NNDYT,13,Month-to-month,30.85,394.1,3,0,1,DSL,Bank transfer (automatic),1,0,0,0,1,46.7,0
3027-ZTDHO,1,Month-to-month,89.9,89.9,4,0,0,Fiber optic,Electronic check,1,0,0,0,2,209.9,1
0422-OHQHQ,15,One year,20.55,295.95,2,0,0,No,Mailed check,0,0,1,1,0,41.7,0
6916-HIJSE,65,Two year,84.85,5459.2,1,1,1,DSL,Bank transfer (automatic),1,0,0,0,6,209.4,0
2316-ESMLS,12,One year,33.15,444.75,0,1,1,DSL,Credit card (automatic),0,0,1,1,2,64.4,0
9778-OGKQZ,72,Two year,92.0,6782.15,0,1,1,DSL,Credit card (automatic),1,0,1,0,6,222.7,0
7408-OFWXJ,72,Two year,89.8,6510.45,0,1,1,DSL,Credit card (automatic),0,0,1,1,6,200.2,0
6007-TCTST,72,Two year,115.8,8476.5,0,1,1,Fiber optic,Bank transfer (automatic),1,0,1,1,6,227.9,0
2252-NKNSI,52,Two year,85.15,4461.85,0,1,1,DSL,Mailed check,1,0,0,1,5,213.7,0
8713-IGZSO,2,Month-to-month,24.85,62.0,2,0,0,No,Mailed check,0,0,0,0,0,41.9,0
7905-TVXTA,5,Month-to-month,64.35,352.65,3,1,1,DSL,Electronic check,1,0,0,0,3,128.5,0
7695-PKLCZ,68,Two year,20.5,1424.9,0,0,0,No,Credit card (automatic),0,0,0,0,0,45.0,0
2382-BCKQJ,62,One year,100.15,6413.65,7,0,0,Fiber optic,Electronic check,1,0,0,1,3,263.0,1
8374-UULRV,72,Two year,86.05,6309.65,0,1,1,DSL,Credit card (automatic),0,0,0,0,5,205.5,0
2207-NHRJK,1,Month-to-month,50.8,50.8,2,0,0,DSL,Electronic check,0,0,0,0,1,112.4,1
3224-DFQNQ,66,One year,89.0,5898.6,0,1,1,Fiber optic,Electronic check,0,0,1,0,3,181.0,0
5275-PMFUT,72,Two year,64.8,4719.75,0,1,1,DSL,Credit card (automatic),1,0,1,1,6,175.9,0
4795-UXVCJ,26,One year,19.8,457.3,3,0,0,No,Credit card (automatic),0,0,0,0,0,30.5,0
9777-IQHWP,64,Two year,93.4,5822.3,2,0,1,Fiber optic,Bank transfer (automatic),0,0,1,1,3,203.9,0
0947-MUGVO,20,Month-to-month,73.65,1463.5,3,0,0,Fiber optic,Electronic check,1,1,1,0,1,147.9,1
9944-HKVVB,3,Month-to-month,95.1,307.4,0,0,0,Fiber optic,Electronic check,1,0,0,0,3,200.6,1
4124-MMETB,22,Month-to-month,94.65,2104.55,6,0,0,Fiber optic,Credit card (automatic),1,0,0,0,2,295.1,1
3671-SHRSP,4,Month-to-month,80.6,319.15,2,1,0,Fiber optic,Mailed check,1,0,1,0,2,137.9,1
0979-MOZQI,62,Two year,39.0,2337.45,1,1,0,DSL,Bank transfer (automatic),1,0,1,0,2,124.7,0
2732-ISEZX,5,Month-to-month,20.5,104.3,6,0,0,No,Mailed check,1,0,0,0,0,36.4,0
3313-QKNKB,59,One year,85.55,5084.65,3,0,0,Fiber optic,Electronic check,0,0,1,0,1,209.5,1
0323-XWWTN,3,Two year,26.4,121.25,2,0,0,No,Mailed check,1,0,0,1,0,52.4,0
1937-OTUKY,72,Two year,98.2,7015.9,2,1,1,Fiber optic,Bank transfer (automatic),1,0,1,0,4,260.1,0
1573-LGXBA,57,One year,97.55,5598.0,4,0,0,Fiber optic,Credit card (automatic),1,0,1,1,4,230.6,0
1764-VUUMT,66,Two year,19.95,1269.1,1,0,0,No,Credit card (automatic),0,0,0,1,0,46.3,0
5073-WXOYN,60,Month-to-month,50.8,3027.4,2,0,0,DSL,Electronic check,1,0,0,0,3,140.4,1
4713-ZBURT,45,Two year,99.7,4634.35,1,0,0,Fiber optic,Bank transfer (automatic),0,0,0,1,3,273.6,0
3050-GBUSH,3,Month-to-month,34.8,113.95,7,0,0,DSL,Credit card (automatic),1,0,0,0,1,113.8,0
0207-MDKNV,15,Month-to-month,105.1,1582.75,1,1,1,Fiber optic,Electronic check,0,0,0,0,5,272.4,1
7876-AEHIG,51,One year,60.15,3077.0,0,1,1,DSL,Bank transfer (automatic),0,0,0,1,5,214.6,0
7945-HLKEA,60,One year,64.75,4039.5,0,1,1,DSL,Electronic check,0,0,0,0,3,89.6,0
9342-VNIMQ,33,Month-to-month,54.65,1665.2,2,0,0,DSL,Bank transfer (automatic),1,0,0,0,1,98.6,0
9851-KIELU,10,Month-to-month,110.1,1043.3,0,1,1,Fiber optic,Electronic check,1,0,0,0,6,321.8,1
3523-BRGUW,26,One year,19.3,504.2,3,0,0,No,Credit card (automatic),0,1,0,0,0,35.1,0
3908-BLSYF,6,Month-to-month,83.9,497.55,5,0,0,Fiber optic,Electronic check,0,0,0,0,2,161.4,1
3199-NPKCN,67,One year,111.25,7511.65,0,1,1,Fiber optic,Electronic check,1,0,1,0,5,289.3,0
5170-PTRKA,49,One year,35.8,1782.0,0,1,1,DSL,Credit card (automatic),1,0,1,1,2,66.8,0
4661-NJEUX,1,Month-to-month,20.05,20.05,3,0,0,No,Mailed check,1,0,0,0,0,31.1,0
2123-AGEEN,7,Month-to-month,84.35,609.65,8,0,0,Fiber optic,Electronic check,1,1,0,0,2,231.2,0
1258-YMZNM,27,One year,110.5,2857.6,0,0,1,Fiber optic,Bank transfer (automatic),1,1,0,0,5,259.3,0
0048-LUMLS,37,One year,91.2,3247.55,2,0,0,Fiber optic,Credit card (automatic),0,0,1,1,2,209.2,0
7549-MYGPK,63,Month-to-month,100.55,6215.35,1,0,1,Fiber optic,Electronic check,1,0,1,1,4,226.5,1
5898-IGSLP,31,Month-to-month,89.3,2823.0,0,1,1,Fiber optic,Electronic check,0,0,1,1,3,146.7,0
3804-RVTGV,50,Month-to-month,103.85,5017.9,1,0,0,Fiber optic,Bank transfer (automatic),1,0,1,1,4,261.8,1
6259-WJQLC,32,Month-to-month,81.1,2619.25,4,0,0,Fiber optic,Credit card (automatic),1,1,0,0,1,152.4,0
9227-LUNBG,1,Month-to-month,24.6,24.6,3,0,0,DSL,Electronic check,0,0,0,0,0,42.0,1
7997-EASSD,63,One year,81.2,4965.1,2,1,0,Fiber optic,Credit card (automatic),1,0,1,0,1,160.3,0
0730-KOAVE,30,Month-to-month,94.3,2679.7,1,0,1,Fiber optic,Credit card (automatic),1,0,0,0,3,220.9,0
8975-SKGRX,71,Two year,116.1,8310.55,0,1,1,Fiber optic,Bank transfer (automatic),1,0,1,0,6,343.7,0
0678-RLHVP,53,Two year,105.55,5682.25,4,0,0,Fiber optic,Electronic check,0,0,0,0,4,232.7,0
4315-MURBD,12,Month-to-month,98.9,1120.95,1,1,1,Fiber optic,Bank transfer (automatic),1,0,0,0,4,263.0,1
2267-FPIMA,50,Month-to-month,94.4,4914.9,1,0,1,Fiber optic,Credit card (automatic),1,0,1,0,3,219.9,0
1051-GEJLJ,2,Month-to-month,19.5,27.55,3,0,0,No,Mailed check,0,0,0,0,0,36.9,0
9734-YWGEX,9,Month-to-month,98.3,923.5,0,0,0,Fiber optic,Credit card (automatic),0,0,0,0,3,179.5,1
2719-BDAQO,17,Month-to-month,93.85,1625.65,0,0,1,Fiber optic,Electronic check,0,0,0,0,3,212.1,1
5285-MVEHD,56,One year,105.6,6068.65,3,0,1,Fiber optic,Credit card (automatic),1,0,1,0,5,285.8,0
0379-DJQHR,67,Two year,81.35,5398.6,1,0,1,DSL,Credit card (automatic),0,0,1,1,5,247.9,0
0781-LKXBR,9,Month-to-month,100.5,918.6,4,0,0,Fiber optic,Electronic check,1,1,0,0,3,264.7,1
5543-QDCRY,4,Month-to-month,56.4,234.85,1,0,0,DSL,Electronic check,1,0,0,0,1,146.8,0
0297-RBCSG,19,One year,65.35,1231.85,0,1,0,DSL,Bank transfer (automatic),1,0,0,0,3,187.8,0
4694-PHWFW,8,Month-to-month,19.95,170.9,2,0,0,No,Mailed check,0,0,0,1,0,34.4,0
0835-JKADZ,71,Two year,111.25,7984.15,2,1,0,Fiber optic,Electronic check,1,0,0,0,5,251.4,0
1907-UBQFC,10,Month-to-month,72.85,688.65,2,0,0,Fiber optic,Electronic check,1,1,0,0,1,161.5,1
7508-SMHXL,15,Month-to-month,89.0,1288.3,4,0,0,Fiber optic,Credit card (automatic),0,1,0,0,2,220.4,0
3865-YIOTT,72,One year,106.1,7848.5,2,0,1,Fiber optic,Bank transfer (automatic),1,0,1,1,4,267.2,0
5993-BQHEA,12,One year,20.05,267.0,0,0,0,No,Credit card (automatic),0,0,0,0,0,32.6,0
6024-RUGGH,72,Two year,25.2,1798.9,0,0,0,No,Bank transfer (automatic),1,0,1,1,0,56.6,0
6513-EECDB,1,Month-to-month,73.55,73.55,3,0,0,Fiber optic,Electronic check,1,1,1,0,0,128.4,1
3956-CJUST,23,Month-to-month,75.4,1643.55,2,0,1,Fiber optic,Bank transfer (automatic),1,1,0,0,1,120.8,0
4079-WWQQQ,72,Two year,65.55,4807.45,0,1,1,DSL,Bank transfer (automatic),1,0,0,0,6,237.2,0
6103-BOCOU,26,Month-to-month,80.7,2193.0,1,0,0,Fiber optic,Electronic check,1,0,0,0,1,115.2,0
5149-TGWDZ,21,One year,104.55,2239.4,2,1,0,Fiber optic,Mailed check,1,0,0,0,5,265.0,0
7471-WNSUF,60,One year,24.15,1505.9,4,0,0,No,Bank transfer (automatic),0,0,1,0,0,48.0,0
8942-DBMHZ,12,Month-to-month,20.45,255.35,5,0,0,No,Mailed check,0,0,0,0,0,35.6,0
4301-VVZKA,16,Month-to-month,75.4,1189.4,1,0,0,Fiber optic,Electronic check,1,0,1,0,0,126.8,0
9199-PWQVC,63,One year,79.7,4786.15,1,0,1,DSL,Credit card (automatic),1,0,1,0,4,240.2,0
4824-GUCBY,22,Month-to-month,81.7,1820.9,0,0,1,Fiber optic,Electronic check,0,1,0,0,2,122.2,0
5393-HJZSM,32,Month-to-month,76.3,2404.15,0,1,1,DSL,Bank transfer (automatic),0,0,1,1,5,173.6,0
7074-IEVOJ,3,Month-to-month,79.4,205.05,3,0,0,Fiber optic,Electronic check,1,1,0,0,1,159.6,1
9625-QSTYE,13,Month-to-month,81.15,952.3,1,0,0,Fiber optic,Electronic check,1,0,0,0,2,124.0,1
0862-PRCBS,68,Two year,103.75,7039.45,4,1,0,Fiber optic,Credit card (automatic),1,0,1,1,4,324.2,0
8812-ZRHFP,30,One year,86.45,2538.05,1,0,0,Fiber optic,Electronic check,0,0,1,1,2,191.6,0
5146-CBVOE,16,Month-to-month,75.1,1212.85,2,0,0,Fiber optic,Bank transfer (automatic),0,0,0,0,1,135.1,0
0454-OKRCT,33,Two year,80.6,2651.1,1,1,0,Fiber optic,Bank transfer (automatic),0,0,0,0,2,136.4,0
5787-KXGIY,72,Two year,19.3,1304.8,3,0,0,No,Credit card (automatic),0,0,1,0,0,38.1,0
4750-ZRXIU,4,Month-to-month,84.6,360.1,7,0,0,Fiber optic,Electronic check,1,1,0,0,1,180.8,1
4198-VFOEA,12,One year,33.6,435.45,0,1,1,DSL,Mailed check,1,0,0,0,2,63.1,0
6630-UJZMY,4,Month-to-month,83.25,308.05,4,0,0,Fiber optic,Electronic check,1,1,1,0,1,227.1,0
5709-LVOEQ,0,Two year,80.85,0.0,1,0,1,DSL,Mailed check,0,0,1,1,5,269.6,0
6400-BWQKW,6,Month-to-month,79.05,434.5,4,0,1,Fiber optic,Electronic check,1,0,0,0,1,111.9,1
2692-AQCPF,65,One year,108.05,7118.9,3,1,0,Fiber optic,Credit card (automatic),1,0,1,0,5,332.0,0
0347-UBKUZ,15,Month-to-month,19.9,320.45,1,0,0,No,Mailed check,0,0,0,0,0,33.6,0
0835-DUUIQ,24,One year,21.05,531.55,1,0,0,No,Bank transfer (automatic),0,0,0,1,0,40.0,0
0811-GSDTP,13,Month-to-month,30.15,382.2,1,0,0,DSL,Electronic check,0,0,0,1,1,55.7,0
7567-ECMCM,24,Month-to-month,79.85,2001.0,2,0,0,Fiber optic,Credit card (automatic),1,0,0,0,1,193.2,0
6115-ZTBFQ,72,Two year,65.5,4919.7,0,1,1,DSL,Bank transfer (automatic),0,0,1,0,6,182.4,0
6353-BRMMA,54,Month-to-month,104.1,5645.8,1,0,1,Fiber optic,Bank transfer (automatic),1,0,1,1,4,293.3,0
6680-WKXRZ,3,Month-to-month,74.4,215.8,3,0,0,Fiber optic,Bank transfer (automatic),0,0,0,0,0,155.4,1
6231-WFGFH,4,Month-to-month,20.5,77.6,1,0,0,No,Mailed check,1,0,1,1,0,34.1,0
9904-EHEVJ,32,Month-to-month,91.35,2896.55,3,0,0,Fiber optic,Mailed check,1,1,1,1,2,206.1,0
7028-DVOIQ,35,Month-to-month,99.05,3395.8,3,0,0,Fiber optic,Electronic check,1,1,0,0,3,292.0,1
6169-PPETC,35,Two year,20.5,759.35,4,0,0,No,Bank transfer (automatic),0,0,1,1,0,43.1,0
4208-UFFGW,2,Month-to-month,44.95,85.15,5,0,0,DSL,Mailed check,0,1,0,0,0,85.7,1
8584-KMVXD,8,Month-to-month,75.6,535.55,5,0,0,Fiber optic,Electronic check,0,0,0,0,1,142.9,0
8467-WYNSR,22,Month-to-month,55.1,1253.15,0,1,1,DSL,Mailed check,0,0,0,0,2,107.3,0
0851-DFJKB,15,Month-to-month,58.95,955.15,0,1,1,DSL,Electronic check,0,0,0,0,3,101.9,0
5382-SOYZL,22,Month-to-month,95.1,2162.6,4,0,0,Fiber optic,Electronic check,1,0,0,0,2,266.2,0
9448-REEVD,1,Month-to-month,44.7,44.7,1,0,0,DSL,Credit card (automatic),0,0,1,0,0,78.0,1
3261-CQXOL,71,Two year,25.45,1813.35,2,0,0,No,Bank transfer (automatic),0,0,1,1,0,44.0,0
8388-FYNPZ,4,Month-to-month,56.75,245.15,0,0,1,DSL,Electronic check,0,0,0,0,2,67.7,0
4002-BQWPQ,25,Month-to-month,81.75,2028.8,0,1,1,DSL,Bank transfer (automatic),0,0,0,0,5,139.4,0
5651-YLPRD,32,Month-to-month,86.1,2723.75,6,0,0,Fiber optic,Electronic check,1,0,1,1,2,207.6,0
2826-DXLQO,7,Month-to-month,29.8,220.45,0,0,1,DSL,Bank transfer (automatic),0,1,1,0,1,60.0,0
4378-BZYFP,17,One year,20.5,365.8,2,0,0,No,Mailed check,1,0,0,0,0,39.7,0
9489-UTFKA,8,Month-to-month,60.9,551.95,1,0,1,DSL,Bank transfer (automatic),0,1,1,0,2,153.3,0
4849-PYRLQ,56,Two year,73.25,4054.2,0,1,1,DSL,Bank transfer (automatic),0,1,0,0,4,165.8,0
9117-SHLZX,1,Month-to-month,45.7,45.7,2,0,0,DSL,Mailed check,1,0,0,0,0,89.9,1
9889-TMAHG,8,Month-to-month,100.3,832.35,0,1,1,Fiber optic,Credit card (automatic),0,1,0,0,4,247.6,1
4541-RMRLG,7,Month-to-month,19.25,112.3,3,0,0,No,Electronic check,0,0,0,0,0,34.9,1
7764-BDPEE,3,Month-to-month,20.85,60.65,6,0,0,No,Mailed check,0,0,0,1,0,46.2,0
3429-IFLEM,71,Two year,77.35,5550.1,0,1,1,DSL,Credit card (automatic),0,0,0,0,5,144.2,0
3158-MOERK,2,Month-to-month,96.0,174.8,3,0,0,Fiber optic,Electronic check,1,0,0,0,2,232.7,1
7294-TMAOP,1,Month-to-month,90.55,90.55,5,0,0,Fiber optic,Electronic check,0,0,0,0,2,236.4,1
5002-GCQFH,49,Month-to-month,93.85,4733.1,2,0,1,Fiber optic,Bank transfer (automatic),1,0,1,0,3,151.6,0
0556-FJEGU,58,Two year,70.1,4048.95,2,1,0,DSL,Bank transfer (automatic),0,0,0,0,4,138.5,0
8919-FYFQZ,44,Month-to-month,30.35,1359.7,7,0,0,DSL,Electronic check,1,1,1,0,1,63.6,1
0604-THJFP,59,Two year,75.95,4542.35,1,1,0,DSL,Credit card (automatic),1,0,1,1,4,235.0,0
2834-JRTUA,71,Two year,108.05,7532.15,0,1,1,Fiber optic,Electronic check,1,0,0,0,5,271.2,1
5875-YPQFJ,1,Month-to-month,69.9,69.9,2,0,0,Fiber optic,Electronic check,1,0,0,0,0,151.1,1
5879-SESNB,11,Month-to-month,75.25,888.65,1,0,0,Fiber optic,Electronic check,0,0,0,0,0,116.8,0
6646-QVXLR,62,One year,103.75,6383.35,3,0,0,Fiber optic,Electronic check,1,1,1,0,4,344.2,1
6461-PPAXN,35,One year,54.95,1916.0,0,1,1,DSL,Bank transfer (automatic),1,0,1,1,2,98.7,0
3318-ISQFQ,20,Month-to-month,19.5,413.0,2,0,0,No,Bank transfer (automatic),1,0,0,0,0,32.3,0
1106-HRLKZ,40,Two year,19.6,808.95,1,0,0,No,Mailed check,0,0,1,1,0,41.2,0
2483-XSSMZ,39,One year,47.85,1886.4,0,0,1,DSL,Electronic check,1,0,0,0,1,93.5,0
8603-IJWDN,1,Month-to-month,86.6,86.6,3,0,0,Fiber optic,Electronic check,1,0,0,0,1,203.2,1
8165-ZJRNM,72,Two year,23.75,1679.25,2,0,0,No,Bank transfer (automatic),0,0,1,1,0,42.3,0
9369-XFEHK,33,Month-to-month,80.6,2656.5,2,0,0,Fiber optic,Bank transfer (automatic),1,1,1,0,1,107.4,1
2604-XVDAM,12,Month-to-month,43.8,540.95,0,0,0,DSL,Bank transfer (automatic),0,0,0,0,0,55.2,0
3717-OFRTN,1,Month-to-month,19.75,19.75,2,0,0,No,Bank transfer (automatic),0,0,0,0,0,35.8,0
9046-JBFWA,27,Month-to-month,19.15,537.35,1,0,0,No,Mailed check,0,0,0,1,0,39.6,0
3280-NMUVX,34,One year,19.6,678.8,2,0,0,No,Credit card (automatic),0,0,1,1,0,31.4,0
1206-EHBDD,56,Two year,80.3,4513.65,3,0,1,Fiber optic,Bank transfer (automatic),0,0,1,0,2,147.5,0
8361-LBRDI,58,Two year,24.35,1423.85,4,0,0,No,Credit card (automatic),0,0,0,0,0,34.0,0
4883-KCPZJ,22,Two year,25.25,555.4,0,0,0,No,Credit card (automatic),0,0,1,1,0,35.7,0
9108-EQPNQ,10,Two year,26.1,225.55,3,0,0,No,Credit card (automatic),0,0,1,1,0,46.9,0
7277-KAMWT,13,Two year,20.0,268.45,2,0,0,No,Credit card (automatic),0,0,0,0,0,39.9,0
3842-IYKUE,35,Month-to-month,85.3,2917.5,0,1,0,Fiber optic,Credit card (automatic),0,0,0,0,2,171.3,1
6641-XRPSU,34,Month-to-month,70.0,2416.1,4,0,0,Fiber optic,Credit card (automatic),1,0,0,0,0,149.1,1
1374-DMZUI,4,Month-to-month,94.3,424.45,2,0,0,Fiber optic,Electronic check,1,1,0,0,2,221.9,1
2545-LXYVJ,72,Two year,20.7,1492.1,0,0,0,No,Bank transfer (automatic),0,0,1,0,0,36.6,0
3234-VKACU,2,Month-to-month,70.3,132.4,2,1,0,DSL,Electronic check,0,0,0,0,3,231.7,0
8357-EQXFO,7,Month-to-month,95.35,660.9,7,0,0,Fiber optic,Electronic check,1,0,0,0,3,215.1,1
1989-PRJHP,27,Month-to-month,75.5,1893.95,2,0,0,Fiber optic,Electronic check,1,1,1,0,0,130.5,1
8120-JDCAM,4,Month-to-month,69.55,284.9,1,0,0,Fiber optic,Mailed check,1,0,1,1,0,125.8,0
8917-FAEMR,37,Two year,19.85,784.25,2,0,0,No,Mailed check,0,0,0,0,0,35.8,0
7047-YXDMZ,21,Month-to-month,20.0,417.7,1,0,0,No,Mailed check,0,0,0,0,0,40.9,0
2858-EIMXH,53,One year,95.85,5016.25,5,0,0,Fiber optic,Credit card (automatic),1,1,1,0,2,269.7,0
9524-EGPJC,18,Month-to-month,90.1,1612.75,0,1,0,Fiber optic,Electronic check,1,0,0,0,2,190.1,1
6993-OHLXR,2,Month-to-month,68.95,119.75,4,0,0,Fiber optic,Electronic check,0,0,0,0,0,82.2,1
8818-XYFCQ,32,Month-to-month,99.55,3204.65,2,0,1,Fiber optic,Credit card (automatic),1,0,1,1,3,290.8,1
6419-ZTTLE,23,One year,20.75,485.2,5,0,0,No,Electronic check,1,1,1,0,0,43.0,0
0929-HYQEW,3,Month-to-month,50.15,160.85,2,0,1,DSL,Mailed check,1,0,0,0,1,97.5,0
6614-YOLAC,71,Two year,58.65,4145.25,0,1,1,DSL,Mailed check,0,0,1,1,5,196.2,0
7426-RHZGU,9,Month-to-month,95.9,827.45,2,1,0,Fiber optic,Bank transfer (automatic),1,0,0,0,3,270.4,0
4065-JJAVA,1,Month-to-month,49.5,49.5,1,0,0,DSL,Electronic check,0,0,0,0,1,105.5,0
4695-VADHF,18,Month-to-month,57.45,990.85,2,0,0,DSL,Electronic check,0,0,1,1,2,133.3,1
3863-IUBJR,12,One year,53.65,696.35,2,0,0,DSL,Credit card (automatic),0,0,1,1,1,135.9,1
7649-SIJJF,71,Two year,80.1,5585.4,0,1,1,DSL,Mailed check,1,0,1,0,5,157.9,0
9361-YNQWJ,64,One year,24.4,1601.2,0,0,0,No,Bank transfer (automatic),1,0,0,0,0,42.7,0
3748-FVMZZ,4,Month-to-month,40.05,162.45,1,1,0,DSL,Electronic check,1,0,0,0,2,99.0,0
9391-TTOYH,23,Month-to-month,19.5,470.2,2,0,0,No,Mailed check,1,0,0,0,0,31.0,0
1452-XRSJV,39,Month-to-month,51.05,2066.0,1,0,1,DSL,Credit card (automatic),0,0,1,1,1,65.3,0
3422-WJOYD,28,One year,54.35,1426.45,0,1,1,DSL,Mailed check,0,0,1,0,2,96.8,0
8242-SOQUO,5,Month-to-month,84.7,392.5,2,0,0,Fiber optic,Electronic check,1,1,0,0,2,222.0,0
7460-ITWWP,45,Month-to-month,86.1,3861.45,2,0,0,Fiber optic,Electronic check,1,1,1,0,2,109.2,0
7147-AYBAA,37,Month-to-month,70.35,2552.9,1,0,0,Fiber optic,Mailed check,1,0,0,0,0,150.9,0
7868-TMWMZ,60,Two year,110.0,6668.35,1,1,1,Fiber optic,Bank transfer (automatic),1,1,1,0,6,277.4,0
4822-RVYBB,8,Month-to-month,100.6,819.4,2,0,0,Fiber optic,Electronic check,1,1,0,0,3,235.7,1
6732-FZUGP,47,One year,94.9,4615.25,2,0,1,Fiber optic,Credit card (automatic),0,0,0,0,3,221.0,0
8436-BJUMM,26,Month-to-month,83.75,2070.6,6,0,0,Fiber optic,Electronic check,1,0,1,1,1,184.3,1
4184-TJFAN,3,Month-to-month,88.3,273.75,4,1,1,Fiber optic,Mailed check,1,1,1,1,3,197.2,1
8329-GWVPJ,50,Month-to-month,69.75,3557.7,1,0,0,Fiber optic,Bank transfer (automatic),1,0,1,1,0,152.2,0
1352-VHKAJ,27,Month-to-month,71.6,1957.1,1,1,0,DSL,Bank transfer (automatic),0,0,1,1,3,214.6,0
4145-UQXUQ,8,Month-to-month,92.1,729.95,4,0,0,Fiber optic,Electronic check,1,1,0,0,3,259.6,1
2632-TACXW,62,Two year,23.65,1416.75,1,0,0,No,Bank transfer (automatic),0,0,1,0,0,41.0,0
8146-QQKZH,71,Two year,81.85,5924.4,0,1,1,DSL,Bank transfer (automatic),0,0,1,0,5,222.0,0
1767-CJKBA,66,Two year,25.1,1697.7,0,0,0,No,Mailed check,0,0,0,0,0,39.2,0
6445-TNRXS,68,Two year,114.7,7849.85,1,1,1,Fiber optic,Bank transfer (automatic),1,0,1,1,6,281.9,0
4581-LNWUM,13,Month-to-month,49.15,649.4,2,0,0,DSL,Electronic check,0,0,0,0,3,149.4,0
4869-EPIUS,56,One year,80.9,4557.5,3,0,0,Fiber optic,Electronic check,1,0,1,0,1,217.3,0
9948-YPTDG,38,Month-to-month,79.45,3013.05,0,0,1,Fiber optic,Electronic check,1,0,1,0,2,138.4,1
1236-WFCDV,14,Month-to-month,90.45,1266.1,1,0,0,Fiber optic,Credit card (automatic),0,1,0,0,2,269.6,1
1915-OAKWD,16,One year,19.3,360.35,3,0,0,No,Bank transfer (automatic),1,0,0,1,0,41.4,0
7296-PIXQY,14,Month-to-month,70.2,1046.5,4,0,0,Fiber optic,Electronic check,0,0,1,1,0,145.6,0
4883-QICIH,32,Month-to-month,69.75,2347.9,0,0,0,Fiber optic,Bank transfer (automatic),1,0,1,1,0,113.1,1
3354-OADJP,8,One year,54.25,447.75,0,1,1,DSL,Bank transfer (automatic),0,0,0,0,2,121.9,0
3524-WQDSG,43,Month-to-month,99.3,4209.95,7,0,0,Fiber optic,Bank transfer (automatic),1,0,1,1,3,186.7,0
0810-DHDBD,52,One year,74.0,3877.65,0,1,1,DSL,Credit card (automatic),0,0,0,0,4,209.9,0
4026-SKKHW,3,Month-to-month,50.25,152.3,3,1,0,DSL,Mailed check,1,0,0,0,1,56.9,0
2829-HYVZP,29,One year,19.8,572.2,2,0,0,No,Mailed check,1,0,0,0,0,30.9,0
8329-IBCTI,1,Month-to-month,19.65,19.65,2,0,0,No,Mailed check,0,0,0,0,0,35.0,1
1271-SJBGZ,12,Month-to-month,43.65,526.95,0,1,0,DSL,Electronic check,1,1,0,0,3,106.2,1
3845-JHAMY,16,Month-to-month,35.5,552.7,3,0,0,DSL,Credit card (automatic),1,0,1,1,1,71.6,0
7013-PSXHK,40,One year,80.75,3208.65,2,1,0,DSL,Mailed check,1,0,0,0,4,175.8,0
5669-SRAIP,5,Month-to-month,39.5,210.75,3,0,0,DSL,Electronic check,0,0,0,0,2,115.3,1
5981-ITEMU,40,Month-to-month,97.1,3706.95,2,0,0,Fiber optic,Bank transfer (automatic),1,0,1,0,2,190.6,1
3486-NPGST,36,One year,19.55,620.75,3,0,0,No,Mailed check,0,0,0,0,0,38.5,0
6941-PMGEP,5,Month-to-month,80.0,412.5,7,0,0,Fiber optic,Electronic check,1,0,0,0,1,215.3,1
1624-WOIWJ,10,Month-to-month,84.7,832.05,1,0,1,Fiber optic,Mailed check,1,0,0,0,2,230.9,1
2074-GKOWZ,2,Month-to-month,89.55,185.55,2,0,0,Fiber optic,Bank transfer (automatic),1,0,1,1,2,250.3,1
0376-YMCJC,23,Month-to-month,90.6,1943.2,0,1,0,Fiber optic,Electronic check,1,0,0,0,2,201.8,1
6100-FJZDG,26,One year,20.05,505.9,1,0,0,No,Bank transfer (automatic),1,0,1,1,0,34.0,0
4829-ZLJTK,72,Two year,112.4,8046.85,0,0,1,Fiber optic,Electronic check,1,1,1,0,5,397.1,0
1730-VFMWO,34,Month-to-month,50.2,1815.3,0,1,0,DSL,Bank transfer (automatic),0,0,1,0,1,106.5,0
7143-BQIBA,10,Month-to-month,62.25,612.95,0,1,1,DSL,Bank transfer (automatic),0,0,0,0,3,166.4,0
3800-LYTRK,14,One year,55.7,795.15,0,1,1,DSL,Mailed check,0,0,0,0,2,105.3,0
0634-SZPQA,23,Month-to-month,90.05,2169.8,3,0,1,Fiber optic,Bank transfer (automatic),1,0,0,0,2,234.8,1
9646-NMHXE,47,Two year,19.65,973.1,2,0,0,No,Mailed check,0,0,1,0,0,25.4,0
7030-NJVDP,24,Month-to-month,89.25,2210.2,0,1,1,Fiber optic,Electronic check,1,0,1,0,3,226.3,0
5536-RTPWK,49,Month-to-month,99.05,4853.75,2,0,0,Fiber optic,Bank transfer (automatic),1,0,1,0,3,236.5,1
8883-GRDWQ,20,One year,54.0,1055.9,0,1,1,DSL,Mailed check,0,1,0,0,2,64.0,0
6166-ILMNY,2,Month-to-month,69.75,144.55,2,0,0,Fiber optic,Bank transfer (automatic),0,0,0,0,0,146.1,1
3097-NNSPB,2,Month-to-month,49.05,91.1,1,0,0,DSL,Credit card (automatic),1,0,0,0,1,78.4,1
7771-ZONAT,22,Two year,56.75,1304.85,0,1,0,DSL,Bank transfer (automatic),0,0,0,0,4,194.0,0
0655-RBDUG,7,Month-to-month,98.05,713.0,4,0,0,Fiber optic,Bank transfer (automatic),1,0,0,0,3,228.6,1
2111-DWYHN,1,Month-to-month,21.1,21.1,1,0,0,No,Mailed check,0,0,0,0,0,35.8,0
4194-WHFCB,59,Month-to-month,96.65,5580.8,1,1,0,Fiber optic,Bank transfer (automatic),1,0,1,1,3,265.0,0
4121-AGSIN,58,One year,24.5,1497.9,1,0,0,No,Credit card (automatic),1,0,1,1,0,46.3,0
4361-BKAXE,41,Month-to-month,114.5,4527.45,1,1,1,Fiber optic,Bank transfer (automatic),1,0,0,0,6,302.9,1
9845-PEEKO,59,Two year,79.2,4590.35,1,0,0,Fiber optic,Credit card (automatic),1,1,0,0,1,109.6,0
0455-XFASS,3,Month-to-month,69.55,200.2,1,0,0,Fiber optic,Electronic check,1,0,1,1,0,142.0,0
0301-KOBTQ,32,Two year,20.05,614.45,0,0,0,No,Bank transfer (automatic),1,0,0,0,0,32.7,0
1751-NCDLI,46,Month-to-month,98.85,4564.9,1,0,0,Fiber optic,Electronic check,1,1,1,0,3,276.0,0
4367-NUYAO,0,Two year,25.75,0.0,1,0,0,No,Mailed check,0,0,1,1,0,39.4,0
9878-TNQGW,2,Month-to-month,80.95,171.15,7,0,0,Fiber optic,Electronic check,1,0,0,0,1,195.9,1
9170-ARBTB,52,One year,19.6,1012.4,2,0,0,No,Credit card (automatic),0,0,1,1,0,38.2,0
4441-NIHPT,13,Month-to-month,74.3,940.35,3,0,0,Fiber optic,Electronic check,1,1,0,0,1,104.9,1
8999-BOHSE,11,Month-to-month,89.7,1047.7,2,0,0,Fiber optic,Bank transfer (automatic),0,1,0,0,2,253.0,1
7241-AJHFS,32,Month-to-month,87.65,2766.4,1,1,1,Fiber optic,Bank transfer (automatic),0,0,0,0,2,137.1,0
7029-RPUAV,17,Month-to-month,100.45,1622.45,5,0,0,Fiber optic,Credit card (automatic),1,1,1,0,3,309.1,1
4546-FOKWR,16,Month-to-month,74.75,1129.35,1,0,0,Fiber optic,Credit card (automatic),1,0,0,0,0,142.0,0
9036-CSKBW,51,One year,107.45,5680.9,2,0,1,Fiber optic,Bank transfer (automatic),0,0,0,0,5,275.8,0
5832-TRLPB,29,One year,75.35,2243.9,0,1,0,DSL,Bank transfer (automatic),1,0,0,0,4,312.9,0
8590-YFFQO,70,Two year,64.95,4523.25,0,1,1,DSL,Credit card (automatic),0,0,1,0,4,131.5,0
8659-IOOPU,71,Two year,100.45,7159.7,0,1,1,Fiber optic,Electronic check,0,0,1,1,4,208.6,0
1338-CECEE,41,One year,68.5,2839.95,2,0,0,DSL,Bank transfer (automatic),0,0,1,1,3,184.6,0
7439-DKZTW,1,Month-to-month,80.55,80.55,1,0,0,Fiber optic,Electronic check,1,0,0,0,1,193.0,0
4646-QZXTF,7,Month-to-month,81.25,580.1,0,1,1,DSL,Bank transfer (automatic),0,0,1,0,5,271.8,0
4607-CHPCA,25,One year,90.4,2178.6,1,0,0,Fiber optic,Electronic check,1,0,1,1,2,207.1,1
9742-XOKTS,67,One year,89.55,6038.55,1,1,1,Fiber optic,Electronic check,0,0,1,1,3,208.2,0
6921-OZMFH,5,Month-to-month,55.7,259.4,0,1,0,DSL,Mailed check,1,0,1,1,1,92.9,0
9578-FOMUK,15,Month-to-month,24.8,324.15,4,0,0,No,Electronic check,1,0,0,1,0,42.2,0
4712-UYOOI,20,Month-to-month,20.0,417.65,1,0,0,No,Electronic check,0,0,1,1,0,32.2,0
8824-RWFXJ,3,Month-to-month,56.15,168.15,6,0,0,DSL,Mailed check,1,0,1,1,2,96.7,1
7722-CVFXN,54,One year,105.2,5637.85,1,1,0,Fiber optic,Electronic check,1,0,1,1,4,346.1,0
8717-VCTXJ,42,One year,19.55,839.4,7,0,0,No,Mailed check,1,0,0,0,0,36.2,0
7363-QTBIW,9,Month-to-month,79.75,769.1,1,0,0,Fiber optic,Electronic check,1,0,1,0,1,154.8,0
4159-NAAIX,63,Two year,97.45,6253.0,5,0,0,Fiber optic,Bank transfer (automatic),0,0,0,0,3,250.1,0
0971-QIFJK,69,Two year,24.25,1641.8,3,0,0,No,Bank transfer (automatic),0,0,1,0,0,45.3,0
9397-TZSHA,69,Two year,24.6,1678.05,2,0,0,No,Credit card (automatic),0,0,0,0,0,50.6,0
3391-JSQEW,40,Month-to-month,50.15,2058.5,1,0,0,DSL,Mailed check,1,0,1,0,1,86.1,0
0343-QLUZP,60,Two year,39.6,2424.5,0,0,1,DSL,Bank transfer (automatic),0,0,0,0,3,73.5,0
9763-PDTKK,4,Month-to-month,94.4,387.2,1,1,1,Fiber optic,Bank transfer (automatic),1,0,0,0,4,301.7,1
2176-LVPNX,71,Two year,89.85,6293.45,0,1,1,DSL,Mailed check,0,1,0,0,6,237.4,0
7627-JKIAZ,37,Month-to-month,78.95,2839.65,6,0,0,Fiber optic,Credit card (automatic),1,0,1,0,1,144.8,1
3312-UUMZW,32,Month-to-month,98.85,3145.9,0,0,0,Fiber optic,Credit card (automatic),1,0,1,0,3,212.8,0
1271-UODNO,39,Two year,53.85,2200.7,1,1,0,DSL,Credit card (automatic),1,0,0,0,1,110.8,0
8461-EFQYM,38,One year,24.25,914.4,1,0,0,No,Electronic check,1,0,0,0,0,40.7,0
6900-RBKER,52,Two year,89.45,4577.75,5,0,0,Fiber optic,Credit card (automatic),1,0,0,0,2,256.4,0
6891-JPYFF,48,Month-to-month,105.25,4997.5,1,0,1,Fiber optic,Credit card (automatic),1,0,1,1,4,318.3,0
1459-QNFQT,70,Two year,59.5,4144.8,0,1,1,DSL,Bank transfer (automatic),0,0,1,1,5,209.9,0
1047-NNCBF,20,Month-to-month,70.55,1493.55,3,0,0,Fiber optic,Credit card (automatic),0,0,0,0,0,117.8,0
3696-XRIEN,50,One year,82.5,4179.1,0,1,1,DSL,Credit card (automatic),1,0,0,0,5,217.5,0
4081-DYXAV,19,One year,44.85,893.55,1,0,0,DSL,Credit card (automatic),1,0,0,0,2,152.0,1
0074-HDKDG,25,One year,61.6,1611.0,1,0,1,DSL,Bank transfer (automatic),1,0,1,1,3,112.5,0
8791-GFXLZ,12,Month-to-month,49.05,593.05,5,0,0,DSL,Bank transfer (automatic),1,0,0,0,1,83.9,0
8111-SLLHI,39,Month-to-month,105.65,4284.8,4,0,0,Fiber optic,Electronic check,1,1,1,0,4,249.2,1
0927-LCSMG,7,Month-to-month,74.65,544.55,0,0,0,Fiber optic,Mailed check,0,0,0,0,1,136.6,1
9330-DHBFL,23,One year,66.25,1533.8,0,1,1,DSL,Mailed check,1,0,1,1,4,119.1,0
0098-BOWSO,27,Month-to-month,19.4,529.8,1,0,0,No,Electronic check,1,0,0,0,0,33.0,0
3452-ABWRL,47,Month-to-month,86.05,3865.6,4,0,0,Fiber optic,Credit card (automatic),1,1,0,0,1,221.6,0
5859-HZYLF,26,Two year,19.15,515.75,2,0,0,No,Credit card (automatic),1,0,1,1,0,39.9,0
8257-RZAHR,14,Month-to-month,64.7,941.0,1,0,1,DSL,Bank transfer (automatic),1,0,1,0,2,143.9,1
5293-WXJAK,11,Month-to-month,104.05,1133.65,0,1,0,Fiber optic,Bank transfer (automatic),1,1,1,0,4,352.8,1
3156-QLHBO,2,Month-to-month,19.25,48.35,4,0,0,No,Mailed check,0,0,0,1,0,36.7,0
2208-NQBCT,26,Month-to-month,81.95,2070.05,2,0,1,Fiber optic,Electronic check,0,0,1,1,2,174.6,0
1779-PWPMG,72,Two year,114.65,8333.95,0,1,1,Fiber optic,Bank transfer (automatic),1,1,1,0,6,366.8,0
6621-NRZAK,63,Two year,20.0,1209.25,2,0,0,No,Credit card (automatic),0,0,1,1,0,28.5,0
0831-JNISG,71,Two year,19.8,1396.25,3,0,0,No,Mailed check,0,0,1,1,0,38.4,0
0774-IFUVM,11,Month-to-month,65.15,723.35,2,0,1,DSL,Bank transfer (automatic),1,0,1,1,2,179.0,0
3082-WQRVY,14,One year,19.65,228.65,1,0,0,No,Mailed check,0,1,1,0,0,41.8,0
9553-DLCLU,13,Two year,88.95,1161.75,0,1,1,DSL,Credit card (automatic),0,0,0,1,6,268.9,0
1641-BYBTK,6,Month-to-month,20.2,98.35,2,0,0,No,Mailed check,1,0,0,1,0,41.9,0
2460-NGXBJ,11,Month-to-month,75.2,775.3,1,0,0,Fiber optic,Credit card (automatic),1,1,1,1,0,105.5,0
2446-ZKVAF,18,Month-to-month,56.8,1074.65,1,0,0,DSL,Credit card (automatic),0,0,1,0,1,88.0,0
0841-NULXI,1,Month-to-month,35.55,35.55,3,0,0,DSL,Electronic check,1,0,0,0,1,113.1,1
3522-CDKHF,32,Month-to-month,75.5,2324.7,1,0,1,Fiber optic,Bank transfer (automatic),1,0,1,0,1,95.2,0
1430-SFQSA,29,One year,35.6,1072.6,0,1,1,DSL,Mailed check,0,0,0,0,2,59.0,0
0411-EZJZE,3,Month-to-month,60.25,170.5,2,0,0,DSL,Electronic check,1,0,0,0,1,144.7,0
7851-WZEKY,2,Month-to-month,95.15,196.9,6,0,0,Fiber optic,Electronic check,1,0,0,0,2,265.9,1
8844-TONUD,13,Month-to-month,96.65,1162.85,1,0,0,Fiber optic,Mailed check,1,0,1,1,3,288.6,1
8807-ARQET,41,Month-to-month,40.35,1677.85,2,0,0,DSL,Electronic check,1,0,0,0,2,117.0,0
8992-CEUEN,1,Month-to-month,18.85,18.85,1,0,0,No,Electronic check,0,0,0,0,0,29.8,0
4320-QMLLA,7,Month-to-month,54.85,370.4,5,0,0,DSL,Mailed check,0,0,0,0,1,119.4,0
8777-PVYGU,52,One year,64.3,3410.6,2,0,1,DSL,Mailed check,1,0,1,0,3,165.6,0
8292-ITGYJ,45,Two year,24.65,1138.8,1,0,0,No,Bank transfer (automatic),1,0,1,1,0,48.3,0
6870-ZWMNX,70,Two year,76.1,5264.25,1,1,0,DSL,Credit card (automatic),0,0,1,0,4,187.3,0
0621-CXBKL,53,Two year,18.7,1005.7,3,0,0,No,Mailed check,0,0,0,0,0,34.5,0
5268-DSMNQ,62,One year,97.95,5936.55,4,0,0,Fiber optic,Credit card (automatic),1,1,1,0,3,220.4,0
5334-JLAXU,60,Month-to-month,94.1,5475.9,0,0,1,Fiber optic,Credit card (automatic),1,0,1,0,3,166.7,0
4086-YQSNZ,3,Month-to-month,80.4,224.05,7,0,0,Fiber optic,Electronic check,1,1,1,0,1,184.5,1
6242-MBHPK,23,Month-to-month,95.1,2326.05,4,0,1,Fiber optic,Electronic check,1,1,1,0,3,280.2,0
5868-CZJDR,1,Month-to-month,31.35,31.35,8,0,0,DSL,Mailed check,1,0,0,1,1,47.1,1
9359-UGBTK,67,One year,72.35,4991.5,0,1,1,DSL,Bank transfer (automatic),1,0,0,0,4,181.5,0
0135-NMXAP,12,Month-to-month,89.75,1052.4,4,0,0,Fiber optic,Bank transfer (automatic),1,0,0,0,2,222.9,1
4782-OSFXZ,71,Two year,82.7,5831.2,0,1,1,DSL,Bank transfer (automatic),1,1,1,0,5,254.8,0
6479-OAUSD,25,One year,19.9,510.8,0,0,0,No,Credit card (automatic),0,0,0,0,0,35.6,0
7129-ACFOG,5,Month-to-month,53.8,283.95,0,0,1,DSL,Electronic check,1,0,0,0,1,93.5,0
4189-NAKJS,26,One year,51.55,1295.4,3,0,0,DSL,Credit card (automatic),1,0,0,0,0,76.4,0
5562-BETPV,1,One year,19.65,19.65,4,0,0,No,Mailed check,0,0,1,1,0,29.7,0
1282-IHQAC,70,One year,44.05,3011.65,3,0,0,DSL,Credit card (automatic),1,1,0,0,3,90.9,0
9127-FHJBZ,72,Two year,114.0,8093.15,1,1,1,Fiber optic,Electronic check,1,0,1,1,6,210.2,0
6270-OMFIW,60,One year,94.4,5610.25,2,0,0,Fiber optic,Electronic check,1,0,1,0,3,276.6,1
1641-RQDAY,32,Month-to-month,100.4,3217.65,2,0,0,Fiber optic,Electronic check,1,1,1,1,3,261.1,0
0107-WESLM,1,Month-to-month,19.85,19.85,2,0,0,No,Electronic check,1,0,0,0,0,37.5,1
6994-ORCWG,14,One year,54.25,773.2,2,0,0,DSL,Mailed check,1,0,0,0,1,74.9,0
1346-UFHAX,13,Month-to-month,80.0,1029.35,5,0,1,Fiber optic,Credit card (automatic),1,0,0,0,1,101.1,0
3992-YWPKO,6,Month-to-month,109.9,669.45,2,1,0,Fiber optic,Credit card (automatic),1,0,0,0,5,205.4,1
2933-XEUJM,46,Two year,79.2,3593.8,3,0,1,DSL,Mailed check,0,0,0,0,4,276.6,0
0125-LZQXK,15,Month-to-month,101.35,1553.95,2,1,0,Fiber optic,Electronic check,1,0,0,0,4,307.1,1
5461-QKNTN,43,Month-to-month,94.3,3953.15,2,1,0,Fiber optic,Electronic check,1,1,1,0,3,168.5,0
4835-YSJMR,39,Two year,49.8,1971.15,1,1,0,DSL,Bank transfer (automatic),1,0,0,0,1,91.2,0
8399-YNDCH,21,Month-to-month,60.05,1236.15,0,0,0,DSL,Bank transfer (automatic),1,1,0,0,2,152.2,1
3164-YAXFY,57,Month-to-month,53.75,3196.0,2,0,1,DSL,Electronic check,1,0,0,0,4,151.5,0
0887-WBJVH,53,One year,93.45,4872.2,1,1,0,Fiber optic,Electronic check,1,0,1,0,3,225.2,0
4660-IRIBM,18,Month-to-month,87.9,1500.5,2,0,1,Fiber optic,Mailed check,1,0,1,1,3,226.8,0
5673-FSSMF,1,Month-to-month,60.15,60.15,4,0,0,DSL,Electronic check,1,0,0,0,1,164.5,1
7670-ZBPOQ,58,One year,61.05,3478.75,0,1,1,DSL,Bank transfer (automatic),1,0,1,0,2,124.9,0
8089-UZWLX,71,Two year,104.05,7413.55,4,0,0,Fiber optic,Bank transfer (automatic),0,1,0,0,3,281.1,0
0080-OROZO,35,One year,99.25,3532.0,0,1,0,Fiber optic,Electronic check,1,0,0,0,4,264.2,0
3916-NRPAP,3,Month-to-month,85.7,256.75,7,0,0,Fiber optic,Credit card (automatic),0,0,0,0,2,209.5,0
6807-SIWJI,38,One year,104.85,3887.25,1,0,1,Fiber optic,Electronic check,1,0,0,0,4,263.6,0
8221-HVAYI,35,Two year,69.15,2490.15,0,1,1,DSL,Credit card (automatic),1,0,1,1,4,156.3,0
1579-KLYDT,7,Month-to-month,90.45,593.45,3,0,0,Fiber optic,Electronic check,1,0,0,0,2,210.5,1
5232-NXPAY,47,Two year,74.45,3510.3,0,1,0,DSL,Mailed check,0,0,0,0,4,232.1,0
8967-SZQAS,14,Month-to-month,50.45,765.45,2,0,0,DSL,Electronic check,0,0,0,0,1,90.1,0
4468-KAZHE,20,Month-to-month,60.0,1259.35,2,0,0,DSL,Electronic check,1,1,1,0,2,134.0,0
0455-ENTCR,66,Two year,85.25,5538.35,0,1,1,DSL,Electronic check,0,0,1,0,5,232.8,0
8944-AILEF,15,Month-to-month,19.45,340.85,1,0,0,No,Credit card (automatic),1,0,1,0,0,33.5,0
5542-NKVRU,42,Two year,20.75,844.45,1,0,0,No,Bank transfer (automatic),1,0,0,0,0,33.1,0
7126-RBHSD,17,Month-to-month,78.9,1348.95,2,0,1,Fiber optic,Electronic check,0,0,1,0,1,159.9,0
5370-IIVVL,37,One year,104.5,3778.0,0,1,0,Fiber optic,Credit card (automatic),1,0,0,0,4,348.9,0
6789-HJBWG,12,Month-to-month,49.4,611.65,2,0,0,DSL,Electronic check,1,0,0,0,1,93.2,0
3927-NLNRY,53,One year,94.25,4867.95,6,0,0,Fiber optic,Bank transfer (automatic),1,0,1,0,3,247.1,1
9087-EYCPR,60,Two year,25.0,1505.05,1,0,0,No,Mailed check,0,0,0,0,0,40.4,0
6791-YBNAK,18,Month-to-month,25.55,467.85,2,0,0,DSL,Credit card (automatic),0,0,1,1,0,36.2,0
6358-LYNGM,1,Month-to-month,74.9,74.9,2,0,0,Fiber optic,Electronic check,1,0,0,0,0,147.8,1
6077-BDPXA,3,Month-to-month,70.15,194.2,3,0,0,Fiber optic,Electronic check,1,0,0,0,0,137.7,0
0013-MHZWF,9,Month-to-month,69.4,571.45,1,1,0,DSL,Credit card (automatic),1,0,0,1,3,181.9,0
5494-HECPR,1,Month-to-month,80.25,80.25,5,0,0,Fiber optic,Electronic check,1,0,0,0,1,187.8,1
8268-YDIXR,56,One year,93.15,5253.95,0,0,1,Fiber optic,Electronic check,1,0,1,0,3,147.5,0
9824-BEMCV,17,Month-to-month,69.0,1149.65,1,0,0,Fiber optic,Electronic check,1,0,1,1,0,151.1,1
1373-ORVIZ,11,Month-to-month,66.35,740.8,1,1,0,DSL,Electronic check,1,0,1,1,2,163.1,1
4291-SHSBH,7,Month-to-month,69.55,521.35,1,0,0,Fiber optic,Electronic check,1,0,0,0,0,134.2,0
6980-IMXXE,69,Two year,20.2,1412.65,1,0,0,No,Bank transfer (automatic),0,0,1,1,0,45.8,0
9866-QEVEE,19,Month-to-month,86.0,1532.45,1,0,0,Fiber optic,Bank transfer (automatic),1,0,0,0,1,131.7,1
9897-KXHCM,3,Month-to-month,80.3,250.05,3,0,0,Fiber optic,Electronic check,1,0,1,1,1,197.0,1
0040-HALCW,54,Two year,20.4,1090.6,2,0,0,No,Credit card (automatic),0,0,1,1,0,38.4,0
0784-GTUUK,62,One year,23.75,1446.8,2,0,0,No,Credit card (automatic),1,0,1,0,0,41.2,0
7979-CORPM,24,Month-to-month,90.55,2282.55,1,0,0,Fiber optic,Credit card (automatic),1,0,0,0,2,205.0,1
2294-DMMUS,62,Month-to-month,70.45,4300.45,2,0,0,DSL,Credit card (automatic),1,0,1,1,2,246.5,0
0872-JCPIB,17,Month-to-month,65.75,1111.2,1,0,1,DSL,Bank transfer (automatic),0,0,0,0,2,144.1,0
3055-MJDSB,9,Month-to-month,24.6,190.1,3,0,0,DSL,Mailed check,1,0,0,0,0,40.4,0
9091-WTUUY,64,Two year,69.25,4447.75,0,1,1,DSL,Mailed check,0,0,1,1,4,208.1,0
1618-CFHME,2,Month-to-month,75.9,143.35,4,0,0,Fiber optic,Electronic check,1,0,0,0,0,158.4,1
3165-HDOEW,1,Month-to-month,45.85,45.85,1,0,0,DSL,Mailed check,1,0,1,1,0,89.2,1
6581-NQCBA,16,Month-to-month,49.95,810.2,3,1,0,DSL,Electronic check,1,0,1,0,3,191.7,1
7115-IRDHS,72,Two year,24.65,1830.05,5,0,0,No,Bank transfer (automatic),0,0,1,0,0,45.4,0
8496-DMZUK,30,One year,90.4,2820.65,1,0,1,Fiber optic,Bank transfer (automatic),0,0,0,0,3,157.1,0
2040-VZIKE,49,Month-to-month,100.85,4847.35,1,0,1,Fiber optic,Mailed check,1,0,1,0,3,258.3,0
9068-VPWQQ,61,Two year,75.35,4729.3,2,1,1,DSL,Credit card (automatic),0,0,1,0,4,185.5,0
0178-SZBHO,47,Month-to-month,87.2,4017.45,1,0,0,Fiber optic,Electronic check,0,0,1,1,2,185.3,0
0384-RVBPI,20,Month-to-month,64.4,1398.6,1,0,1,DSL,Credit card (automatic),0,0,0,0,3,120.6,0
1689-MRZQR,34,Month-to-month,78.3,2564.3,1,0,0,Fiber optic,Electronic check,0,0,1,1,1,178.3,1
1299-AURJA,70,Two year,24.7,1685.9,2,0,0,No,Bank transfer (automatic),0,0,1,1,0,46.8,0
4525-VZCZG,54,One year,105.85,5826.65,0,1,1,Fiber optic,Electronic check,1,0,0,1,5,267.9,0
1543-LLLFT,61,One year,98.3,6066.55,1,1,0,Fiber optic,Mailed check,1,1,1,0,4,240.7,0
5835-BEQEU,3,Month-to-month,76.95,228.4,4,0,0,Fiber optic,Electronic check,1,0,0,0,0,145.9,1
2788-CJQAQ,13,One year,19.45,270.2,3,0,0,No,Mailed check,0,0,0,0,0,40.4,0
5565-FILXA,16,Month-to-month,96.15,1529.2,3,0,0,Fiber optic,Electronic check,1,1,0,0,2,260.4,1
0319-QZTCO,3,Month-to-month,58.7,168.6,3,0,0,DSL,Credit card (automatic),1,0,1,1,2,143.5,0
2120-SMPEX,25,Month-to-month,20.15,536.35,4,0,0,No,Mailed check,1,0,0,0,0,39.7,0
0096-FCPUF,30,Month-to-month,64.5,1888.45,0,0,1,DSL,Mailed check,1,0,0,0,2,178.1,0
0668-OGMHD,21,Month-to-month,28.5,629.35,2,0,1,DSL,Electronic check,0,0,1,0,1,48.5,0
5552-ZNFSJ,1,Month-to-month,45.3,45.3,4,0,0,DSL,Electronic check,0,0,0,0,0,72.1,1
2223-KAGMX,15,Month-to-month,19.4,289.3,6,0,0,No,Bank transfer (automatic),0,0,0,0,0,42.2,1
6507-ZJSUR,23,Month-to-month,90.45,2117.25,4,0,0,Fiber optic,Electronic check,1,1,1,0,2,226.6,0
9408-HRXRK,45,Month-to-month,105.15,4730.9,0,0,1,Fiber optic,Electronic check,1,0,1,1,4,287.0,0
5593-SUAOO,24,One year,83.15,2033.05,2,0,0,Fiber optic,Bank transfer (automatic),0,0,1,1,2,140.9,0
7321-PKUYW,11,Month-to-month,90.15,987.95,1,1,0,Fiber optic,Electronic check,0,0,0,0,2,211.0,1
2833-SLKDQ,1,Month-to-month,45.05,45.05,2,0,0,DSL,Mailed check,0,0,0,0,0,98.6,1
6766-HFKLA,56,Two year,103.2,5744.35,2,1,0,Fiber optic,Bank transfer (automatic),0,0,1,0,4,334.7,0
7595-EUIVN,1,Month-to-month,75.8,75.8,2,0,0,Fiber optic,Electronic check,0,0,0,0,1,111.6,1
7617-EYGLW,1,Month-to-month,19.45,19.45,2,0,0,No,Electronic check,0,0,0,0,0,27.9,0
2026-TGDHM,7,Month-to-month,79.3,523.15,3,0,0,Fiber optic,Electronic check,1,0,0,0,1,94.4,1
9220-ZNKJI,55,Two year,88.8,4805.3,1,1,0,Fiber optic,Credit card (automatic),0,1,1,0,3,219.4,0
4030-VPZBD,2,Month-to-month,30.9,59.05,2,1,0,DSL,Electronic check,1,0,0,0,1,69.0,1
2226-ICFDO,72,Two year,85.9,6110.75,0,1,1,DSL,Credit card (automatic),1,0,1,1,5,246.1,0
0723-VSOBE,45,One year,34.2,1596.6,2,0,0,DSL,Electronic check,0,1,0,0,1,98.3,0
5529-GIBVH,47,Two year,20.15,1046.2,1,0,0,No,Mailed check,0,0,0,0,0,41.1,0
4187-CINZD,46,One year,95.25,4424.2,2,0,0,Fiber optic,Credit card (automatic),0,1,0,0,3,219.4,1
9992-UJOEL,2,Month-to-month,50.3,92.75,5,0,0,DSL,Mailed check,1,0,0,0,1,100.3,0
4741-WWJQZ,2,Month-to-month,80.15,194.55,1,1,1,Fiber optic,Electronic check,1,0,1,0,2,174.5,0
6625-UTXEW,12,Month-to-month,51.25,612.1,2,0,0,DSL,Electronic check,1,0,1,0,1,110.0,0
6818-WOBHJ,68,Month-to-month,89.6,6127.6,4,0,0,Fiber optic,Bank transfer (automatic),1,1,1,0,2,224.4,1
6244-BESBM,69,Two year,95.2,6671.7,2,1,0,Fiber optic,Credit card (automatic),1,0,1,1,3,235.3,0
1004-NOZNR,56,One year,94.8,5264.3,2,0,1,Fiber optic,Credit card (automatic),0,1,0,1,3,241.1,0
1251-STYSZ,4,Month-to-month,80.25,303.7,1,0,1,Fiber optic,Electronic check,1,1,0,0,1,126.5,0
2612-PHGOX,64,Two year,76.1,4818.8,0,1,0,DSL,Bank transfer (automatic),1,0,1,0,4,227.3,0
2408-TZMJL,59,One year,110.15,6448.05,1,0,1,Fiber optic,Electronic check,1,0,1,0,5,332.2,1
8480-PPONV,62,Two year,115.55,7159.05,1,1,1,Fiber optic,Bank transfer (automatic),0,0,1,1,6,288.4,0
8780-IHCRN,63,Two year,24.65,1574.5,1,0,0,No,Credit card (automatic),0,0,1,1,0,44.4,0
4598-ZADCK,53,One year,53.6,2879.2,0,1,1,DSL,Electronic check,1,0,0,0,5,142.6,0
1257-SXUXQ,5,Month-to-month,19.45,86.05,5,0,0,No,Mailed check,0,0,1,1,0,32.0,0
9681-KYGYB,49,Month-to-month,88.2,4159.45,0,0,1,Fiber optic,Electronic check,1,1,1,0,3,172.5,0
7182-OVLBJ,62,Two year,101.15,6638.35,0,0,1,Fiber optic,Bank transfer (automatic),1,0,1,1,3,283.9,0
5095-ETBRJ,55,Two year,56.8,3112.05,0,1,1,DSL,Mailed check,0,0,1,0,3,109.8,0
7005-CYUIL,71,Two year,99.4,7168.25,0,1,1,Fiber optic,Electronic check,1,1,1,0,5,222.7,0
4821-WQOYN,72,Two year,20.1,1326.25,1,0,0,No,Credit card (automatic),1,0,1,1,0,23.2,0
4730-AWNAU,36,One year,60.7,2234.55,0,1,1,DSL,Credit card (automatic),0,0,1,1,5,185.7,0
3452-FLHYD,25,One year,20.95,495.15,2,0,0,No,Bank transfer (automatic),1,0,1,0,0,30.3,0
2388-LAESQ,72,Two year,114.85,8317.95,0,1,1,Fiber optic,Bank transfer (automatic),1,1,1,0,6,218.4,0
9531-NSBMR,36,One year,19.25,679.8,1,0,0,No,Bank transfer (automatic),1,0,0,0,0,46.4,0
6260-ONULR,1,Month-to-month,62.8,62.8,3,0,0,DSL,Mailed check,1,0,0,0,2,180.7,0
4389-UEFCZ,72,Two year,105.5,7544.0,0,0,1,Fiber optic,Electronic check,1,0,1,0,4,264.7,0
8711-LOBKY,59,Two year,19.85,1188.25,0,0,0,No,Mailed check,0,0,1,1,0,34.4,0
9134-CEQMF,7,Month-to-month,89.5,676.7,4,0,0,Fiber optic,Electronic check,1,1,1,0,2,212.9,1
8985-OOPOS,1,One year,74.1,74.1,1,1,0,DSL,Credit card (automatic),0,0,0,0,4,266.0,0
8800-ZKRFW,30,Month-to-month,107.5,3242.5,2,1,0,Fiber optic,Electronic check,1,0,1,1,5,201.4,0
2616-FLVQC,64,Two year,19.55,1240.15,3,0,0,No,Mailed check,0,0,0,0,0,38.0,0
9968-FFVVH,63,One year,68.8,4111.35,0,1,1,DSL,Bank transfer (automatic),0,0,0,0,4,114.1,0
3108-PCCGG,72,Two year,84.45,5899.85,1,0,1,DSL,Credit card (automatic),0,1,1,0,5,277.2,0
7993-PYKOF,8,Month-to-month,75.0,632.95,1,0,1,Fiber optic,Electronic check,0,0,1,0,1,152.9,1
8390-FESFV,62,Two year,84.5,5193.2,0,1,0,DSL,Bank transfer (automatic),0,0,0,0,5,236.6,0
3022-BEXHZ,67,Two year,111.2,7530.8,2,1,0,Fiber optic,Bank transfer (automatic),1,0,1,1,5,220.4,0
5027-XWQHA,6,Month-to-month,44.75,270.95,2,0,0,DSL,Electronic check,0,0,0,0,0,90.5,1
6248-TKCQV,70,Two year,80.6,5460.2,1,1,1,DSL,Bank transfer (automatic),1,0,1,1,4,259.1,0
6729-GDNGC,20,Month-to-month,80.7,1614.2,2,0,0,Fiber optic,Bank transfer (automatic),0,1,0,0,1,204.6,0
6198-ZFIOJ,5,Month-to-month,75.6,402.5,5,0,0,Fiber optic,Electronic check,0,0,0,0,0,131.2,0
5989-OMNJE,24,One year,57.6,1367.75,0,0,1,DSL,Electronic check,0,0,1,1,5,202.1,0
4566-QVRRW,11,Month-to-month,44.05,483.7,2,0,0,DSL,Electronic check,1,0,1,0,0,70.8,1
1291-CUOCY,72,Two year,110.6,7962.2,5,1,0,Fiber optic,Credit card (automatic),1,0,1,0,5,291.1,0
9795-SHUHB,66,Two year,58.2,3810.8,0,1,1,DSL,Credit card (automatic),1,0,1,1,3,111.1,0
3230-IUALN,45,Two year,81.0,3533.6,0,1,1,DSL,Mailed check,1,0,1,1,5,219.6,0
0042-RLHYP,69,Two year,19.7,1396.9,2,0,0,No,Bank transfer (automatic),0,0,1,1,0,30.5,0
8519-IMDHU,15,Month-to-month,85.6,1345.55,5,0,0,Fiber optic,Bank transfer (automatic),1,1,1,0,1,188.9,1
4945-RVMTE,28,Month-to-month,59.55,1646.45,0,0,0,DSL,Bank transfer (automatic),1,0,0,0,2,129.1,0
0201-OAMXR,70,One year,115.55,8127.6,0,1,1,Fiber optic,Credit card (automatic),0,0,0,0,6,239.1,1
1866-NXPSP,36,One year,75.55,2680.15,0,1,1,DSL,Mailed check,1,0,0,0,5,204.3,0
3372-KWFBM,16,Month-to-month,86.6,1281.0,1,0,0,Fiber optic,Electronic check,1,1,0,0,1,192.6,1
7831-QGOXH,18,Month-to-month,85.2,1553.9,2,0,0,Fiber optic,Electronic check,1,0,0,0,1,179.8,1
6393-WRYZE,34,Month-to-month,97.65,3207.55,5,0,0,Fiber optic,Electronic check,1,0,1,0,2,237.8,1
3941-XTSKM,42,One year,45.1,2049.05,1,0,0,DSL,Credit card (automatic),1,0,1,1,3,129.6,0
1661-CZBAU,48,One year,70.95,3629.2,0,1,1,DSL,Bank transfer (automatic),1,0,0,0,3,160.7,0
6599-RCLCJ,47,Month-to-month,109.55,5124.55,1,1,0,Fiber optic,Electronic check,1,0,1,0,5,249.9,1
9831-BPFRI,39,One year,89.55,3474.45,1,1,0,Fiber optic,Electronic check,1,0,1,1,3,168.5,1
5158-RIVOP,11,Two year,20.9,202.3,2,0,0,No,Credit card (automatic),0,0,1,1,0,38.6,0
9788-YTFGE,7,Month-to-month,19.95,147.5,1,0,0,No,Mailed check,1,0,0,0,0,31.3,0
9277-JOOMO,3,Month-to-month,24.6,86.35,2,0,0,No,Mailed check,0,0,0,0,0,37.5,0
1907-YLNYW,8,Month-to-month,66.7,579.0,0,0,1,DSL,Electronic check,1,0,0,0,3,191.7,0
1725-MIMXW,1,Month-to-month,19.45,19.45,4,0,0,No,Mailed check,1,0,0,1,0,33.8,1
8947-YRTDV,32,One year,94.8,3131.55,1,0,1,Fiber optic,Mailed check,0,0,1,1,4,249.2,0
3161-ONRWK,60,One year,65.85,3928.3,0,1,1,DSL,Bank transfer (automatic),1,0,1,1,4,129.6,0
0114-RSRRW,10,Month-to-month,19.95,187.75,2,0,0,No,Bank transfer (automatic),1,0,1,0,0,35.7,0
4565-NLZBV,71,Two year,24.65,1710.15,1,0,0,No,Bank transfer (automatic),1,0,1,0,0,43.0,0
0031-PVLZI,4,Month-to-month,20.35,76.35,6,0,0,No,Mailed check,0,0,1,1,0,45.6,1
7206-GZCDC,1,Month-to-month,69.25,69.25,3,0,0,Fiber optic,Electronic check,1,1,0,0,0,113.5,1
6682-VCIXC,43,One year,51.25,2151.6,0,1,1,DSL,Bank transfer (automatic),1,0,1,1,4,125.3,0
4791-QRGMF,59,One year,99.5,5961.1,2,0,0,Fiber optic,Bank transfer (automatic),1,0,1,0,3,228.9,1
6475-VHUIZ,23,Month-to-month,54.25,1221.55,1,1,0,DSL,Electronic check,0,0,1,0,2,95.9,0
3910-MRQOY,72,Two year,19.4,1496.45,0,0,0,No,Bank transfer (automatic),0,0,1,0,0,30.3,0
0661-WCQNQ,22,One year,56.25,1292.2,0,1,1,DSL,Credit card (automatic),1,0,1,0,2,103.5,0
7537-RBWEA,1,Month-to-month,25.15,25.15,1,0,0,DSL,Mailed check,1,0,0,0,0,37.1,0
4656-CAURT,69,Two year,23.95,1713.1,1,0,0,No,Bank transfer (automatic),0,0,0,0,0,46.6,0
0121-SNYRK,50,One year,35.4,1748.9,0,1,1,DSL,Mailed check,1,0,0,0,2,67.2,0
1768-ZAIFU,1,Month-to-month,25.2,25.2,2,0,0,DSL,Electronic check,1,1,0,0,0,47.0,1
4671-LXRDQ,2,Month-to-month,45.0,96.45,2,0,0,DSL,Mailed check,1,0,0,0,0,74.2,1
3733-LSYCE,15,Month-to-month,75.35,1114.55,1,0,0,Fiber optic,Bank transfer (automatic),0,0,1,0,1,162.0,0
6265-FRMTQ,31,Two year,20.4,609.1,1,0,0,No,Bank transfer (automatic),0,0,0,0,0,47.8,0
1934-SJVJK,1,Month-to-month,20.15,20.15,5,0,0,No,Mailed check,0,0,0,0,0,35.7,1
3838-OZURD,66,Month-to-month,105.0,7133.25,2,0,0,Fiber optic,Credit card (automatic),1,0,1,0,4,239.6,1
1371-DWPAZ,0,Two year,56.05,0.0,1,1,1,DSL,Credit card (automatic),0,0,1,1,5,154.9,0
9269-CQOOL,3,Month-to-month,54.7,169.45,1,0,0,DSL,Credit card (automatic),1,0,0,1,1,134.8,1
2017-CCBLH,8,Two year,20.0,141.6,1,0,0,No,Mailed check,0,0,0,0,0,36.9,0
7690-KPNCU,64,One year,73.05,4688.65,1,0,1,DSL,Credit card (automatic),1,0,1,1,4,232.6,0
0536-BGFMZ,28,Month-to-month,20.5,563.05,2,0,0,No,Mailed check,0,0,1,0,0,29.7,0
2293-IJWPS,57,One year,100.75,5985.0,2,0,0,Fiber optic,Credit card (automatic),1,0,1,0,3,290.5,0
2845-HSJCY,14,Month-to-month,87.25,1258.6,1,0,0,Fiber optic,Electronic check,1,0,1,1,2,167.5,1
5469-NUJUR,19,Two year,19.95,373.5,1,0,0,No,Mailed check,1,0,0,0,0,29.4,0
1184-PJVDB,10,Month-to-month,79.95,857.2,1,0,0,Fiber optic,Electronic check,1,0,1,0,1,174.2,1
2625-TRCZQ,51,Month-to-month,49.65,2553.35,3,0,0,DSL,Electronic check,1,0,1,0,3,206.6,0
4102-HLENU,67,Two year,65.65,4322.85,2,0,1,DSL,Mailed check,0,0,1,0,3,107.6,0
7266-GSSJX,11,Month-to-month,20.45,250.8,3,0,0,No,Electronic check,1,0,1,1,0,39.5,0
7722-VJRQD,72,Two year,60.95,4549.05,0,1,1,DSL,Bank transfer (automatic),0,0,1,1,5,164.4,0
7073-QETQY,66,One year,20.35,1359.5,1,0,0,No,Electronic check,1,0,1,1,0,40.2,0
9415-DPEWS,18,Month-to-month,88.35,1639.3,0,1,0,Fiber optic,Electronic check,1,0,0,0,2,209.2,1
5624-RYAMH,9,Month-to-month,19.5,178.85,2,0,0,No,Electronic check,1,0,0,0,0,41.2,0
0196-JTUQI,9,Month-to-month,75.2,633.85,0,0,0,Fiber optic,Credit card (automatic),1,0,0,0,0,139.5,0
7130-YXBRO,48,Month-to-month,111.45,5315.1,0,0,1,Fiber optic,Bank transfer (automatic),1,0,1,0,5,282.0,0
9272-LSVYH,10,Month-to-month,70.15,735.5,2,0,0,Fiber optic,Mailed check,0,0,0,0,0,91.9,0
7943-RQCHR,9,Month-to-month,94.75,889.9,1,0,0,Fiber optic,Electronic check,1,0,0,0,2,263.2,1
3793-MMFUH,13,Month-to-month,95.05,1290.0,3,0,0,Fiber optic,Electronic check,1,1,0,0,2,281.4,1
3249-ZPQRG,4,Month-to-month,78.45,330.05,2,0,0,Fiber optic,Electronic check,0,0,0,0,1,145.9,1
2568-BRGYX,4,Month-to-month,70.2,237.95,3,0,0,Fiber optic,Electronic check,1,0,0,0,0,130.2,1
3084-DOWLE,72,Two year,92.0,6474.4,0,1,1,DSL,Bank transfer (automatic),0,0,1,0,6,267.0,0
1084-MNSMJ,51,Two year,85.5,4421.95,0,1,1,DSL,Credit card (automatic),0,0,1,1,6,264.8,0
7721-JXEAW,59,Month-to-month,41.05,2452.7,3,0,0,DSL,Bank transfer (automatic),1,0,1,0,2,99.2,1
7249-WBIYX,10,Month-to-month,85.6,813.85,1,0,0,Fiber optic,Electronic check,1,0,1,0,1,192.7,1
4238-HFHSN,61,Month-to-month,82.15,4904.85,2,0,0,Fiber optic,Electronic check,1,1,1,0,1,157.8,0
6250-CGGUN,54,One year,84.4,4484.05,1,1,1,Fiber optic,Electronic check,0,0,0,0,3,158.2,0
5478-JJVZK,33,Month-to-month,60.9,2033.85,2,0,1,DSL,Mailed check,1,0,0,0,2,94.5,0
7596-IIWYC,27,Two year,20.25,538.2,1,0,0,No,Bank transfer (automatic),1,0,0,0,0,25.9,0
6567-HOOPW,1,Month-to-month,79.2,79.2,3,0,0,Fiber optic,Electronic check,1,1,0,0,1,191.9,1
9793-WECQC,23,Month-to-month,95.3,2192.9,1,0,0,Fiber optic,Mailed check,0,0,0,0,3,279.2,0
4291-HPAXL,1,Month-to-month,19.85,19.85,5,0,0,No,Mailed check,0,0,0,1,0,44.7,0
8999-YPYBV,45,Two year,84.35,3858.05,1,1,1,DSL,Mailed check,1,0,1,1,6,247.1,0
1839-FBNFR,39,Two year,19.85,854.8,1,0,0,No,Bank transfer (automatic),1,0,1,1,0,31.3,0
3164-AALRN,5,One year,70.0,347.4,1,0,0,DSL,Mailed check,1,0,0,0,3,220.2,1
3071-MVJCD,72,Two year,82.3,5815.15,0,1,1,DSL,Bank transfer (automatic),0,0,1,1,5,185.6,0
1697-BCSHV,58,Month-to-month,66.8,3970.4,1,0,0,DSL,Bank transfer (automatic),1,0,1,1,2,144.7,0
0562-KBDVM,70,Two year,44.6,3058.15,0,1,1,DSL,Bank transfer (automatic),1,0,0,0,4,63.5,0
1131-SUEKT,61,One year,98.45,6145.2,0,1,0,Fiber optic,Bank transfer (automatic),1,0,1,1,4,188.8,0
3717-OEAUQ,2,Month-to-month,70.7,129.2,5,0,0,Fiber optic,Mailed check,0,0,0,0,0,114.5,0
4538-WNTMJ,46,One year,24.95,1165.9,3,0,0,No,Mailed check,0,0,1,1,0,42.3,0
3334-CTHOL,1,Month-to-month,49.95,49.95,2,0,0,DSL,Bank transfer (automatic),1,0,0,0,0,91.0,1
4704-ERYFC,22,Month-to-month,69.25,1554.0,2,0,0,Fiber optic,Electronic check,1,0,1,0,0,125.4,1
9432-RUVSL,48,Two year,102.5,4904.25,2,1,1,Fiber optic,Credit card (automatic),1,0,0,0,5,274.3,0
8060-HIWJJ,64,Two year,86.55,5632.55,1,1,0,DSL,Credit card (automatic),0,0,0,0,5,303.1,0
7684-XSZIY,72,Two year,24.3,1643.25,1,0,0,No,Bank transfer (automatic),0,0,1,1,0,43.5,0
9089-UOWJG,12,Month-to-month,58.35,740.55,1,0,0,DSL,Credit card (automatic),1,0,1,1,2,174.9,0
8621-MNIHH,34,Month-to-month,94.25,3217.55,2,0,0,Fiber optic,Electronic check,1,1,1,0,3,186.1,1
8039-ACLPL,72,Two year,68.75,4888.2,1,0,1,DSL,Credit card (automatic),0,0,1,1,4,146.7,0
9885-AIBVB,29,Month-to-month,85.8,2440.25,3,0,0,Fiber optic,Electronic check,1,0,1,0,2,142.9,0
1934-MKPXS,33,One year,20.1,620.55,3,0,0,No,Credit card (automatic),0,0,1,1,0,26.7,0
2592-YKDIF,1,Month-to-month,20.35,20.35,2,0,0,No,Mailed check,0,0,0,0,0,45.7,0
2272-JKMSI,62,One year,110.8,6840.95,1,1,0,Fiber optic,Electronic check,1,0,1,1,5,290.7,0
0471-LVHGK,41,One year,73.0,3001.2,2,0,0,DSL,Electronic check,1,0,1,0,3,234.6,1
9518-RWHZL,64,One year,100.05,6254.2,1,0,0,Fiber optic,Credit card (automatic),1,0,0,0,3,327.3,1
8714-CTZJW,4,Month-to-month,82.85,319.6,7,0,0,Fiber optic,Credit card (automatic),1,0,0,0,2,202.3,0
3569-EDBPQ,24,Month-to-month,84.35,1938.05,1,1,1,Fiber optic,Electronic check,1,0,0,0,2,188.9,0
3131-NWVFJ,14,One year,19.55,294.5,1,0,0,No,Mailed check,0,0,1,1,0,23.0,0
7521-YXVZY,3,Month-to-month,19.95,58.3,1,0,0,No,Mailed check,0,0,0,1,0,42.8,0
5419-CONWX,4,Month-to-month,99.8,442.85,2,0,0,Fiber optic,Credit card (automatic),1,1,0,0,4,272.0,1
6240-EURKS,18,Month-to-month,35.0,553.0,3,0,0,DSL,Electronic check,1,0,0,1,1,94.8,1
2373-NTKOD,8,Month-to-month,66.25,546.45,3,0,0,DSL,Electronic check,1,0,0,0,2,231.8,0
1970-KKFWL,35,Two year,23.3,797.1,3,0,0,No,Bank transfer (automatic),0,0,0,0,0,42.2,0
6960-HVYXR,1,Month-to-month,76.0,76.0,1,0,0,Fiber optic,Electronic check,0,0,0,0,0,123.0,1
9337-SRRNI,66,Two year,25.3,1673.8,1,0,0,No,Credit card (automatic),1,0,0,1,0,32.5,0
0895-UADGO,8,Two year,44.55,343.45,0,1,1,DSL,Mailed check,1,0,0,1,3,152.2,0
5678-VFNEQ,71,One year,104.1,7412.25,3,0,1,Fiber optic,Credit card (automatic),1,0,1,0,4,164.5,0
5977-CKHON,43,Month-to-month,92.55,4039.0,1,0,0,Fiber optic,Bank transfer (automatic),1,0,1,1,2,209.3,0
7024-OHCCK,2,Month-to-month,93.85,170.85,4,0,0,Fiber optic,Electronic check,1,1,0,0,2,308.5,1
2692-BUCFV,29,Month-to-month,101.45,2948.6,1,0,0,Fiber optic,Bank transfer (automatic),1,1,0,0,4,288.7,0
7861-UVUFT,15,Month-to-month,84.3,1308.4,5,0,0,Fiber optic,Electronic check,1,0,1,0,2,174.4,1
1830-GGFNM,65,Two year,94.55,6078.75,0,1,1,Fiber optic,Credit card (automatic),0,0,1,1,4,163.8,0
5302-BDJNT,35,Month-to-month,95.5,3418.2,2,1,0,Fiber optic,Electronic check,0,0,0,0,3,193.1,0
5223-UZAVK,64,One year,100.3,6603.8,1,0,1,Fiber optic,Credit card (automatic),1,0,0,0,4,270.8,0
4859-ZSRDZ,58,Two year,55.5,3166.9,1,1,0,DSL,Credit card (automatic),1,0,1,1,4,178.3,0
5651-WYIPH,18,Month-to-month,49.85,865.75,2,0,0,DSL,Credit card (automatic),1,1,0,0,1,72.8,0
9350-VLHMB,67,Month-to-month,89.55,6373.1,1,0,0,Fiber optic,Bank transfer (automatic),1,0,1,1,2,157.7,0
3498-LZGQZ,63,Two year,19.15,1177.05,2,0,0,No,Mailed check,1,0,1,1,0,40.4,0
8785-CJSHH,60,Month-to-month,99.8,5985.75,2,0,0,Fiber optic,Electronic check,1,0,1,0,3,210.9,0
5357-TZHPP,9,Month-to-month,84.4,732.5,1,0,0,Fiber optic,Credit card (automatic),1,1,0,0,1,159.9,1
3870-SPZSI,70,Two year,113.05,7869.05,0,1,1,Fiber optic,Credit card (automatic),1,0,1,1,6,382.0,0
0680-DFNNY,15,Month-to-month,101.1,1504.05,3,0,0,Fiber optic,Electronic check,1,0,1,0,3,229.7,1
7560-QRBXH,48,One year,19.95,936.7,3,0,0,No,Mailed check,0,0,0,1,0,28.9,0
7077-XJMET,12,Month-to-month,74.15,741.4,0,1,0,DSL,Electronic check,1,0,1,0,4,182.8,0
8752-GHJFU,71,One year,92.0,6585.2,0,1,1,Fiber optic,Electronic check,1,1,1,0,4,184.6,0
6896-SRVYQ,44,Month-to-month,73.85,3122.4,0,0,0,Fiber optic,Electronic check,0,1,0,0,1,118.2,0
7767-UXAGJ,1,Month-to-month,50.45,50.45,1,0,0,DSL,Electronic check,1,0,0,0,0,89.0,1
4652-ODEVH,45,Two year,24.45,1088.25,1,0,0,No,Mailed check,0,0,1,1,0,28.9,0
6510-UPNKS,23,One year,24.8,615.35,2,0,0,No,Credit card (automatic),0,0,0,0,0,40.5,0
6718-BDGHG,43,One year,64.85,2908.2,0,1,0,DSL,Bank transfer (automatic),1,0,1,0,2,157.5,0
9046-DQMTP,35,Month-to-month,20.75,739.9,1,0,0,No,Bank transfer (automatic),0,0,0,0,0,37.6,0
6439-LAJXL,9,Month-to-month,68.95,593.85,0,1,1,DSL,Mailed check,1,0,1,0,4,199.9,0
1571-SAVHK,12,Month-to-month,99.95,1132.75,2,1,0,Fiber optic,Mailed check,1,0,0,0,3,279.4,1
9052-VKDUW,65,Month-to-month,109.4,7227.45,0,0,1,Fiber optic,Credit card (automatic),1,1,1,0,5,157.3,0
9546-CQJSU,2,Month-to-month,91.4,193.6,4,0,0,Fiber optic,Electronic check,1,0,0,0,2,154.6,1
1666-JZPZT,27,Month-to-month,49.0,1291.35,2,0,0,DSL,Mailed check,0,0,0,0,0,76.4,0
5777-KJIRB,40,One year,50.25,2023.55,2,0,0,DSL,Mailed check,1,0,0,0,1,86.3,0
0506-LVNGN,5,Month-to-month,75.55,349.65,7,0,0,Fiber optic,Credit card (automatic),1,1,0,0,1,136.8,1
7677-SJJJK,8,One year,19.9,153.95,1,0,0,No,Credit card (automatic),0,0,1,1,0,39.1,0
2480-EJWYP,58,One year,97.8,5458.8,1,0,0,Fiber optic,Bank transfer (automatic),1,1,1,0,3,191.0,0
3253-HKOKL,52,One year,100.3,5244.45,3,0,1,Fiber optic,Electronic check,0,0,1,1,4,173.1,0
7055-HNEOJ,3,Month-to-month,55.8,154.55,1,1,0,DSL,Mailed check,1,0,1,0,2,112.1,0
5514-YQENT,41,Two year,111.15,4507.15,1,1,1,Fiber optic,Electronic check,1,0,0,1,6,237.3,0
3211-AAPKX,20,Month-to-month,98.55,2031.95,1,1,0,Fiber optic,Mailed check,1,0,0,0,3,165.9,0
8445-DNBAE,1,Month-to-month,50.05,50.05,3,0,0,DSL,Electronic check,1,0,0,1,0,76.9,0
2951-QOQTK,4,Month-to-month,80.8,332.45,0,1,0,Fiber optic,Credit card (automatic),0,0,0,1,1,135.2,1
2958-NHPPS,23,Month-to-month,20.85,473.9,2,0,0,No,Electronic check,0,0,0,0,0,30.6,0
6806-YDEUL,6,Month-to-month,19.5,106.8,0,0,0,No,Bank transfer (automatic),0,1,0,0,0,28.8,0
1735-XMJVH,8,Month-to-month,19.35,152.6,3,0,0,No,Mailed check,1,0,1,1,0,40.0,0
6890-PFRQX,18,Month-to-month,69.5,1199.4,3,0,1,DSL,Mailed check,0,0,0,0,3,137.1,0
0222-CNVPT,52,Month-to-month,48.8,2555.05,1,0,1,DSL,Credit card (automatic),1,1,0,0,3,174.8,0
5899-OUVKV,31,Month-to-month,94.5,2979.2,1,0,0,Fiber optic,Electronic check,1,0,0,0,3,257.1,0
8681-ICONS,29,Month-to-month,20.65,654.85,0,0,0,No,Mailed check,1,0,1,1,0,35.0,0
1621-YNCJH,36,Two year,106.05,3834.4,0,1,1,Fiber optic,Credit card (automatic),1,0,1,0,5,311.5,0
3473-XIIIT,16,Month-to-month,100.0,1534.75,2,0,0,Fiber optic,Electronic check,1,0,1,0,3,206.2,1
6362-QHAFM,42,One year,108.3,4586.15,0,1,0,Fiber optic,Electronic check,1,0,1,0,4,380.1,0
7893-IXHRQ,1,Month-to-month,20.55,20.55,3,0,0,No,Electronic check,0,0,0,0,0,31.5,1
3070-BDOQC,60,Two year,99.65,5941.05,2,0,0,Fiber optic,Electronic check,1,0,0,0,4,247.8,0
2952-QAYZF,5,Month-to-month,85.3,424.15,4,0,0,Fiber optic,Electronic check,1,0,0,0,2,159.9,1
6234-PFPXL,22,Month-to-month,95.9,2234.95,0,1,1,Fiber optic,Credit card (automatic),0,0,1,0,3,247.0,0
9824-QCJPK,36,One year,20.0,666.75,3,0,0,No,Mailed check,0,0,1,0,0,39.6,0
4763-PGDPO,4,Month-to-month,70.4,281.0,5,0,0,Fiber optic,Electronic check,0,0,0,0,0,119.6,1
4283-IVYCI,9,Month-to-month,64.95,547.8,0,1,1,DSL,Mailed check,0,0,0,0,3,148.1,0
1866-OBPNR,1,Month-to-month,74.6,74.6,3,0,0,Fiber optic,Credit card (automatic),0,0,1,1,1,157.4,0
8205-MQUGY,12,Month-to-month,49.2,571.15,2,0,1,DSL,Electronic check,1,0,1,1,1,108.6,0
8970-ANWXO,23,One year,73.75,1756.6,1,1,0,DSL,Mailed check,1,0,0,0,3,194.9,0
9480-BQJEI,62,One year,92.3,5731.45,1,0,1,Fiber optic,Bank transfer (automatic),1,0,0,0,3,243.3,0
5394-SVGJV,37,Month-to-month,98.8,3475.55,1,1,0,Fiber optic,Bank transfer (automatic),0,0,0,0,3,278.9,1
6979-TNDEU,8,Month-to-month,19.2,156.85,1,0,0,No,Mailed check,0,0,0,0,0,35.8,0
9777-WJJPR,31,Month-to-month,88.65,2683.2,1,0,0,Fiber optic,Credit card (automatic),0,0,1,0,2,166.0,0
9283-LZQOH,13,Month-to-month,74.4,896.75,5,0,0,Fiber optic,Credit card (automatic),1,0,1,1,0,108.2,1
7079-QRCBC,24,Month-to-month,98.75,2407.3,2,0,0,Fiber optic,Electronic check,1,0,0,0,3,273.7,1
9495-SKLKD,45,Month-to-month,95.95,4456.65,1,0,0,Fiber optic,Bank transfer (automatic),1,0,1,1,3,123.5,0
6048-UWKAL,69,Two year,105.4,6998.95,4,1,0,Fiber optic,Credit card (automatic),0,1,1,0,4,248.8,0
5067-DGXLL,2,Month-to-month,20.25,36.8,3,0,0,No,Mailed check,0,0,0,0,0,38.7,0
5469-CTCWN,61,One year,106.0,6547.7,1,0,1,Fiber optic,Electronic check,1,0,1,1,4,202.3,1
9851-QXEEQ,41,Month-to-month,104.7,4346.4,0,0,0,Fiber optic,Electronic check,1,0,0,0,4,333.4,1
6281-FKEWS,44,One year,49.05,2265.0,2,0,0,DSL,Electronic check,1,0,0,0,3,209.8,0
8898-KASCD,39,One year,35.55,1309.15,2,1,0,DSL,Mailed check,0,0,0,0,2,53.6,0
9242-TKFSV,72,Two year,65.1,4754.3,1,1,1,DSL,Credit card (automatic),1,0,1,1,6,193.4,0
9290-SHCMB,13,Month-to-month,96.85,1235.55,3,0,0,Fiber optic,Electronic check,1,1,0,0,3,249.0,0
0743-HNPFG,51,One year,69.75,3562.5,0,1,1,DSL,Credit card (automatic),1,0,1,1,4,151.7,0
2277-BKJKN,71,Two year,99.2,7213.75,1,0,0,Fiber optic,Electronic check,1,1,1,0,4,239.1,0
9809-IMGCQ,22,Month-to-month,96.7,2082.95,5,0,0,Fiber optic,Electronic check,1,1,0,0,2,272.0,1
5208-HFSBT,2,Month-to-month,55.05,102.75,2,1,0,DSL,Credit card (automatic),1,0,0,0,2,123.7,1
5035-PGZXH,56,One year,106.8,5914.4,2,0,0,Fiber optic,Electronic check,1,0,0,0,4,275.2,0
8695-WDYEA,1,Month-to-month,51.25,51.25,2,0,1,DSL,Mailed check,0,0,0,0,1,93.6,0
6543-JXSOO,23,One year,57.75,1282.85,0,1,1,DSL,Mailed check,1,0,1,1,3,105.9,0
8016-ZMGMO,66,One year,70.85,4738.85,0,0,0,DSL,Bank transfer (automatic),1,1,1,0,3,150.0,0
8605-ITULD,1,Month-to-month,19.55,19.55,4,0,0,No,Mailed check,0,0,0,0,0,38.4,0
3254-YRILK,19,Month-to-month,88.2,1775.8,3,0,0,Fiber optic,Electronic check,1,1,0,0,2,183.8,1
6416-YJTTB,11,Month-to-month,79.5,795.65,3,0,1,Fiber optic,Bank transfer (automatic),1,0,0,0,2,121.8,0
2667-WYLWJ,8,One year,19.75,145.0,2,0,0,No,Mailed check,1,0,1,1,0,39.0,1
4472-VESGY,52,Month-to-month,98.15,4993.4,1,0,1,Fiber optic,Bank transfer (automatic),0,0,1,1,4,155.8,0
3195-TQDZX,3,Month-to-month,20.25,61.45,3,0,0,No,Electronic check,1,0,0,0,0,33.6,0
3128-YOVTD,51,Month-to-month,79.15,4018.55,1,0,1,Fiber optic,Bank transfer (automatic),1,0,1,1,2,133.9,0
0529-ONKER,15,Month-to-month,75.65,1146.65,5,0,0,Fiber optic,Electronic check,0,1,0,0,0,133.3,1
1728-CXQBE,64,Month-to-month,94.25,6081.4,5,0,0,Fiber optic,Electronic check,1,1,1,0,3,161.0,0
7041-TXQJH,37,Month-to-month,40.2,1478.85,2,0,0,DSL,Credit card (automatic),1,0,0,0,2,96.3,0
5014-GSOUQ,13,Two year,19.95,243.65,3,0,0,No,Mailed check,0,0,0,0,0,35.1,0
5724-BIDBU,49,One year,55.35,2633.95,0,0,1,DSL,Electronic check,1,0,1,0,1,108.5,0
0481-SUMCB,45,One year,102.15,4735.35,4,0,0,Fiber optic,Bank transfer (automatic),1,1,0,0,3,259.1,0
1769-GRUIK,18,Month-to-month,71.1,1247.75,2,0,0,Fiber optic,Electronic check,1,0,0,0,0,123.9,0
5240-IJOQT,1,Month-to-month,74.7,74.7,4,0,0,Fiber optic,Electronic check,1,1,0,0,0,117.5,1
8819-WFGGJ,68,Two year,54.1,3794.5,2,0,1,DSL,Bank transfer (automatic),1,0,1,0,4,177.8,0
7427-AUFPY,54,Two year,19.65,1008.7,4,0,0,No,Credit card (automatic),0,0,0,0,0,20.6,0
2811-POVEX,23,Month-to-month,88.45,2130.55,1,0,0,Fiber optic,Bank transfer (automatic),1,1,1,1,3,218.3,0
1092-GANHU,17,Month-to-month,76.65,1313.55,2,0,0,Fiber optic,Electronic check,1,0,0,0,1,157.8,1
7898-PDWQE,71,Two year,80.4,5727.15,0,1,1,DSL,Credit card (automatic),0,0,1,0,5,184.1,0
9972-EWRJS,67,Two year,19.25,1372.9,1,0,0,No,Bank transfer (automatic),1,0,1,1,0,29.6,0
9314-IJWSQ,14,Month-to-month,84.8,1203.9,0,0,0,Fiber optic,Electronic check,1,0,1,1,1,230.9,0
0661-XEYAN,1,Month-to-month,25.8,25.8,1,0,0,DSL,Mailed check,1,1,0,0,0,41.7,1
5799-JRCZO,63,Two year,19.5,1215.1,4,0,0,No,Credit card (automatic),0,0,0,1,0,42.1,0
1921-KYSAY,41,One year,68.6,2877.05,0,1,0,DSL,Electronic check,1,0,0,0,3,156.8,0
6198-RTPMF,17,Month-to-month,92.6,1579.7,1,0,0,Fiber optic,Electronic check,0,0,1,0,2,218.4,0
2924-KHUVI,56,One year,100.55,5514.95,0,0,1,Fiber optic,Electronic check,1,0,1,0,3,252.5,0
1925-GMVBW,5,Month-to-month,20.55,96.1,6,0,0,No,Credit card (automatic),0,0,0,0,0,33.2,0
7881-EVUAD,2,Month-to-month,42.6,72.4,1,0,1,DSL,Electronic check,1,0,0,0,3,113.7,1
6184-DYUOB,3,Month-to-month,19.6,55.25,2,0,0,No,Mailed check,1,0,1,0,0,37.9,0
9207-ZPANB,37,One year,67.45,2443.3,0,1,1,DSL,Electronic check,0,0,0,0,4,116.7,0
5766-XQXMQ,29,Month-to-month,68.85,1970.5,1,0,1,DSL,Bank transfer (automatic),1,0,0,0,4,152.7,1
9327-QSDED,8,Month-to-month,43.55,335.4,1,0,0,DSL,Mailed check,0,0,0,0,0,78.1,0
1656-DRSMG,63,Month-to-month,109.85,7002.95,1,1,0,Fiber optic,Credit card (automatic),1,0,0,0,5,293.8,0
3012-VFFMN,7,Month-to-month,20.65,158.95,4,0,0,No,Mailed check,0,0,1,1,0,37.2,0
2984-AFWNC,3,Month-to-month,95.4,293.15,2,0,0,Fiber optic,Electronic check,0,0,0,0,3,272.0,0
0640-YJTPY,72,Two year,21.0,1493.75,1,0,0,No,Bank transfer (automatic),0,0,1,1,0,41.1,0
8096-LOIST,19,Month-to-month,56.2,1093.4,2,0,0,DSL,Electronic check,1,0,0,0,1,147.2,0
9764-REAFF,59,Two year,18.4,1057.85,2,0,0,No,Bank transfer (automatic),0,0,1,0,0,36.6,0
3703-VAVCL,2,Month-to-month,90.0,190.05,3,1,0,Fiber optic,Credit card (automatic),0,0,1,1,3,202.4,1
7107-UBYKY,35,Month-to-month,25.75,882.55,0,0,0,No,Electronic check,1,0,1,1,0,54.2,0
4881-GQJTW,14,Month-to-month,19.6,300.4,3,0,0,No,Credit card (automatic),0,0,0,0,0,37.4,0
8519-QJGJD,14,Month-to-month,75.35,1025.95,2,0,0,Fiber optic,Electronic check,0,0,0,0,1,152.5,1
7876-DNYAP,69,Two year,19.8,1436.95,2,0,0,No,Credit card (automatic),0,0,1,1,0,34.6,0
7905-NJMXS,7,Month-to-month,64.2,475.0,0,1,1,DSL,Electronic check,0,1,1,0,3,91.2,0
2882-WDTBA,69,Two year,75.75,5388.15,0,1,1,DSL,Bank transfer (automatic),1,0,1,1,5,164.7,0
2091-GPPIQ,72,Two year,78.95,5730.15,1,1,0,DSL,Electronic check,1,0,1,1,4,223.4,0
6326-MTTXK,8,Month-to-month,100.85,819.55,2,0,0,Fiber optic,Electronic check,0,0,0,0,3,275.9,1
5071-FBJFS,4,Month-to-month,50.3,217.1,1,0,1,DSL,Electronic check,0,0,1,1,1,90.1,0
2796-UUZZO,63,Month-to-month,80.3,4896.35,1,0,0,Fiber optic,Credit card (automatic),1,0,1,1,2,176.1,0
2429-AYKKO,72,Two year,19.85,1434.1,0,0,0,No,Bank transfer (automatic),0,0,0,0,0,28.8,0
9798-OPFEM,46,Two year,21.1,937.1,0,0,0,No,Electronic check,1,0,0,0,0,28.0,0
0330-IVZHA,5,Month-to-month,69.95,330.15,2,0,0,Fiber optic,Electronic check,0,0,1,0,0,122.5,1
3794-NFNCH,30,Month-to-month,50.0,1474.9,3,0,0,DSL,Mailed check,1,0,1,0,1,80.9,0
5193-QLVZB,63,Two year,104.75,6536.5,2,0,0,Fiber optic,Bank transfer (automatic),1,0,0,0,4,269.8,0
7114-AEOZE,60,Two year,19.85,1128.1,2,0,0,No,Bank transfer (automatic),0,0,0,0,0,39.2,0
2886-KEFUM,63,One year,107.5,6873.75,1,0,0,Fiber optic,Electronic check,1,0,1,0,4,383.4,1
5522-NYKPB,25,Month-to-month,85.9,2199.05,0,1,0,Fiber optic,Electronic check,0,0,1,1,2,156.8,0
4237-RLAQD,1,Month-to-month,45.85,45.85,3,0,0,DSL,Mailed check,1,0,0,0,0,69.4,1
9957-YODKZ,6,Month-to-month,80.8,457.1,3,0,0,Fiber optic,Electronic check,1,1,1,0,1,144.2,0
6518-KZXCB,22,Two year,25.25,566.5,2,0,0,No,Mailed check,0,0,0,0,0,35.5,0
2245-ADZFJ,31,Two year,80.55,2471.6,0,1,0,DSL,Bank transfer (automatic),0,0,1,1,4,199.7,0
7776-QGYJC,39,Month-to-month,81.5,3107.3,0,1,0,Fiber optic,Bank transfer (automatic),1,0,1,1,2,174.6,0
9313-QOLTZ,26,Month-to-month,20.9,518.3,4,0,0,No,Mailed check,0,0,0,0,0,37.3,0
9651-GTSAQ,53,One year,106.1,5769.75,0,0,1,Fiber optic,Bank transfer (automatic),1,0,1,0,5,269.9,1
3186-BAXNB,1,Month-to-month,91.7,91.7,2,1,0,Fiber optic,Electronic check,0,0,0,0,3,238.6,1
4672-FOTSD,12,Month-to-month,67.25,832.3,0,1,1,DSL,Electronic check,1,0,0,0,3,90.5,0
0637-YLETY,16,Month-to-month,95.6,1555.65,4,0,0,Fiber optic,Credit card (automatic),1,0,0,0,3,215.9,1
9818-XQCUV,2,Month-to-month,20.35,45.3,2,0,0,No,Mailed check,0,0,0,0,0,36.4,0
7338-ERIVA,39,One year,45.05,1790.6,0,1,1,DSL,Bank transfer (automatic),0,0,0,1,3,125.9,0
1157-BQCUW,1,Month-to-month,74.95,74.95,3,0,0,Fiber optic,Electronic check,1,0,0,0,0,115.1,1
8259-NFJTV,7,Month-to-month,34.65,246.6,0,1,1,DSL,Mailed check,0,0,1,1,2,58.4,0
3223-DWFIO,4,Month-to-month,69.35,261.65,4,0,0,Fiber optic,Electronic check,0,1,0,0,0,123.0,0
2660-EMUBI,10,Month-to-month,95.35,898.35,2,0,0,Fiber optic,Electronic check,1,1,0,0,2,278.9,1
6968-GMKPR,55,Month-to-month,81.55,4509.5,4,0,0,Fiber optic,Electronic check,1,0,0,0,2,131.1,0
4751-ERMAN,72,Two year,75.4,5480.25,2,0,0,DSL,Bank transfer (automatic),1,0,1,1,4,235.3,0
1436-ZMJAN,10,Month-to-month,67.8,653.15,0,0,0,DSL,Credit card (automatic),1,0,1,0,3,138.8,0
3292-PBZEJ,11,Month-to-month,111.4,1183.05,1,1,0,Fiber optic,Electronic check,1,1,0,0,5,298.1,0
0799-DDIHE,15,Month-to-month,46.3,639.45,4,0,0,DSL,Electronic check,0,0,1,1,0,92.9,0
3070-FNFZQ,23,Two year,20.4,478.75,3,0,0,No,Bank transfer (automatic),0,0,1,1,0,31.8,0
2812-SFXMJ,1,Month-to-month,20.05,20.05,1,0,0,No,Mailed check,0,0,0,1,0,34.5,0
7675-OZCZG,3,Month-to-month,45.0,127.1,1,0,0,DSL,Electronic check,0,1,0,0,0,81.0,1
5014-WUQMG,47,One year,96.1,4391.45,2,0,1,Fiber optic,Electronic check,1,0,1,1,4,222.1,0
5312-TSZVC,15,One year,19.65,270.6,0,0,0,No,Mailed check,0,0,0,1,0,41.6,0
2003-CKLOR,66,Month-to-month,99.5,6710.5,2,0,0,Fiber optic,Electronic check,0,0,0,0,4,266.4,1
0993-OSGPT,68,One year,60.65,3975.9,1,1,0,DSL,Bank transfer (automatic),1,1,1,0,3,105.6,0
9254-RBFON,17,One year,98.6,1704.95,1,1,0,Fiber optic,Bank transfer (automatic),0,0,1,1,4,250.1,1
1205-WNWPJ,7,Month-to-month,59.5,415.95,0,1,0,DSL,Mailed check,1,0,0,0,2,153.0,1
9391-EOYLI,12,Month-to-month,80.45,950.2,2,0,0,Fiber optic,Electronic check,1,1,1,0,1,206.0,1
7108-DGVUU,21,One year,71.7,1497.05,4,0,0,DSL,Bank transfer (automatic),0,1,1,0,3,175.4,0
2782-JEEBU,21,Month-to-month,36.0,780.15,1,1,0,DSL,Mailed check,1,0,0,0,2,59.6,0
5127-BZENZ,56,One year,65.2,3512.15,0,0,1,DSL,Bank transfer (automatic),0,0,1,1,2,149.6,0
2720-FVBQP,6,Month-to-month,48.95,273.25,2,0,0,DSL,Credit card (automatic),1,0,1,1,0,77.9,0
9906-NHHVC,65,Two year,53.5,3517.9,1,0,0,DSL,Bank transfer (automatic),1,1,0,0,4,153.8,0
4522-XRWWI,42,One year,80.45,3375.9,1,1,1,DSL,Credit card (automatic),0,0,1,0,4,208.8,0
3766-EJLFL,68,Two year,109.05,7508.55,2,1,1,Fiber optic,Bank transfer (automatic),1,0,1,1,5,253.1,0
5939-SXWHM,48,Two year,26.3,1245.05,2,0,0,No,Bank transfer (automatic),0,0,1,1,0,52.7,0
8152-UOBNY,50,One year,106.8,5347.95,0,1,0,Fiber optic,Electronic check,1,1,0,0,4,224.8,0
7351-KYHQH,7,Month-to-month,64.95,493.65,3,0,0,DSL,Electronic check,1,1,0,0,3,158.6,0
7643-RCHXS,63,Two year,19.35,1263.85,3,0,0,No,Electronic check,0,0,1,1,0,28.9,0
8246-SHFGA,17,Month-to-month,21.1,385.55,4,0,0,No,Credit card (automatic),0,0,0,0,0,42.4,0
8387-MOJJT,42,Month-to-month,77.95,3384.0,0,0,0,Fiber optic,Credit card (automatic),1,0,1,1,1,188.3,1
0620-XEFWH,4,Month-to-month,18.85,84.2,6,0,0,No,Mailed check,0,0,1,1,0,40.2,0
6485-QXWWE,62,Two year,26.0,1638.7,5,0,0,No,Bank transfer (automatic),0,0,0,1,0,50.5,0
2761-OCIAX,2,Month-to-month,74.7,165.4,8,0,0,Fiber optic,Electronic check,1,1,0,0,1,114.4,1
7321-VGNKU,2,Month-to-month,70.35,120.25,1,0,0,Fiber optic,Electronic check,1,0,1,0,0,127.3,0
5327-CNLUQ,48,Two year,96.9,4473.45,0,0,1,Fiber optic,Bank transfer (automatic),1,0,1,0,4,194.8,0
7552-KEYGT,27,Two year,19.55,520.55,3,0,0,No,Bank transfer (automatic),0,0,1,0,0,32.5,0
5816-JMLGY,70,Two year,80.4,5717.85,1,1,0,DSL,Bank transfer (automatic),1,0,1,1,5,191.2,0
3068-OMWZA,1,Month-to-month,88.8,88.8,6,0,0,Fiber optic,Electronic check,1,1,0,0,2,190.9,1
2927-QRRQV,46,One year,94.65,4312.5,6,0,0,Fiber optic,Electronic check,1,0,1,0,3,213.2,0
6032-KRXXO,30,Month-to-month,90.25,2755.35,3,0,0,Fiber optic,Electronic check,1,0,0,0,2,250.0,1
7459-RRWQZ,15,Month-to-month,64.65,994.55,2,0,1,DSL,Bank transfer (automatic),1,0,0,0,2,212.9,1
6265-SXWBU,69,One year,95.75,6511.25,1,0,0,Fiber optic,Credit card (automatic),0,0,1,1,3,207.4,0
7941-RCJOW,65,Two year,19.55,1218.65,4,0,0,No,Credit card (automatic),1,0,0,0,0,35.6,0
6374-NTQLP,72,Two year,104.1,7447.7,0,1,1,Fiber optic,Credit card (automatic),1,1,1,1,5,263.9,0
4154-AQUGT,13,Month-to-month,89.05,1169.35,1,1,0,Fiber optic,Bank transfer (automatic),1,1,1,0,3,192.9,1
2387-KDZQY,17,One year,20.1,279.5,1,0,0,No,Mailed check,1,0,0,0,0,34.6,0
3584-WKTTW,51,One year,111.55,5720.35,1,1,1,Fiber optic,Electronic check,1,0,1,0,5,283.1,0
3399-BMLVW,51,Two year,60.5,3121.45,0,1,1,DSL,Credit card (automatic),0,0,1,1,3,105.8,0
1971-DTCZB,72,Two year,90.95,6468.6,0,1,1,DSL,Bank transfer (automatic),1,0,1,0,6,269.7,0
3092-IGHWF,67,One year,87.4,5918.8,4,0,0,Fiber optic,Electronic check,0,0,1,1,2,167.1,1
3374-PZLXD,34,Month-to-month,19.7,675.6,4,0,0,No,Mailed check,0,0,0,0,0,30.9,0
3813-DHBBB,67,Two year,50.95,3521.7,0,1,1,DSL,Bank transfer (automatic),1,0,1,0,4,131.8,0
2812-REYAT,49,One year,20.05,923.1,3,0,0,No,Bank transfer (automatic),1,0,1,0,0,37.7,0
6518-PPLMZ,53,Two year,19.4,1110.35,0,0,0,No,Mailed check,1,0,1,1,0,33.5,0
4939-KYYPY,27,Month-to-month,59.45,1611.65,0,1,0,DSL,Electronic check,0,0,0,0,2,103.5,0
8017-LXHFA,23,Month-to-month,94.75,2293.6,1,0,0,Fiber optic,Electronic check,1,1,0,0,3,247.2,1
5930-GBIWP,69,Two year,81.5,5553.25,0,1,1,DSL,Credit card (automatic),1,0,0,0,5,203.3,0
6022-KOUQO,2,Month-to-month,29.05,44.75,1,1,0,DSL,Bank transfer (automatic),0,0,1,1,1,53.6,0
6352-TWCAU,35,Month-to-month,86.45,3029.1,1,0,0,Fiber optic,Electronic check,1,0,0,0,1,180.4,1
2361-UPSND,46,One year,70.6,3231.05,0,1,1,DSL,Mailed check,0,0,1,0,4,166.0,0
6035-RIIOM,54,Two year,97.2,5129.45,3,0,0,Fiber optic,Bank transfer (automatic),1,0,0,0,3,300.6,0
2929-QNSRW,56,One year,98.25,5508.35,2,0,0,Fiber optic,Electronic check,1,0,1,0,3,221.5,1
1262-OPMFY,9,Month-to-month,75.75,655.9,4,0,0,Fiber optic,Bank transfer (automatic),1,0,1,0,1,149.3,1
9504-DSHWM,20,Month-to-month,59.2,1191.2,0,1,1,DSL,Bank transfer (automatic),0,0,0,0,2,102.8,0
5035-BVCXS,11,Month-to-month,75.9,866.4,0,0,0,Fiber optic,Mailed check,1,0,0,0,1,209.9,0
6267-DCFFZ,30,Month-to-month,90.05,2627.2,3,0,0,Fiber optic,Electronic check,1,1,1,0,2,220.5,0
3533-UVMOM,68,Two year,70.95,4741.45,1,0,1,DSL,Bank transfer (automatic),0,0,1,0,4,169.1,0
2439-LYPMQ,38,Month-to-month,102.6,4009.2,1,0,0,Fiber optic,Electronic check,1,1,1,0,4,260.7,0
4248-QPAVC,17,Month-to-month,85.35,1463.45,3,0,1,Fiber optic,Bank transfer (automatic),1,1,1,0,2,120.0,1
1899-VXWXM,48,One year,106.1,5082.8,1,0,0,Fiber optic,Credit card (automatic),1,0,0,0,4,251.1,1
1478-VPOAD,1,Month-to-month,43.8,43.8,3,0,0,DSL,Electronic check,0,0,0,0,0,101.7,0
9995-HOTOH,63,Two year,59.0,3707.6,2,0,1,DSL,Electronic check,0,0,1,1,5,196.0,0
2988-PLAHS,3,One year,69.95,220.45,2,0,0,DSL,Electronic check,1,0,0,0,3,197.5,0
1371-OJCEK,48,One year,24.35,1133.7,1,0,0,No,Bank transfer (automatic),0,0,0,0,0,43.8,0
4999-IEZLT,66,One year,29.45,1983.15,1,1,0,DSL,Credit card (automatic),0,0,0,0,1,53.4,0
8883-ANODQ,68,Two year,84.4,5746.75,3,0,0,Fiber optic,Credit card (automatic),1,0,1,1,2,131.2,0
4690-LLKUA,17,Month-to-month,45.05,770.6,2,0,0,DSL,Electronic check,1,1,0,0,0,82.4,1
2351-RRBUE,7,One year,20.65,134.05,2,0,0,No,Mailed check,0,0,1,1,0,39.9,0
5980-BDHPY,72,Two year,87.1,6230.1,0,1,1,DSL,Bank transfer (automatic),1,0,1,0,6,186.6,0
1498-DQNRX,29,Month-to-month,19.85,573.05,3,0,0,No,Mailed check,0,0,1,0,0,34.5,0
9469-WEJBT,37,Month-to-month,90.35,3419.3,2,1,0,Fiber optic,Electronic check,1,0,1,0,3,123.1,0
3331-HQDTW,34,Month-to-month,109.8,3587.25,2,0,1,Fiber optic,Mailed check,1,0,0,0,5,210.6,1
9490-DFPMD,42,Month-to-month,84.65,3541.35,0,0,0,Fiber optic,Electronic check,1,1,0,0,1,215.6,1
2581-VKIRT,59,One year,65.5,3801.3,1,1,1,DSL,Mailed check,0,0,1,1,3,138.8,0
5442-XSDCW,11,Month-to-month,79.5,868.5,2,0,0,Fiber optic,Bank transfer (automatic),1,0,1,1,1,232.1,1
7426-WEIJX,60,Month-to-month,80.95,4859.1,2,0,1,Fiber optic,Electronic check,1,1,1,1,1,118.8,0
2851-MMUTZ,27,Month-to-month,56.15,1439.35,0,1,0,DSL,Mailed check,1,0,0,0,2,99.9,0
3049-NDXFL,1,Month-to-month,85.8,85.8,0,0,0,Fiber optic,Mailed check,0,0,0,0,1,185.2,1
8580-AECUZ,1,Month-to-month,79.1,79.1,1,0,0,Fiber optic,Electronic check,1,1,0,0,1,210.4,1
3307-TLCUD,17,Month-to-month,34.4,592.75,0,0,1,DSL,Mailed check,0,0,1,0,2,64.8,0
6625-FLENO,58,Two year,20.75,1185.95,2,0,0,No,Mailed check,0,0,1,0,0,37.8,0
2967-MXRAV,1,One year,18.8,18.8,1,0,0,No,Mailed check,0,0,1,1,0,36.8,0
7963-GQRMY,3,Month-to-month,44.3,134.5,2,0,0,DSL,Mailed check,0,0,1,1,0,74.6,1
8189-HBVRW,53,Month-to-month,90.8,4921.2,2,0,1,Fiber optic,Electronic check,0,0,0,0,3,186.4,0
4163-KIUHY,35,Month-to-month,25.6,901.25,3,0,0,No,Electronic check,1,0,0,0,0,43.9,0
1228-FZFRV,50,Month-to-month,105.95,5341.8,1,0,1,Fiber optic,Credit card (automatic),0,0,1,1,4,313.7,1
3500-NSDOA,68,Two year,70.8,4859.95,0,1,0,DSL,Credit card (automatic),0,0,1,1,3,172.0,0
1171-TYKUR,47,Month-to-month,25.4,1139.2,3,0,0,No,Electronic check,0,0,1,0,0,47.3,0
3761-FLYZI,65,Month-to-month,108.8,7082.45,1,0,0,Fiber optic,Bank transfer (automatic),1,1,1,0,4,231.2,0
2058-DCJBE,5,Month-to-month,69.75,324.6,3,0,0,Fiber optic,Electronic check,1,0,0,0,0,98.0,1
5364-XYIRR,51,Month-to-month,94.65,4812.75,2,0,0,Fiber optic,Electronic check,1,0,1,0,2,194.4,1
4829-AUOAX,46,Month-to-month,96.05,4399.5,0,0,0,Fiber optic,Bank transfer (automatic),0,0,0,0,2,270.9,1
1219-NNDDO,9,Month-to-month,76.85,663.55,6,0,0,Fiber optic,Electronic check,1,0,0,0,0,95.9,0
8388-DMKAE,8,Two year,20.25,174.65,2,0,0,No,Mailed check,0,0,0,0,0,43.6,0
4403-BWPAY,14,One year,24.8,321.7,2,0,0,No,Credit card (automatic),1,0,0,0,0,42.6,0
9659-QEQSY,45,Month-to-month,115.65,5125.5,1,1,1,Fiber optic,Electronic check,1,0,0,0,6,233.0,0
5405-ZMYXQ,8,Month-to-month,74.6,548.9,4,0,0,Fiber optic,Credit card (automatic),1,0,0,0,0,141.0,0
5047-LHVLY,1,Month-to-month,50.15,50.15,3,0,0,DSL,Mailed check,1,1,0,1,1,74.3,1
1442-OKRJE,66,One year,103.15,7031.3,3,0,1,Fiber optic,Bank transfer (automatic),1,0,1,1,5,267.4,0
4737-AQCPU,72,Two year,72.1,5016.65,0,1,1,DSL,Credit card (automatic),0,0,1,1,4,124.9,0
9158-VCTQB,41,Month-to-month,113.6,4594.95,0,1,1,Fiber optic,Bank transfer (automatic),1,0,1,0,6,333.4,1
2808-CHTDM,23,Two year,25.1,611.45,3,0,0,No,Mailed check,0,0,1,1,0,51.0,0
6311-UEUME,29,Month-to-month,78.9,2384.15,2,0,0,Fiber optic,Electronic check,1,0,0,0,1,206.6,1
0793-TWELN,4,Month-to-month,80.15,319.85,4,0,1,Fiber optic,Electronic check,1,0,0,0,1,134.9,0
3283-WCWXT,6,Two year,25.4,153.3,3,0,0,No,Mailed check,0,0,1,1,0,53.9,0
1060-ENTOF,67,One year,105.4,7035.6,1,1,1,Fiber optic,Credit card (automatic),1,1,1,0,5,227.6,0
0999-QXNSA,7,Month-to-month,45.75,344.2,2,0,0,DSL,Mailed check,1,1,0,1,0,83.8,0
5451-MHQOF,56,One year,24.45,1431.65,6,0,0,No,Mailed check,1,0,1,1,0,46.8,0
4836-WNFNO,72,Two year,25.0,1849.2,5,0,0,No,Credit card (automatic),0,0,1,0,0,46.8,0
9225-BZLNZ,72,Two year,85.25,6083.1,0,0,1,DSL,Electronic check,1,0,1,0,5,189.1,0
0354-VXMJC,23,Two year,19.6,426.65,0,0,0,No,Credit card (automatic),0,0,1,1,0,38.6,0
4422-QVIJA,35,Month-to-month,50.15,1655.35,3,0,0,DSL,Mailed check,0,0,0,1,0,69.9,0
9365-SRSZE,27,Month-to-month,70.55,1943.9,2,0,0,Fiber optic,Electronic check,1,1,1,0,0,135.6,0
6839-ITVZJ,26,Month-to-month,60.05,1616.15,0,1,0,DSL,Electronic check,1,0,1,1,2,107.1,1
8332-OSJDW,12,One year,26.4,314.95,3,0,0,No,Mailed check,0,0,1,1,0,48.1,0
4735-BJKOU,40,Two year,20.15,804.85,3,0,0,No,Mailed check,0,0,0,0,0,30.6,0
0274-JKUJR,7,Month-to-month,58.85,465.7,1,0,1,DSL,Mailed check,0,0,1,1,5,212.5,0
5740-YHGTW,70,Month-to-month,97.55,6669.05,2,0,1,Fiber optic,Credit card (automatic),1,0,1,1,3,211.1,0
8917-SZTTJ,60,Two year,19.65,1161.75,2,0,0,No,Credit card (automatic),0,0,1,1,0,39.7,0
1696-MZVAU,39,One year,25.25,947.75,0,0,0,DSL,Credit card (automatic),1,0,1,1,0,40.7,0
7359-WWYJV,72,Two year,114.45,8375.05,1,1,1,Fiber optic,Credit card (automatic),0,0,1,0,6,256.9,0
0375-HVGXO,1,Month-to-month,34.7,34.7,5,0,0,DSL,Electronic check,1,0,0,0,1,103.5,1
4906-ZHGPK,54,One year,70.7,3770.0,2,1,0,DSL,Electronic check,1,0,1,1,3,191.9,0
8593-WHYHV,3,Month-to-month,85.3,264.8,2,0,0,Fiber optic,Electronic check,1,0,0,0,1,157.2,1
3795-GWTRD,63,Two year,75.55,4707.85,0,1,1,DSL,Credit card (automatic),0,0,1,1,5,161.6,0
1298-PHBTI,71,Two year,84.8,6152.4,1,1,0,Fiber optic,Electronic check,1,0,1,1,2,141.8,0
6223-DHJGV,42,One year,20.65,958.1,1,0,0,No,Mailed check,1,0,0,0,0,35.8,0
6961-MJKBO,47,Two year,20.45,943.0,1,0,0,No,Bank transfer (automatic),0,0,0,0,0,34.4,0
6097-EQISJ,66,One year,102.45,6615.15,2,0,0,Fiber optic,Credit card (automatic),1,0,1,1,4,305.1,1
4423-YLHDV,21,Month-to-month,104.4,2200.25,1,0,1,Fiber optic,Bank transfer (automatic),1,0,1,0,4,295.1,1
8158-WPEZG,11,Month-to-month,35.65,425.1,1,1,0,DSL,Electronic check,1,0,0,0,2,64.4,0
0107-YHINA,1,Month-to-month,99.75,99.75,3,0,0,Fiber optic,Electronic check,1,0,0,1,3,290.9,1
4918-FYJNT,55,Month-to-month,90.45,5044.8,1,1,0,Fiber optic,Electronic check,0,1,1,0,3,186.8,0
0727-BNRLG,69,Two year,97.65,6743.55,1,1,0,Fiber optic,Credit card (automatic),1,0,0,0,4,196.9,0
4854-CIDCF,3,Month-to-month,73.85,196.4,5,0,0,Fiber optic,Electronic check,0,1,0,0,1,119.2,0
8640-SDGKB,4,Month-to-month,74.4,299.7,1,1,0,DSL,Electronic check,1,0,0,0,4,235.2,1
3280-MRDOF,30,Two year,69.1,2093.9,1,1,0,DSL,Credit card (automatic),1,1,0,0,3,214.3,0
6435-SRWBJ,5,Month-to-month,82.75,417.75,2,1,0,Fiber optic,Electronic check,1,0,0,0,2,98.7,0
9964-WBQDJ,71,Two year,24.4,1725.4,3,0,0,No,Credit card (automatic),1,0,1,0,0,40.1,0
6303-KFWSL,29,One year,55.25,1620.2,0,0,0,DSL,Electronic check,1,0,0,0,1,110.6,0
1702-CCFNJ,52,Month-to-month,61.35,3169.55,2,1,0,DSL,Bank transfer (automatic),0,0,1,0,2,97.8,0
8932-CZHRQ,68,One year,76.75,5233.25,1,0,1,DSL,Credit card (automatic),0,0,0,0,4,200.3,0
0386-CWRGM,46,Two year,19.4,967.85,1,0,0,No,Mailed check,0,0,1,1,0,36.1,0
5515-RUGKN,8,Month-to-month,54.75,438.05,0,0,0,DSL,Credit card (automatic),1,0,0,0,1,113.9,0
0404-AHASP,72,Two year,19.7,1421.9,3,0,0,No,Credit card (automatic),0,0,1,0,0,33.1,0
7279-NMVJC,17,One year,19.9,323.15,4,0,0,No,Bank transfer (automatic),0,0,0,0,0,37.7,0
2081-VEYEH,3,Month-to-month,107.95,318.6,7,1,0,Fiber optic,Electronic check,1,0,0,0,5,239.4,0
6407-UTSLV,2,Month-to-month,83.8,163.7,2,0,0,Fiber optic,Bank transfer (automatic),1,1,0,0,2,207.0,0
4116-TZAQJ,9,Month-to-month,74.25,639.65,4,0,1,Fiber optic,Credit card (automatic),1,0,0,0,1,139.7,1
9060-HJJRW,51,One year,56.4,2928.5,1,0,0,DSL,Credit card (automatic),1,0,0,0,4,173.7,0
2587-YNLES,6,Two year,20.1,100.35,4,0,0,No,Mailed check,0,0,1,1,0,38.2,0
7398-SKNQZ,3,Month-to-month,94.9,273.2,7,0,0,Fiber optic,Electronic check,0,0,1,0,2,238.1,0
5935-FCCNB,17,Month-to-month,94.2,1608.15,1,0,0,Fiber optic,Electronic check,1,1,0,0,2,257.5,0
1958-RNRKS,30,Month-to-month,49.9,1441.95,0,0,0,DSL,Electronic check,0,0,1,0,0,77.1,0
5136-RGMZO,31,Month-to-month,71.05,2168.15,0,1,0,DSL,Electronic check,1,0,0,0,3,201.9,0
8345-MVDYC,45,Two year,81.65,3618.7,0,1,1,DSL,Bank transfer (automatic),0,0,0,0,5,218.5,0
8226-BXGES,64,One year,89.45,5692.65,2,0,1,Fiber optic,Bank transfer (automatic),0,0,1,0,3,187.8,0
3877-JRJIP,1,Month-to-month,59.85,59.85,3,0,0,DSL,Electronic check,1,0,0,0,1,193.0,1
8375-DKEBR,1,Month-to-month,69.6,69.6,4,0,0,Fiber optic,Electronic check,1,1,0,0,0,153.6,1
9705-IOVQQ,61,One year,99.0,5969.3,3,0,0,Fiber optic,Electronic check,0,1,1,1,3,257.7,0
1015-OWJKI,1,Month-to-month,19.05,19.05,5,0,0,No,Mailed check,0,0,0,0,0,35.1,0
7511-YMXVQ,9,Month-to-month,45.4,418.8,3,0,0,DSL,Electronic check,1,0,0,0,2,160.8,1
2040-XBAVJ,72,Two year,114.45,8100.55,1,1,1,Fiber optic,Bank transfer (automatic),0,0,1,1,6,298.9,0
7551-JOHTI,1,Month-to-month,19.5,19.5,0,0,0,No,Mailed check,0,0,0,0,0,31.0,1
8887-IPQNC,7,Month-to-month,44.25,313.45,0,0,0,DSL,Mailed check,1,0,1,0,0,59.1,0
8646-JCOMS,66,One year,90.55,6130.95,3,1,0,Fiber optic,Bank transfer (automatic),1,0,1,0,3,170.6,0
9804-ICWBG,1,Month-to-month,69.9,69.9,2,0,0,Fiber optic,Electronic check,1,0,0,0,0,126.8,1
1222-KJNZD,40,Month-to-month,20.4,745.3,3,0,0,No,Bank transfer (automatic),1,0,1,1,0,44.8,0
0106-GHRQR,16,Month-to-month,71.4,1212.1,2,0,0,DSL,Bank transfer (automatic),1,0,0,0,3,212.2,0
5318-IXUZF,2,Month-to-month,87.15,183.75,2,0,0,Fiber optic,Bank transfer (automatic),1,0,0,0,2,158.5,1
3768-VHXQO,67,Two year,24.85,1583.5,4,0,0,No,Credit card (automatic),0,0,1,0,0,38.8,0
8952-WCVCD,41,One year,104.45,4162.05,3,0,1,Fiber optic,Bank transfer (automatic),1,0,1,0,5,297.9,0
2418-TPEUN,56,Two year,19.8,1119.9,0,0,0,No,Credit card (automatic),1,0,1,1,0,41.7,0
3963-RYFNS,72,Two year,116.45,8013.55,3,1,1,Fiber optic,Bank transfer (automatic),1,0,0,0,6,295.1,0
3198-VELRD,3,Month-to-month,84.75,264.85,6,0,0,Fiber optic,Bank transfer (automatic),1,0,1,1,1,194.3,1
8540-ZQGEA,54,Two year,20.05,1102.4,3,0,0,No,Credit card (automatic),0,0,1,0,0,26.6,0
1320-REHCS,52,Month-to-month,110.75,5832.0,2,1,0,Fiber optic,Electronic check,1,1,0,0,5,371.0,0
4137-JOPHL,50,Two year,89.7,4304.5,3,1,0,Fiber optic,Bank transfer (automatic),1,0,0,0,3,181.5,0
9436-ZBZCT,14,Month-to-month,89.95,1178.4,1,1,0,Fiber optic,Electronic check,1,0,0,0,2,218.4,1
7801-CEDNV,27,One year,48.7,1421.75,2,0,1,DSL,Credit card (automatic),0,0,1,0,1,92.0,0
2057-BOYKM,72,Two year,96.6,6827.5,1,1,1,Fiber optic,Bank transfer (automatic),1,1,1,0,4,151.7,0
3658-QQJYD,62,One year,74.3,4698.05,2,0,1,DSL,Credit card (automatic),1,0,0,0,4,240.1,0
1803-BGNBD,12,Month-to-month,54.3,654.5,2,1,0,DSL,Electronic check,1,0,0,0,2,118.3,0
0134-XWXCE,44,One year,74.85,3268.05,1,1,0,DSL,Bank transfer (automatic),0,1,0,0,4,213.4,0
6950-TWMYB,54,Two year,79.95,4362.05,0,1,0,Fiber optic,Bank transfer (automatic),1,0,1,1,2,147.0,0
5848-FHRFC,68,Two year,20.05,1386.9,1,0,0,No,Bank transfer (automatic),0,0,0,0,0,39.5,0
2243-FNMMI,20,Month-to-month,19.4,415.4,2,0,0,No,Mailed check,0,0,0,0,0,39.9,0
2511-MORQY,50,One year,54.9,2614.1,5,0,0,DSL,Bank transfer (automatic),0,0,1,1,1,111.1,0
5356-KZCKT,58,Two year,24.45,1513.6,1,0,0,No,Credit card (automatic),1,0,0,0,0,38.4,0
9470-XCCEM,35,Month-to-month,89.65,3161.6,2,0,0,Fiber optic,Bank transfer (automatic),1,0,1,1,2,174.6,0
6519-CFDBX,2,Month-to-month,45.4,80.95,3,0,0,DSL,Electronic check,1,0,0,0,0,75.3,0
3902-MIVLE,63,Two year,75.7,4676.7,1,1,1,DSL,Mailed check,0,0,1,1,4,108.4,0
0409-WTMPL,58,One year,110.65,6526.65,1,0,1,Fiber optic,Credit card (automatic),1,0,1,0,5,226.5,0
8763-KIAFH,27,One year,20.55,583.3,3,0,0,No,Mailed check,1,0,1,1,0,36.0,0
3669-WHAFY,71,Two year,115.15,8078.1,2,1,1,Fiber optic,Credit card (automatic),1,0,1,0,6,260.1,0
3055-VTCGS,63,One year,58.55,3503.5,1,0,0,DSL,Credit card (automatic),0,0,0,0,2,128.0,0
3144-KMTWZ,71,Month-to-month,93.25,6669.45,0,0,0,Fiber optic,Bank transfer (automatic),1,0,1,0,3,234.3,0
7279-BUYWN,41,Month-to-month,113.2,4689.5,1,0,1,Fiber optic,Electronic check,1,1,0,0,5,297.6,1
7156-MHUGY,13,Month-to-month,90.5,1201.15,6,0,0,Fiber optic,Electronic check,1,1,0,0,2,271.7,1
7198-GLXTC,2,Month-to-month,79.0,143.65,4,0,0,Fiber optic,Electronic check,0,0,0,0,1,177.9,1
2007-QVGAW,68,Two year,19.35,1292.65,2,0,0,No,Bank transfer (automatic),1,0,1,1,0,32.8,0
5207-PLSTK,1,Month-to-month,48.75,48.75,1,0,1,DSL,Mailed check,1,0,1,1,1,76.9,0
2307-FYNNL,65,Two year,109.05,7108.2,0,1,1,Fiber optic,Electronic check,1,1,0,0,5,286.2,0
5605-XNWEN,72,Two year,25.0,1802.55,1,0,0,No,Bank transfer (automatic),1,1,1,0,0,33.4,0
2155-AMQRX,28,Month-to-month,54.9,1505.15,1,1,0,DSL,Credit card (automatic),1,0,0,0,1,86.6,0
6181-AXXYF,72,Two year,24.75,1859.1,1,0,0,No,Credit card (automatic),0,0,1,1,0,48.3,0
5091-HFAZW,2,Month-to-month,91.15,168.5,1,0,1,Fiber optic,Electronic check,1,0,0,0,3,229.1,0
0516-VRYBW,18,One year,20.15,390.85,2,0,0,No,Bank transfer (automatic),0,0,0,1,0,36.0,1
2519-LBNQL,60,One year,104.35,6339.45,1,0,0,Fiber optic,Electronic check,1,1,1,0,4,223.8,0
8623-ULFNQ,26,Month-to-month,66.05,1652.4,0,1,0,DSL,Electronic check,1,1,0,0,2,172.0,0
8380-PEFPE,1,Month-to-month,71.65,71.65,2,0,0,Fiber optic,Electronic check,1,0,0,1,0,115.5,1
5687-DKDTV,4,Month-to-month,20.35,77.5,2,0,0,No,Mailed check,0,0,0,0,0,36.0,1
1568-LJSZU,68,Two year,92.2,6392.85,0,1,1,DSL,Credit card (automatic),1,0,1,1,6,212.0,0
7530-HDYDS,38,Month-to-month,84.25,3264.5,1,1,0,Fiber optic,Credit card (automatic),1,0,0,0,3,191.3,1
7789-HKSBS,42,One year,105.2,4599.15,4,0,1,Fiber optic,Bank transfer (automatic),1,1,1,0,4,327.1,0
7416-CKTEP,57,Two year,19.6,1134.25,4,0,0,No,Bank transfer (automatic),1,0,1,0,0,31.0,0
2586-CWXVV,54,Month-to-month,30.4,1621.35,3,0,0,DSL,Electronic check,0,0,1,0,1,45.6,0
3096-IZETN,12,Month-to-month,78.1,947.3,1,0,0,Fiber optic,Bank transfer (automatic),0,0,0,0,1,179.3,1
2348-KCJLT,44,One year,61.5,2722.2,1,0,1,DSL,Mailed check,1,0,1,0,3,120.7,0
8401-EMUWF,42,Month-to-month,69.4,3058.3,1,0,1,DSL,Bank transfer (automatic),1,0,1,1,3,194.6,0
4193-IBKSW,72,Two year,24.75,1769.6,2,0,0,No,Bank transfer (automatic),0,0,1,1,0,44.2,0
5377-NDTOU,71,Two year,91.05,6293.75,0,1,1,DSL,Mailed check,0,0,1,1,6,200.7,0
5922-ABDVO,19,Month-to-month,89.65,1761.05,1,0,0,Fiber optic,Mailed check,0,0,1,0,2,210.0,1
2474-LCNUE,23,Month-to-month,73.65,1642.75,1,1,0,DSL,Credit card (automatic),1,0,1,0,3,220.7,0
0839-QNXME,30,Two year,19.4,578.5,1,0,0,No,Credit card (automatic),0,0,0,0,0,27.0,0
3506-OVLKD,35,One year,26.2,954.9,0,0,0,No,Bank transfer (automatic),0,0,0,0,0,45.4,0
9172-ANCRX,10,Month-to-month,98.7,973.25,3,0,1,Fiber optic,Electronic check,1,0,0,0,3,246.8,1
6650-VJONK,1,Month-to-month,43.85,43.85,4,0,0,DSL,Bank transfer (automatic),1,0,0,0,0,67.9,0
2178-PMGCJ,22,Month-to-month,69.7,1490.4,0,0,0,Fiber optic,Mailed check,1,0,0,0,0,129.5,0
7492-TAFJD,7,Two year,38.55,280.0,1,0,1,DSL,Mailed check,0,0,1,1,3,79.9,0
2773-MADBQ,36,Two year,53.1,1901.25,0,1,1,DSL,Mailed check,1,0,0,0,5,155.3,0
6016-LVTJQ,34,Month-to-month,20.65,716.4,1,0,0,No,Mailed check,0,0,1,1,0,32.4,0
7860-KSUGX,72,Two year,64.45,4720.0,1,0,1,DSL,Credit card (automatic),0,0,1,1,3,106.3,0
8966-KZXXA,36,Two year,25.1,930.95,0,0,0,No,Credit card (automatic),0,0,1,1,0,49.7,0
6910-HADCM,1,Month-to-month,76.35,76.35,0,0,0,Fiber optic,Electronic check,0,0,0,0,1,130.9,1
4816-LXZYW,23,Month-to-month,79.15,1676.95,2,0,0,Fiber optic,Electronic check,1,0,0,0,1,135.4,1
9606-PBKBQ,32,Month-to-month,85.0,2642.05,5,0,0,Fiber optic,Electronic check,1,1,1,0,1,254.0,1
5149-QYTTU,71,One year,95.15,6770.85,0,1,1,Fiber optic,Credit card (automatic),1,0,1,1,4,108.4,0
2070-XYMFH,23,Month-to-month,79.35,1835.3,1,0,0,Fiber optic,Mailed check,1,1,0,0,1,129.5,0
2085-BOJKI,17,One year,96.65,1588.25,3,0,0,Fiber optic,Bank transfer (automatic),1,0,1,0,3,223.6,0
0817-HSUSE,1,Month-to-month,75.5,75.5,3,1,0,DSL,Electronic check,1,0,0,0,4,214.3,0
5442-PPTJY,12,Two year,19.7,258.35,2,0,0,No,Mailed check,0,0,1,1,0,44.1,0
1927-QEWMY,72,Two year,20.5,1502.25,2,0,0,No,Credit card (automatic),0,0,1,0,0,36.1,0
1663-MHLHE,1,Month-to-month,19.2,19.2,4,0,0,No,Mailed check,0,0,0,0,0,33.2,0
5663-QBGIS,72,Two year,98.35,6929.4,1,0,0,Fiber optic,Bank transfer (automatic),0,1,1,0,3,262.9,0
4450-MDZFX,60,Month-to-month,74.35,4453.3,2,0,0,Fiber optic,Bank transfer (automatic),0,0,1,1,0,128.0,0
6701-DHKWQ,61,Two year,51.35,3244.4,1,1,0,DSL,Credit card (automatic),0,0,1,1,4,139.6,0
7554-AKDQF,6,Month-to-month,45.65,323.45,1,0,0,DSL,Mailed check,0,0,1,0,0,112.1,0
3536-IQCTX,32,Month-to-month,85.3,2661.1,1,0,0,Fiber optic,Electronic check,0,1,1,0,1,174.5,1
4911-BANWH,31,Month-to-month,86.55,2697.4,3,0,0,Fiber optic,Credit card (automatic),1,0,0,1,1,190.1,1
8496-EJAUI,19,Month-to-month,73.85,1424.5,0,0,0,Fiber optic,Credit card (automatic),1,0,0,0,1,131.6,1
0794-YVSGE,72,Two year,20.3,1401.15,0,0,0,No,Bank transfer (automatic),0,0,1,1,0,25.5,0
5423-BHIXO,32,Month-to-month,54.2,1739.6,4,0,0,DSL,Electronic check,1,0,0,0,1,106.0,0
6908-VVYHM,65,Month-to-month,90.65,5931.0,1,0,0,Fiber optic,Electronic check,1,0,1,0,2,201.4,0
2959-EEXWB,45,Month-to-month,50.9,2333.85,3,0,1,DSL,Bank transfer (automatic),1,0,1,1,3,123.4,0
1839-UMACK,42,One year,25.05,949.85,2,0,0,No,Electronic check,0,0,0,0,0,43.4,0
3030-YDNRM,8,Month-to-month,74.85,572.45,4,0,0,Fiber optic,Electronic check,1,0,0,0,0,137.9,0
7321-KKSDU,32,Two year,20.5,696.8,1,0,0,No,Mailed check,0,0,0,1,0,32.2,0
3402-XRIUO,22,Month-to-month,63.55,1381.8,1,1,1,DSL,Mailed check,1,1,1,0,3,132.2,0
3132-TVFDZ,57,Month-to-month,44.85,2572.95,3,0,0,DSL,Electronic check,1,1,1,0,2,147.1,1
8286-AFUYI,1,Month-to-month,47.95,47.95,3,0,1,DSL,Electronic check,0,0,0,0,1,67.9,0
8080-DDEMJ,1,Month-to-month,45.1,45.1,1,0,0,DSL,Electronic check,0,1,0,0,0,90.5,1
8356-WUAOJ,1,Month-to-month,45.0,45.0,4,0,0,DSL,Electronic check,1,0,1,0,0,79.4,0
6365-MTGZX,24,Month-to-month,96.0,2122.45,4,1,0,Fiber optic,Electronic check,1,0,0,0,3,257.9,1
1349-WXNGG,1,Month-to-month,20.05,20.05,3,0,0,No,Bank transfer (automatic),0,0,0,0,0,27.8,1
8058-DMYRU,54,Month-to-month,90.05,4931.8,3,0,0,Fiber optic,Electronic check,1,1,0,0,2,162.1,0
9350-ZXYJC,4,Two year,25.3,116.95,2,0,0,No,Credit card (automatic),1,0,0,0,0,38.9,0
6990-YNRIO,65,Two year,108.65,6937.95,1,1,1,Fiber optic,Bank transfer (automatic),0,0,1,1,5,269.5,1
8958-JPTRR,56,One year,24.3,1261.7,3,0,0,No,Electronic check,0,0,1,0,0,42.9,0
6959-GQEGV,45,Month-to-month,75.95,3273.8,0,0,1,DSL,Electronic check,1,0,0,0,4,259.5,0
3173-WSSUE,71,Two year,19.7,1415.85,2,0,0,No,Credit card (automatic),0,0,1,1,0,43.3,0
1265-HVPZB,59,One year,66.4,3958.2,2,0,1,DSL,Credit card (automatic),0,0,1,0,4,162.5,0
4115-UMJFQ,69,One year,35.75,2492.25,0,0,0,DSL,Bank transfer (automatic),1,0,0,0,2,63.5,0
7369-TRPFD,19,One year,18.8,279.2,3,0,0,No,Mailed check,0,0,0,0,0,43.0,0
1098-KFQEC,55,Two year,19.4,1083.0,3,0,0,No,Credit card (automatic),0,0,1,1,0,35.2,0
7190-XHTWJ,38,One year,19.3,755.5,1,0,0,No,Mailed check,0,0,0,0,0,39.8,0
0621-TWIEM,10,Month-to-month,45.55,402.6,1,0,0,DSL,Electronic check,1,0,0,0,0,76.3,1
3537-RYBHH,47,Month-to-month,67.45,3252.0,2,0,1,DSL,Credit card (automatic),1,1,1,0,3,119.6,0
2485-ITVKB,2,Month-to-month,35.1,68.75,9,0,0,DSL,Electronic check,1,0,1,0,1,99.1,1
3669-OYSJI,1,Month-to-month,46.2,46.2,4,0,0,DSL,Credit card (automatic),0,0,0,0,0,74.9,1
1612-EOHDH,1,Month-to-month,45.15,45.15,3,0,0,DSL,Electronic check,0,0,0,0,0,85.6,1
6702-OHFWR,1,Month-to-month,43.3,43.3,7,0,0,DSL,Electronic check,1,1,0,0,3,104.0,1
5296-BFCYD,46,Two year,20.1,936.85,5,0,0,No,Mailed check,1,0,1,1,0,35.6,0
4510-PYUSH,38,Month-to-month,57.15,2250.65,0,0,1,DSL,Credit card (automatic),1,1,0,0,2,108.9,1
9359-JANWS,65,Two year,58.9,3857.1,0,1,1,DSL,Credit card (automatic),0,0,1,0,3,138.0,0
7517-SAWMO,19,Month-to-month,73.2,1441.1,1,0,1,Fiber optic,Electronic check,1,0,1,0,1,95.8,1
4143-HHPMK,52,Month-to-month,85.35,4338.6,4,0,0,Fiber optic,Electronic check,1,0,0,0,2,195.7,1
3279-DYZQM,71,Two year,19.45,1378.45,3,0,0,No,Mailed check,0,0,1,1,0,38.3,0
7054-LGEQW,1,Month-to-month,45.95,45.95,2,0,0,DSL,Mailed check,0,0,0,0,0,78.6,1
0523-VNGTF,52,Month-to-month,50.5,2566.3,0,1,0,DSL,Electronic check,1,1,0,0,4,147.2,0
9575-IWCAZ,6,One year,25.1,171.0,2,0,0,No,Mailed check,0,0,1,0,0,48.6,0
7105-MXJLL,26,One year,60.7,1597.4,4,0,0,DSL,Mailed check,0,1,1,0,2,159.7,0
7064-FRRSW,48,One year,99.0,4744.35,2,0,0,Fiber optic,Electronic check,1,1,0,0,3,242.7,0
7940-UQQUG,64,One year,104.4,6721.6,0,1,1,Fiber optic,Bank transfer (automatic),1,0,1,1,4,259.7,0
0923-PNFUB,3,Month-to-month,83.75,247.25,2,0,0,Fiber optic,Electronic check,0,0,0,0,2,184.5,1
3961-SXAXY,1,Month-to-month,44.05,44.05,2,0,0,DSL,Bank transfer (automatic),1,0,0,0,0,68.1,0
7010-BRBUU,72,Two year,24.1,1734.65,3,0,0,No,Credit card (automatic),0,0,1,1,0,44.5,0
3566-HJGPK,1,Month-to-month,45.55,45.55,3,0,0,DSL,Mailed check,1,0,0,0,0,69.6,0
3062-ICYZQ,51,Month-to-month,93.8,4539.35,1,0,1,Fiber optic,Electronic check,1,0,1,1,3,181.0,0
9938-PRCVK,41,Two year,19.7,804.25,2,0,0,No,Bank transfer (automatic),0,0,1,1,0,28.4,0
0973-KYVNF,72,Two year,70.65,5011.15,0,0,1,DSL,Credit card (automatic),1,0,1,1,4,193.5,0
5129-HHMZC,43,Two year,86.45,3574.5,0,1,1,DSL,Credit card (automatic),0,0,1,0,5,216.6,0
9637-CDTKZ,72,Two year,114.1,8086.4,0,1,1,Fiber optic,Credit card (automatic),1,0,1,0,6,249.2,0
3946-JEWRQ,47,One year,95.2,4563.0,4,0,0,Fiber optic,Credit card (automatic),1,0,1,0,2,279.9,0
7873-CVMAW,72,Two year,88.55,6362.35,0,1,1,DSL,Credit card (automatic),0,0,0,0,6,225.0,0
0463-WZZKO,3,Month-to-month,20.75,67.1,2,0,0,No,Credit card (automatic),1,0,0,0,0,39.1,0
3494-JCHRQ,1,Month-to-month,70.05,70.05,3,0,0,Fiber optic,Electronic check,1,0,0,0,0,122.9,1
6474-FVJLC,2,Month-to-month,86.0,165.45,2,0,0,Fiber optic,Electronic check,1,0,0,0,1,204.8,1
4524-QCSSM,26,Month-to-month,44.65,1156.55,3,0,1,DSL,Bank transfer (automatic),1,0,0,0,3,123.6,0
5832-EXGTT,29,Month-to-month,60.2,1834.15,1,0,1,DSL,Mailed check,1,0,1,1,2,102.4,0
8840-DQLGN,35,Month-to-month,100.5,3653.35,0,1,1,Fiber optic,Bank transfer (automatic),1,1,1,0,4,267.3,1
2039-JONDJ,27,One year,55.45,1477.65,0,0,1,DSL,Bank transfer (automatic),0,0,0,0,2,114.1,0
7217-JYHOQ,24,Month-to-month,70.3,1706.45,0,1,1,DSL,Credit card (automatic),1,0,1,1,4,131.8,0
6695-FRVEC,67,Two year,60.4,3953.7,0,1,1,DSL,Bank transfer (automatic),1,0,1,1,3,122.6,0
4547-LYTDD,16,Month-to-month,72.65,1194.3,2,0,0,Fiber optic,Electronic check,0,0,0,0,0,126.5,1
9894-QMIMJ,23,One year,55.8,1327.85,3,0,0,DSL,Bank transfer (automatic),0,0,0,0,2,102.1,0
8069-YQQAJ,14,Month-to-month,31.1,419.7,1,0,0,DSL,Mailed check,1,0,0,0,1,66.2,0
6770-XUAGN,1,Month-to-month,21.0,21.0,2,0,0,No,Electronic check,1,0,1,1,0,43.2,1
4193-ORFCL,1,Month-to-month,45.1,45.1,1,0,0,DSL,Mailed check,0,1,0,0,0,92.5,1
1636-NTNCO,4,Month-to-month,50.95,207.35,3,0,0,DSL,Credit card (automatic),1,1,0,0,3,221.0,0
3466-WAESX,16,Month-to-month,69.1,1083.7,0,0,1,DSL,Electronic check,1,0,0,1,3,190.0,0
9281-PKKZE,46,Month-to-month,43.95,2007.85,2,0,0,DSL,Electronic check,1,0,1,0,2,145.4,0
3638-VBZTA,68,Two year,86.5,5882.75,0,1,1,DSL,Bank transfer (automatic),1,0,0,1,5,192.6,0
7459-IMVYU,38,Month-to-month,69.95,2657.55,0,1,1,DSL,Electronic check,0,0,0,0,4,141.0,0
7776-QWNFX,30,Month-to-month,50.4,1527.5,5,0,0,DSL,Bank transfer (automatic),1,1,1,0,1,68.5,1
6689-TCZHQ,5,Month-to-month,78.95,378.4,2,0,0,Fiber optic,Electronic check,0,1,0,0,1,173.0,1
8563-OYMQY,17,Month-to-month,90.95,1612.2,5,0,0,Fiber optic,Credit card (automatic),1,0,0,0,3,193.2,0
0754-EEBDC,4,Two year,19.9,76.65,1,0,0,No,Mailed check,0,0,1,1,0,32.2,0
5777-ZPQNC,12,One year,20.15,260.7,1,0,0,No,Electronic check,0,0,0,0,0,43.3,0
1951-IEYXM,72,Two year,90.6,6441.85,0,1,1,DSL,Credit card (automatic),1,0,1,1,6,254.2,0
3318-NMQXL,3,Month-to-month,92.0,266.8,0,0,0,Fiber optic,Electronic check,1,0,0,0,2,237.7,0
3143-ILDAL,56,Month-to-month,94.45,5124.6,2,1,0,Fiber optic,Electronic check,1,0,0,0,3,236.9,1
1022-RKXDR,41,One year,24.85,962.25,2,0,0,No,Mailed check,1,0,0,0,0,42.1,0
2361-FJWNO,40,One year,36.0,1382.9,1,1,0,DSL,Credit card (automatic),0,0,0,0,2,75.9,0
2272-UOINI,7,Month-to-month,78.5,571.05,0,1,1,DSL,Electronic check,1,0,0,0,5,285.9,0
8232-UTFOZ,69,Two year,19.95,1399.35,3,0,0,No,Credit card (automatic),0,0,0,0,0,35.2,0
3750-YHRYO,7,One year,20.65,150.0,2,0,0,No,Mailed check,0,0,1,1,0,36.3,0
6637-KYRCV,5,Month-to-month,30.5,167.2,2,0,0,DSL,Electronic check,1,0,1,1,1,63.9,0
5668-MEISB,72,Two year,106.1,7657.4,1,1,1,Fiber optic,Credit card (automatic),0,0,1,1,5,166.3,0
0129-QMPDR,44,One year,20.5,865.05,3,0,0,No,Bank transfer (automatic),1,0,1,1,0,30.3,0
7188-CBBBA,65,One year,95.5,6153.85,7,0,0,Fiber optic,Electronic check,1,0,0,0,3,180.8,0
5356-CSVSQ,3,Month-to-month,64.6,174.2,2,1,0,DSL,Electronic check,0,0,0,0,2,120.2,0
3221-CJMSG,24,Month-to-month,51.1,1269.6,2,1,0,DSL,Credit card (automatic),1,0,0,0,1,91.9,0
4720-VSTSI,44,Month-to-month,84.8,3862.55,1,0,0,Fiber optic,Bank transfer (automatic),1,0,0,0,2,159.1,1
3219-JQRSL,72,Two year,89.1,6352.4,0,1,1,DSL,Credit card (automatic),0,1,1,0,6,239.4,0
2801-NISEI,24,Month-to-month,54.95,1348.5,0,1,1,DSL,Electronic check,0,0,0,0,2,98.5,0
3946-MHCZW,1,Month-to-month,50.9,50.9,1,0,0,DSL,Mailed check,0,0,0,0,1,103.6,1
4623-ZKHLY,22,Month-to-month,20.45,471.55,1,0,0,No,Bank transfer (automatic),1,0,1,0,0,42.4,0
6732-VAILE,70,Two year,85.95,5931.75,0,1,0,DSL,Credit card (automatic),1,0,1,1,5,276.3,0
8201-AAXCB,25,Month-to-month,60.35,1404.65,0,0,0,DSL,Electronic check,0,0,1,1,1,145.6,0
7696-CFTAT,37,Two year,19.8,726.1,1,0,0,No,Bank transfer (automatic),0,0,1,1,0,35.7,0
1845-CSBRZ,22,Month-to-month,85.35,1961.6,1,0,0,Fiber optic,Bank transfer (automatic),0,1,1,1,1,234.3,0
2123-VSCOT,59,Two year,72.1,4194.85,0,1,0,DSL,Bank transfer (automatic),1,0,1,1,3,179.7,0
6651-AZVTJ,49,Month-to-month,99.8,4872.45,4,0,0,Fiber optic,Electronic check,1,0,1,1,3,308.5,1
4566-GOLUK,47,Month-to-month,107.35,5118.95,0,1,0,Fiber optic,Bank transfer (automatic),1,0,1,1,4,254.6,1
2484-DGXPZ,31,Month-to-month,19.55,658.95,3,0,0,No,Mailed check,1,0,1,1,0,35.0,1
2018-QKYGT,1,Month-to-month,81.05,81.05,6,0,0,Fiber optic,Electronic check,1,0,1,1,1,168.8,0
2792-VPPET,3,Month-to-month,20.5,76.95,1,0,0,No,Electronic check,1,0,0,0,0,36.8,0
7409-JURKQ,53,One year,111.8,5809.75,3,1,0,Fiber optic,Bank transfer (automatic),1,0,1,0,5,298.3,0
3247-MHJKM,1,Month-to-month,20.2,20.2,1,0,0,No,Mailed check,0,0,0,0,0,34.0,0
1964-SVLEA,20,One year,19.7,415.9,1,0,0,No,Mailed check,1,0,0,0,0,45.4,0
4587-NUKOX,3,Month-to-month,79.1,246.5,3,0,1,Fiber optic,Electronic check,1,0,0,0,2,112.1,1
7297-DVYGA,51,One year,19.85,996.95,2,0,0,No,Bank transfer (automatic),1,0,0,0,0,40.1,0
2239-CGBUZ,51,One year,60.5,3145.15,0,1,1,DSL,Bank transfer (automatic),1,0,1,0,3,92.0,0
0854-UYHZD,13,Two year,19.55,265.3,1,0,0,No,Mailed check,0,0,1,1,0,36.7,0
7243-LCGGZ,1,Month-to-month,20.9,20.9,2,0,0,No,Mailed check,0,0,0,0,0,33.5,0
8267-KFGYD,1,Month-to-month,21.05,21.05,2,0,0,No,Mailed check,1,0,0,1,0,38.3,0
4890-VMUAV,63,One year,71.5,4576.3,0,1,1,DSL,Electronic check,0,0,0,0,4,130.0,0
9261-WDCAF,3,Month-to-month,54.65,189.1,2,0,0,DSL,Mailed check,0,0,0,0,1,122.5,0
3764-MNMOI,46,Two year,19.2,908.15,1,0,0,No,Credit card (automatic),0,0,0,0,0,28.5,0
7442-YGZFK,1,Month-to-month,49.8,49.8,5,0,0,DSL,Credit card (automatic),1,0,0,0,0,80.5,0
0420-BWTPW,8,Month-to-month,25.5,215.2,2,0,0,DSL,Mailed check,0,0,0,1,0,46.0,1
8229-BUJHX,71,Two year,20.5,1500.95,1,0,0,No,Bank transfer (automatic),0,0,1,1,0,41.2,0
7449-HVPIV,55,Month-to-month,90.4,5099.15,2,0,0,Fiber optic,Credit card (automatic),1,0,1,1,2,249.1,0
5504-WSIUR,70,One year,90.25,6385.95,1,1,0,Fiber optic,Bank transfer (automatic),1,0,0,0,3,122.5,0
8183-ONMXC,2,Month-to-month,80.75,159.45,4,0,0,Fiber optic,Electronic check,0,0,0,0,1,197.3,1
8466-PZBLH,67,Two year,104.6,6885.75,0,1,1,Fiber optic,Bank transfer (automatic),0,0,1,1,4,250.1,0
9614-RMGHA,65,Month-to-month,91.85,5940.85,3,0,0,Fiber optic,Bank transfer (automatic),1,0,1,0,2,205.5,1
8735-IJJEG,14,Month-to-month,50.2,668.85,0,0,0,DSL,Credit card (automatic),0,0,1,0,1,94.4,0
0564-MUUQK,20,Month-to-month,95.5,1916.2,2,1,0,Fiber optic,Bank transfer (automatic),1,0,1,1,3,235.7,0
5054-IEXZT,1,Month-to-month,75.35,75.35,3,0,0,Fiber optic,Electronic check,1,0,0,1,1,143.4,1
5834-ASPWA,1,Month-to-month,75.45,75.45,4,0,0,Fiber optic,Electronic check,1,0,0,0,0,135.3,1
0701-RFGFI,49,Month-to-month,95.4,4613.95,4,0,0,Fiber optic,Bank transfer (automatic),1,0,1,1,2,307.6,0
0019-EFAEP,72,Two year,101.3,7261.25,1,0,1,Fiber optic,Bank transfer (automatic),1,0,0,0,4,231.1,0
5619-PTMIK,46,Month-to-month,53.1,2459.8,1,0,1,DSL,Electronic check,0,0,1,0,1,95.4,0
3737-XBQDD,24,Month-to-month,84.85,2048.8,3,0,0,Fiber optic,Bank transfer (automatic),1,0,0,0,2,177.4,0
5882-CMAZQ,5,Month-to-month,34.25,163.55,0,1,0,DSL,Electronic check,0,0,1,1,2,51.6,0
5846-QFDFI,33,Month-to-month,88.6,2888.7,1,1,0,Fiber optic,Credit card (automatic),0,0,1,1,3,138.0,0
4445-KWOKW,42,One year,60.15,2421.6,1,0,1,DSL,Bank transfer (automatic),1,0,0,0,2,130.6,0
3511-APPBJ,23,One year,99.95,2292.75,1,0,1,Fiber optic,Credit card (automatic),1,0,0,0,4,252.3,0
7967-HYCDE,8,Month-to-month,70.7,553.4,3,0,0,Fiber optic,Bank transfer (automatic),0,0,0,0,0,94.8,0
2430-RRYUW,66,One year,54.8,3465.7,0,0,1,DSL,Mailed check,1,0,0,0,2,109.8,0
3948-XHGNA,24,Month-to-month,49.55,1210.4,0,0,1,DSL,Bank transfer (automatic),1,0,0,0,1,104.4,1
3723-BFBGR,24,Month-to-month,54.8,1291.3,4,0,0,DSL,Credit card (automatic),0,1,0,0,1,87.6,0
0565-IYCGT,69,One year,78.6,5356.45,0,1,1,DSL,Credit card (automatic),1,0,0,0,5,147.5,1
5447-WZAFP,53,One year,100.3,5200.8,0,0,0,Fiber optic,Mailed check,1,0,0,0,4,258.3,0
5110-CHOPY,60,Two year,53.6,3237.05,1,0,1,DSL,Electronic check,0,0,0,0,4,185.2,0
5445-UTODQ,7,Month-to-month,81.1,576.65,3,0,0,Fiber optic,Electronic check,1,0,1,0,1,169.9,1
4425-OWHWB,20,One year,19.35,433.75,0,0,0,No,Credit card (automatic),1,0,0,0,0,30.2,0
7892-QVYKW,23,Month-to-month,85.6,1868.4,2,0,0,Fiber optic,Electronic check,0,0,1,1,1,208.3,0
9675-ICXCT,72,Two year,80.8,5728.55,0,1,1,DSL,Electronic check,1,0,1,1,5,242.1,0
1024-VRZHF,11,Month-to-month,74.95,825.7,2,0,0,Fiber optic,Electronic check,1,0,1,0,0,104.2,1
4703-MQYKT,21,Two year,19.6,390.4,4,0,0,No,Mailed check,0,0,0,0,0,29.6,0
9497-QCMMS,1,Month-to-month,93.55,93.55,7,0,0,Fiber optic,Electronic check,1,1,0,0,2,236.5,1
5692-ICXLW,31,Month-to-month,90.7,2845.15,1,0,0,Fiber optic,Electronic check,1,1,0,0,2,184.7,0
0602-DDUML,57,Two year,69.75,3894.4,0,1,0,DSL,Mailed check,0,0,0,0,4,170.3,0
2208-MPXIO,45,Two year,20.0,886.4,4,0,0,No,Bank transfer (automatic),1,0,1,1,0,38.6,0
1960-UYCNN,10,Month-to-month,95.25,1021.55,4,0,0,Fiber optic,Electronic check,1,0,0,0,3,266.8,0
0348-SDKOL,58,Month-to-month,102.1,5885.4,1,1,0,Fiber optic,Credit card (automatic),1,0,1,0,4,276.7,1
3190-FZATL,14,Month-to-month,19.95,268.4,5,0,0,No,Mailed check,0,0,0,1,0,40.5,0
7336-RLLRH,27,One year,80.85,2204.35,0,1,1,DSL,Mailed check,0,0,1,0,4,175.1,0
4373-MAVJG,14,Month-to-month,90.9,1259.0,4,0,0,Fiber optic,Bank transfer (automatic),1,0,1,1,2,183.1,1
8901-HJXTF,12,Month-to-month,29.2,309.1,5,0,0,DSL,Mailed check,0,0,1,1,1,60.3,1
7710-JSYOA,69,Two year,93.3,6398.05,2,1,0,Fiber optic,Bank transfer (automatic),1,0,1,1,3,164.5,0
5419-KLXBN,25,Month-to-month,89.15,2257.75,2,0,0,Fiber optic,Bank transfer (automatic),1,0,1,1,3,238.1,1
3424-NMNBO,58,One year,108.85,6287.25,1,0,1,Fiber optic,Electronic check,1,1,1,0,5,296.8,1
9885-MFVSU,35,Two year,46.35,1662.05,0,1,1,DSL,Credit card (automatic),1,0,1,1,3,125.5,0
4514-GFCFI,16,Month-to-month,84.75,1350.15,2,0,0,Fiber optic,Electronic check,1,1,0,0,1,188.8,1
0607-MVMGC,45,One year,78.75,3600.65,3,0,0,DSL,Credit card (automatic),0,0,1,1,4,184.5,0
3365-SAIGS,17,Month-to-month,83.55,1329.15,5,0,0,Fiber optic,Electronic check,1,0,0,0,2,160.7,0
9828-AOQLM,1,Month-to-month,45.7,45.7,3,0,0,DSL,Electronic check,1,0,1,1,0,75.9,1
8022-BECSI,22,One year,19.6,422.5,0,0,0,No,Mailed check,0,0,0,0,0,33.0,0
8000-REIQB,1,Month-to-month,69.95,69.95,1,0,0,Fiber optic,Electronic check,1,1,0,0,0,147.6,1
9993-LHIEB,67,Two year,67.85,4627.65,0,1,1,DSL,Mailed check,0,0,1,1,4,138.2,0
0266-CLZKZ,67,Two year,105.65,6717.9,2,1,0,Fiber optic,Bank transfer (automatic),1,0,1,1,4,245.4,0
7615-ESMYF,2,Month-to-month,44.6,97.1,4,0,0,DSL,Electronic check,0,0,1,0,2,120.2,1
3858-VOBET,23,Month-to-month,74.95,1710.45,3,0,0,Fiber optic,Electronic check,1,0,0,0,0,137.6,1
7020-OZKXZ,9,Month-to-month,75.5,637.4,2,0,0,Fiber optic,Credit card (automatic),0,1,0,0,1,135.4,0
3977-QCRSL,5,Month-to-month,20.15,117.95,3,0,0,No,Mailed check,0,0,0,0,0,41.8,0
0017-DINOC,54,Two year,45.2,2460.55,0,1,1,DSL,Credit card (automatic),0,0,0,0,3,154.0,0
1447-PJGGA,57,Two year,95.25,5464.65,2,0,0,Fiber optic,Electronic check,1,0,0,0,3,269.8,1
8565-CLBZW,24,Month-to-month,89.85,2165.05,4,0,0,Fiber optic,Mailed check,1,0,0,0,2,176.6,1
9139-WQQDY,49,One year,100.45,4941.8,0,0,0,Fiber optic,Mailed check,0,0,1,1,3,268.4,1
0224-HJAPT,5,Month-to-month,47.15,223.15,3,0,0,DSL,Electronic check,0,0,0,0,0,88.0,1
8086-OVPWV,2,Month-to-month,80.2,181.1,1,0,0,Fiber optic,Electronic check,1,0,0,0,1,182.2,1
9430-FRQOC,4,Month-to-month,87.1,341.45,1,1,0,Fiber optic,Mailed check,1,0,0,1,2,132.2,1
7639-OPLNG,70,Two year,79.25,5731.85,0,1,1,DSL,Bank transfer (automatic),1,0,1,1,5,191.0,0
3074-GQWYX,5,Month-to-month,75.9,357.75,3,0,0,Fiber optic,Bank transfer (automatic),1,0,0,0,0,112.7,1
1492-QGCLU,53,Month-to-month,85.7,4616.1,0,1,1,DSL,Electronic check,0,0,1,1,5,230.7,0
6845-RGTYS,47,Month-to-month,98.75,4533.7,3,0,1,Fiber optic,Electronic check,1,0,1,0,4,207.7,1
7328-OWMOM,31,One year,20.1,589.25,2,0,0,No,Credit card (automatic),0,0,0,1,0,22.8,0
4418-LZMSV,13,Month-to-month,61.8,750.1,1,1,0,DSL,Bank transfer (automatic),0,0,1,1,3,120.5,0
5155-AZQPB,28,Month-to-month,49.9,1410.25,3,0,0,DSL,Mailed check,0,0,1,1,0,116.7,0
8861-HGGKB,10,Month-to-month,86.45,830.85,1,0,0,Fiber optic,Electronic check,0,0,0,0,1,184.8,1
1087-GRUYI,38,Two year,20.4,743.5,0,0,0,No,Bank transfer (automatic),0,0,1,0,0,33.4,0
7065-YUNRY,1,Month-to-month,45.3,45.3,1,0,0,DSL,Mailed check,1,0,0,0,0,92.0,1
7694-VLBWQ,67,One year,104.1,7040.85,1,0,0,Fiber optic,Electronic check,0,0,1,0,4,216.8,1
2546-KZAAT,52,One year,75.4,3865.45,1,0,1,DSL,Mailed check,1,0,1,0,4,215.6,0
0181-RITDD,62,Two year,108.15,6825.65,0,1,1,Fiber optic,Mailed check,0,0,1,1,6,283.2,0
5989-PGKJB,16,Month-to-month,86.25,1340.1,4,0,0,Fiber optic,Electronic check,1,0,0,0,2,179.1,0
4795-KTRTH,5,Month-to-month,81.0,371.65,5,0,0,Fiber optic,Electronic check,1,1,1,0,1,143.8,1
8272-ONJLV,12,One year,95.7,1184.0,4,0,0,Fiber optic,Electronic check,0,0,0,0,3,221.1,0
1488-PBLJN,72,Two year,116.85,8477.7,0,1,1,Fiber optic,Bank transfer (automatic),1,0,1,1,6,265.5,0
0308-GIQJT,71,One year,105.75,7382.85,3,1,0,Fiber optic,Bank transfer (automatic),0,1,0,0,4,294.9,0
3778-FOAQW,24,One year,20.15,456.85,4,0,0,No,Mailed check,0,0,1,0,0,31.7,0
4452-ROHMO,15,Two year,19.6,331.6,1,0,0,No,Mailed check,0,0,0,0,0,32.3,0
6481-OGDOO,67,One year,90.6,6056.15,1,0,1,Fiber optic,Credit card (automatic),1,0,1,0,3,182.3,1
3090-LETTY,2,Month-to-month,60.95,134.6,4,0,1,DSL,Bank transfer (automatic),0,0,0,1,2,117.3,0
5349-AZPEW,5,Month-to-month,25.05,125.5,2,0,0,DSL,Mailed check,0,0,1,1,0,42.5,0
3753-TSEMP,15,Month-to-month,88.15,1390.6,3,0,0,Fiber optic,Electronic check,0,0,1,0,2,209.0,1
8305-VHZBZ,1,Month-to-month,20.2,20.2,2,0,0,No,Mailed check,1,0,0,0,0,37.9,1
9720-JJJOR,41,One year,60.3,2511.3,0,0,1,DSL,Bank transfer (automatic),1,0,1,1,3,77.2,0
8100-HZZLJ,43,Month-to-month,63.95,2737.05,3,0,1,DSL,Electronic check,1,0,0,1,3,112.8,0
8775-ERLNB,1,Month-to-month,74.3,74.3,4,0,0,Fiber optic,Electronic check,0,1,1,0,0,138.8,0
8309-IEYJD,1,Month-to-month,70.6,70.6,1,0,0,Fiber optic,Mailed check,1,1,0,0,0,160.2,0
9172-JITSM,26,Month-to-month,90.8,2361.8,3,0,0,Fiber optic,Electronic check,1,0,1,1,2,225.7,1
6298-QDFNH,22,Month-to-month,79.35,1730.35,4,0,0,Fiber optic,Electronic check,1,0,0,0,1,149.2,1
7398-HPYZQ,71,Two year,90.55,6404.0,0,1,1,DSL,Bank transfer (automatic),0,0,1,0,6,194.3,0
3546-GHEAE,7,Two year,19.45,165.35,1,0,0,No,Mailed check,0,0,0,0,0,35.5,0
7361-YPXFS,28,Month-to-month,64.45,1867.6,0,1,0,DSL,Bank transfer (automatic),0,1,0,0,3,118.9,0
6557-BZXLQ,16,Month-to-month,69.65,1043.3,4,0,0,Fiber optic,Electronic check,0,1,0,0,0,135.2,0
2550-QHZGP,7,One year,19.5,128.6,1,0,0,No,Mailed check,0,0,0,0,0,31.3,0
7519-JTWQH,69,Two year,110.5,7455.45,0,1,0,Fiber optic,Bank transfer (automatic),1,0,0,0,5,354.5,0
2538-OIMXF,1,Month-to-month,24.7,24.7,1,0,0,DSL,Mailed check,0,0,0,1,0,38.3,0
8543-MSDMF,3,Month-to-month,77.4,206.15,3,0,1,DSL,Electronic check,1,0,0,0,4,265.9,0
9961-JBNMK,21,Month-to-month,96.8,2030.3,3,0,0,Fiber optic,Bank transfer (automatic),1,1,0,0,3,214.7,1
1170-SASML,69,Month-to-month,85.4,5869.4,4,0,0,Fiber optic,Bank transfer (automatic),1,0,1,0,2,170.5,0
4872-JCVCA,71,Two year,47.6,3377.8,0,1,1,DSL,Bank transfer (automatic),1,0,1,0,4,101.7,0
5346-BZCHP,69,Two year,19.4,1346.2,0,0,0,No,Mailed check,0,0,1,1,0,45.6,0
2038-LLMLM,48,Month-to-month,103.85,4946.05,3,1,0,Fiber optic,Electronic check,1,0,0,0,4,261.8,0
6173-ITPWD,47,Month-to-month,83.35,4065.0,2,0,0,Fiber optic,Bank transfer (automatic),1,0,1,0,2,114.5,1
9734-UYXQI,2,Month-to-month,49.4,106.55,4,0,0,DSL,Electronic check,1,0,0,0,0,99.3,1
1216-BGTSP,45,Month-to-month,108.45,4964.7,2,1,1,Fiber optic,Credit card (automatic),1,0,0,0,5,246.7,0
4138-NAXED,51,Month-to-month,81.0,4085.75,3,0,0,Fiber optic,Bank transfer (automatic),0,0,0,0,1,123.2,0
2189-UXTKY,22,Month-to-month,79.2,1742.75,0,1,1,DSL,Electronic check,1,0,1,0,4,203.4,1
0744-BIKKF,72,Two year,86.65,6224.8,0,1,1,DSL,Bank transfer (automatic),0,0,0,0,6,204.9,0
7483-IQWIB,37,Month-to-month,92.95,3415.25,0,0,0,Fiber optic,Electronic check,1,0,1,1,3,229.3,0
5248-KWLAR,71,Two year,90.35,6325.25,0,1,1,DSL,Electronic check,0,0,1,1,6,248.5,0
4958-GZWIY,7,Month-to-month,48.7,340.25,1,0,0,DSL,Electronic check,0,0,1,1,1,96.0,1
7996-MHXLW,66,Two year,25.15,1683.6,2,0,0,No,Credit card (automatic),1,0,0,0,0,50.7,0
7833-PKIHD,51,One year,76.4,3966.3,0,1,1,DSL,Bank transfer (automatic),1,0,1,1,4,205.1,0
7061-OVMIM,30,One year,19.55,608.5,3,0,0,No,Bank transfer (automatic),0,0,1,1,0,38.6,0
5153-RTHKF,34,Month-to-month,85.35,2896.6,1,0,0,Fiber optic,Electronic check,0,0,0,0,1,226.6,0
1852-QSWCD,64,Two year,24.8,1514.85,2,0,0,No,Mailed check,1,0,1,1,0,56.3,0
4832-VRBMR,65,One year,103.15,6792.45,2,0,0,Fiber optic,Bank transfer (automatic),1,1,1,0,4,271.5,0
9079-LWTFD,47,Month-to-month,100.75,4669.2,0,1,1,Fiber optic,Mailed check,0,0,0,0,4,212.7,0
6356-ELRKD,1,Month-to-month,95.6,95.6,3,0,1,Fiber optic,Electronic check,1,0,0,0,3,218.3,1
8624-GIOUT,49,Month-to-month,59.75,2934.3,2,0,1,DSL,Credit card (automatic),1,0,0,0,2,101.3,1
3392-EHMNK,67,Two year,94.1,6302.8,0,1,0,Fiber optic,Credit card (automatic),0,0,1,1,3,209.3,0
5986-WWXDV,39,One year,19.35,779.2,1,0,0,No,Bank transfer (automatic),0,0,0,1,0,36.0,0
3061-BCKYI,14,Month-to-month,19.9,283.75,2,0,0,No,Mailed check,0,0,0,0,0,28.9,0
6179-GJPSO,43,Month-to-month,108.15,4600.7,0,1,1,Fiber optic,Credit card (automatic),1,1,0,0,5,258.5,1
7901-TBKJX,56,Month-to-month,101.05,5594.0,4,0,0,Fiber optic,Electronic check,1,1,0,0,3,254.0,0
7228-PAQPD,14,One year,59.1,772.85,2,1,0,DSL,Credit card (automatic),0,0,0,0,2,133.8,0
3177-LASXD,1,Month-to-month,71.35,71.35,4,0,0,Fiber optic,Electronic check,0,0,0,0,0,117.1,1
7746-QYVCO,16,One year,55.85,857.8,1,0,1,DSL,Mailed check,1,0,1,1,2,105.3,0
5804-HYIEZ,70,Month-to-month,106.05,7554.05,0,0,1,Fiber optic,Electronic check,1,0,1,1,4,233.0,0
9919-FZDED,72,Two year,84.1,5981.65,0,0,1,DSL,Credit card (automatic),1,1,1,0,5,246.5,0
5934-TSSAU,23,Month-to-month,75.3,1702.9,0,0,0,Fiber optic,Credit card (automatic),1,0,1,1,1,114.6,0
3486-KHMLI,21,Month-to-month,24.7,467.15,1,0,0,No,Mailed check,0,0,0,1,0,45.8,0
4897-QSUYC,1,Month-to-month,20.15,20.15,5,0,0,No,Mailed check,1,0,0,0,0,30.5,1
1084-UQCHV,1,Month-to-month,69.75,69.75,5,0,0,Fiber optic,Bank transfer (automatic),0,0,0,1,0,146.4,1
8290-YWKHZ,32,Month-to-month,93.2,2931.0,3,0,0,Fiber optic,Electronic check,1,1,1,0,2,273.5,1
2955-BJZHG,17,Month-to-month,80.85,1400.85,4,0,0,Fiber optic,Electronic check,0,0,1,1,1,220.6,1
3806-DXQOM,4,Month-to-month,33.65,137.85,1,0,1,DSL,Electronic check,1,0,0,0,2,53.3,1
6784-XYJAE,36,One year,55.8,1941.5,3,0,0,DSL,Electronic check,0,0,0,0,1,81.5,0
3933-DQPWX,50,Two year,39.7,1932.75,0,1,0,DSL,Credit card (automatic),0,0,0,0,3,58.0,0
6661-EIPZC,48,Month-to-month,29.5,1423.05,0,1,0,DSL,Credit card (automatic),1,0,1,1,1,51.3,0
8957-THMOA,50,Two year,20.15,970.85,2,0,0,No,Credit card (automatic),0,0,0,1,0,41.7,0
2251-PYLPB,72,Two year,79.55,5810.9,0,1,1,DSL,Credit card (automatic),0,0,1,0,5,201.3,0
5555-RNPGT,10,Month-to-month,24.8,223.9,4,0,0,No,Credit card (automatic),0,0,0,1,0,48.8,0
1057-FOGLZ,18,Month-to-month,19.65,391.7,2,0,0,No,Mailed check,0,0,0,0,0,29.1,0
9300-RENDD,1,Month-to-month,79.95,79.95,7,0,0,Fiber optic,Electronic check,1,0,0,0,1,212.0,1
0761-AETCS,1,Month-to-month,19.3,19.3,3,0,0,No,Electronic check,0,0,0,0,0,38.3,1
8087-LGYHQ,9,Month-to-month,94.05,811.65,1,0,0,Fiber optic,Electronic check,1,0,0,0,3,229.6,0
4137-BTIKL,2,Month-to-month,90.75,174.75,2,0,1,Fiber optic,Mailed check,0,0,0,0,2,129.4,0
2190-BCXEC,40,Month-to-month,78.85,3126.85,1,1,0,Fiber optic,Credit card (automatic),1,0,1,0,1,125.7,0
6227-FBDXH,69,One year,99.5,6841.45,5,0,0,Fiber optic,Bank transfer (automatic),0,0,1,0,3,253.8,0
2153-MREFK,37,One year,99.2,3754.6,0,1,1,Fiber optic,Electronic check,1,0,1,0,4,267.2,1
2911-WDXMV,18,Month-to-month,80.55,1406.65,8,0,0,Fiber optic,Credit card (automatic),1,0,0,1,1,149.2,0
7206-PQBBZ,11,Month-to-month,70.2,834.7,5,0,0,Fiber optic,Electronic check,1,1,1,0,0,125.0,0
3106-ULWFW,8,Month-to-month,85.2,627.4,8,0,0,Fiber optic,Credit card (automatic),1,0,1,0,1,236.8,1
0925-VYDLG,3,Month-to-month,75.25,242.0,0,0,0,Fiber optic,Electronic check,0,0,0,0,0,165.2,1
4547-FZJWE,55,One year,59.45,3157.0,3,0,1,DSL,Credit card (automatic),0,0,1,1,2,154.7,0
7422-WNBTY,33,Month-to-month,93.35,3092.0,4,0,0,Fiber optic,Electronic check,1,0,1,0,3,226.1,0
0842-IWYCP,46,Month-to-month,44.95,2168.9,3,0,0,DSL,Bank transfer (automatic),0,0,0,0,0,95.2,0
3521-HTQTV,34,Two year,26.1,980.35,0,0,0,No,Bank transfer (automatic),0,0,0,0,0,42.1,0
3744-ZBHON,3,Month-to-month,20.2,65.95,3,0,0,No,Electronic check,0,0,0,0,0,38.4,0
3373-DIUUN,30,Two year,21.25,711.9,3,0,0,No,Mailed check,0,0,1,1,0,35.9,0
8383-SGHJU,33,One year,59.4,1952.8,0,1,1,DSL,Electronic check,0,0,0,0,2,92.1,0
7607-QKKTJ,45,One year,95.0,4368.85,4,0,0,Fiber optic,Credit card (automatic),1,0,1,1,3,225.7,0
7707-PYBBH,40,Month-to-month,61.9,2647.1,0,1,1,DSL,Mailed check,1,0,0,0,3,128.8,0
8984-HPEMB,71,Two year,118.65,8477.6,0,1,1,Fiber optic,Electronic check,1,0,0,0,6,371.5,0
4349-GFQHK,1,Month-to-month,54.35,54.35,2,0,0,DSL,Electronic check,0,0,0,0,1,108.5,1
4139-DETXS,72,Two year,64.45,4528.0,1,1,1,DSL,Bank transfer (automatic),0,0,1,1,6,227.6,0
9779-DPNEJ,22,Month-to-month,80.15,1790.65,4,0,0,Fiber optic,Electronic check,1,0,1,1,1,179.4,0
9805-FILKB,46,One year,20.2,845.6,2,0,0,No,Bank transfer (automatic),1,0,1,1,0,28.5,0
5793-YOLJN,55,Two year,21.0,1210.3,1,0,0,No,Mailed check,0,0,1,1,0,34.3,0
0673-IGUQO,1,Month-to-month,20.45,20.45,2,0,0,No,Mailed check,0,0,0,0,0,38.9,0
4123-FCVCB,12,One year,75.85,854.45,0,1,0,DSL,Mailed check,1,0,0,0,3,198.1,0
8819-IMISP,31,Month-to-month,80.45,2429.1,3,0,0,Fiber optic,Electronic check,1,0,0,0,1,184.4,0
7802-EFKNY,5,Month-to-month,24.95,100.4,3,0,0,DSL,Electronic check,1,0,1,0,0,52.7,1
8311-UEUAB,67,Two year,75.5,5229.45,3,0,1,DSL,Electronic check,1,0,1,1,3,209.7,0
5858-EAFCZ,1,Month-to-month,44.45,44.45,3,0,0,DSL,Mailed check,0,0,0,0,0,99.8,0
8035-BUYVG,40,One year,42.35,1716.45,0,0,1,DSL,Electronic check,1,0,1,0,3,83.3,1
1163-ONYEY,41,Month-to-month,74.55,3023.55,0,0,1,DSL,Credit card (automatic),1,0,1,1,4,215.1,0
9787-XVQIU,1,Month-to-month,75.3,75.3,6,0,0,Fiber optic,Electronic check,1,0,0,0,0,132.1,1
8945-MUQUF,51,One year,94.8,4837.6,1,0,1,Fiber optic,Electronic check,1,0,0,0,3,234.3,1
5656-MJEFC,42,Two year,48.15,2032.3,0,1,1,DSL,Credit card (automatic),0,0,1,1,4,122.5,0
6082-OQFBA,23,One year,19.65,436.9,1,0,0,No,Mailed check,0,0,1,1,0,35.4,0
8051-HJRLT,1,Month-to-month,70.55,70.55,3,0,0,Fiber optic,Electronic check,1,1,0,0,0,147.9,1
8974-OVACP,1,Month-to-month,20.15,20.15,2,0,0,No,Mailed check,0,0,0,0,0,46.2,0
4010-YLMVT,56,Month-to-month,106.6,5893.95,2,0,1,Fiber optic,Credit card (automatic),1,0,0,0,4,276.9,0
1379-FRVEB,15,Month-to-month,91.0,1430.05,2,0,0,Fiber optic,Electronic check,1,0,0,1,2,212.6,0
8612-GXIDD,12,Two year,25.4,313.0,1,0,0,No,Bank transfer (automatic),1,0,1,1,0,40.0,0
6288-CHQJB,54,Two year,69.95,3871.85,0,1,1,DSL,Bank transfer (automatic),0,0,1,1,4,161.0,0
8160-HOWOX,7,Month-to-month,66.85,458.1,3,0,0,DSL,Electronic check,1,0,0,0,2,214.7,0
3023-GFLBR,33,Month-to-month,86.15,2745.7,1,0,0,Fiber optic,Credit card (automatic),0,0,1,1,1,160.3,1
6648-INWPS,16,Month-to-month,20.15,341.35,3,0,0,No,Electronic check,0,0,1,1,0,34.0,0
4223-BKEOR,21,One year,64.85,1336.8,0,0,1,DSL,Mailed check,0,0,0,1,3,131.8,0
4079-VTGLK,30,Two year,74.85,2181.75,2,0,0,DSL,Electronic check,0,1,1,0,3,221.0,0
1763-WQFUK,3,Month-to-month,50.5,147.75,1,1,0,DSL,Mailed check,1,0,0,0,1,102.6,0
1391-UBDAR,11,Month-to-month,72.9,818.45,3,0,0,Fiber optic,Electronic check,0,0,0,0,1,137.7,0
8894-JVDCV,62,One year,115.05,7133.45,4,1,1,Fiber optic,Credit card (automatic),1,0,0,0,6,275.8,0
2023-VQFDL,18,Month-to-month,19.0,348.8,4,0,0,No,Electronic check,0,0,0,0,0,29.3,0
1345-GKDZZ,6,Month-to-month,19.55,128.6,2,0,0,No,Mailed check,0,0,0,1,0,27.1,0
2014-MKGMH,46,One year,101.1,4674.4,1,0,0,Fiber optic,Electronic check,1,0,0,0,3,262.9,0
5628-FCGYG,21,Month-to-month,84.1,1737.45,3,0,0,Fiber optic,Electronic check,1,0,0,0,1,233.2,0
2560-WBWXF,68,Two year,24.15,1498.85,1,0,0,No,Bank transfer (automatic),1,0,0,0,0,41.8,0
0248-IPDFW,1,Month-to-month,50.1,50.1,2,0,0,DSL,Electronic check,1,0,0,0,0,89.4,0
7978-DKUQH,25,Month-to-month,74.6,1797.75,3,0,0,Fiber optic,Electronic check,1,0,1,0,1,125.8,0
4335-UPJSI,24,Two year,19.75,498.1,1,0,0,No,Mailed check,0,0,0,1,0,29.8,0
0524-IAVZO,30,Month-to-month,85.0,2624.25,5,0,0,Fiber optic,Electronic check,1,0,1,0,1,222.6,1
2737-YNGYW,2,Month-to-month,80.55,184.1,0,0,0,Fiber optic,Electronic check,0,0,0,0,1,203.9,1
1784-EZDKJ,51,One year,106.8,5498.8,2,0,0,Fiber optic,Bank transfer (automatic),1,0,1,0,4,214.9,0
9297-FVVDH,57,Two year,84.5,4845.4,0,1,1,DSL,Electronic check,1,0,1,1,5,191.1,0
8007-YYPWD,15,Two year,25.05,369.1,1,0,0,No,Bank transfer (automatic),0,0,0,0,0,53.8,0
7101-HRBLJ,72,Two year,83.7,6096.9,0,1,1,DSL,Bank transfer (automatic),1,0,1,1,6,201.8,0
5159-YFPKQ,2,Month-to-month,75.8,160.75,6,0,0,Fiber optic,Electronic check,1,0,0,0,1,135.7,1
6635-CPNUN,28,Month-to-month,96.6,2684.35,2,0,0,Fiber optic,Credit card (automatic),0,0,1,0,3,182.5,0
4021-RQSNY,29,Month-to-month,98.5,3004.15,0,0,0,Fiber optic,Electronic check,1,1,1,0,3,269.4,1
5453-YBTWV,70,Two year,101.1,6994.8,0,1,1,Fiber optic,Credit card (automatic),1,0,1,1,5,197.2,0
5039-LZRQT,13,One year,20.2,273.25,2,0,0,No,Mailed check,0,0,0,0,0,33.3,0
2931-VUVJN,59,One year,94.05,5483.9,1,1,1,Fiber optic,Electronic check,1,1,1,0,4,142.5,0
9061-TIHDA,13,Month-to-month,95.25,1233.65,2,0,0,Fiber optic,Electronic check,1,1,1,0,2,320.1,1
8699-ASUFO,7,Month-to-month,74.4,527.9,1,0,0,Fiber optic,Mailed check,1,1,1,0,0,183.9,1
6418-PIQSP,62,Two year,81.0,4985.9,1,1,1,DSL,Mailed check,0,0,1,0,5,233.2,0
8220-OCUFY,21,One year,60.25,1258.35,0,1,1,DSL,Electronic check,1,0,0,0,3,119.0,0
3995-WFCSM,2,Month-to-month,60.85,111.4,5,0,0,DSL,Electronic check,0,0,0,0,2,161.9,0
1895-QTKDO,1,Month-to-month,43.95,43.95,3,0,0,DSL,Credit card (automatic),0,0,0,0,0,79.3,0
2038-OEQZH,4,Month-to-month,86.05,308.1,2,0,0,Fiber optic,Electronic check,0,0,0,0,2,192.6,0
1178-PZGAB,19,One year,20.25,383.65,2,0,0,No,Credit card (automatic),0,0,0,0,0,34.6,0
7927-AUXBZ,30,Month-to-month,85.15,2555.9,1,1,0,Fiber optic,Electronic check,0,0,0,0,2,215.3,1
2626-VEEWG,67,Two year,19.4,1284.2,1,0,0,No,Credit card (automatic),1,0,1,1,0,28.8,0
2878-RMWXY,72,Two year,102.65,7550.3,1,0,1,Fiber optic,Credit card (automatic),1,1,1,0,4,198.1,0
1657-DYMBM,53,Two year,19.9,1110.05,2,0,0,No,Credit card (automatic),0,0,1,0,0,39.5,0
7311-MQJCH,5,One year,19.55,99.6,2,0,0,No,Electronic check,0,0,0,0,0,28.1,0
7375-WMVMT,71,Two year,95.5,6707.15,2,1,0,Fiber optic,Credit card (automatic),1,1,1,0,4,261.4,0
1136-XGEQU,50,One year,84.15,4164.4,0,1,0,DSL,Credit card (automatic),1,0,1,1,5,222.7,0
2530-FMFXO,56,Two year,103.2,5873.75,2,1,0,Fiber optic,Electronic check,1,0,1,1,4,273.3,0
6844-DZKRF,2,Month-to-month,50.2,109.25,1,1,0,DSL,Credit card (automatic),1,0,0,0,1,107.7,0
4695-WJZUE,2,Month-to-month,88.55,179.25,5,0,0,Fiber optic,Electronic check,1,1,0,0,2,198.3,1
7619-ODSGN,24,Month-to-month,54.75,1338.15,2,0,1,DSL,Electronic check,0,0,1,1,1,100.5,1
5970-GHJAW,46,Two year,19.95,862.4,3,0,0,No,Credit card (automatic),0,0,1,1,0,32.9,0
8879-XUAHX,71,Two year,116.25,8564.75,1,1,1,Fiber optic,Electronic check,1,0,1,0,6,311.0,0
3689-MOZGR,29,Month-to-month,31.2,926.2,1,1,0,DSL,Electronic check,1,0,0,0,1,61.8,0
4195-PNGZS,69,Two year,24.45,1718.2,3,0,0,No,Bank transfer (automatic),0,0,1,1,0,38.5,0
5003-XZWWO,71,Two year,84.2,5956.85,1,1,0,DSL,Credit card (automatic),0,0,1,0,5,253.7,0
3988-RQIXO,1,Month-to-month,91.3,91.3,1,0,0,Fiber optic,Electronic check,1,1,0,0,2,278.8,1
7622-FWGEW,56,Two year,85.65,4824.45,0,1,1,DSL,Bank transfer (automatic),1,1,1,0,6,250.3,0
6922-NCEDI,56,One year,21.2,1238.65,1,0,0,No,Mailed check,1,0,0,1,0,34.1,0
2514-GINMM,1,Month-to-month,79.5,79.5,5,0,0,Fiber optic,Electronic check,1,0,0,0,1,207.9,1
9891-NQDBD,28,One year,25.55,672.2,2,0,0,No,Mailed check,0,0,1,0,0,55.1,0
6131-IUNXN,19,Month-to-month,20.2,382.2,2,0,0,No,Mailed check,0,0,1,1,0,33.9,0
8548-AWOFC,66,Month-to-month,63.85,4264.6,0,1,0,DSL,Electronic check,0,0,1,0,2,114.4,0
9798-DRYDS,17,One year,61.95,1070.7,1,1,0,DSL,Mailed check,1,0,1,1,2,100.4,0
8532-UEFWH,52,Two year,25.75,1345.85,3,0,0,No,Mailed check,0,0,1,1,0,46.5,0
6296-DDOOR,19,One year,58.2,1045.25,1,0,0,DSL,Electronic check,0,0,0,0,2,172.1,0
7951-VRDVK,36,One year,85.85,3003.55,1,1,1,DSL,Bank transfer (automatic),0,0,0,0,6,275.2,0
5931-FLJJF,7,Month-to-month,70.1,467.55,1,0,0,Fiber optic,Mailed check,1,1,1,0,0,138.8,1
4815-YOSUK,72,One year,104.9,7537.5,0,1,1,Fiber optic,Credit card (automatic),1,0,1,1,5,208.0,0
2659-VXMWZ,67,One year,111.3,7482.1,2,0,1,Fiber optic,Electronic check,1,0,1,1,5,311.5,1
0380-NEAVX,34,One year,99.85,3343.15,4,0,0,Fiber optic,Electronic check,1,1,0,0,4,259.8,0
3207-OYBWH,57,Month-to-month,95.25,5427.05,4,0,0,Fiber optic,Bank transfer (automatic),1,1,1,0,3,180.6,1
4285-GYRQC,7,Month-to-month,86.25,587.1,3,0,0,Fiber optic,Electronic check,1,0,1,0,2,145.2,1
7216-EWTRS,1,Month-to-month,100.8,100.8,4,0,0,Fiber optic,Electronic check,1,1,1,0,3,299.5,1
4365-MSDYN,8,Month-to-month,19.55,161.15,2,0,0,No,Bank transfer (automatic),1,0,1,0,0,27.0,0
7036-TYDEC,69,Two year,104.0,7028.5,1,1,0,Fiber optic,Electronic check,0,0,0,0,4,315.7,0
5802-ADBRC,50,One year,104.4,5232.9,3,0,1,Fiber optic,Mailed check,1,0,1,0,4,355.3,0
8076-FEZKJ,10,One year,19.5,225.85,2,0,0,No,Mailed check,0,0,0,0,0,35.3,0
5197-YPYBZ,12,Two year,25.25,274.7,2,0,0,No,Credit card (automatic),0,0,1,1,0,40.0,0
8337-MSSXB,14,Month-to-month,86.3,1180.95,4,0,0,Fiber optic,Electronic check,1,0,0,0,2,177.6,1
4312-GVYNH,70,Two year,49.85,3370.2,1,1,1,DSL,Bank transfer (automatic),1,0,1,0,4,117.2,0
8495-LJDFO,64,Month-to-month,108.95,7111.3,1,1,1,Fiber optic,Bank transfer (automatic),1,1,0,0,5,291.7,0
0839-JTCUD,66,Two year,89.9,5958.85,0,1,1,DSL,Credit card (automatic),0,0,1,1,6,277.1,0
5494-WOZRZ,71,Two year,82.0,5999.85,0,1,1,DSL,Credit card (automatic),1,0,1,1,5,203.1,0
1302-UHBDD,20,Month-to-month,89.95,1648.45,1,0,0,Fiber optic,Electronic check,0,1,0,0,2,230.7,0
2234-EOFPT,72,Two year,79.35,5753.25,0,1,1,DSL,Bank transfer (automatic),1,0,1,0,5,202.3,0
8619-IJNDK,71,Two year,64.05,4492.9,0,1,1,DSL,Credit card (automatic),0,0,1,1,4,134.5,0
8378-LKJAF,38,Month-to-month,101.15,3956.7,2,0,0,Fiber optic,Credit card (automatic),1,0,1,1,3,299.4,0
8182-BJDSI,28,Month-to-month,89.95,2625.55,1,0,0,Fiber optic,Electronic check,1,0,0,0,2,177.5,1
2528-HFYZX,17,Month-to-month,76.45,1233.4,1,0,0,Fiber optic,Electronic check,1,1,1,0,1,131.7,1
1153-GNOLC,33,One year,39.1,1309.0,1,0,0,DSL,Electronic check,1,0,0,0,2,113.2,0
3298-QEICA,23,Two year,34.6,813.45,0,1,1,DSL,Mailed check,0,0,1,1,2,46.3,0
0788-DXBFY,58,One year,19.55,1108.8,5,0,0,No,Electronic check,1,0,1,1,0,32.5,0
3597-YASZG,70,Two year,104.45,7349.35,2,1,0,Fiber optic,Bank transfer (automatic),1,1,1,0,4,273.7,0
3496-LFSZU,4,Month-to-month,70.5,294.2,2,0,0,Fiber optic,Electronic check,0,0,1,0,0,101.4,0
5242-UOWHD,45,Two year,20.35,929.2,2,0,0,No,Mailed check,0,0,1,1,0,37.8,0
2482-CZGBB,10,Month-to-month,70.0,740.0,3,0,0,Fiber optic,Electronic check,1,0,0,0,0,127.0,1
6479-SZPLM,36,Two year,19.45,754.5,1,0,0,No,Credit card (automatic),0,0,1,1,0,32.3,0
8097-VBQTZ,54,Month-to-month,69.9,3883.3,0,1,1,DSL,Mailed check,1,0,0,0,4,190.8,0
4500-HKANN,23,Two year,59.7,1414.2,1,1,0,DSL,Mailed check,0,0,1,1,2,93.1,0
9917-KWRBE,41,One year,78.35,3211.2,1,0,1,DSL,Credit card (automatic),1,0,1,1,4,192.3,0
3420-ZDBMA,5,Month-to-month,71.45,371.6,6,0,0,Fiber optic,Mailed check,1,1,0,0,0,124.1,0
2212-LYASK,27,One year,45.85,1246.4,1,0,0,DSL,Credit card (automatic),1,0,1,1,3,142.0,0
1393-IMKZG,1,Month-to-month,95.85,95.85,1,1,0,Fiber optic,Electronic check,1,0,0,0,3,224.3,0
8069-RHUXK,67,Two year,35.7,2545.7,0,1,1,DSL,Credit card (automatic),0,0,1,1,2,69.9,0
3398-GCPMU,72,Two year,89.55,6448.85,0,1,1,DSL,Credit card (automatic),1,1,1,1,6,262.9,0
2908-WGAXL,56,Two year,24.95,1468.9,4,0,0,No,Credit card (automatic),1,0,1,1,0,52.3,0
3378-AJRAO,44,One year,24.85,1013.6,4,0,0,No,Electronic check,0,0,1,1,0,55.2,0
1013-QCWAM,66,Month-to-month,100.8,6690.75,1,0,0,Fiber optic,Electronic check,1,1,1,0,3,204.5,0
0866-QLSIR,34,One year,64.4,2088.75,0,1,1,DSL,Mailed check,1,0,0,0,3,114.8,1
6050-FFXES,69,Two year,105.35,7240.65,2,1,0,Fiber optic,Bank transfer (automatic),0,0,1,0,4,227.9,0
7181-BQYBV,1,Month-to-month,102.45,102.45,4,0,1,Fiber optic,Electronic check,1,0,1,1,4,301.9,1
0362-RAOQO,40,Two year,19.65,830.25,3,0,0,No,Credit card (automatic),0,0,0,0,0,42.4,0
9554-DFKIC,30,Month-to-month,54.45,1588.7,2,0,1,DSL,Bank transfer (automatic),1,0,1,1,1,93.9,0
5527-ACHSO,11,Month-to-month,70.5,829.3,1,1,0,DSL,Mailed check,0,0,0,0,3,214.4,0
0829-DDVLK,15,One year,20.1,302.45,3,0,0,No,Credit card (automatic),0,0,0,0,0,43.1,0
1399-UBQIU,11,Month-to-month,69.35,712.25,2,0,0,DSL,Electronic check,1,0,0,0,3,211.1,0
1813-JLKWR,64,One year,19.8,1336.65,2,0,0,No,Bank transfer (automatic),0,0,1,1,0,35.0,0
0336-PIKEI,72,Two year,74.4,5360.75,1,1,1,DSL,Bank transfer (automatic),0,1,1,0,5,132.9,0
7322-OCWHC,72,Two year,93.05,6735.05,1,1,1,Fiber optic,Bank transfer (automatic),1,1,1,0,4,150.5,0
9537-VHDTA,1,Month-to-month,51.2,51.2,3,0,1,DSL,Mailed check,0,0,0,1,1,105.5,0
4957-TIALW,15,One year,65.6,1010.0,0,1,1,DSL,Credit card (automatic),0,0,0,1,4,93.3,0
2054-PJOCK,60,One year,80.55,4847.05,1,1,0,DSL,Credit card (automatic),0,0,0,0,4,234.6,0
9150-HEPMB,56,One year,52.7,3019.7,3,0,1,DSL,Mailed check,0,0,0,0,2,98.0,0
9030-QGZNL,8,Two year,20.85,161.65,2,0,0,No,Mailed check,0,0,0,0,0,37.5,0
6204-IEUXJ,3,Month-to-month,80.1,217.55,3,1,0,Fiber optic,Credit card (automatic),0,0,0,0,2,160.9,1
3126-WQMGH,49,Month-to-month,52.15,2583.75,1,0,0,DSL,Credit card (automatic),1,0,1,0,0,83.8,0
4529-CKBCL,2,Month-to-month,80.2,146.05,6,0,0,Fiber optic,Electronic check,1,0,0,0,1,221.5,1
2506-CLAKW,6,Month-to-month,98.15,567.45,0,1,1,Fiber optic,Bank transfer (automatic),1,0,0,0,5,203.2,1
7176-WRTNX,70,Two year,114.95,7711.25,1,1,1,Fiber optic,Bank transfer (automatic),1,0,0,0,6,329.3,0
1583-IHQZE,12,Month-to-month,112.95,1384.75,1,1,0,Fiber optic,Mailed check,1,0,0,0,5,259.8,1
5732-IKGQH,52,One year,104.45,5481.25,0,1,1,Fiber optic,Bank transfer (automatic),1,1,1,0,5,278.4,0
9239-GZHZE,72,Two year,113.65,8124.2,1,1,1,Fiber optic,Credit card (automatic),1,0,1,0,6,271.3,0
7205-BAIAD,40,Two year,20.6,827.3,3,0,0,No,Bank transfer (automatic),1,0,0,0,0,46.1,0
0151-ONTOV,1,Month-to-month,70.9,70.9,2,0,0,Fiber optic,Mailed check,0,0,0,0,0,108.6,1
4140-MUHUG,3,Month-to-month,86.85,220.95,5,0,0,Fiber optic,Electronic check,1,1,0,0,2,178.6,1
0093-EXYQL,40,Month-to-month,91.55,3673.6,7,0,0,Fiber optic,Electronic check,1,1,0,0,2,296.7,0
8064-RAVOH,1,Month-to-month,49.85,49.85,4,0,0,DSL,Electronic check,1,0,0,1,1,100.3,0
0219-QAERP,30,One year,19.8,576.65,4,0,0,No,Credit card (automatic),0,0,1,0,0,35.5,0
0320-JDNQG,23,Month-to-month,99.85,2331.3,0,1,1,Fiber optic,Electronic check,1,0,1,1,4,250.3,1
7180-PISOG,1,Month-to-month,74.5,74.5,4,0,0,Fiber optic,Electronic check,1,0,1,1,0,109.3,1
9168-INPSZ,44,Month-to-month,104.15,4495.65,2,1,0,Fiber optic,Electronic check,0,1,1,0,4,257.2,0
3571-RFHAR,65,Month-to-month,109.15,6941.2,2,1,0,Fiber optic,Electronic check,1,0,0,0,5,291.0,1
0015-UOCOJ,7,Month-to-month,48.2,340.35,1,0,1,DSL,Electronic check,1,1,0,0,1,102.0,0
5334-AFQJB,72,Two year,25.1,1789.9,2,0,0,No,Credit card (automatic),1,1,0,0,0,51.3,0
2754-SDJRD,8,Month-to-month,100.15,908.55,0,1,0,Fiber optic,Credit card (automatic),1,1,0,0,3,315.2,0
9578-VRMNM,16,Month-to-month,65.2,1043.35,1,0,0,DSL,Credit card (automatic),1,0,0,0,2,166.3,1
1587-FKLZB,66,Month-to-month,99.5,6822.15,5,0,0,Fiber optic,Credit card (automatic),1,1,1,1,3,232.8,1
6140-QNRQQ,1,Month-to-month,71.55,71.55,2,0,0,Fiber optic,Mailed check,1,0,0,0,0,122.5,1
8963-JLGJT,3,Month-to-month,55.9,157.55,2,0,1,DSL,Mailed check,0,0,0,1,2,123.0,0
4307-KTUMW,53,Month-to-month,93.9,5029.2,4,0,1,Fiber optic,Electronic check,0,0,1,0,3,212.5,1
1465-LNTLJ,8,Month-to-month,64.4,581.7,2,1,0,DSL,Credit card (automatic),1,1,1,0,3,188.0,0
5440-FLBQG,69,Two year,108.4,7318.2,3,1,0,Fiber optic,Bank transfer (automatic),1,1,1,0,5,212.4,1
2135-DQWAQ,5,Month-to-month,85.3,420.45,6,0,0,Fiber optic,Mailed check,1,0,0,0,2,180.1,0
4056-QHXHZ,72,Two year,107.45,7576.7,2,1,1,Fiber optic,Mailed check,0,0,1,1,5,242.1,0
7470-MCQTK,13,Month-to-month,48.75,633.4,2,0,0,DSL,Bank transfer (automatic),1,0,1,0,3,174.3,1
7488-MXJIV,4,Month-to-month,85.65,321.65,4,0,0,Fiber optic,Electronic check,1,0,0,0,1,172.3,1
7401-JIXNM,54,Two year,91.3,4965.0,0,1,1,DSL,Credit card (automatic),0,0,1,1,6,197.7,0
9339-FIIJL,72,Two year,85.95,6151.9,0,1,0,DSL,Bank transfer (automatic),0,0,1,0,5,232.4,0
2027-FECZV,12,Month-to-month,106.7,1253.9,8,0,0,Fiber optic,Electronic check,1,0,0,0,4,182.1,1
2672-DZUOY,1,Month-to-month,25.15,25.15,3,0,0,DSL,Electronic check,1,0,0,0,0,41.4,1
4706-DGAHW,1,Month-to-month,45.2,45.2,3,0,0,DSL,Electronic check,0,1,0,0,0,86.5,0
3870-MQAMG,54,One year,110.35,5893.15,2,1,0,Fiber optic,Electronic check,0,0,1,0,5,232.6,1
6670-MFRPK,69,Two year,79.2,5420.65,1,0,0,Fiber optic,Credit card (automatic),1,0,1,1,1,141.6,0
6177-PEVRA,48,Two year,55.5,2627.35,1,0,1,DSL,Credit card (automatic),0,0,0,0,2,87.2,0
4800-CZMPC,48,One year,103.25,5037.55,2,0,1,Fiber optic,Credit card (automatic),1,0,1,1,4,252.8,1
4813-HQMGZ,8,Month-to-month,90.25,743.75,2,1,0,Fiber optic,Electronic check,1,0,1,0,2,209.7,0
7579-KKLOE,71,Two year,91.25,6589.6,1,1,1,DSL,Mailed check,1,0,1,1,6,261.1,0
7377-DMMRI,2,Month-to-month,47.8,92.45,1,0,1,DSL,Electronic check,1,0,0,0,1,91.6,1
8402-EIVQS,67,One year,100.9,6733.15,4,0,1,Fiber optic,Credit card (automatic),1,0,1,0,4,233.3,0
4947-DSMXK,34,Month-to-month,97.7,3410.0,1,0,0,Fiber optic,Bank transfer (automatic),1,0,1,1,3,312.9,0
7245-NIIWQ,3,Month-to-month,69.85,199.85,6,0,0,Fiber optic,Electronic check,1,0,0,0,0,131.9,0
0002-ORFBO,9,One year,65.6,593.3,2,1,0,DSL,Mailed check,1,0,1,1,3,143.4,0
3324-OIRTO,71,One year,104.65,7288.4,2,0,1,Fiber optic,Bank transfer (automatic),1,0,1,1,5,321.0,0
5414-OFQCB,57,Two year,90.45,5229.8,3,1,0,Fiber optic,Credit card (automatic),1,0,0,0,2,191.4,0
4967-WPNCF,72,Two year,63.7,4464.8,0,1,1,DSL,Bank transfer (automatic),1,0,0,0,6,250.4,0
8552-OBVRU,48,Month-to-month,104.5,5068.05,0,1,1,Fiber optic,Electronic check,1,1,1,1,5,301.6,0
8499-BRXTD,18,One year,20.1,401.85,2,0,0,No,Mailed check,0,0,0,0,0,35.7,0
9154-QDGTH,43,One year,104.3,4451.85,1,1,0,Fiber optic,Credit card (automatic),1,0,1,1,4,249.6,0
8197-BFWVU,72,Two year,93.25,6688.95,0,1,1,DSL,Bank transfer (automatic),1,0,1,1,6,218.3,0
2577-GVSIL,35,One year,73.45,2661.1,1,1,0,DSL,Bank transfer (automatic),1,0,1,1,3,188.5,0
9367-OIUXP,4,Month-to-month,20.7,73.05,3,0,0,No,Mailed check,0,0,0,0,0,35.8,0
6770-UAYGJ,49,Two year,25.25,1211.65,4,0,0,No,Mailed check,0,0,1,1,0,54.5,0
6463-HHXJR,71,Two year,100.5,7030.65,3,0,1,Fiber optic,Bank transfer (automatic),0,0,1,1,4,227.3,0
7928-VJYAB,11,Month-to-month,90.6,1020.2,5,0,0,Fiber optic,Electronic check,0,0,1,1,2,240.9,0
1187-WILMM,63,Two year,89.4,5597.65,0,1,1,DSL,Credit card (automatic),1,0,1,1,6,256.5,0
9776-OJUZI,65,Month-to-month,95.45,6223.3,3,0,0,Fiber optic,Bank transfer (automatic),1,1,0,0,3,202.7,0
1306-RPWXZ,49,Two year,20.45,1024.65,2,0,0,No,Credit card (automatic),0,0,0,1,0,30.2,0
8949-JTMAY,29,Month-to-month,98.6,2933.2,0,0,0,Fiber optic,Credit card (automatic),1,0,0,0,3,202.4,1
2774-LVQUS,15,Month-to-month,83.05,1258.3,2,1,0,Fiber optic,Electronic check,1,1,1,0,2,181.0,1
3097-PYWXL,4,Month-to-month,19.95,82.9,2,0,0,No,Electronic check,1,0,1,1,0,34.6,0
2266-SJNAT,72,One year,109.15,7789.6,1,1,0,Fiber optic,Credit card (automatic),0,0,1,0,5,342.2,0
0869-PAPRP,26,Month-to-month,85.7,2067.0,5,0,0,Fiber optic,Credit card (automatic),1,1,1,0,2,248.9,0
4238-JSSWH,35,Month-to-month,102.05,3452.55,1,0,0,Fiber optic,Bank transfer (automatic),0,1,1,0,3,275.5,0
2972-YDYUW,57,One year,94.7,5468.95,0,1,0,Fiber optic,Electronic check,0,0,0,0,3,235.0,0
1104-FEJAM,28,Month-to-month,64.4,1802.15,3,0,0,DSL,Electronic check,0,0,1,1,2,148.3,0
2809-ILCYT,25,One year,26.8,733.55,3,0,0,No,Mailed check,1,0,1,0,0,47.5,0
5499-ECUTN,47,One year,66.05,3021.45,1,0,1,DSL,Credit card (automatic),1,0,1,0,3,161.4,0
4981-FLTMF,57,Month-to-month,65.2,3687.85,0,1,1,DSL,Bank transfer (automatic),0,0,1,1,3,117.7,0
9121-PHQSR,16,Month-to-month,85.05,1391.15,2,0,0,Fiber optic,Credit card (automatic),1,1,1,0,1,236.5,0
3113-IWHLC,5,Month-to-month,55.8,274.35,5,0,1,DSL,Mailed check,1,0,0,0,2,99.4,0
3211-ILJTT,17,Month-to-month,70.4,1214.05,2,0,0,Fiber optic,Bank transfer (automatic),1,0,1,0,0,144.0,1
4612-THJBS,56,One year,104.75,5510.65,2,0,0,Fiber optic,Bank transfer (automatic),1,1,0,0,4,274.5,1
4277-BWBML,72,Two year,19.95,1322.85,2,0,0,No,Bank transfer (automatic),0,0,1,1,0,39.4,0
4094-NSEDU,21,Month-to-month,94.25,1973.75,4,0,0,Fiber optic,Electronic check,1,1,0,0,2,318.1,1
0234-TEVTT,48,One year,45.0,2196.3,3,0,1,DSL,Credit card (automatic),0,0,1,1,3,94.0,0
4304-TSPVK,68,Two year,114.9,7843.55,1,1,1,Fiber optic,Bank transfer (automatic),0,0,1,0,6,337.3,0
1552-AAGRX,30,Month-to-month,106.4,3211.9,0,1,1,Fiber optic,Bank transfer (automatic),0,0,0,0,4,247.8,0
2637-FKFSY,3,Month-to-month,46.1,130.15,4,0,0,DSL,Mailed check,1,0,1,0,0,85.8,0
9796-MVYXX,14,Two year,39.7,692.35,0,1,1,DSL,Mailed check,0,1,0,0,3,68.2,0
7874-ECPQJ,4,Month-to-month,20.05,85.5,5,0,0,No,Bank transfer (automatic),1,0,0,1,0,33.7,0
0020-INWCK,71,Two year,95.75,6849.4,2,0,0,Fiber optic,Credit card (automatic),1,0,1,1,3,170.8,0
7089-RKVSZ,8,One year,24.4,203.95,1,0,0,No,Mailed check,0,0,1,1,0,26.8,0
2683-JXWQQ,61,Month-to-month,33.6,2117.2,1,0,1,DSL,Bank transfer (automatic),0,0,1,1,2,79.8,0
9548-ZMVTX,72,Two year,90.45,6565.85,2,1,0,Fiber optic,Bank transfer (automatic),0,0,1,1,3,184.4,0
8739-XNIKG,5,Month-to-month,84.0,424.75,6,0,0,Fiber optic,Electronic check,1,0,0,0,1,185.3,0
9755-JHNMN,49,Two year,67.4,3306.85,1,1,1,DSL,Bank transfer (automatic),0,0,0,0,4,88.6,0
3981-QSVQI,8,Month-to-month,19.7,168.9,1,0,0,No,Bank transfer (automatic),1,0,0,0,0,39.1,0
2789-HQBOU,3,Month-to-month,80.35,253.8,10,0,0,Fiber optic,Electronic check,1,0,0,0,1,228.5,0
9424-CMPOG,9,Two year,19.6,197.4,3,0,0,No,Mailed check,0,0,1,1,0,37.7,0
5067-WJEUN,67,Two year,54.2,3838.2,1,0,1,DSL,Bank transfer (automatic),1,0,1,1,2,73.3,0
3450-WXOAT,46,Month-to-month,45.2,2065.15,1,0,0,DSL,Credit card (automatic),1,0,0,0,0,75.5,0
9251-WNSOD,67,One year,75.1,5064.45,1,0,1,DSL,Mailed check,0,0,1,0,4,182.8,0
6974-DAFLI,55,One year,19.7,1140.05,0,0,0,No,Electronic check,0,0,1,0,0,35.2,0
2616-UUTFK,33,Month-to-month,72.75,2447.45,5,0,1,DSL,Bank transfer (automatic),1,0,1,0,4,199.9,0
7064-JHXCE,62,Two year,20.05,1263.9,3,0,0,No,Credit card (automatic),0,0,1,1,0,31.1,0
5103-MHMHY,1,Month-to-month,45.95,45.95,5,0,0,DSL,Mailed check,0,0,0,1,0,75.2,1
7989-AWGEH,49,Month-to-month,39.2,1838.15,0,0,1,DSL,Electronic check,1,0,1,1,2,70.2,0
4373-VVHQL,1,Month-to-month,44.75,44.75,3,0,0,DSL,Electronic check,1,0,0,0,0,94.4,0
4559-UWIHT,14,Month-to-month,82.65,1185.0,2,0,0,Fiber optic,Electronic check,1,0,1,0,2,163.5,0
7268-IGMFD,18,Month-to-month,93.9,1743.9,0,1,0,Fiber optic,Bank transfer (automatic),0,1,0,0,3,196.3,0
1846-XWOQN,1,Month-to-month,70.15,70.15,6,0,0,Fiber optic,Electronic check,1,1,0,0,0,93.0,1
0235-KGSLC,1,Month-to-month,85.55,85.55,1,0,0,Fiber optic,Credit card (automatic),1,0,0,0,2,219.8,1
6650-BWFRT,72,Two year,117.15,8529.5,1,1,1,Fiber optic,Credit card (automatic),1,0,1,0,6,230.6,0
9570-KYEUA,64,Two year,99.25,6549.45,0,1,1,Fiber optic,Credit card (automatic),0,0,0,0,4,177.8,0
6993-YGFJV,69,Two year,112.55,7806.5,0,1,1,Fiber optic,Bank transfer (automatic),1,0,1,0,6,202.2,0
2712-SYWAY,1,Month-to-month,25.7,25.7,2,0,0,No,Electronic check,1,0,0,0,0,36.6,0
0730-BGQGF,71,Two year,90.3,6287.3,0,1,1,DSL,Credit card (automatic),0,0,1,1,6,209.0,0
5498-IBWPI,66,One year,49.4,3251.85,1,1,0,DSL,Credit card (automatic),1,0,1,1,1,74.7,0
9101-NTIXF,2,Month-to-month,19.4,50.6,6,0,0,No,Mailed check,0,0,0,0,0,40.7,0
0013-SMEOE,71,Two year,109.7,7904.25,2,1,1,Fiber optic,Bank transfer (automatic),1,1,1,0,6,307.6,0
9314-QDMDW,11,One year,61.25,729.95,1,0,0,DSL,Electronic check,1,0,0,0,2,152.2,0
9308-ANMVE,47,Month-to-month,55.3,2654.05,0,0,1,DSL,Electronic check,1,0,0,1,2,91.2,0
2884-GBPFB,35,Month-to-month,70.3,2416.55,1,0,0,Fiber optic,Electronic check,1,0,1,0,0,125.9,1
3757-NJYBX,32,Month-to-month,106.35,3520.75,2,0,0,Fiber optic,Bank transfer (automatic),0,1,1,0,4,218.0,1
3413-DHLPB,60,Month-to-month,103.75,5969.95,0,1,0,Fiber optic,Bank transfer (automatic),1,0,1,1,4,283.0,0
7649-PHJVR,11,One year,19.5,226.8,0,0,0,No,Mailed check,0,0,0,0,0,30.2,0
6114-TCFID,29,One year,39.5,1082.75,0,1,1,DSL,Credit card (automatic),0,0,0,0,3,65.7,0
3787-TRIAL,21,Month-to-month,26.05,565.75,2,0,0,DSL,Electronic check,1,0,1,1,0,49.3,0
2573-GYRUU,48,Month-to-month,91.05,4370.75,3,0,0,Fiber optic,Credit card (automatic),1,1,1,0,2,177.3,0
5156-UMKOW,3,Month-to-month,29.65,90.05,6,0,0,DSL,Mailed check,0,0,0,1,1,42.3,0
1247-QBVSH,43,Month-to-month,50.2,2169.4,2,0,0,DSL,Mailed check,0,0,1,1,1,104.3,0
6734-GMPVK,5,Month-to-month,105.3,550.6,3,0,0,Fiber optic,Electronic check,0,0,0,0,4,199.9,0
9822-OAOVB,1,Month-to-month,55.45,55.45,2,0,0,DSL,Electronic check,1,0,0,0,1,113.0,0
6161-ERDGD,71,One year,85.45,6300.85,0,1,1,DSL,Electronic check,0,0,1,1,5,192.8,0
1226-JZNKR,8,One year,19.8,160.05,2,0,0,No,Electronic check,0,0,1,1,0,31.8,0
7318-EIVKO,8,Month-to-month,59.25,436.6,1,0,0,DSL,Electronic check,1,0,0,0,1,143.6,0
3771-PZOBW,20,Month-to-month,90.7,1781.35,1,0,0,Fiber optic,Credit card (automatic),1,0,0,0,2,105.0,0
5136-KCKGI,33,One year,103.7,3467.0,1,0,1,Fiber optic,Mailed check,1,0,1,1,4,246.6,1
8231-BSWXX,71,One year,79.05,5552.5,2,0,0,Fiber optic,Credit card (automatic),1,0,0,0,1,172.4,0
6486-LHTMA,31,One year,90.7,2835.5,1,0,0,Fiber optic,Electronic check,1,1,1,0,2,239.7,0
4083-BFNYK,38,One year,95.0,3591.25,2,0,1,Fiber optic,Credit card (automatic),0,1,1,0,3,239.0,0
3722-WPXTK,1,Month-to-month,88.35,88.35,1,0,0,Fiber optic,Electronic check,1,0,0,0,2,236.1,1
7389-KBFIT,2,Month-to-month,30.25,63.75,3,0,0,DSL,Mailed check,1,0,1,1,1,56.2,0
7176-WIONM,12,Month-to-month,49.85,617.15,2,0,0,DSL,Bank transfer (automatic),1,0,1,0,3,155.5,0
5141-ZUVBH,9,Month-to-month,93.0,870.25,1,1,1,Fiber optic,Bank transfer (automatic),0,0,0,1,4,155.1,0
1089-HDMKP,11,Month-to-month,54.55,601.25,0,1,0,DSL,Electronic check,1,1,0,1,2,103.5,0
7623-HKYRK,6,Month-to-month,19.7,111.65,2,0,0,No,Mailed check,0,0,0,1,0,41.2,0
0310-SUCIN,71,One year,84.8,6046.1,0,1,1,DSL,Bank transfer (automatic),1,0,1,0,6,243.1,0
5197-PYEPU,42,One year,94.45,3923.8,0,0,1,Fiber optic,Credit card (automatic),1,0,1,1,3,209.1,0
2929-ERCFZ,8,Month-to-month,94.2,777.3,5,0,0,Fiber optic,Electronic check,1,0,1,1,3,282.2,1
7548-SEPYI,5,Month-to-month,96.25,512.45,7,0,0,Fiber optic,Electronic check,1,0,0,0,3,265.4,1
8835-VSDSE,2,Month-to-month,70.7,141.45,7,0,0,Fiber optic,Electronic check,1,0,1,0,0,148.8,1
6619-RPLQZ,45,Two year,20.85,892.15,3,0,0,No,Mailed check,0,0,1,1,0,35.1,0
3275-RHRNE,28,One year,60.0,1682.05,0,1,0,DSL,Credit card (automatic),1,0,1,1,5,137.0,0
3503-TYDAY,43,Month-to-month,80.45,3398.9,2,0,0,Fiber optic,Electronic check,0,0,1,0,1,155.5,0
6901-GOGZG,60,Two year,84.95,4984.85,0,1,1,DSL,Electronic check,1,0,0,1,5,264.1,0
1623-NLDOT,42,One year,33.55,1445.3,0,1,0,DSL,Mailed check,0,0,1,0,2,53.3,1
7021-XSNYE,7,Two year,49.65,305.55,0,1,1,DSL,Credit card (automatic),0,0,1,1,4,134.0,0
9621-OUPYD,25,One year,20.2,507.9,1,0,0,No,Bank transfer (automatic),1,0,1,0,0,40.3,0
9898-KZQDZ,40,Month-to-month,94.55,3640.45,2,0,0,Fiber optic,Credit card (automatic),1,1,1,1,2,146.9,1
8982-NHAVY,27,One year,100.5,2673.45,3,0,0,Fiber optic,Bank transfer (automatic),1,0,0,0,3,357.7,0
4307-KWMXE,10,Month-to-month,35.75,389.8,2,1,0,DSL,Electronic check,0,0,0,0,2,71.9,0
0141-YEAYS,27,Month-to-month,86.45,2401.05,1,0,0,Fiber optic,Bank transfer (automatic),1,1,0,0,2,150.9,0
2450-ZKEED,11,One year,53.8,651.55,0,1,0,DSL,Bank transfer (automatic),0,0,0,0,2,79.8,0
3694-DELSO,4,Month-to-month,38.55,156.1,3,0,1,DSL,Credit card (automatic),0,0,1,1,2,83.2,0
3893-JRNFS,68,Month-to-month,39.9,2796.35,0,0,0,DSL,Bank transfer (automatic),1,0,0,0,2,168.4,0
9603-OAIHC,1,Month-to-month,70.05,70.05,7,0,0,Fiber optic,Electronic check,1,1,0,0,0,119.8,0
1133-KXCGE,18,One year,20.1,407.05,3,0,0,No,Mailed check,0,0,0,0,0,40.0,0
5236-PERKL,57,Two year,112.95,6465.0,1,0,1,Fiber optic,Bank transfer (automatic),1,0,0,0,5,254.9,1
0142-GVYSN,26,Month-to-month,20.3,511.25,2,0,0,No,Electronic check,1,0,0,0,0,34.7,0
1049-FYSYG,17,Month-to-month,35.65,646.05,1,0,0,DSL,Credit card (automatic),1,0,1,0,2,70.6,0
7854-FOKSF,1,Month-to-month,35.9,35.9,1,0,0,DSL,Electronic check,0,0,0,0,1,89.6,1
2519-FAKOD,38,Month-to-month,99.25,3777.15,5,0,0,Fiber optic,Bank transfer (automatic),1,0,0,1,3,255.5,1
8406-LNMHF,59,One year,82.95,4903.15,2,0,1,Fiber optic,Credit card (automatic),1,1,1,0,3,144.7,0
1821-BUCWY,30,Two year,55.65,1653.85,3,0,1,DSL,Mailed check,1,0,0,0,2,107.5,0
8263-JQAIK,2,Month-to-month,24.45,47.5,2,0,0,DSL,Mailed check,1,1,0,0,0,49.7,1
0023-UYUPN,50,One year,25.2,1306.3,3,0,0,No,Electronic check,0,1,1,0,0,44.1,0
8314-DPQHL,9,One year,50.8,463.6,0,1,1,DSL,Mailed check,0,0,0,0,4,159.4,0
1465-WCZVT,3,Month-to-month,19.65,60.65,2,0,0,No,Mailed check,0,0,1,1,0,32.8,0
9481-SFCQY,14,Month-to-month,59.8,824.85,0,0,0,DSL,Credit card (automatic),1,0,0,1,2,138.9,0
6360-SVNWV,31,Month-to-month,73.55,2094.65,0,0,1,Fiber optic,Credit card (automatic),1,1,0,0,1,134.1,0
0567-GGCAC,7,Month-to-month,61.4,438.9,1,0,1,DSL,Electronic check,0,0,0,0,3,106.2,0
7089-IVVAZ,8,Month-to-month,103.35,847.3,1,1,1,Fiber optic,Bank transfer (automatic),1,0,0,0,4,297.5,1
8884-MRNSU,17,One year,19.9,329.75,3,0,0,No,Bank transfer (automatic),0,0,1,1,0,20.3,0
2171-UDMFD,32,Month-to-month,19.45,674.55,1,0,0,No,Credit card (automatic),1,0,1,1,0,25.6,0
9050-IKDZA,2,Month-to-month,81.5,162.55,3,0,0,Fiber optic,Mailed check,0,1,0,0,1,124.8,0
2205-YMZZJ,7,Month-to-month,84.8,546.95,2,0,0,Fiber optic,Electronic check,1,1,0,0,1,233.9,1
9802-CAQUT,72,Two year,109.55,7887.25,3,0,1,Fiber optic,Credit card (automatic),0,0,1,1,5,311.9,0
1254-IZEYF,31,Month-to-month,99.95,3186.65,1,0,0,Fiber optic,Electronic check,1,1,0,0,3,232.3,1
0187-WZNAB,27,Month-to-month,74.4,1972.35,0,0,1,Fiber optic,Mailed check,0,0,1,1,1,141.8,0
9492-TOKRI,18,Month-to-month,90.0,1527.35,0,0,0,Fiber optic,Credit card (automatic),1,0,0,0,2,147.6,1
1475-VWVDO,7,Month-to-month,74.9,490.55,6,0,0,Fiber optic,Electronic check,1,0,0,0,1,128.5,0
9221-OTIVJ,14,Month-to-month,104.85,1531.4,1,0,0,Fiber optic,Electronic check,1,1,0,0,4,329.3,1
1357-MVDOZ,11,Month-to-month,59.65,683.25,3,0,0,DSL,Bank transfer (automatic),1,0,1,1,2,161.9,0
7602-MVRMB,72,Two year,110.45,8058.85,0,1,1,Fiber optic,Bank transfer (automatic),1,0,1,1,5,369.7,0
3325-FUYCG,28,One year,106.1,2847.4,3,0,1,Fiber optic,Electronic check,0,0,1,1,4,250.6,1
5908-QMGOE,15,Month-to-month,74.2,1133.9,3,0,0,Fiber optic,Credit card (automatic),1,1,0,0,0,157.1,1
1197-BVMVG,4,Month-to-month,74.45,294.45,4,0,0,Fiber optic,Electronic check,1,1,0,0,0,136.2,0
5406-KGRMX,71,Two year,24.55,1719.15,0,0,0,No,Electronic check,0,0,0,0,0,46.4,0
8481-YYXWG,5,Month-to-month,89.35,461.7,5,1,0,Fiber optic,Electronic check,1,0,0,0,3,208.8,1
5968-HYJRZ,47,Two year,24.55,1160.45,2,0,0,No,Mailed check,0,0,1,1,0,49.4,0
5198-EFNBM,57,One year,90.65,5199.8,1,0,0,Fiber optic,Electronic check,1,1,1,0,3,244.4,0
7516-GMHUV,50,Two year,105.05,5163.3,0,0,1,Fiber optic,Credit card (automatic),1,1,1,0,4,271.9,0
7140-ADSMJ,8,Month-to-month,20.45,162.3,0,0,0,No,Credit card (automatic),1,0,0,0,0,39.0,0
2230-XTUWL,48,Two year,19.55,883.35,0,0,0,No,Mailed check,0,0,1,1,0,34.7,0
7706-YLMQA,70,One year,19.7,1341.5,2,0,0,No,Bank transfer (automatic),0,0,0,0,0,37.1,0
2585-KTFRE,1,Month-to-month,70.45,70.45,3,1,1,DSL,Bank transfer (automatic),1,0,0,1,4,146.4,0
7994-UYIVZ,8,Month-to-month,85.65,659.45,3,0,0,Fiber optic,Bank transfer (automatic),1,0,1,0,1,224.1,0
2609-IAICY,1,Month-to-month,77.15,77.15,6,0,0,Fiber optic,Electronic check,1,0,0,0,0,154.0,1
1740-CSDJP,1,Month-to-month,35.25,35.25,4,0,0,DSL,Bank transfer (automatic),1,0,0,0,1,108.8,1
7717-BICXI,60,Two year,20.55,1205.05,0,0,0,No,Mailed check,0,0,1,1,0,37.0,0
6559-RAKOZ,49,One year,97.95,4917.9,1,1,0,Fiber optic,Electronic check,1,0,1,1,3,230.8,0
2636-OHFMN,4,Month-to-month,48.55,201.0,6,0,0,DSL,Electronic check,1,0,1,0,3,143.6,1
4716-MRVEN,29,One year,20.0,599.3,4,0,0,No,Mailed check,0,0,0,0,0,30.0,0
2143-LJULT,67,Two year,25.25,1733.15,1,0,0,No,Credit card (automatic),1,0,1,0,0,40.1,0
1323-OOEPC,53,Month-to-month,98.4,5149.5,5,0,0,Fiber optic,Credit card (automatic),1,0,1,0,3,293.7,1
3200-MNQTF,67,Two year,70.9,4677.1,0,1,1,DSL,Credit card (automatic),0,0,1,0,4,136.2,0
6164-HXUGH,6,Month-to-month,19.85,119.3,1,0,0,No,Mailed check,0,0,1,1,0,28.0,0
5630-IXDXV,47,Month-to-month,106.35,4849.1,2,0,0,Fiber optic,Electronic check,1,0,0,0,4,231.9,0
0320-DWVTU,53,Two year,99.5,5424.25,2,1,1,Fiber optic,Mailed check,0,0,0,0,5,264.4,0
9135-MGVPY,69,Two year,84.7,5878.9,1,1,1,DSL,Mailed check,1,0,1,0,6,292.3,0
1212-GLHMD,3,Month-to-month,86.05,244.85,4,0,1,Fiber optic,Mailed check,1,0,0,0,2,220.6,0
7878-JGDKK,4,Month-to-month,44.55,220.75,1,0,0,DSL,Mailed check,0,0,0,0,0,106.3,0
1088-AUUZZ,56,Two year,75.85,4261.2,0,1,1,DSL,Credit card (automatic),1,0,1,1,4,158.6,0
0397-GZBBC,59,Month-to-month,93.85,5574.75,1,0,0,Fiber optic,Bank transfer (automatic),1,1,1,0,2,266.6,1
6614-YWYSC,61,Two year,25.0,1501.75,0,0,0,No,Bank transfer (automatic),0,1,1,0,0,40.8,0
9588-OZDMQ,2,Month-to-month,45.0,89.75,2,0,0,DSL,Electronic check,1,0,1,0,0,108.8,0
7641-EUYET,46,Month-to-month,100.7,4541.2,1,0,1,Fiber optic,Electronic check,1,1,1,1,4,237.0,1
6476-EPYZR,12,Month-to-month,20.5,255.5,2,0,0,No,Mailed check,0,0,1,1,0,39.5,0
9921-ZVRHG,14,Month-to-month,80.45,1072.0,1,0,0,Fiber optic,Electronic check,1,0,0,0,1,153.9,1
1174-FGIFN,28,One year,90.45,2509.25,1,1,0,Fiber optic,Electronic check,1,0,1,1,2,182.9,0
6620-HVDUJ,24,Month-to-month,60.45,1440.75,0,1,1,DSL,Bank transfer (automatic),0,0,0,0,3,108.6,0
4701-MLJPN,31,Month-to-month,55.25,1715.65,2,1,0,DSL,Electronic check,1,0,0,0,2,65.5,1
1032-MAELW,68,One year,78.45,5333.35,0,1,1,DSL,Electronic check,1,0,1,1,5,170.2,0
7641-TQFHN,39,Two year,100.55,3895.35,2,1,0,Fiber optic,Mailed check,0,0,0,1,3,222.9,0
1552-TKMXS,42,Month-to-month,20.35,869.9,1,0,0,No,Credit card (automatic),0,0,1,0,0,41.3,0
9206-GVPEQ,13,Month-to-month,54.45,706.85,0,1,1,DSL,Electronic check,1,0,1,0,4,215.8,1
8622-ZLFKO,6,Month-to-month,90.75,512.25,2,0,0,Fiber optic,Electronic check,1,0,1,0,2,213.5,0
1596-BBVTG,35,Month-to-month,75.35,2636.05,1,0,0,Fiber optic,Credit card (automatic),0,0,0,0,0,115.6,1
6188-UXBBR,38,One year,20.25,814.75,1,0,0,No,Credit card (automatic),1,0,1,0,0,30.7,0
2333-KWEWW,18,Two year,20.05,388.6,2,0,0,No,Credit card (automatic),0,0,0,0,0,40.5,0
5702-SKUOB,4,Month-to-month,19.6,93.45,5,0,0,No,Mailed check,0,0,1,0,0,34.2,0
1134-YWTYF,27,Month-to-month,53.8,1389.85,1,1,0,DSL,Electronic check,1,0,1,0,2,93.9,0
6061-GWWAV,41,One year,70.2,2894.55,3,0,1,DSL,Mailed check,0,0,0,1,4,140.6,0
0679-TDGAK,50,One year,75.5,4025.6,0,1,1,DSL,Electronic check,0,0,1,1,4,226.1,0
6585-WCEWR,72,Two year,20.35,1354.4,2,0,0,No,Electronic check,0,0,1,1,0,38.1,0
9067-YGSCA,70,One year,26.05,1856.4,1,0,0,No,Credit card (automatic),0,0,0,0,0,53.1,0
9067-SQTNS,44,One year,20.6,926.0,3,0,0,No,Bank transfer (automatic),0,0,1,1,0,32.2,0
8433-WXGNA,2,Month-to-month,75.7,189.2,4,0,1,Fiber optic,Electronic check,1,0,0,0,1,137.0,1
1776-SPBWV,34,One year,20.1,682.1,1,0,0,No,Bank transfer (automatic),1,0,1,1,0,28.7,0
8735-SDUFN,72,Two year,24.3,1778.7,1,0,0,No,Bank transfer (automatic),0,1,1,0,0,45.7,0
9668-PUGNU,71,Two year,24.5,1816.2,4,0,0,No,Electronic check,1,0,1,0,0,44.6,0
9405-GPBBG,64,Two year,110.5,7069.25,1,1,0,Fiber optic,Credit card (automatic),1,0,0,0,5,266.2,0
1926-QUZNN,72,Two year,25.25,1841.2,1,0,0,No,Bank transfer (automatic),1,0,1,0,0,52.2,0
3707-GNWHM,1,Month-to-month,74.25,74.25,2,0,0,Fiber optic,Mailed check,1,0,0,0,0,109.2,1
7016-NVRIC,29,One year,90.1,2656.7,4,0,1,Fiber optic,Bank transfer (automatic),0,1,1,0,3,252.5,0
5829-NVSQN,23,One year,68.75,1689.45,0,1,1,DSL,Bank transfer (automatic),1,0,1,0,4,175.8,0
9565-AXSMR,52,Two year,19.2,1054.75,2,0,0,No,Mailed check,0,0,1,1,0,38.0,0
8922-LIEGH,25,Month-to-month,89.7,2187.55,3,0,0,Fiber optic,Electronic check,1,1,0,0,2,212.3,1
8869-LIHMK,64,Two year,115.1,7334.05,1,1,1,Fiber optic,Bank transfer (automatic),1,0,0,0,6,259.8,0
8245-UMPYT,16,Month-to-month,96.4,1581.2,4,0,0,Fiber optic,Electronic check,1,1,0,0,2,234.8,1
5186-SAMNZ,1,Month-to-month,69.5,69.5,1,0,0,Fiber optic,Bank transfer (automatic),1,1,0,0,0,144.8,1
0447-RXSGD,24,Month-to-month,99.65,2404.85,0,0,0,Fiber optic,Bank transfer (automatic),1,0,0,0,3,261.9,0
4927-WWOOZ,2,Month-to-month,91.45,171.45,8,0,0,Fiber optic,Electronic check,1,0,1,0,2,217.0,0
5788-YPOEG,34,Two year,84.75,2839.45,0,1,1,DSL,Mailed check,0,0,1,1,6,223.1,0
5373-SFODM,36,Month-to-month,85.25,3132.75,2,0,0,Fiber optic,Credit card (automatic),1,1,1,0,1,220.7,1
0661-KBKPA,53,One year,78.75,3942.45,0,1,0,DSL,Mailed check,1,0,1,1,4,246.6,0
9081-WWXKP,47,Two year,20.25,873.4,2,0,0,No,Credit card (automatic),0,0,1,1,0,29.7,0
0784-ZQJZX,72,Two year,19.9,1529.65,4,0,0,No,Credit card (automatic),0,0,0,1,0,47.0,0
3133-PZNSR,72,Two year,97.75,6991.6,1,1,1,Fiber optic,Credit card (automatic),1,0,1,1,4,253.0,0
5766-ZJYBB,1,Month-to-month,19.4,19.4,5,0,0,No,Mailed check,0,0,0,0,0,39.8,1
8931-GJJIQ,9,Month-to-month,83.3,803.3,1,0,0,Fiber optic,Electronic check,1,0,0,0,1,201.9,1
4277-PVRAN,8,Month-to-month,80.1,679.3,1,0,0,Fiber optic,Bank transfer (automatic),1,0,0,0,1,185.0,1
0022-TCJCI,45,One year,62.7,2791.5,0,0,1,DSL,Credit card (automatic),0,1,0,0,3,174.8,1
0722-SVSFK,7,Month-to-month,100.4,715.0,2,1,0,Fiber optic,Electronic check,1,0,0,0,4,366.8,0
3612-YVGSJ,71,Two year,24.45,1681.6,0,0,0,No,Credit card (automatic),1,0,1,0,0,44.0,0
9825-YCXWZ,41,One year,101.1,4016.2,0,1,0,Fiber optic,Bank transfer (automatic),1,1,0,0,4,221.6,0
5397-NSKQG,67,Two year,50.9,3281.65,1,0,1,DSL,Credit card (automatic),0,0,1,1,3,173.0,0
8565-HBFNN,69,One year,107.2,7317.1,1,1,1,Fiber optic,Credit card (automatic),1,0,1,0,5,238.6,0
2000-DHJUY,70,Two year,92.2,6474.45,0,1,1,DSL,Bank transfer (automatic),1,1,1,0,6,285.0,0
0203-HHYIJ,25,One year,25.3,676.35,2,0,0,No,Bank transfer (automatic),0,0,0,0,0,37.6,1
8670-ERCJH,72,Two year,113.4,8164.1,0,1,1,Fiber optic,Bank transfer (automatic),0,0,0,0,6,268.7,0
7758-UJWYS,34,Two year,40.55,1325.85,0,1,0,DSL,Electronic check,1,0,1,1,2,109.0,0
2050-ONYDQ,65,Two year,26.0,1654.85,0,0,0,No,Credit card (automatic),0,0,1,1,0,54.3,0
7055-JCGNI,70,Two year,111.95,7795.95,2,1,1,Fiber optic,Credit card (automatic),1,0,0,0,6,332.6,0
0739-UUAJR,72,Two year,53.8,3952.45,1,0,1,DSL,Credit card (automatic),1,0,1,1,4,184.4,0
4826-DXMUP,35,One year,72.1,2495.15,1,1,0,DSL,Mailed check,1,0,0,1,3,246.5,0
0952-KMEEH,13,Month-to-month,98.15,1230.25,3,0,1,Fiber optic,Mailed check,0,0,0,0,3,264.0,1
7285-KLOTR,12,One year,78.85,876.75,0,0,1,DSL,Electronic check,0,0,1,0,4,228.0,0
0654-PQKDW,62,One year,70.75,4263.45,2,1,1,DSL,Bank transfer (automatic),1,0,1,1,4,111.2,0
7175-NTIXE,25,Month-to-month,76.15,1992.95,0,1,1,DSL,Credit card (automatic),1,0,0,0,4,189.9,0
7963-SHNDT,52,Two year,39.1,1982.1,0,1,1,DSL,Mailed check,0,0,0,0,3,59.1,0
9796-BPKIW,8,Month-to-month,69.95,562.7,4,0,0,Fiber optic,Credit card (automatic),1,1,0,0,0,135.9,0
0188-GWFLE,2,Month-to-month,20.05,33.7,5,0,0,No,Mailed check,0,0,0,0,0,36.9,0
8129-GMVGI,56,Two year,20.05,1090.1,2,0,0,No,Mailed check,0,0,1,1,0,30.5,0
2882-DDZPG,12,Month-to-month,19.45,227.45,1,0,0,No,Bank transfer (automatic),0,0,0,0,0,35.6,0
3547-LQRIK,47,One year,26.9,1250.85,1,0,0,No,Electronic check,0,0,1,0,0,47.9,0
9137-NOQKA,2,Month-to-month,19.2,37.2,4,0,0,No,Electronic check,0,1,0,0,0,36.9,0
5843-TTHGI,18,Month-to-month,50.0,892.7,2,0,0,DSL,Mailed check,1,0,0,0,1,83.2,0
1849-RJYIG,8,Month-to-month,60.0,487.75,2,0,1,DSL,Electronic check,1,0,0,0,2,133.1,0
8868-GAGIO,45,Month-to-month,84.55,3713.95,1,0,1,Fiber optic,Mailed check,1,0,1,0,2,181.6,0
4061-UKJWL,3,Month-to-month,45.45,141.7,2,0,0,DSL,Mailed check,0,0,0,0,0,79.2,0
5380-XPJNZ,38,One year,20.05,678.2,2,0,0,No,Mailed check,0,0,0,0,0,41.9,0
8263-QMNTJ,72,Two year,115.55,8425.3,0,1,1,Fiber optic,Electronic check,1,0,1,0,6,251.5,0
8178-EYZUO,46,Month-to-month,93.7,4154.8,3,0,1,Fiber optic,Electronic check,1,0,0,0,3,203.0,1
3230-JCNZS,71,Two year,99.0,7061.65,1,0,1,Fiber optic,Credit card (automatic),1,0,1,1,4,209.0,0
0277-ORXQS,66,Two year,50.55,3364.55,1,1,0,DSL,Bank transfer (automatic),0,0,1,1,3,147.0,0
5130-IEKQT,25,Month-to-month,105.95,2655.25,0,0,0,Fiber optic,Mailed check,0,1,0,0,4,301.8,1
3230-WYKIR,18,One year,82.0,1425.45,0,1,0,DSL,Credit card (automatic),1,0,0,0,4,182.6,1
7996-BPXHY,13,Two year,25.0,332.5,1,0,0,No,Bank transfer (automatic),1,0,1,1,0,46.9,0
3227-WLKLI,65,Two year,91.55,5963.95,0,1,1,DSL,Bank transfer (automatic),0,0,1,1,6,167.1,0
0407-BDJKB,60,Month-to-month,95.75,5742.9,2,0,0,Fiber optic,Electronic check,1,0,1,0,3,235.8,1
2266-FUBDZ,15,Two year,19.35,278.85,3,0,0,No,Mailed check,0,0,1,1,0,35.3,0
8237-ULIXL,72,Two year,24.85,1871.85,2,0,0,No,Credit card (automatic),0,0,1,0,0,52.6,0
9600-UDOPK,30,Month-to-month,94.05,2866.45,3,0,0,Fiber optic,Credit card (automatic),1,0,1,0,2,326.8,1
8216-AZUUZ,42,Two year,100.4,4303.65,4,1,0,Fiber optic,Electronic check,1,0,1,1,4,235.2,0
9153-BTBVV,71,Two year,25.0,1753.0,1,0,0,No,Bank transfer (automatic),0,0,1,0,0,45.3,0
4074-SJFFA,1,Month-to-month,54.75,54.75,2,0,0,DSL,Mailed check,1,0,0,0,1,112.3,1
3269-ATYWD,39,Month-to-month,95.65,3759.05,2,0,0,Fiber optic,Bank transfer (automatic),1,1,0,0,2,236.0,1
5186-PEIZU,35,Month-to-month,19.25,617.65,0,0,0,No,Bank transfer (automatic),0,0,0,0,0,35.1,0
1074-AMIOH,53,Month-to-month,108.25,5935.1,1,1,0,Fiber optic,Bank transfer (automatic),1,0,1,1,5,277.8,0
4910-GMJOT,1,Month-to-month,94.6,94.6,3,0,0,Fiber optic,Electronic check,1,0,0,0,2,281.3,1
0354-WYROK,31,Month-to-month,98.9,2911.3,2,1,0,Fiber optic,Electronic check,1,1,1,1,4,278.7,1
4361-FEBGN,48,Two year,20.15,982.95,4,0,0,No,Credit card (automatic),0,0,0,0,0,41.8,0
7748-UMTRK,30,Month-to-month,101.3,2974.5,1,1,0,Fiber optic,Electronic check,1,1,0,1,3,236.6,0
0380-ZCSBI,10,Month-to-month,20.0,198.7,4,0,0,No,Credit card (automatic),0,0,0,0,0,37.0,0
7145-FEJWU,12,Month-to-month,105.3,1275.65,3,0,0,Fiber optic,Electronic check,1,0,0,1,4,228.5,0
6463-MVYRY,57,Two year,69.85,4003.0,0,1,1,DSL,Bank transfer (automatic),0,1,0,0,4,162.2,0
3969-JQABI,58,Month-to-month,65.25,3791.6,1,0,1,DSL,Credit card (automatic),1,0,1,0,3,93.2,0
9624-EGDEQ,37,Two year,19.8,813.3,2,0,0,No,Mailed check,0,0,0,0,0,35.2,0
1051-EQPZR,44,Month-to-month,19.6,780.25,2,0,0,No,Mailed check,0,0,1,1,0,35.7,0
5849-ASHZJ,27,One year,20.05,552.9,4,0,0,No,Credit card (automatic),0,0,0,1,0,33.7,0
5780-INQIK,8,Month-to-month,49.4,408.25,2,1,0,DSL,Electronic check,0,0,0,0,1,83.8,0
7576-OYWBN,3,Month-to-month,76.05,231.8,1,0,0,Fiber optic,Electronic check,1,1,0,0,0,102.2,1
4526-ZJJTM,25,Month-to-month,88.4,2191.15,6,0,0,Fiber optic,Bank transfer (automatic),0,1,1,0,3,180.3,0
8384-FZBJK,57,Month-to-month,100.6,5611.7,2,0,0,Fiber optic,Electronic check,1,0,1,1,3,238.4,0
3750-RNQKR,12,Month-to-month,19.45,246.25,1,0,0,No,Mailed check,0,0,0,0,0,36.3,0
0962-CQPWQ,62,Two year,20.3,1296.15,1,0,0,No,Bank transfer (automatic),0,0,1,1,0,39.2,0
3096-YXENJ,65,Two year,107.65,7082.85,3,1,0,Fiber optic,Bank transfer (automatic),1,0,1,0,5,256.4,0
1265-BCFEO,71,Two year,80.45,5662.25,0,1,0,DSL,Bank transfer (automatic),1,0,1,0,4,220.7,0
5837-LXSDN,21,One year,58.85,1215.45,0,0,0,DSL,Credit card (automatic),1,0,1,1,2,154.2,0
5945-AZYHT,71,One year,109.6,7854.15,0,0,1,Fiber optic,Electronic check,1,0,1,0,5,240.8,0
8325-QRPZR,7,Month-to-month,75.15,525.0,6,0,0,Fiber optic,Electronic check,1,0,0,0,1,156.3,0
6384-VMJHP,72,Two year,73.0,5265.2,0,1,1,DSL,Credit card (automatic),1,0,0,0,5,224.4,0
2262-SLNVK,1,Month-to-month,70.1,70.1,3,0,0,Fiber optic,Electronic check,0,0,0,0,0,133.7,0
7730-CLDSV,72,Two year,98.65,7129.45,1,1,0,Fiber optic,Bank transfer (automatic),1,0,1,1,4,202.4,0
1135-HIORI,64,One year,111.45,7266.95,2,1,0,Fiber optic,Electronic check,1,0,1,1,5,290.6,0
0164-APGRB,72,Two year,114.9,8496.7,2,1,1,Fiber optic,Electronic check,1,0,0,0,6,337.9,0
6481-ESCNL,29,Month-to-month,100.55,2878.75,2,0,0,Fiber optic,Bank transfer (automatic),0,0,0,0,3,311.5,0
1790-NESIO,13,Two year,20.4,261.3,0,0,0,No,Mailed check,1,0,0,0,0,29.4,0
1550-EENBN,31,Month-to-month,104.35,3205.6,0,0,1,Fiber optic,Electronic check,0,0,0,0,4,281.6,0
5539-TMZLF,1,Month-to-month,69.75,69.75,5,0,0,Fiber optic,Electronic check,1,1,0,0,0,112.2,1
4323-SADQS,7,Month-to-month,34.5,279.25,0,1,1,DSL,Electronic check,1,0,1,1,2,58.2,1
4446-BZKHU,61,Month-to-month,105.55,6281.45,4,0,0,Fiber optic,Electronic check,1,0,1,0,4,281.7,1
5202-IVJNU,39,Month-to-month,30.1,1131.3,2,0,0,DSL,Credit card (automatic),0,0,0,1,1,58.7,1
5976-JCJRH,10,Month-to-month,70.3,738.2,2,0,0,Fiber optic,Electronic check,1,0,1,0,0,121.6,1
8198-RKSZG,14,Month-to-month,80.45,1137.05,0,1,0,DSL,Credit card (automatic),0,0,1,1,4,196.7,0
0137-OCGAB,1,Month-to-month,80.2,80.2,3,0,0,Fiber optic,Mailed check,1,0,0,0,1,140.4,1
3351-NQLDI,67,One year,94.35,6341.45,0,1,1,Fiber optic,Credit card (automatic),1,0,1,1,3,177.9,1
9297-EONCV,72,Two year,91.35,6697.2,0,1,1,DSL,Bank transfer (automatic),1,0,0,0,6,308.9,0
7593-JNWRU,6,Month-to-month,44.6,260.8,0,0,0,DSL,Bank transfer (automatic),1,0,1,1,0,61.7,1
4588-YBNIB,1,Month-to-month,19.6,19.6,3,0,0,No,Mailed check,1,0,0,0,0,38.5,1
1069-QJOEE,25,One year,19.9,505.45,4,0,0,No,Electronic check,0,0,1,1,0,36.5,0
3336-JORSO,33,Month-to-month,110.45,3655.45,2,1,0,Fiber optic,Electronic check,1,1,0,0,5,279.8,1
7799-DSEWS,18,Month-to-month,68.35,1299.8,0,1,1,DSL,Electronic check,1,0,0,0,4,137.8,0
8766-PAFNE,71,Two year,79.1,5564.85,1,1,0,DSL,Credit card (automatic),1,0,1,0,5,206.5,0
5315-CKEQK,28,One year,51.0,1381.8,2,0,0,DSL,Electronic check,1,1,1,1,0,87.3,0
3130-ICDUP,2,Month-to-month,80.55,188.1,3,0,1,Fiber optic,Credit card (automatic),0,0,0,1,1,133.6,0
0820-FNRNX,17,Month-to-month,66.7,1077.05,1,1,0,DSL,Mailed check,1,0,1,1,3,115.9,0
0880-FVFWF,56,Month-to-month,86.4,4922.4,1,0,1,Fiber optic,Electronic check,1,0,0,0,2,158.3,0
4611-ANLQC,60,One year,50.05,2911.5,3,0,1,DSL,Electronic check,0,0,1,0,4,121.6,0
4213-HKBJO,33,Two year,25.7,826.1,3,0,0,No,Credit card (automatic),0,0,0,0,0,49.4,0
2792-LSHWX,1,Month-to-month,83.4,83.4,3,1,1,Fiber optic,Mailed check,1,0,0,0,3,166.7,0
5028-GZLDO,2,Month-to-month,70.7,140.7,0,0,0,Fiber optic,Credit card (automatic),0,0,0,0,0,117.2,1
0014-BMAQU,63,Two year,84.65,5377.8,1,1,1,Fiber optic,Credit card (automatic),1,0,1,0,2,169.3,0
6861-XWTWQ,7,Month-to-month,99.25,665.45,1,0,0,Fiber optic,Electronic check,1,1,1,0,3,261.1,1
9018-PCIOK,55,Two year,64.75,3617.1,2,0,0,DSL,Mailed check,1,0,0,0,3,143.6,0
4837-QUSFT,65,One year,100.15,6643.5,0,1,1,Fiber optic,Bank transfer (automatic),1,0,1,0,4,235.9,0
6877-TJMBR,1,Month-to-month,84.8,84.8,2,1,0,Fiber optic,Electronic check,1,0,1,0,2,224.9,1
9953-ZMKSM,63,Two year,25.25,1559.3,2,0,0,No,Mailed check,0,0,0,0,0,43.3,0
0907-HQNTS,70,Two year,113.0,7987.6,1,1,1,Fiber optic,Credit card (automatic),1,1,1,0,6,206.2,0
7665-NKLAV,36,Two year,40.65,1547.35,0,1,1,DSL,Credit card (automatic),0,0,1,1,3,81.7,0
6769-DCQLI,52,One year,105.0,5426.85,1,1,0,Fiber optic,Bank transfer (automatic),1,0,0,0,5,309.2,1
2433-KMEAS,22,Month-to-month,54.45,1127.35,0,0,1,DSL,Electronic check,1,0,0,0,1,81.7,1
4391-LNRXK,22,Month-to-month,94.95,2142.8,1,1,0,Fiber optic,Bank transfer (automatic),1,0,0,0,4,206.7,0
8250-ZNGGW,5,Month-to-month,59.9,287.85,0,1,1,DSL,Credit card (automatic),0,1,0,0,3,115.3,0
2195-ZRVAX,47,Month-to-month,85.3,4045.65,2,0,0,Fiber optic,Electronic check,1,0,1,0,2,125.0,1
3550-SAHFP,33,Month-to-month,83.35,2757.85,2,0,0,Fiber optic,Electronic check,1,0,0,0,1,212.1,1
2011-TRQYE,18,Month-to-month,33.5,600.0,1,0,0,DSL,Credit card (automatic),1,0,0,0,2,66.8,1
8562-GHPPI,1,Month-to-month,19.8,19.8,4,0,0,No,Credit card (automatic),0,0,0,0,0,40.0,0
5893-PYOLZ,56,Two year,81.8,4534.45,1,1,0,DSL,Credit card (automatic),1,0,0,0,5,277.8,0
4986-MXSFP,2,Month-to-month,20.0,40.9,2,0,0,No,Mailed check,1,0,0,0,0,30.3,0
6131-FOYAS,35,Month-to-month,59.6,2094.9,1,0,1,DSL,Electronic check,1,0,0,0,2,122.4,0
3027-YNWZU,64,Two year,25.0,1584.8,2,0,0,No,Credit card (automatic),0,0,1,0,0,60.3,0
5609-IMCGG,15,Month-to-month,84.35,1302.65,1,0,1,Fiber optic,Credit card (automatic),1,0,0,0,2,100.4,0
4873-ILOLJ,24,Month-to-month,90.35,2238.5,4,0,0,Fiber optic,Electronic check,1,0,0,0,2,228.8,1
4727-MCYZG,1,Month-to-month,55.55,55.55,4,0,0,DSL,Mailed check,0,0,0,0,1,154.5,0
9481-WHGWY,70,Two year,75.35,5437.75,0,1,1,DSL,Credit card (automatic),0,0,1,1,4,192.0,0
2725-KXXWT,1,Month-to-month,90.75,90.75,1,0,0,Fiber optic,Electronic check,1,0,1,0,2,176.2,1
9565-DJPIB,4,Month-to-month,89.6,365.65,6,0,0,Fiber optic,Mailed check,0,0,0,1,2,210.3,1
4328-VUFWD,39,One year,59.3,2209.15,0,1,0,DSL,Electronic check,0,0,0,0,2,150.1,0
3301-LSLWQ,29,Month-to-month,66.1,1912.15,2,0,1,DSL,Electronic check,1,0,0,0,2,141.3,0
7473-ZBDSN,14,Two year,18.8,255.55,3,0,0,No,Mailed check,0,0,1,1,0,35.0,0
3166-PNEOF,61,Two year,86.45,5175.3,1,1,1,DSL,Credit card (automatic),0,0,0,0,5,267.3,0
5639-NTUPK,13,Month-to-month,52.1,670.65,2,0,1,DSL,Credit card (automatic),1,0,0,1,1,107.6,0
8780-YRMTT,66,Two year,47.4,3177.25,0,1,1,DSL,Mailed check,1,0,0,0,4,90.5,0
8348-HFYIV,2,Month-to-month,49.25,90.35,5,0,0,DSL,Electronic check,1,0,0,0,3,136.9,1
5140-FOMCQ,59,One year,109.15,6557.75,0,0,1,Fiber optic,Credit card (automatic),1,0,1,0,5,262.8,0
6242-SGYTS,62,One year,94.95,5791.85,2,0,1,Fiber optic,Credit card (automatic),1,0,1,1,3,138.2,0
8166-ORCHU,33,One year,93.55,3055.5,0,1,1,Fiber optic,Electronic check,1,1,1,0,4,174.4,0
8414-OOEEL,66,Two year,79.5,5196.1,1,1,0,DSL,Credit card (automatic),1,0,0,1,5,227.8,0
8454-AATJP,72,Two year,115.05,8405.0,4,1,1,Fiber optic,Credit card (automatic),0,0,0,0,6,309.6,0
6849-WLEYG,1,Month-to-month,19.75,19.75,2,0,0,No,Mailed check,0,0,0,1,0,35.3,1
4659-NZRUF,19,Month-to-month,95.15,1789.25,1,0,1,Fiber optic,Electronic check,1,0,0,0,3,210.0,1
4531-AUZNK,51,One year,95.15,5000.05,0,1,1,Fiber optic,Mailed check,1,0,1,1,3,148.3,0
4191-XOVOM,63,Month-to-month,105.4,6713.2,1,1,0,Fiber optic,Electronic check,0,0,0,0,4,216.6,0
2150-OEGBV,27,One year,20.1,562.6,1,0,0,No,Bank transfer (automatic),0,0,0,0,0,29.8,0
8429-XIBUM,22,Month-to-month,101.35,2317.1,1,0,1,Fiber optic,Bank transfer (automatic),1,0,0,0,3,237.8,1
1855-CFULU,4,Month-to-month,20.05,91.45,0,0,0,No,Mailed check,0,1,0,0,0,32.7,0
4878-BUNFV,42,Two year,20.7,828.85,1,0,0,No,Mailed check,0,0,1,1,0,49.3,0
1872-EBWSC,29,One year,20.35,617.35,0,0,0,No,Mailed check,0,0,0,0,0,42.0,0
2608-BHKFN,4,Month-to-month,70.05,266.9,5,0,0,Fiber optic,Credit card (automatic),1,0,0,0,0,106.0,1
7026-YMSBE,30,One year,19.7,625.05,1,0,0,No,Mailed check,0,0,0,0,0,31.7,0
7341-LXCAF,4,Month-to-month,74.65,301.4,3,0,0,Fiber optic,Electronic check,1,0,1,0,0,122.6,1
6997-UVGOX,71,Two year,85.45,6029.9,0,1,1,DSL,Bank transfer (automatic),0,0,1,1,6,211.9,0
9674-EHPPG,46,Two year,40.4,1842.7,0,1,1,DSL,Credit card (automatic),0,0,1,0,3,66.6,0
9462-MJUAW,4,Month-to-month,50.4,206.6,3,0,0,DSL,Mailed check,0,0,0,0,0,62.4,1
8128-YVJRG,7,Month-to-month,79.65,604.7,0,0,1,Fiber optic,Mailed check,1,0,0,0,1,167.6,1
5440-VHLUL,69,One year,105.2,7386.05,1,1,0,Fiber optic,Bank transfer (automatic),1,0,0,0,4,295.1,0
5781-BKHOP,72,Two year,100.65,7334.05,0,0,1,Fiber optic,Bank transfer (automatic),0,0,1,0,4,241.0,0
4283-FUTGF,19,Month-to-month,79.85,1471.75,4,0,0,Fiber optic,Electronic check,1,1,0,0,1,145.1,1
5213-TWWJU,28,Month-to-month,91.0,2626.15,1,1,0,Fiber optic,Electronic check,0,0,0,0,3,216.7,0
1569-TTNYJ,5,Month-to-month,78.75,412.1,2,0,0,Fiber optic,Electronic check,1,0,1,0,1,133.1,1
8628-MFKAX,72,Two year,116.75,8277.05,1,1,1,Fiber optic,Credit card (automatic),1,1,1,0,6,202.1,0
2397-BRLOM,8,Month-to-month,80.45,583.45,2,0,0,Fiber optic,Credit card (automatic),1,1,1,1,1,187.0,1
7629-WIXZF,7,One year,59.1,369.25,1,0,1,DSL,Electronic check,1,0,0,0,2,146.0,0
5445-GLVOT,22,Month-to-month,49.8,1049.05,1,0,1,DSL,Electronic check,1,0,0,0,1,71.3,0
3976-HXHCE,72,Two year,19.3,1414.8,1,0,0,No,Bank transfer (automatic),0,0,0,0,0,22.8,0
2466-NEJOJ,8,Month-to-month,19.65,169.75,1,0,0,No,Credit card (automatic),0,0,1,1,0,41.2,0
0254-KCJGT,52,One year,81.4,4354.45,0,1,1,DSL,Credit card (automatic),1,0,1,0,5,156.5,0
5472-CVMDX,68,Two year,38.9,2719.2,0,1,1,DSL,Mailed check,0,0,0,0,3,67.3,0
6461-SZMCV,71,Two year,87.95,6365.35,0,1,1,DSL,Bank transfer (automatic),0,0,1,0,6,211.6,0
8150-QUDFX,2,Month-to-month,19.85,51.6,4,0,0,No,Mailed check,0,0,0,0,0,44.5,0
9508-ILZDG,34,Month-to-month,96.35,3190.25,2,1,0,Fiber optic,Electronic check,1,1,0,0,3,164.0,0
2346-DJQTB,35,Month-to-month,24.15,812.5,3,0,0,DSL,Electronic check,0,0,0,0,0,50.0,0
1697-LYYYX,61,One year,19.1,1143.8,2,0,0,No,Credit card (automatic),0,0,1,1,0,21.0,0
1942-OQFRW,1,Month-to-month,44.0,44.0,2,0,0,DSL,Electronic check,0,0,0,0,0,89.6,0
4749-VFKVB,1,Month-to-month,50.1,50.1,1,0,0,DSL,Mailed check,1,0,0,0,0,82.8,1
9640-ZSLDC,53,One year,60.6,3297.0,1,0,0,DSL,Credit card (automatic),0,0,1,1,2,97.4,0
4231-LZUYM,72,Two year,25.65,1887.0,1,0,0,No,Bank transfer (automatic),0,0,1,0,0,46.2,0
7598-UAASY,2,Month-to-month,76.4,151.8,3,0,0,Fiber optic,Electronic check,0,0,1,0,1,134.9,1
7938-OUHIO,3,Month-to-month,98.7,293.65,4,1,0,Fiber optic,Electronic check,1,0,0,0,4,193.0,1
8510-AWCXC,13,Month-to-month,100.8,1308.1,0,0,1,Fiber optic,Electronic check,1,1,0,0,3,273.2,1
6128-AQBMT,41,Month-to-month,53.95,2215.4,1,0,0,DSL,Electronic check,1,1,1,0,4,174.8,0
3594-BDSOA,24,One year,20.4,482.8,3,0,0,No,Credit card (automatic),0,0,1,0,0,39.1,0
0431-APWVY,28,One year,90.1,2598.95,3,0,0,Fiber optic,Bank transfer (automatic),1,0,1,1,2,189.1,1
5133-VRSAB,8,Month-to-month,29.35,216.45,0,0,1,DSL,Mailed check,0,0,0,0,1,46.4,0
5996-DAOQL,1,Month-to-month,20.45,20.45,3,0,0,No,Mailed check,1,0,0,0,0,31.1,0
6838-YAUVY,54,Two year,95.1,5064.85,2,1,0,Fiber optic,Bank transfer (automatic),1,0,0,0,3,213.2,0
0484-JPBRU,41,Month-to-month,25.25,996.45,3,0,0,No,Bank transfer (automatic),1,0,0,0,0,41.4,0
7883-ROJOC,19,Month-to-month,44.9,839.65,2,0,0,DSL,Mailed check,0,0,1,0,0,67.9,0
0244-LGNFY,72,Two year,92.65,6733.0,0,1,1,DSL,Bank transfer (automatic),0,0,1,1,6,295.9,0
7274-CGTOD,62,Two year,43.7,2618.3,0,1,1,DSL,Bank transfer (automatic),1,0,0,0,4,71.7,0
4295-YURET,56,Two year,72.6,4084.35,0,1,1,DSL,Credit card (automatic),1,1,1,1,4,243.6,0
3426-NIYYL,15,Month-to-month,51.55,765.5,3,0,0,DSL,Electronic check,0,0,0,0,0,103.7,1
8225-BTJAU,10,Month-to-month,79.25,793.55,1,0,0,Fiber optic,Electronic check,1,1,0,0,1,161.3,1
4635-EJYPD,32,Two year,18.95,613.95,3,0,0,No,Mailed check,0,0,1,1,0,24.4,0
1866-ZSLJM,21,Month-to-month,20.5,402.85,2,0,0,No,Credit card (automatic),0,0,0,0,0,37.7,0
4636-TVXVG,62,One year,19.95,1244.8,1,0,0,No,Bank transfer (automatic),0,0,1,1,0,39.3,0
4236-UJPWO,2,Month-to-month,24.5,46.4,2,0,0,DSL,Electronic check,0,0,0,0,0,51.5,0
9392-XBGTD,27,Two year,20.6,581.85,1,0,0,No,Mailed check,0,0,0,1,0,38.9,0
3387-VATUS,5,Month-to-month,94.85,462.8,3,0,0,Fiber optic,Bank transfer (automatic),1,0,0,0,2,265.1,1
6402-SSEJG,25,One year,61.05,1540.2,2,0,1,DSL,Electronic check,0,0,0,0,5,170.2,0
1143-NMNQJ,2,Month-to-month,85.7,169.8,5,0,0,Fiber optic,Electronic check,1,0,0,0,1,171.4,1
1169-SAOCL,49,One year,106.65,5168.1,1,1,0,Fiber optic,Bank transfer (automatic),1,0,0,0,4,401.6,0
1110-KYLGQ,63,Month-to-month,108.25,6780.1,0,0,1,Fiber optic,Credit card (automatic),0,0,0,0,5,319.9,0
9929-PLVPA,4,Month-to-month,20.4,94.5,2,0,0,No,Credit card (automatic),0,0,0,1,0,29.1,0
3518-PZXZQ,1,Month-to-month,55.3,55.3,1,0,0,DSL,Mailed check,1,0,1,0,1,144.8,0
2371-JUNGC,11,Month-to-month,20.25,208.0,3,0,0,No,Mailed check,0,0,0,0,0,38.7,0
7693-QPEFS,52,Month-to-month,72.95,3829.75,7,0,0,Fiber optic,Bank transfer (automatic),1,1,0,0,0,94.8,0
0924-BJCRC,60,Month-to-month,89.45,5294.6,9,0,0,Fiber optic,Electronic check,0,1,1,0,2,190.7,0
5074-FBGHB,64,One year,104.65,6889.8,0,1,0,Fiber optic,Credit card (automatic),1,0,0,0,4,289.1,0
2351-BKRZW,43,Two year,75.2,3254.35,0,0,1,DSL,Bank transfer (automatic),0,0,1,1,4,267.7,0
4455-BFSPD,61,One year,101.15,6383.9,0,1,0,Fiber optic,Bank transfer (automatic),0,0,1,0,3,324.2,0
0415-MOSGF,1,Month-to-month,44.4,44.4,1,0,0,DSL,Mailed check,0,0,0,0,0,75.1,1
1724-BQUHA,5,Month-to-month,89.5,477.7,3,0,0,Fiber optic,Electronic check,1,1,0,0,2,227.7,1
3948-KXDUF,66,Two year,68.75,4447.55,0,1,1,DSL,Bank transfer (automatic),0,0,0,0,4,114.2,0
2323-ARSVR,67,Two year,111.05,7321.05,0,1,1,Fiber optic,Electronic check,1,0,1,0,6,287.5,0
0815-MFZGM,42,Two year,99.0,4135.0,1,1,0,Fiber optic,Credit card (automatic),1,0,1,0,4,289.8,0
4826-XTSOH,1,Month-to-month,86.05,86.05,2,0,0,Fiber optic,Electronic check,1,1,1,0,1,162.9,1
5480-XTFFL,31,Two year,21.0,697.7,2,0,0,No,Mailed check,0,0,1,1,0,36.5,0
8295-FHIVV,7,Month-to-month,19.4,168.65,4,0,0,No,Mailed check,1,0,0,0,0,31.6,0
2495-INZWQ,4,Month-to-month,44.55,174.3,2,0,0,DSL,Electronic check,1,0,0,0,2,140.4,1
9086-YJYXS,34,One year,77.2,2753.8,2,0,0,DSL,Bank transfer (automatic),0,0,1,1,3,200.5,0
1179-INLAT,3,One year,19.45,69.25,7,0,0,No,Mailed check,1,0,0,0,0,44.5,0
7909-FIOIY,19,Month-to-month,24.85,434.8,2,0,0,DSL,Mailed check,1,0,1,1,0,56.2,0
4139-SUGLD,31,Month-to-month,35.4,1077.5,0,1,1,DSL,Bank transfer (automatic),0,0,1,1,2,77.4,1
6857-VWJDT,1,Month-to-month,95.65,95.65,6,0,0,Fiber optic,Mailed check,0,0,0,0,2,187.2,1
6351-SCJKT,3,Month-to-month,41.35,107.25,1,1,1,DSL,Mailed check,0,0,0,0,3,77.4,0
5468-BPMMO,46,Month-to-month,19.6,851.2,1,0,0,No,Electronic check,0,0,1,0,0,47.9,0
5624-BQSSA,1,Month-to-month,20.95,20.95,4,0,0,No,Mailed check,0,0,0,0,0,39.8,1
0197-PNKNK,69,One year,84.45,5848.6,0,0,1,Fiber optic,Bank transfer (automatic),0,0,1,1,2,134.7,0
2439-QKJUL,5,Month-to-month,20.25,109.8,4,0,0,No,Mailed check,0,0,0,0,0,39.5,0
1194-SPVSP,1,Month-to-month,19.65,19.65,3,0,0,No,Bank transfer (automatic),0,0,0,0,0,33.8,0
9534-NSXEM,26,One year,20.65,595.5,0,0,0,No,Credit card (automatic),1,0,0,0,0,34.7,0
2408-WITXK,10,Month-to-month,34.7,329.8,3,0,0,DSL,Electronic check,1,1,0,0,1,105.8,1
8929-KSWIH,25,Two year,99.3,2513.5,1,1,0,Fiber optic,Bank transfer (automatic),0,0,0,0,4,275.8,0
2250-IVBWA,64,Month-to-month,81.05,5135.35,2,0,1,Fiber optic,Electronic check,0,0,1,1,2,141.2,0
1810-MVMAI,30,Month-to-month,67.6,2000.2,0,1,1,DSL,Electronic check,0,0,1,1,4,120.6,0
9506-UXUSK,13,Month-to-month,70.15,931.75,3,0,0,Fiber optic,Electronic check,1,0,0,0,0,105.9,0
1229-RCALF,64,One year,115.0,7396.15,1,1,1,Fiber optic,Electronic check,1,0,1,0,6,283.3,0
3572-UOLYZ,46,Month-to-month,84.8,3958.85,1,1,0,Fiber optic,Bank transfer (automatic),1,0,0,1,2,168.2,0
1429-UYJSV,12,One year,19.7,260.9,2,0,0,No,Mailed check,0,0,0,0,0,35.7,0
5577-OTWWW,15,Month-to-month,19.75,297.3,2,0,0,No,Bank transfer (automatic),0,0,0,0,0,34.4,1
6100-QQHEB,17,Month-to-month,92.55,1515.1,1,0,0,Fiber optic,Electronic check,1,0,1,1,2,191.2,1
6366-XIVKZ,13,Month-to-month,63.15,816.8,1,0,1,DSL,Mailed check,1,0,1,1,3,179.0,0
3470-OBUET,67,Two year,74.0,4868.4,0,1,1,DSL,Credit card (automatic),0,0,1,1,4,141.7,0
2770-NSVDG,24,Month-to-month,29.1,688.0,1,0,0,DSL,Electronic check,0,0,1,0,1,57.4,0
9375-MHRRS,6,Month-to-month,50.05,288.35,0,1,0,DSL,Mailed check,0,0,0,0,1,84.6,0
2634-HCZGT,53,One year,60.05,3229.65,0,1,1,DSL,Electronic check,1,1,1,0,2,120.6,1
7503-QQRVF,16,Month-to-month,74.3,1178.25,1,0,0,Fiber optic,Credit card (automatic),1,1,1,0,1,154.1,1
4860-YZGZM,10,Month-to-month,20.0,185.4,2,0,0,No,Electronic check,0,0,0,0,0,34.1,0
6599-GZWCM,13,One year,74.65,966.25,3,0,0,Fiber optic,Mailed check,1,0,0,0,1,71.8,0
2691-NZETQ,9,Month-to-month,85.35,758.6,6,0,0,Fiber optic,Electronic check,1,0,0,0,1,132.5,1
4404-HIBDJ,25,One year,74.3,1863.8,0,1,1,DSL,Mailed check,0,0,0,0,5,147.0,1
5533-NHFRF,7,Month-to-month,44.4,265.8,2,1,0,DSL,Electronic check,1,1,0,0,3,102.4,0
7037-MTYVW,38,Two year,85.4,3297.0,0,1,1,DSL,Bank transfer (automatic),1,0,1,1,5,242.7,0
4760-THGOT,43,Month-to-month,94.1,4107.3,3,0,1,Fiber optic,Electronic check,1,0,1,0,3,271.0,0
7295-JOMMD,4,Month-to-month,98.1,396.3,6,1,0,Fiber optic,Bank transfer (automatic),1,0,0,1,4,281.0,1
4016-BJKTZ,25,Two year,108.9,2809.05,1,1,0,Fiber optic,Electronic check,0,0,0,0,5,268.7,0
6584-VQMYT,27,One year,56.2,1567.55,1,0,1,DSL,Mailed check,0,0,0,1,2,121.3,0
9838-BFCQT,72,Two year,26.1,1851.45,1,0,0,No,Mailed check,0,0,1,1,0,45.4,0
2790-XUYMV,71,One year,85.45,6028.95,1,0,1,Fiber optic,Credit card (automatic),1,0,0,1,2,173.0,0
0581-MDMPW,24,Month-to-month,88.95,2072.75,1,0,0,Fiber optic,Credit card (automatic),1,0,0,0,2,210.3,0
5013-SBUIH,50,Two year,109.65,5551.15,0,1,1,Fiber optic,Electronic check,1,0,0,0,5,194.6,1
1023-BQXZE,57,Two year,74.35,4317.35,0,0,1,DSL,Bank transfer (automatic),1,0,0,0,4,244.1,0
9163-GHAYE,15,Month-to-month,48.85,736.8,2,0,0,DSL,Electronic check,0,0,0,0,1,110.9,0
3904-UKFRE,4,Month-to-month,80.1,336.15,4,0,1,Fiber optic,Electronic check,1,0,0,0,1,135.9,0
5353-WILCI,28,Month-to-month,56.05,1522.65,1,0,1,DSL,Electronic check,0,0,0,0,2,112.1,0
0709-TVGUR,9,Month-to-month,74.55,622.9,4,0,0,Fiber optic,Electronic check,1,1,0,0,0,144.0,1
0058-EVZWM,55,Month-to-month,89.8,4959.6,2,0,1,Fiber optic,Bank transfer (automatic),1,0,1,0,2,192.5,0
6023-YEBUP,3,Month-to-month,100.95,329.95,2,0,0,Fiber optic,Electronic check,1,0,0,0,3,245.6,1
7209-JCUDS,10,Month-to-month,94.9,1048.85,6,0,0,Fiber optic,Electronic check,1,0,0,0,3,287.5,1
7009-PCARS,55,One year,19.1,1001.5,3,0,0,No,Bank transfer (automatic),0,0,0,1,0,30.9,0
0519-DRGTI,20,Month-to-month,20.35,442.6,1,0,0,No,Mailed check,0,0,1,1,0,33.5,0
1017-FBQMM,62,One year,106.05,6703.5,1,1,0,Fiber optic,Credit card (automatic),1,0,1,1,4,304.4,0
3001-CBHLQ,32,Month-to-month,104.9,3351.55,2,1,0,Fiber optic,Electronic check,1,1,1,0,4,305.4,1
1985-MBRYP,43,Two year,19.65,779.25,1,0,0,No,Bank transfer (automatic),1,0,0,0,0,43.6,0
6158-DWPZT,9,One year,24.1,259.8,1,0,0,DSL,Bank transfer (automatic),0,0,1,0,0,39.4,1
9372-TXXPS,60,Two year,59.85,3483.45,0,1,1,DSL,Bank transfer (automatic),0,0,1,0,3,85.5,0
3259-QMXUN,58,Two year,86.1,4890.5,3,0,1,DSL,Electronic check,1,0,1,0,5,272.7,0
1015-JPFYW,7,One year,19.45,136.75,3,0,0,No,Mailed check,0,0,0,1,0,26.7,0
6645-MXQJT,2,Month-to-month,97.1,184.15,1,0,1,Fiber optic,Electronic check,0,0,1,1,3,237.9,0
4360-QRAVE,37,Month-to-month,36.65,1315.0,2,0,0,DSL,Electronic check,0,1,0,0,2,63.5,0
8433-WPJTV,65,One year,103.9,6767.1,2,1,0,Fiber optic,Bank transfer (automatic),1,1,1,1,4,335.4,0
5804-JMYIO,39,Two year,19.75,757.95,2,0,0,No,Mailed check,0,0,1,1,0,35.6,0
3763-GCZHZ,66,One year,104.05,6890.0,4,1,0,Fiber optic,Electronic check,1,0,1,0,4,217.4,1
6484-LATFU,68,Two year,24.55,1657.4,3,0,0,No,Mailed check,0,0,0,0,0,43.8,0
7599-NTMDP,62,Two year,48.7,3008.55,0,1,1,DSL,Bank transfer (automatic),0,0,1,1,4,152.9,0
0772-GYEQQ,3,Month-to-month,88.35,262.05,3,1,0,Fiber optic,Mailed check,1,0,0,0,3,143.9,1
0536-ACXIP,72,Two year,109.55,8165.1,0,0,1,Fiber optic,Electronic check,1,0,1,0,5,220.9,0
0936-NQLJU,41,Two year,20.65,875.55,1,0,0,No,Credit card (automatic),0,0,1,0,0,42.8,0
4831-EOBFE,29,Month-to-month,94.65,2649.15,1,0,1,Fiber optic,Credit card (automatic),0,0,1,1,3,254.0,1
1575-KRZZE,4,Month-to-month,55.2,220.65,1,0,1,DSL,Electronic check,0,0,0,0,2,83.7,0
3251-YMVWZ,53,One year,24.05,1301.9,1,0,0,No,Bank transfer (automatic),0,0,0,0,0,41.8,0
4102-OQUPX,1,Month-to-month,74.4,74.4,5,0,0,Fiber optic,Electronic check,1,1,1,0,0,134.9,1
9170-GYZJC,41,Month-to-month,79.9,3326.2,1,1,1,DSL,Credit card (automatic),0,0,1,1,5,151.2,1
4884-LEVMQ,39,Two year,20.45,790.0,2,0,0,No,Bank transfer (automatic),1,0,1,0,0,33.5,0
8857-CUPFQ,63,Two year,19.25,1237.65,4,0,0,No,Mailed check,0,0,1,0,0,42.1,0
7610-TVOPG,15,Month-to-month,26.35,378.6,1,0,0,No,Electronic check,1,0,0,0,0,49.5,0
3638-DIMPH,13,One year,43.8,592.65,2,0,0,DSL,Electronic check,0,0,1,0,0,91.9,0
1845-ZLLIG,1,Month-to-month,50.15,50.15,3,0,0,DSL,Mailed check,1,0,0,0,1,89.5,0
8559-WNQZS,1,Two year,20.45,20.45,2,0,0,No,Mailed check,0,0,0,0,0,33.6,0
3999-QGRJH,8,Month-to-month,69.7,560.85,3,0,0,Fiber optic,Electronic check,1,1,0,0,0,130.8,1
1699-UOTXU,60,Two year,61.4,3638.25,1,0,1,DSL,Electronic check,0,0,0,0,3,94.8,0
2454-RPBRZ,12,Month-to-month,98.1,1060.2,2,0,0,Fiber optic,Electronic check,1,1,1,0,3,227.8,1
0635-WKOLD,40,One year,70.75,2921.75,0,1,0,DSL,Credit card (automatic),0,0,1,0,3,159.0,0
5993-JSUWV,66,Two year,61.15,4017.45,0,0,1,DSL,Bank transfer (automatic),1,0,0,0,3,104.8,0
4518-FZBSX,42,One year,20.25,854.9,0,0,0,No,Mailed check,0,0,1,1,0,34.8,0
5387-ASZNZ,66,One year,63.85,4174.35,0,1,1,DSL,Credit card (automatic),1,1,0,0,3,98.0,0
6988-CJEYV,49,Month-to-month,98.7,4920.55,1,0,0,Fiber optic,Electronic check,0,0,0,0,3,309.9,0
2002-MZHWP,1,Month-to-month,20.5,20.5,5,0,0,No,Mailed check,0,0,0,0,0,28.4,1
3097-FQTVJ,41,Two year,20.0,810.3,2,0,0,No,Mailed check,0,0,0,0,0,37.1,0
5465-BUBFA,41,Two year,19.3,772.4,1,0,0,No,Bank transfer (automatic),0,0,1,1,0,28.0,0
7299-GNVPL,23,Month-to-month,84.4,1936.85,1,1,1,Fiber optic,Mailed check,0,0,1,1,3,172.1,0
9743-DQKQW,3,Month-to-month,25.1,79.8,5,0,0,DSL,Electronic check,0,0,0,0,0,43.5,0
1215-VFYVK,4,Month-to-month,48.25,202.25,1,1,1,DSL,Mailed check,0,0,0,0,4,129.9,0
9371-BITHB,52,Two year,19.85,1070.5,0,0,0,No,Mailed check,0,0,1,1,0,38.1,0
2265-CYWIV,4,Month-to-month,99.6,347.65,1,0,1,Fiber optic,Electronic check,1,1,1,0,3,272.4,1
9093-FPDLG,11,Month-to-month,94.2,999.9,2,1,0,Fiber optic,Electronic check,1,0,0,0,4,214.7,0
0541-FITGH,2,Month-to-month,62.15,113.1,1,0,1,DSL,Mailed check,1,0,1,0,2,159.7,0
6985-HAYWX,26,Month-to-month,79.3,2015.8,3,0,0,Fiber optic,Bank transfer (automatic),0,0,1,0,1,149.7,0
7508-KBIMB,24,One year,56.25,1454.25,4,0,1,DSL,Credit card (automatic),1,0,1,1,2,93.9,0
6838-HVLXG,12,Month-to-month,20.3,246.7,2,0,0,No,Mailed check,0,0,0,0,0,34.8,0
2277-DJJDL,60,Month-to-month,99.0,6017.9,1,1,0,Fiber optic,Electronic check,1,1,1,0,3,247.9,0
1897-OKVMW,64,Two year,90.6,5817.45,0,1,1,DSL,Mailed check,1,0,1,1,6,216.0,0
5485-ITNPC,66,Two year,85.9,5595.3,0,1,1,DSL,Bank transfer (automatic),1,0,1,0,6,214.7,0
0233-FTHAV,60,One year,79.2,4765.0,6,0,0,Fiber optic,Bank transfer (automatic),1,0,0,0,1,170.4,0
4644-PIZRT,17,One year,70.35,1201.65,3,0,1,DSL,Bank transfer (automatic),1,0,1,1,3,130.0,0
8922-NPKBJ,42,Two year,19.35,867.3,3,0,0,No,Mailed check,0,0,1,1,0,43.6,0
2740-TVLFN,1,Month-to-month,50.15,50.15,1,0,0,DSL,Electronic check,1,0,0,0,0,82.8,0
7771-CFQRQ,47,Two year,63.8,3007.25,1,1,0,DSL,Bank transfer (automatic),0,0,1,1,3,168.8,0
9512-PHSMG,10,Month-to-month,20.55,252.75,1,0,0,No,Mailed check,1,0,1,0,0,36.9,0
6963-EZQEE,70,Two year,88.55,6306.5,0,1,1,DSL,Credit card (automatic),1,1,1,0,6,232.0,0
2452-KDRRH,67,Month-to-month,101.4,6841.05,2,0,0,Fiber optic,Credit card (automatic),1,1,0,0,3,283.7,0
2004-OCQXK,1,Month-to-month,81.95,81.95,7,0,0,Fiber optic,Electronic check,1,0,0,0,1,234.9,1
5027-QPKTE,7,Month-to-month,69.35,451.1,4,0,0,Fiber optic,Electronic check,1,0,1,0,0,122.2,1
4146-SVFUD,1,Month-to-month,44.6,44.6,6,0,0,DSL,Mailed check,0,0,0,0,0,79.6,0
1564-HJUVY,4,Month-to-month,63.75,226.2,3,1,0,DSL,Bank transfer (automatic),1,0,0,0,3,141.7,0
3617-XLSGQ,66,Two year,109.25,7082.5,2,0,1,Fiber optic,Bank transfer (automatic),0,0,1,1,5,360.2,0
7517-LDMPS,12,Month-to-month,84.6,1017.35,1,0,0,Fiber optic,Electronic check,1,0,0,0,2,225.6,0
7244-KXYZN,24,One year,20.45,527.35,0,0,0,No,Credit card (automatic),0,0,0,0,0,42.9,0
5226-NOZFC,26,Month-to-month,85.75,2146.5,4,0,0,Fiber optic,Electronic check,1,0,0,0,2,194.7,0
2672-HUYVI,6,Month-to-month,91.1,455.3,2,0,0,Fiber optic,Electronic check,1,0,0,0,2,173.8,1
1400-WIVLL,57,Two year,107.95,5969.85,2,1,0,Fiber optic,Electronic check,0,0,1,0,4,293.3,0
7508-MYBOG,14,Month-to-month,86.1,1235.55,4,0,0,Fiber optic,Electronic check,1,0,1,0,1,142.1,1
8148-NLEGT,42,Two year,22.95,1014.25,3,0,0,No,Electronic check,0,0,1,1,0,37.3,0
0148-DCDOS,25,Month-to-month,94.7,2362.1,2,0,0,Fiber optic,Bank transfer (automatic),1,0,0,0,2,286.1,1
8347-GDTMP,64,Two year,19.45,1225.65,3,0,0,No,Credit card (automatic),0,0,1,0,0,31.8,0
9992-RRAMN,22,Month-to-month,85.1,1873.7,2,0,0,Fiber optic,Electronic check,1,0,1,0,1,172.7,1
6746-WAUWT,19,One year,19.7,386.5,3,0,0,No,Credit card (automatic),1,0,0,0,0,24.0,0
0310-MVLET,61,Month-to-month,99.15,6010.05,1,0,0,Fiber optic,Electronic check,1,0,1,1,3,285.5,1
0428-IKYCP,22,Month-to-month,87.0,1850.65,2,0,0,Fiber optic,Bank transfer (automatic),1,0,1,0,2,208.2,0
4550-VBOFE,70,Month-to-month,102.95,7101.5,4,0,0,Fiber optic,Electronic check,1,1,1,0,4,245.0,1
2187-PKZAY,12,Month-to-month,79.95,1043.4,5,0,0,Fiber optic,Bank transfer (automatic),1,0,0,0,1,193.3,0
4003-OCTMP,31,One year,64.0,1910.75,0,1,1,DSL,Electronic check,1,0,1,0,3,117.1,0
6652-YFFJO,11,Month-to-month,64.9,716.1,1,0,0,DSL,Electronic check,1,0,0,0,2,168.6,0
7225-IILWY,68,Two year,25.75,1686.15,2,0,0,No,Mailed check,0,0,1,1,0,47.5,0
5248-RPYWW,72,Two year,90.15,6716.45,0,1,1,DSL,Bank transfer (automatic),1,1,1,1,6,273.5,0
7923-IYJWY,67,Two year,116.1,7839.85,1,1,1,Fiber optic,Credit card (automatic),1,1,0,0,6,286.6,0
3170-GWYKC,60,Month-to-month,104.95,6236.75,0,1,1,Fiber optic,Bank transfer (automatic),1,0,0,0,5,218.3,0
5696-QURRL,1,Month-to-month,45.05,45.05,3,0,0,DSL,Mailed check,1,0,0,0,0,74.8,1
7409-KIUTL,1,Month-to-month,71.0,71.0,7,0,0,Fiber optic,Electronic check,1,1,0,1,0,148.7,1
9830-ECLEN,58,One year,50.0,2919.85,1,0,1,DSL,Mailed check,0,0,1,1,4,117.9,0
1732-VHUBQ,47,Month-to-month,70.55,3309.25,5,0,0,Fiber optic,Bank transfer (automatic),0,1,1,1,0,131.4,1
0495-RVCBF,1,Month-to-month,79.7,79.7,1,0,0,Fiber optic,Electronic check,1,0,0,0,1,194.7,1
2668-TZSPS,1,Month-to-month,20.45,20.45,3,0,0,No,Mailed check,0,0,0,0,0,33.6,0
7854-EDSSA,22,Month-to-month,59.0,1254.7,0,0,1,DSL,Electronic check,0,0,0,0,2,106.2,1
8869-TORSS,48,One year,60.35,2896.4,0,1,1,DSL,Credit card (automatic),1,0,0,0,3,79.0,1
7446-SFAOA,37,One year,19.85,717.5,3,0,0,No,Bank transfer (automatic),1,0,1,0,0,32.5,0
9522-ZSINC,13,One year,19.95,253.8,2,0,0,No,Electronic check,1,0,0,0,0,36.0,0
8234-GSZYK,43,Two year,26.45,1110.05,4,0,0,No,Bank transfer (automatic),0,0,0,0,0,52.0,0
6505-OZNPG,6,Two year,63.4,348.8,0,1,1,DSL,Mailed check,1,0,0,0,6,231.3,0
6164-HAQTX,71,Two year,53.95,3888.65,0,1,1,DSL,Bank transfer (automatic),0,0,0,0,5,126.8,0
0679-IDSTG,1,Month-to-month,69.25,69.25,2,0,0,Fiber optic,Electronic check,1,1,1,1,0,133.0,1
7765-LWVVH,72,Two year,95.1,6843.15,0,0,1,Fiber optic,Electronic check,1,0,1,1,3,206.3,0
1658-TJVOA,6,Month-to-month,74.1,450.9,0,0,1,Fiber optic,Electronic check,1,1,0,0,1,117.1,0
0953-LGOVU,12,Month-to-month,35.5,432.25,1,1,0,DSL,Mailed check,0,0,1,1,2,56.2,0
2115-BFTIW,25,Month-to-month,70.95,1767.35,3,0,0,Fiber optic,Mailed check,0,0,0,0,0,126.1,1
4692-NNQRU,21,One year,79.2,1742.45,2,1,0,Fiber optic,Electronic check,0,0,1,0,2,142.1,0
7742-MYPGI,6,Month-to-month,48.8,297.35,0,1,0,DSL,Mailed check,1,0,1,1,1,77.6,0
0611-DFXKO,20,Month-to-month,89.0,1820.45,3,0,0,Fiber optic,Mailed check,1,0,1,0,2,338.1,1
7780-OTDSO,18,Month-to-month,99.4,1742.95,0,0,1,Fiber optic,Electronic check,1,0,1,0,3,256.8,1
9619-GSATL,43,One year,55.45,2444.25,1,1,0,DSL,Electronic check,0,0,0,0,2,109.3,0
5622-UEJFI,35,Two year,25.4,949.8,2,0,0,No,Credit card (automatic),1,0,1,1,0,43.7,0
9747-DDZOS,1,Month-to-month,73.5,73.5,6,0,0,Fiber optic,Bank transfer (automatic),0,0,0,0,1,187.1,1
0674-DGMAQ,32,Month-to-month,93.5,2970.8,0,0,0,Fiber optic,Electronic check,1,1,1,0,3,137.7,0
6203-HBZPA,52,Two year,63.9,3334.95,0,1,1,DSL,Credit card (automatic),0,0,0,0,6,183.8,0
0484-FFVBJ,32,One year,64.85,2010.95,2,0,0,DSL,Bank transfer (automatic),1,0,0,0,2,201.3,0
0301-FIDRB,72,Two year,63.8,4684.3,0,1,1,DSL,Bank transfer (automatic),1,0,1,1,6,228.8,0
4139-JPIAM,51,Month-to-month,44.45,2181.55,0,1,1,DSL,Credit card (automatic),1,0,0,0,3,118.5,0
2181-TIDSV,68,Two year,19.95,1303.25,3,0,0,No,Bank transfer (automatic),1,0,1,1,0,30.4,0
2761-XECQW,8,Month-to-month,43.35,371.4,0,0,0,DSL,Mailed check,1,1,1,0,3,145.3,0
1936-CZAKF,49,Two year,49.65,2409.9,3,0,0,DSL,Credit card (automatic),0,0,1,0,3,185.4,0
9453-PATOS,72,Two year,85.1,6155.4,0,1,1,DSL,Mailed check,0,0,1,0,6,223.0,0
0564-JJHGS,9,Month-to-month,95.5,829.1,2,0,0,Fiber optic,Electronic check,1,0,0,0,2,241.2,1
3348-CFRNX,28,Month-to-month,92.35,2602.9,4,0,1,Fiber optic,Mailed check,1,0,1,0,3,235.7,1
4402-FTBXC,54,Month-to-month,89.8,4667.0,1,0,1,Fiber optic,Mailed check,0,0,0,0,3,205.4,0
1428-GTBJJ,11,Month-to-month,74.55,824.75,0,0,0,Fiber optic,Electronic check,1,0,0,0,1,99.1,1
2931-XIQBR,50,One year,103.05,5153.5,1,1,0,Fiber optic,Mailed check,0,0,1,1,4,269.5,0
0106-UGRDO,69,Two year,116.0,8182.85,1,1,1,Fiber optic,Electronic check,1,0,1,0,6,261.0,0
5542-TBBWB,1,Month-to-month,69.9,69.9,4,0,0,Fiber optic,Electronic check,1,0,0,0,0,134.3,0
1930-QPBVZ,68,Two year,95.1,6683.4,0,1,1,Fiber optic,Bank transfer (automatic),0,0,1,1,4,220.5,0
2606-PKWJB,40,One year,40.25,1564.05,0,1,1,DSL,Mailed check,0,0,0,1,3,60.7,0
5322-ZSMZY,31,Two year,25.75,755.6,2,0,0,No,Mailed check,0,0,1,1,0,55.5,0
8059-UDZFY,33,Month-to-month,105.35,3465.05,2,0,0,Fiber optic,Bank transfer (automatic),1,1,0,1,4,298.7,0
7740-BTPUX,55,Two year,113.6,6292.7,0,1,0,Fiber optic,Electronic check,1,1,1,0,5,244.5,0
5220-AGAAX,68,Two year,24.0,1664.3,3,0,0,No,Bank transfer (automatic),1,0,1,1,0,36.2,0
0208-BPQEJ,12,Month-to-month,19.4,198.1,2,0,0,No,Bank transfer (automatic),0,0,1,1,0,31.1,0
9435-JMLSX,71,Two year,86.1,6045.9,0,1,1,DSL,Bank transfer (automatic),1,0,1,0,6,245.8,0
3352-ALMCK,40,Month-to-month,102.65,4108.15,1,0,0,Fiber optic,Mailed check,1,0,0,0,4,313.3,0
5312-IRCFR,64,One year,92.85,5980.75,5,0,0,Fiber optic,Electronic check,1,0,1,1,3,178.0,0
5294-IMHHT,53,One year,97.75,5043.2,5,1,0,Fiber optic,Bank transfer (automatic),0,0,1,0,3,189.7,0
8802-UNOJF,12,Month-to-month,83.8,1029.75,0,1,0,Fiber optic,Mailed check,1,1,0,0,3,161.7,1
6313-GIDIT,53,Month-to-month,54.45,2854.55,1,0,0,DSL,Electronic check,1,1,0,0,4,175.6,1
6176-YJWAS,72,Two year,97.95,7114.25,1,0,1,Fiber optic,Credit card (automatic),1,0,1,0,4,213.3,0
5310-NOOVA,46,Two year,19.95,907.05,0,0,0,No,Electronic check,0,0,0,0,0,35.1,0
4526-EXKKN,40,Two year,24.6,973.95,3,0,0,No,Mailed check,1,0,0,0,0,41.9,0
5311-IHLEI,12,Month-to-month,50.95,605.75,0,1,1,DSL,Bank transfer (automatic),1,0,0,0,4,165.3,0
3987-KQDDU,9,Month-to-month,75.6,661.55,1,0,1,Fiber optic,Electronic check,0,0,0,0,1,155.1,0
3404-JNXAX,51,Month-to-month,80.75,4116.9,1,1,0,Fiber optic,Electronic check,1,0,1,1,1,137.3,0
5131-PONJI,49,Month-to-month,90.4,4494.65,3,0,0,Fiber optic,Credit card (automatic),1,0,1,1,3,239.5,0
2845-AFFTX,41,Month-to-month,99.8,4259.3,2,0,0,Fiber optic,Electronic check,1,1,1,0,3,331.3,1
3489-VSFRD,56,One year,60.25,3282.75,0,1,1,DSL,Credit card (automatic),1,0,0,0,3,115.5,0
3345-JHUEO,4,Month-to-month,20.2,55.7,4,0,0,No,Electronic check,1,0,0,0,0,37.8,0
5815-HGGHV,20,One year,64.15,1274.45,0,1,1,DSL,Mailed check,1,0,1,0,3,143.2,0
5260-UMPWX,26,Month-to-month,20.25,493.95,0,0,0,No,Credit card (automatic),1,0,1,1,0,36.9,0
2249-YPRNG,20,Month-to-month,105.85,2239.65,4,0,0,Fiber optic,Bank transfer (automatic),1,0,1,1,4,277.8,1
7410-YTJIK,7,Month-to-month,75.45,480.75,3,0,0,Fiber optic,Mailed check,0,0,0,0,0,161.5,1
4626-GYCZP,7,Month-to-month,93.85,635.6,3,0,0,Fiber optic,Electronic check,1,0,0,0,2,212.3,1
5649-RXQTV,51,Month-to-month,99.0,5038.15,4,0,0,Fiber optic,Electronic check,1,0,0,0,4,193.9,0
2674-MIAHT,4,Month-to-month,80.3,324.2,1,0,0,Fiber optic,Mailed check,1,0,0,0,1,132.8,0
2576-HXMPA,1,Month-to-month,19.55,19.55,2,0,0,No,Credit card (automatic),0,0,0,0,0,36.9,0
7587-AOVVU,27,Month-to-month,100.75,2793.55,2,1,1,Fiber optic,Electronic check,0,0,1,1,4,153.7,0
5590-BYNII,22,Month-to-month,100.75,2095.0,4,0,1,Fiber optic,Electronic check,1,0,0,0,3,251.8,1
6898-MDLZW,12,Month-to-month,53.75,648.65,1,1,0,DSL,Mailed check,1,0,0,0,2,84.5,0
3237-AJGEH,3,Month-to-month,31.0,95.05,3,1,0,DSL,Mailed check,1,0,1,1,1,46.1,1
4707-YNOQA,34,One year,25.6,917.15,2,0,0,No,Credit card (automatic),1,0,1,1,0,46.7,0
9357-UJRUN,24,One year,58.35,1346.9,0,1,1,DSL,Electronic check,1,0,1,0,2,122.6,0
1591-NFNLQ,51,Month-to-month,80.0,4242.35,4,0,0,Fiber optic,Credit card (automatic),0,0,0,0,1,113.8,1
8648-PFRMP,14,Month-to-month,46.35,672.7,1,0,0,DSL,Electronic check,1,1,0,0,2,167.9,0
7663-CUXZB,59,Two year,113.75,6561.25,0,1,1,Fiber optic,Electronic check,0,0,1,0,6,275.7,0
0258-NOKBL,3,Month-to-month,90.4,268.45,8,0,0,Fiber optic,Electronic check,0,0,0,0,3,221.0,0
1163-VIPRI,65,Two year,109.3,7337.55,1,1,1,Fiber optic,Electronic check,0,0,1,1,5,275.1,0
2815-CPTUL,5,Month-to-month,70.25,331.9,5,0,0,Fiber optic,Mailed check,1,1,0,0,0,113.7,1
9348-ROUAI,59,Two year,90.3,5194.05,0,1,1,DSL,Credit card (automatic),0,0,1,1,6,273.0,0
9443-JUBUO,72,Two year,65.25,4478.85,1,1,1,DSL,Credit card (automatic),1,0,1,1,6,208.7,0
0596-BQCEQ,62,Month-to-month,100.15,6283.3,4,0,0,Fiber optic,Electronic check,1,0,1,1,4,218.6,1
1481-ZUWZA,28,Month-to-month,94.5,2659.4,1,0,1,Fiber optic,Credit card (automatic),1,0,0,0,3,145.9,1
3043-TYBNO,3,Month-to-month,60.65,196.9,1,1,0,DSL,Mailed check,0,0,0,0,2,132.3,0
4830-FAXFM,19,Month-to-month,24.1,439.2,0,0,0,No,Credit card (automatic),1,0,0,1,0,44.4,0
5906-BFOZT,1,Month-to-month,19.5,19.5,3,0,0,No,Mailed check,1,0,0,0,0,38.9,0
2960-NKRSO,24,Month-to-month,85.95,2107.15,2,1,0,Fiber optic,Electronic check,1,0,0,0,3,140.3,0
8996-ZROXE,57,One year,53.5,3035.8,0,1,0,DSL,Electronic check,1,1,0,0,2,90.0,0
5598-IKHQQ,72,Two year,25.45,1866.45,1,0,0,No,Credit card (automatic),0,0,0,0,0,33.1,0
0397-ZXWQF,67,Two year,20.5,1430.95,0,0,0,No,Bank transfer (automatic),0,0,0,0,0,34.1,0
5266-PFRQK,52,One year,20.85,1071.6,1,0,0,No,Credit card (automatic),1,0,1,1,0,37.9,0
4674-HGNUA,71,Two year,89.9,6457.15,0,1,1,DSL,Credit card (automatic),0,0,1,1,6,218.7,0
6765-MBQNU,26,One year,26.0,684.05,2,0,0,No,Mailed check,0,0,1,0,0,45.7,0
9786-IJYDL,35,Two year,113.2,3914.05,1,1,1,Fiber optic,Mailed check,1,0,0,0,6,240.0,0
1303-SRDOK,55,Two year,69.05,3842.6,2,0,0,Fiber optic,Credit card (automatic),1,0,1,1,0,106.5,0
3769-MHZNV,33,Two year,20.1,670.35,3,0,0,No,Mailed check,0,0,1,1,0,37.4,0
6295-OSINB,72,Two year,109.65,7880.25,1,0,1,Fiber optic,Electronic check,1,0,1,0,5,210.8,0
3308-MHOOC,1,Month-to-month,19.2,19.2,2,0,0,No,Mailed check,1,0,0,1,0,34.3,0
2309-OSFEU,10,Month-to-month,33.9,298.45,2,0,0,DSL,Mailed check,1,0,0,0,1,118.0,1
2207-QPJED,37,Month-to-month,90.0,3371.75,2,1,0,Fiber optic,Electronic check,0,1,1,0,3,183.1,0
4177-JPDFU,12,Month-to-month,34.0,442.45,3,1,0,DSL,Mailed check,0,0,0,0,2,56.1,0
2239-CFOUJ,1,One year,20.4,20.4,3,0,0,No,Mailed check,0,0,1,1,0,31.8,0
8046-DNVTL,62,Two year,38.6,2345.55,0,1,1,DSL,Credit card (automatic),1,0,1,0,3,55.4,0
2209-XADXF,1,Month-to-month,25.25,25.25,5,0,0,DSL,Bank transfer (automatic),0,0,0,0,0,41.1,0
6620-JDYNW,18,Month-to-month,60.6,1156.35,0,0,1,DSL,Mailed check,1,0,0,0,2,87.3,0
1891-FZYSA,69,Month-to-month,89.95,6143.15,2,0,0,Fiber optic,Electronic check,1,1,1,0,2,193.1,1
4770-UEZOX,2,Month-to-month,74.75,144.8,5,0,0,Fiber optic,Electronic check,1,0,0,0,1,122.1,0
1038-RQOST,19,Month-to-month,20.6,414.95,1,0,0,No,Mailed check,0,0,1,1,0,30.4,0
7613-LLQFO,12,Month-to-month,84.45,1059.55,3,0,0,Fiber optic,Electronic check,1,0,0,0,1,190.8,1
4568-TTZRT,9,Month-to-month,20.4,181.8,0,0,0,No,Mailed check,0,0,0,0,0,41.8,0
9513-DXHDA,27,One year,81.7,2212.55,0,1,1,DSL,Electronic check,0,0,0,0,5,251.2,0
2640-PMGFL,27,Month-to-month,79.5,2180.55,0,1,0,Fiber optic,Electronic check,1,0,0,1,1,135.5,1
3801-HMYNL,1,Month-to-month,89.15,89.15,5,0,0,Fiber optic,Mailed check,0,0,1,1,2,236.7,1
0516-QREYC,24,Month-to-month,20.3,459.95,0,0,0,No,Mailed check,1,1,0,0,0,30.4,0
9685-WKZGT,14,Month-to-month,74.95,1036.75,4,0,0,Fiber optic,Electronic check,1,1,0,0,0,128.3,1
6022-UGGSO,32,Month-to-month,74.4,2276.95,2,0,0,Fiber optic,Electronic check,1,1,0,0,1,145.3,1
8084-OIVBS,11,One year,20.0,211.95,1,0,0,No,Mailed check,0,0,0,0,0,39.6,0
8896-BQTTI,1,Month-to-month,25.0,25.0,4,0,0,No,Mailed check,1,0,0,0,0,53.4,0
3865-QBWSJ,38,Month-to-month,80.45,3162.65,0,0,1,Fiber optic,Mailed check,1,1,0,1,1,110.4,0
3352-RICWQ,9,Two year,19.75,210.65,0,0,0,No,Mailed check,0,0,1,1,0,43.3,0
2160-GPFXD,54,Two year,65.65,3566.7,0,1,1,DSL,Credit card (automatic),1,0,1,1,3,123.3,0
2065-MMKGR,29,One year,71.0,2080.1,1,0,0,DSL,Credit card (automatic),1,0,0,0,2,252.9,0
5857-TYBCJ,44,Month-to-month,89.2,4040.2,2,0,0,Fiber optic,Electronic check,1,1,1,0,2,198.0,0
1498-NHTLT,59,Two year,86.75,5186.0,0,1,1,DSL,Electronic check,1,0,1,1,6,276.0,0
4484-CGXFK,3,Month-to-month,55.3,196.15,2,0,0,DSL,Electronic check,1,0,0,0,1,137.1,1
1402-PTHGN,18,One year,61.5,1087.45,0,1,1,DSL,Mailed check,1,0,1,1,3,91.7,0
4176-RELJR,67,Two year,25.1,1672.15,0,0,0,No,Credit card (automatic),0,1,0,0,0,46.7,0
6214-EDAKZ,22,Month-to-month,55.15,1206.05,1,1,0,DSL,Electronic check,0,0,1,1,2,90.4,1
5199-FPUSP,33,One year,34.05,1113.95,0,1,1,DSL,Credit card (automatic),0,0,0,1,2,60.1,0
6377-KSLXC,5,Month-to-month,19.95,107.05,2,0,0,No,Mailed check,0,0,0,0,0,38.2,0
1796-JANOW,2,Month-to-month,19.95,38.15,2,0,0,No,Mailed check,0,0,0,0,0,39.5,0
0238-WHBIQ,72,Two year,89.7,6339.3,0,1,1,DSL,Credit card (automatic),0,0,1,1,6,261.3,0
8735-NBLWT,9,Month-to-month,20.4,184.1,3,0,0,No,Mailed check,0,0,0,1,0,41.5,0
6651-RLGGM,67,Two year,26.3,1688.9,1,0,0,No,Mailed check,0,0,1,1,0,35.7,0
6127-ISGTU,16,Month-to-month,84.95,1378.25,4,0,0,Fiber optic,Electronic check,1,0,1,0,1,223.3,1
1614-JBEBI,8,Month-to-month,20.7,137.6,1,0,0,No,Mailed check,1,0,0,0,0,32.1,0
8740-XLHDR,5,Month-to-month,43.25,219.0,3,1,1,DSL,Mailed check,1,0,0,0,4,77.8,1
1208-DNHLN,23,One year,48.35,1067.15,2,0,0,DSL,Credit card (automatic),1,0,1,1,0,80.5,1
1761-AEZZR,1,Month-to-month,79.55,79.55,3,0,0,Fiber optic,Electronic check,1,0,0,0,1,149.1,1
3923-CSIHK,50,Month-to-month,71.05,3444.85,2,0,0,Fiber optic,Electronic check,1,1,1,0,0,142.8,1
5696-EXCYS,17,Two year,19.45,369.05,1,0,0,No,Credit card (automatic),0,0,0,0,0,29.2,0
5795-KTGUD,68,Two year,110.8,7553.6,3,0,1,Fiber optic,Bank transfer (automatic),1,0,1,0,5,252.3,0
7120-RFMVS,1,Month-to-month,84.5,84.5,3,0,0,Fiber optic,Electronic check,0,0,0,0,1,230.9,1
7924-GJZFI,25,Month-to-month,69.3,1813.1,3,0,0,Fiber optic,Electronic check,1,1,1,0,0,81.2,0
4702-HDRKD,67,One year,49.35,3321.35,1,1,1,DSL,Bank transfer (automatic),1,0,0,0,4,94.7,0
8512-WIWYV,32,One year,20.35,707.5,3,0,0,No,Credit card (automatic),0,0,0,0,0,41.3,0
5897-ZYEKH,67,One year,105.6,7112.15,0,0,1,Fiber optic,Electronic check,1,1,1,0,4,249.6,0
5456-ITGIC,72,Two year,64.45,4641.1,0,1,1,DSL,Credit card (automatic),1,1,1,0,6,216.0,0
7317-GGVPB,71,Two year,108.6,7690.9,1,1,0,Fiber optic,Credit card (automatic),1,0,1,0,5,271.0,1
1406-PUQVY,1,Month-to-month,49.9,49.9,1,0,0,DSL,Electronic check,1,0,0,1,1,82.1,0
1322-AGOQM,46,Month-to-month,30.3,1380.1,4,0,0,DSL,Bank transfer (automatic),0,0,0,0,1,59.4,1
3677-IYRBF,2,Month-to-month,30.4,78.65,4,0,0,DSL,Electronic check,1,1,0,0,1,48.2,1
5692-FPTAH,1,Month-to-month,45.4,45.4,1,0,0,DSL,Mailed check,1,0,0,0,0,73.8,1
9114-AAFQH,48,One year,65.65,3094.65,4,0,0,DSL,Electronic check,1,0,1,0,3,161.3,0
8715-KKTFG,61,One year,103.3,6518.35,1,1,0,Fiber optic,Bank transfer (automatic),1,0,1,0,4,218.7,0
1550-LOAHA,32,Month-to-month,84.15,2585.95,1,0,0,Fiber optic,Bank transfer (automatic),0,0,1,0,2,147.8,1
1728-BQDMA,2,Month-to-month,44.45,82.7,1,0,0,DSL,Electronic check,0,0,0,0,0,59.2,0
0268-QKIWO,3,Month-to-month,19.75,58.85,2,0,0,No,Electronic check,0,0,0,0,0,40.0,1
0876-WDUUZ,5,Month-to-month,85.4,425.9,1,1,0,Fiber optic,Credit card (automatic),1,0,0,0,2,246.4,1
5117-ZSMHQ,71,Two year,89.9,6342.7,0,1,1,DSL,Bank transfer (automatic),0,0,1,1,6,280.9,0
5151-HQRDG,37,Month-to-month,55.05,2030.75,0,0,1,DSL,Mailed check,1,0,1,0,1,88.3,0
0960-HUWBM,65,Two year,104.1,6700.05,0,1,0,Fiber optic,Bank transfer (automatic),1,0,1,1,4,243.0,0
6465-GSRCL,67,One year,106.6,7244.7,4,1,0,Fiber optic,Bank transfer (automatic),1,0,0,1,4,227.9,0
0617-FHSGK,49,Month-to-month,75.2,3678.3,2,0,0,Fiber optic,Credit card (automatic),0,0,0,1,0,133.4,1
0263-FJTQO,50,Two year,70.5,3486.65,0,1,1,DSL,Credit card (automatic),1,0,1,1,3,190.3,0
7319-ZNRTR,25,One year,19.6,411.15,2,0,0,No,Electronic check,0,0,1,1,0,34.4,0
2858-MOFSQ,17,One year,55.85,937.5,1,0,0,DSL,Mailed check,1,0,0,1,1,98.8,1
7503-EPSZW,64,Two year,24.05,1559.15,2,0,0,No,Mailed check,1,0,1,1,0,21.9,0
7089-XXAYG,25,One year,38.1,970.4,2,0,0,DSL,Credit card (automatic),1,0,1,0,2,112.0,0
8118-LSUEL,23,Month-to-month,106.4,2483.5,2,0,0,Fiber optic,Electronic check,1,1,0,0,4,219.2,1
8070-AAWZP,24,Month-to-month,34.25,828.2,4,1,0,DSL,Mailed check,0,1,1,0,2,58.5,0
1666-JXLKU,37,Month-to-month,100.05,3810.55,2,0,0,Fiber optic,Electronic check,1,0,0,0,3,270.6,0
7855-DIWPO,21,Month-to-month,68.65,1493.2,3,0,0,Fiber optic,Electronic check,1,0,0,0,0,124.1,0
5133-POWUA,1,Month-to-month,45.8,45.8,3,0,0,DSL,Mailed check,1,0,0,0,0,90.5,0
5652-MSDEY,10,Month-to-month,75.75,777.3,4,0,0,Fiber optic,Mailed check,1,0,0,0,0,165.8,0
7005-CCBKV,6,Month-to-month,84.4,556.35,5,0,0,Fiber optic,Electronic check,1,0,0,0,2,124.3,1
1810-BOHSY,51,One year,96.4,4911.05,1,0,1,Fiber optic,Credit card (automatic),1,0,1,0,3,161.3,0
1784-BXEFA,10,Month-to-month,20.55,187.35,2,0,0,No,Mailed check,1,0,0,0,0,45.6,0
7351-MHQVU,6,Month-to-month,50.95,307.6,0,1,1,DSL,Credit card (automatic),0,0,0,0,4,139.6,0
9224-VTYID,47,Two year,90.5,4318.35,0,1,1,DSL,Mailed check,1,0,1,1,6,214.0,0
9500-IWPXQ,61,One year,79.4,4820.55,0,1,1,DSL,Electronic check,1,0,1,1,5,173.5,0
5762-TJXGK,52,Two year,58.75,3038.55,0,0,1,DSL,Bank transfer (automatic),1,0,0,0,5,183.9,0
4504-YOULA,35,Month-to-month,59.45,2136.9,0,0,1,DSL,Credit card (automatic),1,0,1,1,2,122.6,0
5569-IDSEY,71,One year,105.7,7472.15,0,0,0,Fiber optic,Bank transfer (automatic),1,0,1,0,4,254.2,0
4250-FDVOU,6,Month-to-month,56.25,389.1,1,0,1,DSL,Electronic check,0,0,0,0,2,100.1,1
7284-ZZLOH,45,Two year,53.3,2296.25,1,0,1,DSL,Credit card (automatic),0,0,1,0,2,75.7,0
5277-ZLOOR,2,Month-to-month,85.55,187.45,9,0,0,Fiber optic,Electronic check,1,1,0,0,1,234.5,1
2141-RRYGO,4,Month-to-month,68.65,261.25,3,0,0,DSL,Bank transfer (automatic),1,0,0,0,3,215.2,1
1777-JYQPJ,2,Month-to-month,24.3,38.45,0,0,0,DSL,Mailed check,0,0,0,0,0,40.2,0
6376-GAHQE,4,Month-to-month,77.85,299.2,9,0,0,Fiber optic,Electronic check,0,0,0,0,1,142.2,1
3401-URHDA,51,One year,59.9,3043.6,0,1,1,DSL,Credit card (automatic),0,0,0,0,2,106.4,0
1599-EAHXY,60,One year,23.95,1506.4,3,0,0,No,Credit card (automatic),0,0,1,1,0,48.4,0
8631-XVRZL,9,One year,20.15,163.7,4,0,0,No,Mailed check,1,0,0,0,0,48.4,0
5052-PNLOS,3,Month-to-month,105.35,323.25,4,0,0,Fiber optic,Bank transfer (automatic),1,0,0,0,4,344.4,1
3853-LYGAM,17,Month-to-month,95.65,1640.0,1,1,0,Fiber optic,Bank transfer (automatic),1,0,0,0,3,198.3,0
6979-ZNSFF,8,Month-to-month,87.05,762.1,1,0,0,Fiber optic,Electronic check,1,0,0,0,1,182.6,1
5751-USDBL,46,Two year,81.0,3846.35,0,1,1,DSL,Mailed check,0,0,1,1,5,190.9,0
5680-LQOGP,68,Two year,82.45,5646.6,0,1,1,DSL,Credit card (automatic),1,0,0,0,6,242.3,0
2386-LAHRK,1,Month-to-month,53.5,53.5,2,0,0,DSL,Mailed check,1,0,0,0,1,119.7,1
8189-DUKMV,4,One year,20.5,79.05,1,0,0,No,Bank transfer (automatic),0,0,1,0,0,39.8,0
6032-IGALN,1,Month-to-month,25.1,25.1,0,0,0,DSL,Mailed check,1,0,0,0,0,47.0,1
9931-DCEZH,28,One year,54.4,1516.6,0,1,0,DSL,Credit card (automatic),1,0,0,1,2,103.3,0
1898-JSNDC,39,One year,58.6,2224.5,3,0,0,DSL,Credit card (automatic),1,0,0,0,2,123.2,0
0315-LVCRK,11,Month-to-month,84.8,888.75,5,0,0,Fiber optic,Electronic check,0,0,0,0,2,224.5,0
3911-RSNHI,71,Two year,61.4,4310.35,1,1,0,DSL,Credit card (automatic),1,0,1,0,5,183.5,0
2410-CIYFZ,2,Month-to-month,20.4,42.9,5,0,0,No,Mailed check,0,0,0,1,0,29.8,0
4248-HCETZ,30,Month-to-month,79.65,2365.15,3,0,0,Fiber optic,Mailed check,1,1,1,0,2,141.6,1
5505-OVWQW,17,One year,20.15,353.65,2,0,0,No,Mailed check,0,0,0,0,0,37.0,0
7271-AJDTL,55,Month-to-month,94.45,5073.1,3,0,0,Fiber optic,Credit card (automatic),1,0,1,0,3,210.5,0
1867-TJHTS,58,Month-to-month,79.8,4526.85,1,0,1,Fiber optic,Bank transfer (automatic),1,0,0,0,1,163.1,0
0516-WJVXC,5,Month-to-month,54.2,308.25,1,1,1,DSL,Electronic check,0,0,0,0,2,114.6,1
9174-FKWZE,1,Month-to-month,19.45,19.45,2,0,0,No,Electronic check,1,1,0,0,0,46.8,1
6860-YRJZP,9,Month-to-month,74.05,678.45,2,0,0,Fiber optic,Electronic check,1,1,0,0,0,130.6,0
4429-WYGFR,26,Month-to-month,49.15,1237.3,3,1,0,DSL,Bank transfer (automatic),0,0,0,0,1,104.1,0
2817-LVCPP,50,Two year,19.4,1023.95,2,0,0,No,Credit card (automatic),0,0,0,0,0,21.1,0
5038-ETMLM,72,Two year,113.65,8182.75,0,1,1,Fiber optic,Bank transfer (automatic),1,0,1,0,6,363.3,0
5056-FIMPT,43,One year,106.0,4532.3,0,1,1,Fiber optic,Credit card (automatic),1,0,0,1,5,268.4,0
4521-WFJAI,56,Two year,25.95,1444.05,0,0,0,No,Bank transfer (automatic),1,0,0,0,0,55.4,0
6569-KTMDU,1,Month-to-month,19.1,19.1,3,0,0,No,Mailed check,0,0,0,0,0,33.0,0
8809-RIHDD,72,Two year,103.4,7372.65,2,0,0,Fiber optic,Electronic check,1,0,1,1,4,286.4,1
8809-XKHMD,72,Two year,100.55,7325.1,0,1,1,Fiber optic,Bank transfer (automatic),1,0,1,0,4,240.7,0
0396-YCHWO,36,Month-to-month,95.4,3474.2,3,0,0,Fiber optic,Electronic check,1,0,1,0,2,227.4,0
0867-LDTTC,5,Month-to-month,75.15,392.65,1,1,0,DSL,Bank transfer (automatic),0,0,0,0,4,195.7,0
4822-NGOCH,13,Month-to-month,84.45,1058.6,2,0,0,Fiber optic,Electronic check,1,0,0,0,2,85.2,1
9391-DXGGG,44,One year,89.15,3990.75,2,0,0,Fiber optic,Credit card (automatic),0,1,0,0,3,216.3,0
9844-FELAJ,70,One year,107.9,7475.85,2,1,0,Fiber optic,Electronic check,1,1,1,1,5,266.5,0
2122-SZZZD,44,One year,19.5,835.5,1,0,0,No,Credit card (automatic),0,0,0,0,0,33.7,0
5307-DZCVC,32,Month-to-month,85.95,2628.6,3,0,0,Fiber optic,Credit card (automatic),1,1,1,0,1,229.6,1
3148-AOIQT,69,Two year,24.95,1718.35,1,0,0,No,Credit card (automatic),1,0,1,0,0,47.1,0
8679-JOEVF,16,Month-to-month,59.4,1023.9,3,1,0,DSL,Electronic check,0,1,0,0,2,151.4,1
8395-ETZKQ,68,One year,19.5,1193.55,3,0,0,No,Bank transfer (automatic),0,1,1,1,0,25.0,0
6692-YQHXC,16,Month-to-month,69.95,1205.5,4,0,0,Fiber optic,Credit card (automatic),1,0,0,0,0,128.3,0
3889-VWBID,68,Two year,82.85,5776.45,0,1,1,DSL,Bank transfer (automatic),0,0,1,1,5,218.0,0
5222-JCXZT,4,Month-to-month,19.0,78.9,1,0,0,No,Mailed check,0,0,0,0,0,39.1,0
9754-CLVZW,26,Month-to-month,38.85,1025.15,0,1,1,DSL,Credit card (automatic),0,0,1,1,3,64.4,0
1432-FPAXX,29,Month-to-month,30.6,856.35,0,0,0,DSL,Electronic check,1,0,0,0,1,44.7,1
2739-CCZMB,5,Month-to-month,20.35,122.0,2,0,0,No,Credit card (automatic),0,0,0,1,0,35.2,0
7080-TNUWP,70,One year,95.0,6602.9,7,0,0,Fiber optic,Bank transfer (automatic),1,0,1,0,3,268.7,0
0496-AHOOK,24,One year,74.4,1712.9,0,1,1,DSL,Bank transfer (automatic),0,0,1,0,4,185.0,0
8336-TAVKX,72,Two year,78.45,5682.25,0,1,1,DSL,Bank transfer (automatic),0,1,1,0,5,215.5,0
2468-SJFLM,1,Month-to-month,74.3,74.3,3,1,0,Fiber optic,Mailed check,1,0,0,0,1,129.8,0
3181-VTHOE,70,One year,51.05,3635.15,0,1,0,DSL,Bank transfer (automatic),1,0,1,0,4,91.1,0
7168-HDQHG,36,Month-to-month,19.2,702.9,6,0,0,No,Bank transfer (automatic),0,0,1,1,0,37.6,0
4803-AXVYP,38,Month-to-month,99.55,3734.25,3,1,0,Fiber optic,Electronic check,1,1,0,0,3,350.0,1
3884-HCSWG,17,Month-to-month,70.0,1144.5,5,0,0,Fiber optic,Electronic check,1,0,0,0,0,134.1,1
4567-AKPIA,41,One year,109.1,4454.25,0,1,0,Fiber optic,Bank transfer (automatic),1,0,1,1,5,230.8,0
5077-DXTCG,1,Month-to-month,45.3,45.3,8,0,0,DSL,Electronic check,1,0,0,0,0,78.5,1
1142-WACZW,2,Month-to-month,29.85,75.6,2,1,0,DSL,Bank transfer (automatic),0,0,0,0,1,46.4,1
7901-HXJVA,14,Month-to-month,76.45,1117.55,3,0,0,Fiber optic,Electronic check,0,0,0,0,1,196.5,0
5649-ANRML,2,Month-to-month,95.1,180.25,1,1,0,Fiber optic,Credit card (automatic),1,1,0,0,4,228.0,1
4892-VLANZ,1,Month-to-month,19.8,19.8,3,0,0,No,Mailed check,0,0,0,0,0,22.8,1
5924-IFQTT,13,Month-to-month,72.8,930.05,0,1,0,DSL,Electronic check,1,0,1,1,4,191.6,0
7968-QUXNS,6,Month-to-month,18.95,110.15,1,0,0,No,Mailed check,0,0,0,0,0,36.3,0
2919-HBCJO,4,Month-to-month,76.65,333.6,7,0,0,Fiber optic,Bank transfer (automatic),1,0,0,0,1,116.1,1
4236-XPXAV,5,Month-to-month,99.15,465.05,4,1,0,Fiber optic,Mailed check,1,0,1,1,4,233.6,1
8903-WMRNW,15,Month-to-month,101.75,1669.4,1,0,1,Fiber optic,Electronic check,0,0,1,0,4,259.2,0
2452-SNHFZ,47,Month-to-month,75.45,3545.1,2,0,1,Fiber optic,Credit card (automatic),0,0,0,0,1,170.6,0
3629-WEAAM,8,Month-to-month,64.1,504.05,3,1,0,DSL,Mailed check,0,0,0,0,3,142.4,0
6029-CSMJE,17,Month-to-month,25.65,440.2,2,0,0,DSL,Mailed check,1,0,0,0,0,40.7,0
7993-NQLJE,15,Month-to-month,75.1,1151.55,0,0,1,Fiber optic,Mailed check,0,0,1,1,1,154.2,0
9909-DFRJA,26,One year,95.85,2475.35,1,1,1,Fiber optic,Bank transfer (automatic),1,0,0,0,4,191.3,0
9099-FTUHS,23,Month-to-month,54.4,1249.25,1,0,1,DSL,Electronic check,0,0,0,0,1,82.1,0
0581-BXBUB,4,Month-to-month,72.75,317.75,4,0,0,Fiber optic,Electronic check,0,1,0,0,1,127.7,0
4962-CHQPW,29,One year,19.85,535.05,5,0,0,No,Mailed check,0,0,0,1,0,40.0,0
9467-ROOLM,25,Month-to-month,19.05,461.3,2,0,0,No,Mailed check,0,0,0,0,0,34.9,0
3030-YZADT,9,Month-to-month,44.95,431.0,1,0,0,DSL,Mailed check,0,0,0,0,0,76.0,1
7410-KTVFV,18,Month-to-month,49.55,878.35,1,0,0,DSL,Mailed check,1,0,1,0,1,108.2,1
5150-ITWWB,3,Month-to-month,94.85,335.75,8,0,0,Fiber optic,Electronic check,1,1,0,0,2,302.3,0
2253-KPMNB,69,Two year,46.25,3121.4,0,1,1,DSL,Bank transfer (automatic),0,0,1,1,4,62.8,0
1345-ZUKID,14,One year,19.35,324.8,0,0,0,No,Mailed check,0,0,0,0,0,28.6,0
6429-SHBCB,19,Month-to-month,69.6,1394.55,1,0,0,DSL,Mailed check,0,0,0,0,2,175.9,0
9281-OFDMF,39,Month-to-month,90.7,3413.25,3,0,0,Fiber optic,Electronic check,0,1,0,0,2,195.8,0
2603-HVKCG,31,Month-to-month,101.4,3143.65,5,0,0,Fiber optic,Electronic check,1,0,0,0,4,268.1,0
1834-WULEG,24,One year,20.25,439.75,1,0,0,No,Mailed check,0,0,1,1,0,35.9,0
9097-ZUBYC,14,Month-to-month,48.8,664.4,2,1,0,DSL,Bank transfer (automatic),0,0,1,0,1,88.4,0
5148-ORICT,64,Two year,74.35,4759.55,0,1,1,DSL,Mailed check,1,0,1,0,5,184.9,0
4893-GYUJU,50,One year,19.35,1033.0,2,0,0,No,Mailed check,1,0,0,0,0,27.9,0
4578-PHJYZ,52,One year,68.75,3482.85,0,1,0,DSL,Electronic check,1,0,1,1,4,109.2,0
7272-QDCKA,28,One year,100.2,2688.45,3,0,0,Fiber optic,Electronic check,0,0,0,0,3,270.9,0
8908-SLFCJ,21,Two year,20.85,435.25,1,0,0,No,Credit card (automatic),1,0,0,0,0,44.4,0
8393-DLHGA,25,Month-to-month,95.9,2448.75,5,0,0,Fiber optic,Electronic check,1,0,0,1,3,259.0,1
9766-HGEDE,17,One year,19.35,307.0,3,0,0,No,Mailed check,0,0,1,0,0,32.5,0
6968-MHOMU,58,One year,45.0,2689.35,2,0,0,DSL,Credit card (automatic),1,0,1,0,2,174.0,0
7395-IGJOS,17,Month-to-month,81.5,1329.2,1,0,0,Fiber optic,Bank transfer (automatic),0,1,1,0,1,176.9,1
5044-XDPYX,51,Two year,25.5,1281.25,4,0,0,No,Mailed check,0,0,1,0,0,36.7,0
1814-WFGVS,72,Two year,48.9,3527.0,0,1,1,DSL,Mailed check,0,0,1,1,4,120.2,0
2834-SPCJV,52,Month-to-month,84.1,4348.65,2,0,1,Fiber optic,Electronic check,0,0,1,0,2,212.7,1
3721-WKIIL,27,Two year,19.6,561.15,3,0,0,No,Mailed check,1,0,0,0,0,36.9,0
6734-CKRSM,3,Month-to-month,20.0,63.6,3,0,0,No,Mailed check,0,0,0,0,0,39.6,0
1265-ZFOSD,64,Two year,81.3,5129.3,0,1,1,DSL,Mailed check,1,0,1,0,5,171.8,0
6568-POCUI,45,Two year,95.2,4285.8,0,1,0,Fiber optic,Credit card (automatic),1,0,1,0,3,271.6,0
7890-VYYWG,3,Month-to-month,36.45,93.7,5,0,0,DSL,Mailed check,1,1,1,0,1,128.0,1
5197-LQXXH,71,Two year,83.3,5894.5,0,1,0,DSL,Credit card (automatic),1,0,1,0,5,217.9,0
9907-SWKKF,1,Month-to-month,25.05,25.05,3,0,0,DSL,Mailed check,0,1,0,0,0,41.6,1
3457-PQBYH,58,Two year,20.3,1160.75,3,0,0,No,Credit card (automatic),0,0,1,1,0,43.2,0
7682-AZNDK,34,Month-to-month,89.85,3091.75,6,0,0,Fiber optic,Electronic check,1,0,1,1,3,204.3,0
0587-DMGBH,8,Month-to-month,49.85,365.55,1,0,1,DSL,Electronic check,1,0,0,0,1,73.7,1
5384-ZTTWP,15,Month-to-month,19.8,272.95,2,0,0,No,Mailed check,0,0,1,1,0,33.3,0
3745-HRPHI,66,Two year,54.65,3632.0,0,1,0,DSL,Bank transfer (automatic),0,0,1,1,4,213.2,0
7636-OWBPG,12,Month-to-month,29.35,381.2,2,0,0,DSL,Credit card (automatic),1,1,0,0,1,55.6,0
1231-YNDEK,58,Two year,19.15,1035.5,4,0,0,No,Bank transfer (automatic),1,0,0,0,0,44.1,0
1407-DIGZV,3,Two year,19.1,52.0,1,0,0,No,Mailed check,0,0,1,1,0,37.6,0
6397-JNZZG,43,Month-to-month,55.55,2342.2,5,0,0,DSL,Credit card (automatic),0,1,1,0,4,186.7,1
0570-BFQHT,9,Month-to-month,80.55,653.9,3,0,0,Fiber optic,Electronic check,0,0,0,0,2,167.7,0
4393-OBCRR,3,One year,20.25,71.2,3,0,0,No,Mailed check,0,0,0,0,0,33.0,0
3523-QRQLL,22,One year,69.5,1498.2,3,0,0,DSL,Bank transfer (automatic),1,0,1,1,3,237.7,1
8564-LDKFL,40,One year,106.0,4178.65,3,0,0,Fiber optic,Bank transfer (automatic),1,0,1,0,4,266.9,0
3696-DFHHB,68,Two year,25.5,1821.8,1,0,0,No,Bank transfer (automatic),0,0,0,0,0,44.1,0
0895-DQHEW,54,Month-to-month,104.3,5278.15,3,0,0,Fiber optic,Electronic check,1,0,1,0,4,283.4,1
4717-GHADL,50,Two year,79.6,4024.2,2,1,0,DSL,Mailed check,1,0,0,0,4,207.4,0
5501-TVMGM,1,Month-to-month,55.25,55.25,3,0,0,DSL,Electronic check,1,0,0,0,1,115.7,0
5879-HMFFH,72,Two year,88.05,6520.8,0,1,1,DSL,Bank transfer (automatic),0,0,1,0,6,206.1,0
6772-WFQRD,40,One year,20.4,854.9,1,0,0,No,Bank transfer (automatic),1,0,0,1,0,39.5,0
3810-DVDQQ,72,Two year,117.6,8308.9,2,1,1,Fiber optic,Bank transfer (automatic),1,0,1,1,6,304.5,0
6972-SNKKW,6,Month-to-month,20.0,109.2,1,0,0,No,Mailed check,0,0,0,0,0,36.4,0
3694-GLTJM,5,Month-to-month,19.65,92.05,2,0,0,No,Credit card (automatic),1,0,0,0,0,39.2,0
8550-XSXUQ,48,One year,70.55,3420.5,0,0,0,DSL,Credit card (automatic),1,0,1,0,3,144.6,0
8149-RSOUN,1,Month-to-month,93.85,93.85,3,0,0,Fiber optic,Electronic check,1,0,0,0,2,233.5,1
9055-MOJJJ,64,One year,65.8,4068.0,0,1,1,DSL,Mailed check,0,0,1,1,3,197.1,0
4359-INNWN,17,One year,20.05,337.9,4,0,0,No,Credit card (automatic),0,0,0,0,0,30.9,0
0585-EGDDA,40,Month-to-month,80.0,3168.75,2,0,0,Fiber optic,Electronic check,1,0,1,0,2,171.6,0
4032-RMHCI,41,One year,35.4,1412.4,1,0,1,DSL,Credit card (automatic),0,0,1,1,2,61.1,0
0549-CYCQN,51,One year,79.6,3974.7,3,0,0,Fiber optic,Bank transfer (automatic),1,1,0,0,1,154.5,0
3481-JHUZH,41,Month-to-month,80.25,3439.0,3,0,0,Fiber optic,Electronic check,1,0,1,0,1,149.6,0
7250-EQKIY,1,Month-to-month,50.45,50.45,2,0,0,DSL,Mailed check,0,0,1,1,1,87.3,1
3594-IVHJZ,2,Month-to-month,20.45,42.45,0,0,0,No,Mailed check,1,0,0,0,0,37.4,0
6869-FGJJC,68,One year,79.6,5461.45,3,0,0,Fiber optic,Credit card (automatic),0,0,0,0,2,163.8,0
3896-ZVNET,24,Two year,24.7,571.75,3,0,0,No,Mailed check,0,0,1,1,0,39.8,0
8205-VSLRB,70,Two year,77.3,5498.2,1,1,1,DSL,Credit card (automatic),0,0,1,0,4,153.7,0
5960-MVTUK,3,Month-to-month,29.75,96.85,2,1,0,DSL,Electronic check,1,0,0,0,1,60.5,0
6817-WTYHE,2,Month-to-month,44.9,111.05,7,0,0,DSL,Bank transfer (automatic),0,0,0,0,0,76.0,0
3082-VQXNH,3,Month-to-month,29.8,94.4,2,0,0,DSL,Credit card (automatic),0,0,1,0,1,52.3,0
4013-UBXWQ,7,Month-to-month,74.65,521.1,0,1,0,DSL,Electronic check,1,0,0,0,3,208.4,1
4931-TRZWN,13,Month-to-month,71.95,923.85,0,0,1,DSL,Electronic check,1,0,0,0,3,196.2,0
0750-EKNGL,7,Month-to-month,20.75,141.1,1,0,0,No,Mailed check,0,0,0,0,0,27.3,0
7669-LCRSD,12,Month-to-month,56.3,628.65,2,0,0,DSL,Mailed check,1,0,1,1,1,139.3,0
3567-PQTSO,53,One year,105.25,5576.3,4,0,0,Fiber optic,Electronic check,1,0,1,1,4,250.9,0
5519-NPHVG,12,Month-to-month,94.2,1046.1,3,0,0,Fiber optic,Electronic check,1,0,0,0,2,199.2,1
8043-PNYSD,63,Two year,19.55,1245.6,3,0,0,No,Mailed check,0,0,1,1,0,32.2,0
9938-EKRGF,15,Month-to-month,84.45,1287.85,0,1,1,DSL,Mailed check,0,0,0,0,6,240.3,0
2703-AMTUL,36,One year,53.65,1939.35,0,0,1,DSL,Mailed check,0,0,1,1,2,121.6,0
0928-JMXNP,4,Month-to-month,29.9,118.25,4,0,0,DSL,Electronic check,1,1,1,0,1,49.5,0
8173-RXAYP,24,Two year,19.7,452.55,1,0,0,No,Mailed check,0,0,1,1,0,42.6,0
4825-XJGDM,61,One year,43.7,2696.55,0,1,1,DSL,Credit card (automatic),0,0,0,0,4,73.3,0
5402-HTOTQ,16,Month-to-month,55.3,875.35,4,0,0,DSL,Electronic check,0,0,0,0,1,106.5,0
6734-JDTTV,65,Two year,19.85,1267.05,0,0,0,No,Credit card (automatic),1,0,1,1,0,34.4,0
7850-THJMU,26,Two year,19.65,494.9,0,0,0,No,Credit card (automatic),0,0,1,1,0,39.3,0
3890-RTCMS,16,Month-to-month,49.45,799.0,0,1,0,DSL,Mailed check,1,0,0,0,1,90.9,0
8849-GYOKR,54,One year,106.55,5763.3,0,0,1,Fiber optic,Bank transfer (automatic),0,0,1,0,4,256.1,1
3148-BLQJT,1,Month-to-month,20.1,20.1,6,0,0,No,Mailed check,0,0,0,0,0,27.9,1
3717-FDJFU,5,Two year,20.45,106.9,4,0,0,No,Mailed check,0,0,0,1,0,42.3,0
3665-JATSN,19,Month-to-month,39.7,710.05,4,0,0,DSL,Electronic check,1,0,0,0,2,86.5,0
7966-YOTQW,10,Month-to-month,54.5,568.2,1,0,1,DSL,Credit card (automatic),1,0,0,0,1,89.3,0
0461-CVKMU,23,Month-to-month,83.8,1900.25,2,1,0,Fiber optic,Electronic check,0,0,1,1,3,190.8,1
8806-EAGWC,3,Month-to-month,55.15,159.15,5,0,0,DSL,Mailed check,0,0,0,0,1,144.4,1
8853-TZDGH,72,Two year,111.6,8012.75,2,1,0,Fiber optic,Bank transfer (automatic),1,0,0,0,5,284.6,0
7779-LGOVN,10,Month-to-month,86.65,856.65,2,0,0,Fiber optic,Electronic check,1,1,1,0,1,199.8,1
4324-BZCKL,10,Month-to-month,55.55,551.3,3,0,0,DSL,Mailed check,1,0,1,1,2,103.7,0
6924-TDGMT,11,One year,20.55,184.95,1,0,0,No,Mailed check,1,0,1,0,0,35.1,0
9710-ZUSHQ,37,Month-to-month,106.75,4056.75,3,0,1,Fiber optic,Bank transfer (automatic),1,1,0,0,4,286.3,1
1536-YHDOE,17,One year,62.1,1096.65,0,1,1,DSL,Mailed check,1,0,1,1,2,109.2,0
8123-QBNAZ,36,Month-to-month,104.5,3684.95,2,0,1,Fiber optic,Credit card (automatic),1,0,1,1,4,255.1,0
3629-ZNKXA,17,Month-to-month,101.8,1752.45,1,0,0,Fiber optic,Electronic check,1,1,0,0,4,282.0,0
4827-LTQRJ,66,One year,110.6,7210.85,0,1,1,Fiber optic,Credit card (automatic),1,1,1,1,5,305.8,0
7711-YIJWC,61,One year,84.9,5264.5,1,1,1,DSL,Bank transfer (automatic),0,0,1,1,6,245.3,0
5482-VXSXJ,22,Month-to-month,93.2,2157.3,3,0,0,Fiber optic,Mailed check,1,0,0,0,3,283.2,0
7365-BVCJH,1,Month-to-month,24.4,24.4,2,0,0,DSL,Electronic check,1,0,0,0,0,56.2,0
9620-ENEJV,6,Month-to-month,70.55,433.95,1,0,0,Fiber optic,Credit card (automatic),0,0,0,0,0,159.7,0
4183-WCSEP,31,Month-to-month,78.45,2435.15,2,1,0,Fiber optic,Electronic check,1,0,0,0,2,143.6,1
2378-YIZKA,68,Two year,85.0,5607.75,1,1,1,DSL,Credit card (automatic),1,0,1,1,6,195.4,0
5498-TXHLF,34,Month-to-month,87.45,2874.15,2,0,0,Fiber optic,Electronic check,0,0,1,1,2,231.5,1
0689-DSXGL,52,Month-to-month,85.8,4433.3,0,1,0,Fiber optic,Bank transfer (automatic),0,0,1,1,3,157.4,0
6818-DJXAA,10,Month-to-month,91.1,964.35,2,1,0,Fiber optic,Electronic check,1,0,0,1,3,227.9,0
9722-UJOJR,29,Month-to-month,70.75,1974.8,5,0,0,Fiber optic,Electronic check,1,0,1,1,0,120.9,1
0464-WJTKO,72,Two year,20.1,1460.85,2,0,0,No,Bank transfer (automatic),0,0,1,1,0,40.9,0
8902-ZEOVF,47,One year,20.05,951.55,2,0,0,No,Mailed check,0,0,1,1,0,30.2,0
6778-EICRF,24,One year,74.8,1821.2,2,0,1,DSL,Mailed check,0,0,1,1,3,220.7,0
2662-NNTDK,65,One year,24.8,1600.95,1,0,0,No,Credit card (automatic),0,0,0,0,0,35.8,0
4132-KALRO,4,Month-to-month,100.85,399.25,3,1,0,Fiber optic,Mailed check,1,0,0,0,3,340.9,0
3902-FOIGH,12,Month-to-month,101.35,1218.55,2,0,0,Fiber optic,Electronic check,1,1,1,0,3,253.3,1
6772-KSATR,1,Month-to-month,81.7,81.7,2,0,1,Fiber optic,Electronic check,1,0,0,0,1,101.8,1
7112-OPOTK,33,Month-to-month,68.25,2171.15,3,0,0,Fiber optic,Electronic check,0,0,0,0,0,146.6,1
2874-YXVVA,34,Month-to-month,105.1,3634.8,3,1,0,Fiber optic,Electronic check,1,0,0,0,5,309.2,0
1245-HARPS,14,Two year,20.4,292.4,0,0,0,No,Mailed check,0,0,1,0,0,44.4,0
4210-QFJMF,4,Month-to-month,79.15,317.25,2,0,0,Fiber optic,Electronic check,1,0,0,0,1,152.7,1
4323-ELYYB,13,One year,20.0,218.55,0,0,0,No,Mailed check,0,0,1,1,0,38.2,0
4293-ETKAP,65,Two year,79.4,5071.9,1,1,0,DSL,Bank transfer (automatic),1,0,1,1,4,267.6,0
6064-PUPMC,23,One year,57.2,1423.35,1,1,1,DSL,Credit card (automatic),0,0,1,1,2,100.7,0
6504-VBLFL,55,Two year,58.6,3068.6,3,0,1,DSL,Electronic check,0,0,1,0,3,112.1,0
6322-PJJDJ,49,Two year,94.8,4690.65,2,0,0,Fiber optic,Electronic check,1,0,1,0,3,244.0,0
0330-BGYZE,60,One year,102.5,6157.6,1,0,0,Fiber optic,Bank transfer (automatic),0,0,1,0,4,253.9,0
1085-LDWAM,69,One year,20.35,1442.65,1,0,0,No,Credit card (automatic),1,0,1,1,0,44.3,0
7586-ZATGZ,40,Month-to-month,84.9,3369.05,3,0,0,Fiber optic,Electronic check,1,0,0,0,1,171.8,0
7197-VOJMM,67,Two year,69.2,4671.65,0,1,1,DSL,Credit card (automatic),1,0,1,0,4,166.4,0
3318-OSATS,35,Month-to-month,95.45,3474.05,1,0,0,Fiber optic,Electronic check,1,1,0,0,2,274.8,1
5828-AVIPD,19,One year,100.95,1875.55,1,1,0,Fiber optic,Electronic check,1,0,1,1,3,264.9,1
1843-TLSGD,13,Two year,20.85,272.35,3,0,0,No,Mailed check,0,0,1,1,0,42.4,0
9626-VFRGG,41,Month-to-month,88.5,3645.05,5,0,0,Fiber optic,Bank transfer (automatic),1,0,0,1,2,142.0,0
7075-BNDVQ,4,Month-to-month,35.0,135.75,1,0,1,DSL,Mailed check,0,0,0,0,2,74.0,0
9143-CANJF,24,Month-to-month,55.15,1319.85,0,1,1,DSL,Electronic check,0,0,1,1,2,82.5,0
7284-BUYEC,5,Month-to-month,50.95,229.4,2,0,0,DSL,Credit card (automatic),1,0,0,0,3,167.3,0
2041-JIJCI,5,Month-to-month,64.0,370.25,3,0,0,DSL,Electronic check,1,0,0,0,2,148.3,0
1086-LXKFY,1,Month-to-month,69.1,69.1,5,0,0,Fiber optic,Mailed check,1,0,1,1,0,133.8,1
4900-MSOMT,72,Two year,80.2,5714.2,0,1,1,DSL,Bank transfer (automatic),0,0,1,1,5,180.5,0
2229-VWQJH,24,Month-to-month,49.3,1233.25,3,0,0,DSL,Credit card (automatic),1,0,0,0,1,83.7,0
9194-GFVOI,42,Two year,84.35,3571.6,0,1,1,DSL,Credit card (automatic),0,0,1,0,5,256.9,0
1336-EZFZY,4,Month-to-month,20.05,83.3,2,0,0,No,Mailed check,0,0,0,0,0,47.3,0
4282-MSACW,68,One year,117.2,8035.95,0,1,1,Fiber optic,Credit card (automatic),1,0,0,0,6,266.6,0
1403-LKLIK,33,One year,20.1,579.4,1,0,0,No,Mailed check,0,0,1,1,0,32.9,0
2636-ALXXZ,1,Month-to-month,69.6,69.6,6,0,0,Fiber optic,Electronic check,1,1,0,0,0,115.3,1
7774-OJSXI,31,One year,103.45,3066.45,1,0,0,Fiber optic,Electronic check,1,0,0,0,4,219.8,1
7786-WBJYI,4,Month-to-month,77.95,305.55,2,0,0,Fiber optic,Bank transfer (automatic),0,0,0,0,1,115.9,1
0136-IFMYD,69,Two year,109.95,7634.25,1,1,0,Fiber optic,Electronic check,1,1,1,0,5,260.1,0
5144-TVGLP,38,Month-to-month,94.75,3653.0,1,0,0,Fiber optic,Electronic check,0,1,0,0,2,278.4,0
9643-AVVWI,3,Month-to-month,80.0,241.3,2,1,0,Fiber optic,Electronic check,1,0,1,1,2,134.0,0
0253-ZTEOB,48,Two year,79.65,3870.3,0,1,0,DSL,Electronic check,0,0,1,1,4,197.4,0
2706-QZIHY,15,Two year,25.2,387.9,3,0,0,No,Mailed check,0,0,1,0,0,44.9,0
6061-PQHMK,25,One year,19.9,527.5,3,0,0,No,Credit card (automatic),0,0,0,0,0,31.8,0
9885-CSMWE,1,Month-to-month,78.45,78.45,1,0,0,Fiber optic,Electronic check,0,1,0,0,1,254.6,1
6137-MFAJN,48,Month-to-month,44.8,2104.55,4,0,1,DSL,Electronic check,1,0,0,0,3,148.7,0
9122-UMROB,1,Month-to-month,20.3,20.3,0,0,0,No,Mailed check,0,0,0,0,0,36.9,0
4232-JGKIY,1,Month-to-month,19.2,19.2,3,0,0,No,Electronic check,0,0,0,0,0,26.1,0
2402-TAIRZ,37,One year,80.05,3019.1,3,0,0,Fiber optic,Electronic check,0,0,0,0,2,132.9,0
9659-ZTWSM,66,One year,107.35,7051.95,2,1,0,Fiber optic,Bank transfer (automatic),1,1,1,0,5,237.7,0
9139-TWBAS,26,One year,47.85,1190.5,1,0,1,DSL,Bank transfer (automatic),0,0,1,0,4,110.3,0
6685-GBWJZ,63,One year,70.8,4448.8,0,1,1,DSL,Credit card (automatic),0,0,1,0,4,114.4,0
5016-ETTFF,10,Month-to-month,29.5,255.25,1,0,0,DSL,Mailed check,0,0,0,0,1,49.2,1
3866-MDTUB,2,Month-to-month,70.75,146.9,1,0,1,DSL,Electronic check,1,0,0,0,3,190.0,1
2195-VVRJF,18,Month-to-month,59.1,1011.05,0,0,1,DSL,Credit card (automatic),1,1,1,0,2,132.4,0
3913-RDSJZ,64,Two year,25.55,1714.95,1,0,0,No,Mailed check,0,0,1,0,0,37.4,0
8058-JMEQO,9,Month-to-month,84.45,762.5,3,0,0,Fiber optic,Electronic check,1,1,0,0,1,203.0,1
4203-QGNZA,28,Month-to-month,20.25,535.35,3,0,0,No,Mailed check,0,0,0,1,0,32.0,0
5043-TRZWM,1,Month-to-month,75.55,75.55,2,0,0,Fiber optic,Electronic check,0,0,0,0,1,91.2,0
0697-ZMSWS,4,Month-to-month,85.65,338.9,2,0,0,Fiber optic,Electronic check,1,0,0,0,1,165.3,1
7657-DYEPJ,38,One year,70.15,2497.35,0,1,0,DSL,Credit card (automatic),1,1,0,0,4,186.4,1
9494-BDNNC,66,One year,95.3,6273.4,2,0,0,Fiber optic,Electronic check,0,0,1,0,3,249.4,0
1640-PLFMP,1,Month-to-month,70.25,70.25,7,0,0,Fiber optic,Electronic check,1,0,0,0,0,105.6,0
5366-OBVMR,18,Month-to-month,50.3,908.75,1,1,0,DSL,Mailed check,1,0,1,0,1,88.5,0
8276-MQBYC,51,Month-to-month,97.8,4913.3,1,0,0,Fiber optic,Electronic check,1,1,0,0,3,277.6,1
7644-OMVMY,0,Two year,19.85,0.0,3,0,0,No,Mailed check,0,0,1,1,0,40.6,0
7593-XFKDI,1,Month-to-month,46.3,46.3,2,0,0,DSL,Mailed check,0,0,0,0,0,77.8,1
4573-JKNAE,12,Two year,19.35,212.3,2,0,0,No,Bank transfer (automatic),0,0,0,1,0,36.4,0
0337-CNPZE,41,Month-to-month,106.3,4443.45,1,0,0,Fiber optic,Electronic check,1,0,0,0,4,254.5,1
9817-APLHW,12,Month-to-month,25.0,316.2,2,0,0,No,Electronic check,0,0,0,0,0,33.1,0
8380-MQINP,55,Two year,20.3,1079.05,0,0,0,No,Mailed check,0,0,1,1,0,41.5,0
0840-DFEZH,7,Month-to-month,75.35,564.65,3,0,0,Fiber optic,Electronic check,1,0,0,0,0,134.5,0
1513-XNPPH,12,Month-to-month,89.4,1095.65,1,1,0,Fiber optic,Electronic check,1,0,0,0,3,213.6,1
8690-ZVLCL,68,Two year,88.0,6161.9,0,1,1,DSL,Credit card (automatic),0,0,1,1,6,231.4,0
6015-VVHHE,5,Month-to-month,83.15,446.05,1,0,0,Fiber optic,Credit card (automatic),1,1,0,0,1,165.4,1
1125-SNVCK,49,Month-to-month,43.8,2106.05,1,0,0,DSL,Mailed check,0,1,0,0,0,73.2,0
0384-LPITE,40,One year,62.05,2511.55,0,0,1,DSL,Credit card (automatic),0,0,0,0,5,201.4,0
4616-EWBNJ,16,One year,20.1,318.6,1,0,0,No,Bank transfer (automatic),0,0,0,0,0,29.4,0
6347-DCUIK,10,Month-to-month,74.15,811.8,3,0,0,Fiber optic,Mailed check,1,0,0,0,0,163.9,1
1335-HQMKX,72,One year,101.35,7323.15,5,0,0,Fiber optic,Electronic check,1,0,1,0,4,350.7,0
2545-EBUPK,2,Month-to-month,84.05,186.05,4,0,0,Fiber optic,Electronic check,1,1,0,0,1,127.4,0
6923-AQONU,23,Two year,20.9,454.0,1,0,0,No,Mailed check,0,0,1,1,0,42.7,0
2172-EJXVF,71,One year,105.9,7521.95,2,0,0,Fiber optic,Electronic check,1,1,0,0,4,253.5,0
0897-FEGMU,11,Month-to-month,99.5,1056.95,2,0,0,Fiber optic,Electronic check,1,0,1,0,3,282.6,1
7663-RGWBC,1,Month-to-month,44.15,44.15,5,0,0,DSL,Mailed check,1,0,0,0,0,81.7,1
1120-BMWUB,16,Month-to-month,53.9,834.15,0,1,0,DSL,Mailed check,1,0,0,0,2,94.5,1
9124-LHCJQ,1,Month-to-month,85.45,85.45,4,0,0,Fiber optic,Mailed check,1,0,0,0,1,219.7,1
4536-PLEQY,12,Month-to-month,85.05,999.8,3,0,0,Fiber optic,Credit card (automatic),1,0,1,0,2,196.0,0
7029-IJEJK,54,One year,44.1,2369.7,0,1,1,DSL,Bank transfer (automatic),0,0,0,0,3,145.6,0
8871-JLMHM,68,Two year,90.2,6297.65,4,1,0,Fiber optic,Credit card (automatic),0,0,1,0,3,170.4,0
2235-ZGKPT,4,Month-to-month,50.85,239.55,4,0,0,DSL,Mailed check,0,0,1,1,0,72.3,1
3891-PUQOD,1,Month-to-month,59.2,59.2,2,0,0,DSL,Electronic check,0,0,0,1,2,143.3,1
5447-VYTKW,27,Month-to-month,53.45,1461.45,0,1,1,DSL,Mailed check,0,0,0,0,2,96.4,0
3623-FQBOX,21,Month-to-month,19.95,416.4,3,0,0,No,Mailed check,1,0,0,0,0,33.0,0
0689-NKYLF,13,Month-to-month,83.2,1060.6,2,0,0,Fiber optic,Electronic check,1,0,0,0,2,156.0,1
8659-HDIYE,64,Month-to-month,74.65,4869.35,1,1,0,DSL,Credit card (automatic),0,1,0,0,4,225.0,0
3658-KIBGF,1,Month-to-month,54.9,54.9,3,0,1,DSL,Electronic check,1,0,0,0,2,98.0,1
3474-BAFSJ,57,Two year,57.5,3265.95,0,1,0,DSL,Bank transfer (automatic),1,0,1,0,5,183.1,0
5519-YLDGW,21,Month-to-month,103.9,2254.2,3,0,1,Fiber optic,Electronic check,1,0,1,0,4,203.9,1
3865-ZFZIB,19,Two year,19.65,358.15,1,0,0,No,Mailed check,0,0,0,0,0,38.4,0
1855-AGAWH,31,One year,93.8,2939.8,2,0,0,Fiber optic,Electronic check,1,0,1,0,3,245.2,0
7109-CQYUZ,52,Two year,89.25,4652.4,0,1,1,DSL,Mailed check,1,0,0,0,6,280.0,0
1370-GGAWX,46,One year,94.15,4408.45,2,0,0,Fiber optic,Electronic check,1,0,0,0,3,262.2,0
4680-KUTAJ,11,Month-to-month,55.6,580.8,4,0,1,DSL,Electronic check,1,1,0,0,1,90.9,0
5307-UVGNB,53,Month-to-month,48.7,2495.2,0,0,1,DSL,Bank transfer (automatic),1,0,1,1,4,114.5,0
4946-EDSEW,11,Month-to-month,19.25,180.3,1,0,0,No,Mailed check,1,0,1,1,0,40.7,1
2883-ILGWO,57,Month-to-month,104.9,5913.95,2,1,0,Fiber optic,Bank transfer (automatic),1,1,0,0,4,312.3,0
2516-VQRRV,2,Month-to-month,75.45,158.4,2,0,0,Fiber optic,Mailed check,1,1,0,0,0,142.5,1
7580-UGXNC,2,Month-to-month,54.85,104.2,0,0,1,DSL,Mailed check,0,1,0,0,2,109.6,1
3642-BYHDO,71,Two year,19.9,1389.35,2,0,0,No,Bank transfer (automatic),0,0,1,1,0,34.3,0
9629-NHXFW,1,Month-to-month,19.4,19.4,3,0,0,No,Mailed check,1,0,1,1,0,34.9,0
2696-RZVZW,68,Two year,25.05,1629.2,2,0,0,No,Credit card (automatic),0,0,1,0,0,45.2,0
5766-FTRTS,72,Two year,84.45,6033.1,0,1,1,DSL,Mailed check,0,0,1,0,6,160.1,0
0396-HUJBP,2,Month-to-month,19.3,44.4,1,0,0,No,Mailed check,0,0,0,0,0,38.6,0
5178-LMXOP,1,Month-to-month,95.1,95.1,3,0,0,Fiber optic,Electronic check,1,1,1,0,2,280.8,1
8879-ZKJOF,41,One year,79.85,3320.75,0,1,1,DSL,Bank transfer (automatic),1,0,0,0,5,194.2,0
6285-FTQBF,72,Two year,25.55,1867.7,1,0,0,No,Credit card (automatic),0,0,1,1,0,42.5,0
8185-UPYBR,6,Month-to-month,75.5,438.0,4,0,0,Fiber optic,Electronic check,1,0,1,0,0,142.4,1
4585-HETAI,4,Month-to-month,73.75,325.45,4,0,0,Fiber optic,Electronic check,1,0,1,1,1,147.3,1
7526-BEZQB,12,Month-to-month,96.05,1148.1,2,0,0,Fiber optic,Electronic check,1,0,0,0,2,254.3,1
1474-JUWSM,58,One year,68.4,3972.25,0,1,1,DSL,Electronic check,1,0,1,0,3,152.7,0
3530-CRZSB,7,Month-to-month,20.65,155.9,5,0,0,No,Mailed check,0,0,0,0,0,39.6,0
8498-XXGWA,65,Month-to-month,55.15,3673.15,3,0,1,DSL,Mailed check,1,0,1,0,2,101.4,0
9617-INGJY,1,Month-to-month,70.6,70.6,6,0,0,Fiber optic,Mailed check,1,0,0,0,0,109.0,0
0621-TSSMU,56,One year,19.95,1126.75,2,0,0,No,Credit card (automatic),0,0,1,0,0,34.3,0
7234-KMNRQ,4,Month-to-month,19.0,73.45,0,0,0,No,Mailed check,0,0,0,0,0,32.5,0
7636-PEPNS,58,One year,44.1,2413.05,5,0,0,DSL,Mailed check,1,0,1,1,0,87.4,0
4683-WYDOU,62,Two year,107.6,6912.7,3,1,0,Fiber optic,Bank transfer (automatic),1,0,1,0,4,222.0,0
9052-DHNKM,26,One year,61.55,1581.95,0,0,1,DSL,Electronic check,0,0,0,0,2,98.1,0
6794-HKIAJ,62,Month-to-month,90.7,5586.45,4,0,1,Fiber optic,Bank transfer (automatic),0,0,0,0,3,154.5,0
5578-NKCXI,58,One year,99.25,5846.65,3,0,1,Fiber optic,Credit card (automatic),0,0,1,1,4,260.6,0
1642-HMARX,68,Two year,91.7,6424.7,0,1,1,DSL,Electronic check,1,0,1,0,6,331.1,0
3096-WPXBT,61,One year,100.7,6018.65,4,0,1,Fiber optic,Credit card (automatic),1,0,1,1,4,216.3,0
8434-PNQZX,42,Two year,78.45,3373.4,1,1,0,DSL,Credit card (automatic),1,0,0,0,4,256.1,0
5950-AAAGJ,18,Month-to-month,84.3,1537.9,2,0,0,Fiber optic,Bank transfer (automatic),0,0,0,0,1,214.2,0
4299-OPXEJ,56,Two year,19.55,1080.55,2,0,0,No,Bank transfer (automatic),1,0,0,0,0,42.0,0
4951-UKAAQ,4,Month-to-month,88.95,355.2,4,0,0,Fiber optic,Electronic check,1,0,0,0,2,251.5,1
9618-LFJRU,4,Month-to-month,20.45,82.85,3,0,0,No,Credit card (automatic),0,0,0,0,0,40.0,0
6693-DJWTY,35,One year,55.6,2016.45,0,0,1,DSL,Credit card (automatic),0,0,0,1,2,86.3,0
0744-GKNGE,64,Month-to-month,86.8,5327.25,0,1,1,Fiber optic,Bank transfer (automatic),1,0,1,1,2,148.7,0
6447-EGDIV,31,One year,20.95,683.25,4,0,0,No,Mailed check,0,0,0,0,0,46.1,0
1167-OYZJF,67,Two year,20.05,1263.05,0,0,0,No,Bank transfer (automatic),1,1,1,0,0,47.6,0
2108-YKQTY,4,Month-to-month,50.7,151.3,5,0,0,DSL,Credit card (automatic),0,0,0,0,1,108.7,1
4806-DXQCE,70,Two year,113.65,7714.65,0,1,1,Fiber optic,Electronic check,1,1,1,0,6,385.7,0
4918-QLLIW,3,Month-to-month,53.4,188.7,4,0,0,DSL,Credit card (automatic),0,0,0,0,1,150.4,1
7056-IMHCC,53,Month-to-month,101.9,5549.4,1,0,0,Fiber optic,Electronic check,1,1,1,0,3,232.2,1
4854-SSLTN,2,Two year,59.5,130.5,2,1,1,DSL,Mailed check,0,0,1,1,3,109.1,0
5294-DMSFH,29,Month-to-month,87.8,2621.75,3,0,0,Fiber optic,Credit card (automatic),1,0,1,1,2,249.2,0
4837-PZTIC,47,Two year,41.9,1875.25,0,1,1,DSL,Mailed check,0,0,0,0,3,85.9,0
1625-JAIIY,68,One year,83.0,5685.8,5,0,0,Fiber optic,Electronic check,1,0,1,1,1,214.0,1
0603-OLQDC,12,Month-to-month,69.85,837.5,2,0,1,DSL,Mailed check,1,0,0,1,3,180.0,0
3272-VUHPV,8,Month-to-month,56.3,401.5,0,1,0,DSL,Bank transfer (automatic),0,0,1,1,2,119.3,0
4176-FXYBO,54,Month-to-month,109.55,6118.95,0,0,1,Fiber optic,Electronic check,0,0,1,0,5,255.4,0
1063-DHQJF,69,Two year,92.15,6480.9,2,1,0,Fiber optic,Mailed check,1,0,1,1,3,215.1,0
8663-UPDGF,26,Month-to-month,69.5,1800.05,2,0,1,DSL,Bank transfer (automatic),1,0,0,0,3,181.5,0
6719-FGEDO,72,Two year,97.0,7104.2,1,1,1,Fiber optic,Bank transfer (automatic),1,0,1,0,4,193.2,0
1837-YQUCE,70,Two year,58.35,4214.25,0,1,1,DSL,Bank transfer (automatic),1,0,0,0,5,199.8,0
2947-DOMLJ,1,Month-to-month,50.6,50.6,2,0,1,DSL,Mailed check,0,0,0,1,1,84.2,1
4112-LUEIZ,10,Month-to-month,89.5,863.1,1,0,0,Fiber optic,Electronic check,1,0,0,0,2,237.3,1
0369-ZGOVK,28,One year,70.4,1992.2,1,0,0,Fiber optic,Bank transfer (automatic),1,0,1,1,0,144.6,0
4510-HIMLV,1,Month-to-month,69.8,69.8,2,0,0,Fiber optic,Electronic check,1,0,0,0,0,117.6,1
9919-KNPOO,21,Month-to-month,94.3,1948.35,3,0,0,Fiber optic,Electronic check,1,0,1,0,2,207.6,0
8749-JMNKX,51,Month-to-month,93.8,4750.95,3,0,1,Fiber optic,Bank transfer (automatic),1,1,1,0,3,131.6,1
7872-BAAZR,53,One year,19.55,1007.9,3,0,0,No,Bank transfer (automatic),0,0,1,1,0,35.4,0
9391-LMANN,53,One year,95.95,5036.9,3,0,1,Fiber optic,Electronic check,0,0,0,1,4,185.3,0
2430-USGXP,24,Month-to-month,101.05,2391.8,3,0,0,Fiber optic,Electronic check,1,0,1,0,3,262.8,1
8174-TBVCF,70,Two year,94.8,6859.05,0,1,1,DSL,Credit card (automatic),1,0,1,0,6,212.1,0
1698-XFZCI,61,One year,107.75,6521.9,1,0,1,Fiber optic,Electronic check,1,0,0,0,5,257.1,0
1877-HKBQX,11,One year,54.6,617.85,0,1,1,DSL,Mailed check,1,0,0,0,2,93.2,0
4450-DLLMH,2,Month-to-month,71.3,157.75,3,0,0,Fiber optic,Credit card (automatic),1,0,0,0,0,146.6,0
0428-AXXLJ,25,One year,19.5,516.3,1,0,0,No,Bank transfer (automatic),1,0,0,0,0,30.7,0
2746-DIJLO,41,One year,56.3,2364.0,1,0,0,DSL,Credit card (automatic),1,0,0,0,1,83.9,0
5955-ERIHD,18,Month-to-month,94.7,1687.95,3,0,0,Fiber optic,Electronic check,1,0,1,0,2,255.2,1
0917-EZOLA,72,Two year,104.15,7689.95,2,0,0,Fiber optic,Bank transfer (automatic),1,1,1,0,4,300.5,1
3508-VLHCZ,71,Two year,90.55,6239.05,0,1,1,DSL,Credit card (automatic),1,0,1,1,6,211.0,0
4086-ATNFV,34,One year,60.8,2042.05,1,0,1,DSL,Mailed check,1,0,1,1,3,117.9,0
0468-YRPXN,29,Month-to-month,98.8,2807.1,4,1,0,Fiber optic,Credit card (automatic),1,0,0,0,4,258.9,0
5996-NRVXR,40,One year,98.15,4116.8,0,1,1,Fiber optic,Credit card (automatic),1,1,1,0,5,233.0,0
3739-YBWAB,36,One year,35.35,1317.95,1,0,1,DSL,Mailed check,0,0,1,0,2,46.3,0
7047-FWEYA,46,One year,103.15,4594.65,0,1,0,Fiber optic,Electronic check,1,0,1,0,4,269.8,0
2000-MPKCA,58,One year,107.75,6332.75,0,0,1,Fiber optic,Electronic check,1,0,0,0,5,264.2,0
9762-YAQAA,39,One year,81.4,3213.75,1,0,0,Fiber optic,Credit card (automatic),0,0,0,0,1,151.3,0
5949-EBSQK,4,Month-to-month,61.45,229.55,2,1,0,DSL,Credit card (automatic),0,0,1,1,2,135.8,1
5473-KHBPS,52,One year,95.7,4976.15,0,0,0,Fiber optic,Credit card (automatic),1,0,1,1,3,208.9,0
0100-DUVFC,70,One year,104.8,7308.95,5,0,0,Fiber optic,Electronic check,1,1,1,0,4,182.7,0
5397-TUPSH,65,One year,70.95,4555.2,2,0,0,Fiber optic,Bank transfer (automatic),1,1,1,0,0,127.5,0
8950-MTZNV,1,Month-to-month,44.95,44.95,5,0,0,DSL,Mailed check,1,0,0,0,0,97.3,0
0326-VDYXE,70,One year,97.65,6982.5,4,0,0,Fiber optic,Electronic check,1,0,1,0,3,263.5,0
6773-LQTVT,29,Month-to-month,35.65,1025.15,0,0,0,DSL,Mailed check,1,1,1,1,2,64.9,0
7274-RTAPZ,1,Month-to-month,90.55,90.55,1,0,0,Fiber optic,Electronic check,1,0,0,0,2,255.6,1
0436-TWFFZ,67,Two year,85.25,5714.2,0,1,1,DSL,Mailed check,1,0,0,0,5,282.3,0
8566-YPRGL,1,Month-to-month,19.5,19.5,2,0,0,No,Mailed check,1,0,0,0,0,31.6,0
0311-UNPFF,26,Month-to-month,88.8,2274.35,4,0,0,Fiber optic,Bank transfer (automatic),1,0,0,0,2,188.1,1
6609-MXJHJ,30,Two year,25.1,789.55,4,0,0,No,Mailed check,1,0,1,1,0,37.8,0
2669-OIDSD,48,Month-to-month,100.05,4834.0,3,1,0,Fiber optic,Credit card (automatic),1,0,1,0,4,234.5,0
8400-WZICQ,55,Month-to-month,55.7,3131.8,2,0,1,DSL,Electronic check,0,0,1,1,2,101.7,0
3834-XUIFC,7,Month-to-month,85.2,602.55,1,0,0,Fiber optic,Mailed check,1,0,0,0,1,217.0,1
9576-SYUHJ,37,Month-to-month,91.15,3369.25,3,0,1,Fiber optic,Electronic check,1,0,0,0,2,182.1,0
0410-IPFTY,31,Month-to-month,83.85,2674.15,4,0,0,Fiber optic,Bank transfer (automatic),1,0,1,0,2,162.5,0
2831-EBWRN,4,Month-to-month,45.9,199.75,2,0,0,DSL,Electronic check,1,0,0,0,0,93.6,0
9430-NKQLY,72,Two year,25.1,1790.8,0,0,0,No,Credit card (automatic),1,0,1,1,0,52.4,0
8414-MYSHR,5,Month-to-month,91.4,449.75,7,0,0,Fiber optic,Electronic check,1,1,0,0,2,216.8,1
0247-SLUJI,1,Month-to-month,19.7,19.7,3,0,0,No,Mailed check,0,0,1,1,0,39.5,0
9402-ORRAH,15,Month-to-month,91.5,1400.3,3,0,0,Fiber optic,Electronic check,1,1,0,0,2,238.2,0
6483-OATDN,8,Month-to-month,51.3,411.6,4,0,1,DSL,Credit card (automatic),1,0,1,1,1,85.7,0
1293-HHSHJ,35,One year,21.1,741.0,0,0,0,No,Mailed check,0,0,0,0,0,37.3,0
4840-ORQXB,56,Month-to-month,104.75,5841.35,2,0,0,Fiber optic,Electronic check,0,1,0,0,4,234.5,0
7599-FKVXZ,42,Month-to-month,106.15,4512.7,2,1,0,Fiber optic,Bank transfer (automatic),1,0,1,0,4,202.8,1
3982-DQLUS,65,Month-to-month,85.75,5688.45,5,0,1,Fiber optic,Electronic check,1,1,1,1,2,122.0,0
8610-ZIKJJ,2,One year,20.3,31.9,4,0,0,No,Mailed check,0,0,1,1,0,32.4,0
3756-VNWDH,65,One year,100.75,6674.65,2,0,1,Fiber optic,Electronic check,1,1,1,0,3,272.7,0
7801-KICAO,18,Month-to-month,74.15,1345.75,4,0,0,Fiber optic,Electronic check,1,0,0,0,0,141.2,0
7673-LPRNY,23,One year,78.55,1843.05,0,0,1,DSL,Electronic check,1,0,0,0,4,249.4,0
8229-TNIQA,4,Month-to-month,45.3,196.95,5,0,0,DSL,Mailed check,1,0,0,0,0,71.9,1
6060-QBMGV,70,Two year,19.85,1433.8,4,0,0,No,Credit card (automatic),0,0,1,0,0,35.5,0
7339-POGZN,4,Month-to-month,50.7,214.55,2,0,0,DSL,Electronic check,0,0,0,0,0,71.7,0
2828-SLQPF,19,Month-to-month,45.0,865.85,4,0,0,DSL,Bank transfer (automatic),1,0,0,0,0,69.1,0
4465-VDKIQ,18,Month-to-month,77.8,1358.6,3,0,0,Fiber optic,Electronic check,0,0,0,0,2,161.2,0
2921-XWDJH,38,Month-to-month,83.45,3147.15,0,0,1,Fiber optic,Electronic check,1,1,1,0,2,186.2,0
6221-AVQYL,2,Month-to-month,73.25,131.05,1,0,0,Fiber optic,Credit card (automatic),1,0,0,0,0,168.5,1
2558-BUOZZ,47,One year,94.8,4535.85,1,0,1,Fiber optic,Bank transfer (automatic),0,0,0,0,3,231.6,0
9257-AZMTZ,52,Two year,20.1,1078.75,1,0,0,No,Bank transfer (automatic),0,0,1,1,0,33.6,0
0003-MKNFE,9,Month-to-month,59.9,542.4,4,0,0,DSL,Mailed check,0,0,0,0,1,132.3,0
0975-UYDTX,26,One year,90.1,2312.55,0,1,1,DSL,Credit card (automatic),1,0,1,0,6,167.4,0
7743-EXURX,8,Month-to-month,51.05,415.05,4,0,0,DSL,Electronic check,1,0,1,1,1,109.6,1
4682-BLBUC,44,One year,70.95,3250.45,3,1,0,DSL,Electronic check,1,0,1,0,4,192.2,0
0975-VOOVL,3,Month-to-month,29.2,98.5,2,0,0,DSL,Mailed check,0,0,0,0,1,80.5,0
5968-VXZLG,2,Month-to-month,46.6,87.9,3,0,0,DSL,Bank transfer (automatic),1,0,0,0,0,109.6,0
5569-KGJHX,9,Month-to-month,85.35,754.65,2,0,0,Fiber optic,Bank transfer (automatic),1,0,1,1,1,203.0,1
4988-IQIGL,1,Month-to-month,75.35,75.35,2,0,0,Fiber optic,Electronic check,1,1,0,0,0,114.4,1
5201-FRKKS,25,Month-to-month,74.3,1952.25,1,0,1,Fiber optic,Bank transfer (automatic),0,0,0,0,1,98.4,0
9799-CAYJJ,2,Month-to-month,69.3,153.8,3,0,0,Fiber optic,Electronic check,1,1,1,0,0,117.5,0
7730-IUTDZ,43,Month-to-month,75.2,3198.6,2,0,1,Fiber optic,Electronic check,1,0,0,0,1,134.6,1
0426-TIRNE,1,Month-to-month,20.9,20.9,3,0,0,No,Mailed check,0,0,0,0,0,29.3,1
5443-SCMKX,58,One year,94.3,5610.15,2,0,0,Fiber optic,Electronic check,1,0,1,0,3,231.2,0
8295-KMENE,59,Two year,76.45,4519.5,0,1,1,DSL,Mailed check,1,0,1,1,4,203.1,0
6738-ISCBM,44,One year,54.0,2440.25,0,0,1,DSL,Electronic check,1,0,0,0,4,151.1,0
9821-BESNZ,66,One year,104.25,6860.6,1,1,0,Fiber optic,Electronic check,1,0,0,0,4,257.2,0
3678-MNGZX,68,Two year,19.95,1377.7,2,0,0,No,Bank transfer (automatic),0,0,1,1,0,28.3,0
1335-NTIUC,9,Month-to-month,24.95,190.25,1,0,0,DSL,Electronic check,1,0,0,0,0,51.6,0
2916-BQZLN,19,Month-to-month,84.75,1651.95,0,0,1,Fiber optic,Electronic check,1,0,0,0,2,132.0,0
4558-CGYCZ,4,Month-to-month,19.75,78.3,2,0,0,No,Mailed check,0,0,0,0,0,29.5,0
2368-GAKKQ,70,Two year,113.65,7939.25,1,1,1,Fiber optic,Bank transfer (automatic),1,0,0,0,6,200.6,0
8710-YGLWG,1,Month-to-month,44.9,44.9,8,0,0,DSL,Mailed check,1,0,0,0,0,68.3,0
3199-XGZCY,8,Month-to-month,75.25,576.7,1,0,0,Fiber optic,Electronic check,1,0,0,0,0,100.2,0
3785-KTYSH,53,Two year,24.6,1279.0,1,0,0,No,Mailed check,0,0,0,0,0,51.2,0
6814-ZPWFQ,51,One year,25.0,1260.7,2,0,0,No,Bank transfer (automatic),0,1,0,0,0,49.2,0
4063-EIKNQ,11,Month-to-month,20.95,267.35,2,0,0,No,Bank transfer (automatic),0,0,1,1,0,30.7,0
6993-YCOBK,60,Two year,110.6,6586.85,0,1,1,Fiber optic,Electronic check,1,0,1,1,5,241.3,0
5206-HPJKM,17,Month-to-month,55.5,934.15,2,0,1,DSL,Credit card (automatic),1,0,0,0,2,98.5,0
7587-RZNME,3,Month-to-month,43.3,123.65,3,0,0,DSL,Electronic check,1,0,0,0,0,79.0,1
0748-RDGGM,70,One year,109.5,7534.65,1,1,1,Fiber optic,Bank transfer (automatic),1,0,1,0,6,232.5,1
8393-JMVMB,1,Month-to-month,19.45,19.45,7,0,0,No,Mailed check,0,0,0,0,0,42.0,0
5019-GQVCR,43,Month-to-month,84.85,3645.6,2,0,0,Fiber optic,Electronic check,1,1,0,0,1,210.6,0
6036-TTFYU,16,Month-to-month,19.6,314.45,4,0,0,No,Mailed check,0,0,1,0,0,45.9,0
2550-AEVRU,57,One year,53.45,3053.0,1,0,1,DSL,Electronic check,0,0,1,1,2,56.0,0
0969-RGKCU,37,One year,19.8,677.05,5,0,0,No,Credit card (automatic),0,0,1,1,0,27.1,0
0378-CJKPV,72,Two year,112.1,7965.95,1,1,1,Fiber optic,Credit card (automatic),0,0,1,0,6,311.5,0
4706-AXVKM,11,Month-to-month,84.8,906.85,1,0,0,Fiber optic,Credit card (automatic),1,1,0,0,1,198.6,1
5889-JTMUL,50,Month-to-month,95.05,4888.7,3,0,0,Fiber optic,Electronic check,1,1,1,0,3,201.6,1
9026-RNUJS,5,Month-to-month,50.35,237.25,4,0,0,DSL,Electronic check,0,1,0,0,1,74.7,1
3746-EUBYR,1,Month-to-month,74.6,74.6,3,0,0,Fiber optic,Bank transfer (automatic),1,0,1,0,0,144.1,1
2332-EFBJY,16,Month-to-month,19.7,342.4,2,0,0,No,Mailed check,1,0,0,0,0,32.6,1
2880-FPNAE,2,Month-to-month,74.2,140.1,4,0,0,Fiber optic,Electronic check,1,1,1,0,1,160.5,0
1703-MGIAB,17,Month-to-month,69.0,1108.0,1,1,0,DSL,Mailed check,1,0,0,0,3,191.1,0
4311-QTTAI,16,One year,19.35,295.55,0,0,0,No,Credit card (automatic),0,0,0,0,0,39.6,0
9474-PHLYD,15,Month-to-month,59.45,892.65,2,0,0,DSL,Electronic check,1,0,0,0,2,106.0,1
4318-RAJVY,10,One year,19.8,198.25,2,0,0,No,Mailed check,1,0,0,0,0,37.3,0
2165-VOEGB,46,One year,105.2,4822.85,1,1,1,Fiber optic,Bank transfer (automatic),1,0,0,1,5,340.0,1
3612-YUNGG,64,Two year,109.2,6741.15,1,1,0,Fiber optic,Credit card (automatic),1,0,1,1,5,352.6,0
2254-DLXRI,1,Month-to-month,79.15,79.15,1,0,0,Fiber optic,Mailed check,1,0,0,0,1,168.9,0
5062-CJJKH,25,One year,53.65,1355.45,1,0,0,DSL,Mailed check,0,0,1,1,2,113.0,0
9028-LIHRP,71,Two year,100.2,7209.0,0,1,1,Fiber optic,Credit card (automatic),0,0,1,1,5,194.7,0
2219-MVUSO,8,Month-to-month,45.15,438.4,0,0,0,DSL,Mailed check,1,0,0,0,0,99.1,1
1053-MXTTK,72,Two year,108.65,7726.35,1,1,1,Fiber optic,Bank transfer (automatic),1,0,1,1,6,353.2,0
1530-ZTDOZ,49,Month-to-month,40.65,2070.75,0,0,1,DSL,Bank transfer (automatic),0,0,1,0,2,120.3,0
1301-LOPVR,29,One year,55.35,1636.95,0,1,1,DSL,Credit card (automatic),1,0,1,1,5,150.3,0
0853-TWRVK,72,Two year,105.6,7581.5,0,1,1,Fiber optic,Bank transfer (automatic),0,0,1,0,5,224.8,0
8914-RBTSB,31,Month-to-month,93.8,3019.5,1,0,0,Fiber optic,Electronic check,0,0,1,0,3,214.6,1
6212-ATMLK,50,Month-to-month,95.7,4729.75,1,0,0,Fiber optic,Electronic check,1,0,0,0,2,240.4,0
8200-LGKSR,71,Two year,83.2,6126.1,0,1,1,DSL,Electronic check,0,0,1,0,5,246.1,0
1568-BEKZM,70,Two year,90.05,6333.4,1,1,1,DSL,Credit card (automatic),0,1,1,0,6,235.6,0
0670-ANMUU,71,One year,97.65,6687.85,2,1,1,Fiber optic,Credit card (automatic),0,0,0,0,3,166.2,0
6897-RWMUB,61,Two year,68.05,4158.25,0,1,1,DSL,Bank transfer (automatic),1,0,1,1,4,111.0,0
0963-ZBDRN,32,Month-to-month,96.2,3183.4,1,1,0,Fiber optic,Electronic check,1,0,0,0,3,268.5,1
7594-RQHXR,1,Month-to-month,79.6,79.6,7,0,0,Fiber optic,Electronic check,1,0,0,1,1,188.9,1
6999-CHVCF,68,Two year,102.1,7149.35,1,0,1,Fiber optic,Bank transfer (automatic),1,0,0,0,4,272.7,0
6134-KWTBV,62,Two year,23.4,1429.65,4,0,0,No,Bank transfer (automatic),0,0,0,0,0,48.2,0
1077-HUUJM,7,Month-to-month,71.05,472.65,5,0,0,Fiber optic,Electronic check,1,0,0,1,0,152.7,0
6331-EWIEB,20,Month-to-month,85.25,1734.5,1,0,0,Fiber optic,Electronic check,1,0,0,0,1,191.9,1
0895-LNKRC,6,One year,19.45,113.5,0,0,0,No,Mailed check,0,0,1,1,0,40.6,0
2045-BMBTJ,33,Month-to-month,59.45,1884.65,2,0,1,DSL,Bank transfer (automatic),1,1,0,0,5,166.9,0
8417-GSODA,28,One year,92.2,2568.15,3,0,0,Fiber optic,Bank transfer (automatic),0,0,1,1,2,220.8,0
5171-EPLKN,27,Two year,19.85,470.0,0,0,0,No,Credit card (automatic),0,0,0,0,0,40.5,0
4452-QIIEB,7,Month-to-month,43.9,278.4,4,0,0,DSL,Mailed check,0,0,0,0,0,81.8,0
5998-VVEJY,26,Month-to-month,80.5,2088.8,2,1,0,Fiber optic,Electronic check,1,0,0,0,1,127.5,1
1624-NALOJ,5,Month-to-month,89.8,502.6,2,0,0,Fiber optic,Electronic check,1,1,0,0,2,230.4,1
6741-EGCBI,30,Month-to-month,90.5,2595.85,6,0,1,Fiber optic,Credit card (automatic),1,1,0,0,2,247.3,0
7820-ZYGNY,63,One year,90.45,5825.5,6,0,0,Fiber optic,Credit card (automatic),0,0,0,0,2,226.1,0
4317-VTEOA,1,Month-to-month,50.75,50.75,2,0,0,DSL,Electronic check,1,0,0,0,1,109.4,1
9677-AVKED,53,One year,84.6,4449.75,0,1,0,DSL,Electronic check,1,0,0,1,5,264.6,0
1670-SVOWZ,14,Month-to-month,89.65,1208.35,1,1,0,Fiber optic,Credit card (automatic),1,0,1,1,3,229.3,1
2227-JRSJX,21,Month-to-month,99.15,1956.4,0,1,0,Fiber optic,Bank transfer (automatic),1,0,0,0,4,226.9,0
9847-HNVGP,17,One year,19.95,310.6,3,0,0,No,Mailed check,0,0,0,0,0,25.8,0
6696-YDAYZ,16,Two year,20.5,290.55,4,0,0,No,Mailed check,0,0,1,1,0,35.0,0
8980-WQFWL,35,Month-to-month,62.1,2096.1,3,0,0,DSL,Electronic check,1,0,0,0,2,77.4,0
1730-ZMAME,32,Month-to-month,79.5,2665.0,3,0,0,Fiber optic,Electronic check,1,1,0,0,1,167.5,0
6506-EYCNH,28,Month-to-month,19.55,543.8,3,0,0,No,Bank transfer (automatic),1,0,1,1,0,29.2,0
4634-JLRJT,1,Month-to-month,20.35,20.35,4,0,0,No,Mailed check,1,0,0,0,0,37.2,0
9501-UKKNL,59,Month-to-month,51.7,3005.8,0,1,0,DSL,Electronic check,1,0,0,0,3,154.2,0
2560-QTSBS,72,One year,23.3,1623.15,3,0,0,No,Bank transfer (automatic),1,0,1,1,0,41.9,0
7541-YLXCL,36,One year,65.4,2498.4,0,1,0,DSL,Mailed check,1,0,0,0,3,136.1,1
4795-WRNVT,40,Month-to-month,65.1,2586.0,0,0,1,DSL,Mailed check,0,0,0,0,3,150.8,0
6080-TCMYC,40,Month-to-month,81.2,3292.3,2,0,0,Fiber optic,Electronic check,1,0,1,1,1,178.8,0
0260-ZDLGK,9,Month-to-month,72.9,651.4,1,1,0,DSL,Mailed check,1,0,0,1,4,178.0,1
7860-UXCRM,63,Two year,74.5,4674.55,0,1,1,DSL,Credit card (automatic),0,0,1,1,5,128.0,0
6357-JJPQT,3,Month-to-month,80.5,232.35,3,0,0,Fiber optic,Electronic check,1,0,0,0,1,223.9,0
2292-XQWSV,40,One year,60.3,2448.5,0,1,0,DSL,Mailed check,0,0,1,1,5,210.1,0
9552-TGUZV,8,Month-to-month,75.0,658.1,2,0,1,Fiber optic,Mailed check,1,0,1,0,1,134.0,0
5913-INRQV,34,One year,90.15,3128.8,0,1,1,Fiber optic,Mailed check,0,1,1,0,3,189.5,0
8722-NGNBH,5,Month-to-month,40.0,223.45,1,1,1,DSL,Mailed check,0,0,0,0,3,75.2,1
6210-KBBPI,9,Month-to-month,99.45,919.4,3,0,0,Fiber optic,Credit card (automatic),1,1,0,0,3,244.1,1
9643-YBLUR,9,Month-to-month,69.05,653.95,3,0,0,DSL,Credit card (automatic),1,0,1,0,3,187.9,0
8734-FNWVH,31,Month-to-month,59.7,1825.5,0,0,0,DSL,Bank transfer (automatic),0,0,1,1,1,140.4,0
9447-YPTBX,50,One year,19.85,943.1,2,0,0,No,Bank transfer (automatic),1,0,1,0,0,32.3,0
0133-BMFZO,2,Month-to-month,86.25,181.65,1,1,1,Fiber optic,Electronic check,1,0,0,0,3,167.8,1
6128-CZOMY,1,Month-to-month,45.65,45.65,3,0,0,DSL,Electronic check,1,0,0,0,0,72.0,1
9540-JYROE,8,Month-to-month,70.1,551.35,4,0,0,Fiber optic,Mailed check,1,0,0,0,0,136.4,1
9026-LHEVG,9,Month-to-month,40.75,359.4,1,0,0,DSL,Electronic check,0,0,0,0,2,92.9,0
2260-USTRB,2,Month-to-month,70.2,115.95,4,0,0,Fiber optic,Bank transfer (automatic),1,1,0,0,0,115.7,1
3656-TKRVZ,3,Month-to-month,55.35,165.2,1,0,1,DSL,Electronic check,0,0,0,0,2,102.1,1
7011-CVEUC,25,Month-to-month,95.7,2338.35,0,1,0,Fiber optic,Credit card (automatic),1,0,1,0,3,225.0,0
6185-TASNN,1,Month-to-month,46.3,46.3,5,0,0,DSL,Electronic check,0,1,0,0,0,95.5,0
7925-PNRGI,45,Month-to-month,81.3,3541.1,0,1,1,DSL,Mailed check,0,0,1,1,5,183.4,0
8623-TMRBY,51,Month-to-month,84.2,4146.05,4,0,0,Fiber optic,Electronic check,1,1,1,1,2,156.0,1
1552-CZCLL,55,Month-to-month,20.0,1087.25,2,0,0,No,Credit card (automatic),0,0,1,1,0,25.2,0
3038-PQIUY,38,Month-to-month,66.15,2522.4,0,0,1,DSL,Bank transfer (automatic),1,0,0,0,3,128.9,0
1501-SGHBW,2,Month-to-month,45.85,81.0,2,0,0,DSL,Mailed check,0,0,0,0,0,83.4,1
9313-CDOGY,38,Month-to-month,19.6,717.3,1,0,0,No,Electronic check,0,0,1,1,0,24.6,0
8148-BPLZQ,34,Month-to-month,49.8,1734.2,0,0,0,DSL,Electronic check,1,0,0,0,1,92.8,0
2623-DRYAM,70,One year,101.75,7069.3,1,0,0,Fiber optic,Electronic check,1,0,1,0,3,275.7,0
9987-LUTYD,13,One year,55.15,742.9,0,1,1,DSL,Mailed check,0,0,0,0,2,88.3,0
3208-YPIOE,39,Month-to-month,75.25,3017.65,4,0,0,Fiber optic,Electronic check,0,0,0,0,0,112.8,1
4488-KQFDT,61,One year,103.95,6423.0,3,0,0,Fiber optic,Electronic check,1,0,0,0,4,209.6,0
2612-RANWT,12,Month-to-month,100.15,1164.3,8,0,0,Fiber optic,Bank transfer (automatic),1,0,0,0,3,260.5,1
5693-PIPCS,41,Two year,99.65,4220.35,1,1,0,Fiber optic,Credit card (automatic),1,0,0,0,4,259.9,0
0491-KAPQG,21,Month-to-month,73.7,1558.7,3,0,0,Fiber optic,Electronic check,1,0,0,0,0,128.0,0
1925-LFCZZ,55,One year,50.05,2743.45,2,0,0,DSL,Bank transfer (automatic),1,1,0,0,3,221.4,0
8039-EQPIM,69,Two year,60.25,4055.5,0,1,1,DSL,Bank transfer (automatic),0,0,1,0,5,187.2,0
6900-PXRMS,26,Month-to-month,105.75,2710.25,4,0,0,Fiber optic,Electronic check,0,1,1,1,4,276.0,1
8707-RMEZH,69,One year,87.3,6055.55,1,0,1,Fiber optic,Credit card (automatic),0,1,1,0,3,149.4,0
3346-BRMIS,18,Month-to-month,48.35,810.7,2,0,0,DSL,Electronic check,1,1,1,0,3,174.2,1
3209-ZPKFI,47,Month-to-month,54.25,2538.2,2,0,0,DSL,Electronic check,0,0,1,1,1,111.0,0
6479-VDGRK,72,Two year,85.3,6129.2,0,1,1,DSL,Bank transfer (automatic),0,0,1,1,6,201.4,0
9373-WSLOY,33,Month-to-month,50.0,1750.85,0,1,0,DSL,Electronic check,1,1,1,0,4,170.6,0
2933-FILNV,2,Month-to-month,24.4,36.55,5,0,0,DSL,Mailed check,1,0,1,1,0,40.1,1
3569-JFODW,72,Two year,90.95,6652.45,0,1,1,DSL,Credit card (automatic),0,0,1,1,6,248.2,0
9819-FBNSV,37,Month-to-month,72.25,2575.45,3,0,0,Fiber optic,Bank transfer (automatic),1,1,1,0,0,122.3,0
9544-PYPSJ,62,Month-to-month,96.1,6019.35,1,0,0,Fiber optic,Credit card (automatic),1,1,1,1,3,199.8,0
1591-XWLGB,71,Two year,19.85,1379.6,0,0,0,No,Credit card (automatic),0,0,1,0,0,20.1,0
0396-UKGAI,23,Month-to-month,55.3,1284.2,0,1,0,DSL,Bank transfer (automatic),1,0,0,1,2,112.1,0
3243-ZHOHY,16,One year,20.1,296.15,1,0,0,No,Mailed check,0,0,0,0,0,24.1,0
5186-EJEGL,9,Month-to-month,69.5,653.25,1,1,1,DSL,Mailed check,1,0,0,0,4,195.5,0
7527-QNRUS,17,Two year,25.15,412.6,0,0,0,No,Mailed check,1,0,1,1,0,37.5,0
9986-BONCE,4,Month-to-month,20.95,85.5,4,0,0,No,Bank transfer (automatic),0,0,0,0,0,34.6,1
2722-JMONI,1,Month-to-month,49.55,49.55,5,0,1,DSL,Electronic check,1,1,1,0,1,122.6,1
2203-GHNWN,24,Month-to-month,79.65,1928.7,2,0,0,Fiber optic,Mailed check,1,0,1,0,1,121.9,0
3878-AVSOQ,1,Month-to-month,71.25,71.25,2,0,0,Fiber optic,Electronic check,1,1,0,0,0,123.5,0
3258-SYSWS,72,Two year,113.8,7845.8,1,1,1,Fiber optic,Bank transfer (automatic),0,1,0,0,6,230.1,0
5296-PSYVW,72,Two year,24.55,1750.7,1,0,0,No,Electronic check,0,0,1,0,0,42.8,0
6319-QSUSR,11,Month-to-month,19.7,216.2,0,0,0,No,Credit card (automatic),0,0,0,1,0,37.5,0
4083-EUGRJ,9,Month-to-month,20.25,178.5,1,0,0,No,Mailed check,0,0,0,0,0,44.9,1
7579-OOPEC,2,Month-to-month,50.15,115.1,3,0,0,DSL,Credit card (automatic),0,1,1,0,1,54.3,1
0512-FLFDW,60,One year,100.5,6029.0,3,0,0,Fiber optic,Credit card (automatic),1,1,1,0,3,257.0,0
1771-OADNZ,29,Month-to-month,95.9,2745.2,5,0,0,Fiber optic,Electronic check,1,1,1,0,3,231.0,1
0487-CRLZF,49,Two year,74.45,3721.9,3,1,0,DSL,Bank transfer (automatic),1,0,0,0,4,242.1,0
2107-FBPTK,30,Month-to-month,104.1,3121.1,5,0,0,Fiber optic,Electronic check,1,1,0,0,4,235.3,0
9451-WLYRI,53,One year,19.05,990.45,3,0,0,No,Credit card (automatic),0,0,1,0,0,34.6,0
8219-VYBVI,39,Two year,25.0,1004.35,1,0,0,No,Mailed check,0,0,0,1,0,57.5,0
1991-VOPLL,9,Month-to-month,19.05,157.65,2,0,0,No,Mailed check,0,0,0,0,0,36.1,0
9738-QLWTP,39,One year,81.9,3219.75,2,1,0,Fiber optic,Electronic check,0,0,0,0,2,193.9,0
1016-DJTSV,8,Month-to-month,69.7,572.85,7,0,0,Fiber optic,Electronic check,1,1,0,0,0,102.2,0
9419-IPPBE,51,One year,90.15,4554.85,5,0,0,Fiber optic,Electronic check,1,0,1,1,2,179.9,0
0174-QRVVY,71,Two year,25.35,1847.55,1,0,0,No,Credit card (automatic),0,0,1,1,0,45.7,0
5699-BNCAS,71,Two year,24.65,1766.75,0,0,0,No,Mailed check,1,1,0,0,0,37.4,0
2900-PHPLN,70,Two year,19.55,1462.05,4,0,0,No,Credit card (automatic),1,1,1,0,0,38.5,0
0612-RTZZA,1,Month-to-month,25.25,25.25,1,0,0,DSL,Electronic check,0,1,0,0,0,37.6,1
8106-GWQOK,38,Two year,60.0,2193.2,0,1,1,DSL,Bank transfer (automatic),1,0,1,0,5,197.0,0
8751-EDEKA,28,Month-to-month,89.9,2433.5,5,0,0,Fiber optic,Credit card (automatic),0,0,1,0,3,155.4,0
6878-GGDWG,32,Month-to-month,19.4,641.15,2,0,0,No,Bank transfer (automatic),0,0,1,0,0,30.3,0
4039-PIMHX,49,Two year,49.8,2398.4,5,0,0,DSL,Mailed check,0,1,1,0,1,92.8,0
8450-LUGUK,37,Two year,24.1,861.85,3,0,0,No,Bank transfer (automatic),1,0,1,1,0,47.1,0
3604-WLABM,10,Month-to-month,54.25,583.0,3,1,0,DSL,Electronic check,0,0,0,0,2,83.2,0
0795-GMVQO,67,One year,109.9,7332.4,2,0,1,Fiber optic,Credit card (automatic),0,0,1,0,5,213.7,0
2259-OUUSZ,7,One year,35.5,249.55,1,1,0,DSL,Credit card (automatic),1,0,0,0,2,69.1,0
1142-IHLOO,51,One year,87.55,4475.9,2,0,0,Fiber optic,Credit card (automatic),0,0,0,0,2,200.9,0
6410-LEFEN,9,Month-to-month,45.15,416.45,1,0,0,DSL,Electronic check,0,0,0,0,0,85.9,1
4633-MKHYU,9,Month-to-month,88.4,788.6,3,0,0,Fiber optic,Mailed check,1,0,0,0,2,285.2,0
6257-RJOHI,4,Month-to-month,50.8,202.3,0,1,0,DSL,Mailed check,1,0,0,0,1,100.1,0
1545-JFUML,71,Two year,99.0,6994.6,1,0,1,Fiber optic,Electronic check,1,0,1,0,4,167.5,0
3194-ORPIK,50,Month-to-month,84.4,4116.15,3,0,0,Fiber optic,Bank transfer (automatic),1,0,1,1,1,227.2,1
7826-VVKWT,24,Two year,96.55,2263.45,1,0,0,Fiber optic,Electronic check,1,1,1,1,3,295.9,0
1353-GHZOS,22,One year,59.75,1374.35,3,0,1,DSL,Bank transfer (automatic),1,0,1,0,2,133.9,0
2587-EKXTS,44,Month-to-month,111.5,4915.15,3,0,1,Fiber optic,Electronic check,1,0,0,0,5,262.0,0
5442-BXVND,33,Month-to-month,24.25,838.5,4,0,0,No,Bank transfer (automatic),0,0,1,1,0,52.9,0
8816-VXNZD,1,Month-to-month,75.1,75.1,3,0,0,Fiber optic,Electronic check,1,0,0,0,0,141.4,1
9378-FXTIZ,54,One year,70.15,3715.65,1,0,0,DSL,Credit card (automatic),1,0,1,0,2,219.1,1
1723-HKXJQ,42,Month-to-month,101.75,4273.45,3,0,0,Fiber optic,Electronic check,1,0,0,0,3,306.0,1
7825-GKXMW,1,Month-to-month,45.8,45.8,4,0,0,DSL,Electronic check,0,0,0,0,0,89.0,1
9753-OYLBX,1,Month-to-month,20.5,20.5,3,0,0,No,Mailed check,0,0,0,0,0,52.5,0
2364-UFROM,30,One year,70.4,2044.75,0,1,1,DSL,Electronic check,0,0,0,0,4,201.4,0
6656-JWRQX,1,Month-to-month,30.55,30.55,3,1,0,DSL,Mailed check,0,0,0,0,1,56.2,0
6473-ULUHT,16,Month-to-month,84.9,1398.25,0,1,1,DSL,Electronic check,0,0,1,1,5,237.0,0
1240-KNSEZ,1,Month-to-month,20.1,20.1,4,0,0,No,Mailed check,1,0,0,0,0,34.6,1
0836-SEYLU,9,Month-to-month,40.65,328.95,0,1,0,DSL,Mailed check,0,0,1,0,2,133.9,1
4433-JCGCG,46,Month-to-month,101.0,4680.05,3,0,0,Fiber optic,Electronic check,1,1,1,0,3,214.7,1
3716-BDVDB,1,Month-to-month,69.1,69.1,4,0,0,Fiber optic,Electronic check,1,0,0,0,0,141.1,1
7688-AWMDX,71,Two year,54.5,3778.2,0,1,1,DSL,Bank transfer (automatic),0,0,1,0,2,89.4,0
2842-BCQGE,43,Month-to-month,75.35,3161.4,1,0,0,Fiber optic,Credit card (automatic),1,0,0,0,0,97.9,0
7244-QWYHG,50,One year,44.45,2188.45,0,1,1,DSL,Bank transfer (automatic),1,0,1,0,3,137.9,0
5899-MQZZL,13,Month-to-month,75.0,999.45,2,0,0,Fiber optic,Mailed check,1,0,0,0,0,143.9,1
6849-OYAMU,19,One year,100.0,1888.65,4,1,0,Fiber optic,Bank transfer (automatic),0,0,1,1,4,271.4,1
5312-UXESG,41,Month-to-month,98.05,3990.6,2,0,0,Fiber optic,Bank transfer (automatic),0,0,0,0,3,244.6,0
9488-HGMJH,1,Month-to-month,71.15,71.15,1,0,0,Fiber optic,Electronic check,1,1,0,0,0,127.8,1
6038-GCYEC,24,Month-to-month,54.15,1240.25,2,0,0,DSL,Credit card (automatic),1,0,0,0,4,160.6,1
2150-WLKUW,40,One year,63.9,2635.0,2,0,0,DSL,Bank transfer (automatic),0,0,1,0,2,186.5,0
7159-FVYPK,3,Month-to-month,69.15,235.0,2,0,0,DSL,Bank transfer (automatic),1,0,1,1,3,198.7,0
7032-LMBHI,37,One year,64.65,2347.85,0,0,1,DSL,Bank transfer (automatic),0,0,0,0,2,155.5,0
1150-WFARN,67,Two year,108.75,7156.2,0,1,1,Fiber optic,Credit card (automatic),1,0,1,1,5,276.7,1
6088-BXMRG,32,Month-to-month,98.85,3089.6,3,0,0,Fiber optic,Electronic check,1,0,1,1,3,269.6,0
3144-AUDBS,6,Month-to-month,49.15,270.8,0,1,0,DSL,Electronic check,1,0,1,0,1,100.7,1
4821-SJHJV,32,Month-to-month,89.6,2901.8,2,0,1,Fiber optic,Electronic check,0,0,1,1,2,208.6,0
7346-MEDWM,59,Month-to-month,83.25,4949.1,3,0,0,Fiber optic,Electronic check,1,0,0,0,2,139.9,0
1137-DGOWI,30,One year,70.25,2198.9,1,1,0,DSL,Bank transfer (automatic),0,0,1,0,4,161.0,0
5616-PRTNT,20,Month-to-month,19.4,374.5,1,0,0,No,Electronic check,1,0,0,1,0,36.5,1
3812-LRZIR,27,Two year,24.5,761.95,6,0,0,No,Electronic check,0,0,1,1,0,43.3,0
4818-QIUFN,20,Month-to-month,79.15,1520.9,3,0,1,Fiber optic,Electronic check,1,1,0,0,1,134.5,1
9483-GCPWE,9,One year,20.1,190.25,0,0,0,No,Mailed check,0,0,0,1,0,43.0,0
4227-OJHAL,68,One year,73.0,5163.0,3,0,1,DSL,Credit card (automatic),1,0,1,1,4,182.8,0
9220-CXRSC,69,Two year,61.4,4059.85,1,1,1,DSL,Credit card (automatic),0,0,1,1,2,126.1,0
4993-JCRGJ,26,Month-to-month,84.3,2281.6,0,1,0,Fiber optic,Mailed check,1,0,0,0,2,132.0,0
9537-JALFH,69,Two year,19.9,1356.7,3,0,0,No,Bank transfer (automatic),0,0,1,1,0,40.5,0
6698-OXETB,11,Two year,20.4,231.45,1,0,0,No,Mailed check,0,0,0,0,0,37.0,0
2103-ZRXFN,1,Month-to-month,50.75,50.75,0,0,0,DSL,Mailed check,0,0,0,0,0,88.2,0
3724-BSCVH,10,One year,20.45,242.4,1,0,0,No,Mailed check,0,0,1,1,0,33.2,0
4877-TSOFF,55,One year,75.75,4264.25,0,1,1,DSL,Bank transfer (automatic),1,0,1,1,4,160.1,0
9209-NWPGU,44,One year,65.4,2774.55,0,1,1,DSL,Electronic check,0,0,0,0,3,147.2,0
6961-VCPMC,46,Month-to-month,80.4,3605.2,4,0,0,Fiber optic,Electronic check,1,1,1,0,1,188.7,1
7306-YDSOI,69,Two year,59.75,4069.9,0,0,1,DSL,Bank transfer (automatic),1,0,1,1,3,106.7,0
5288-AHOUP,11,Month-to-month,78.5,874.2,4,0,0,Fiber optic,Electronic check,1,1,0,0,1,237.0,0
6688-UZPWD,11,Month-to-month,102.0,1145.35,3,0,0,Fiber optic,Electronic check,1,0,1,0,3,283.9,1
0655-YDGFJ,29,Month-to-month,48.95,1323.7,1,0,0,DSL,Bank transfer (automatic),0,0,0,0,1,91.7,0
8468-EHYJA,57,Month-to-month,99.65,5497.05,0,0,1,Fiber optic,Electronic check,1,0,1,0,3,257.0,0
6823-SIDFQ,28,One year,18.25,534.7,2,0,0,No,Credit card (automatic),0,0,0,0,0,29.1,0
1097-FSPVW,42,Month-to-month,54.55,2455.05,2,0,1,DSL,Credit card (automatic),0,0,0,0,2,86.7,0
2839-RFSQE,2,Month-to-month,20.65,38.7,1,0,0,No,Mailed check,0,0,0,0,0,39.3,1
8328-SKJNO,23,One year,40.65,947.4,0,1,1,DSL,Bank transfer (automatic),0,0,0,1,3,56.7,0
7010-ZMVBF,18,Month-to-month,20.45,357.0,1,0,0,No,Mailed check,0,0,1,1,0,46.0,0
5201-CBWYG,62,One year,24.8,1476.25,0,0,0,No,Bank transfer (automatic),0,0,1,1,0,55.4,0
0968-GSIKN,1,Month-to-month,70.8,70.8,3,0,0,Fiber optic,Mailed check,1,0,0,0,0,99.6,1
1965-DDBWU,16,Month-to-month,89.05,1448.6,2,1,0,Fiber optic,Credit card (automatic),1,0,0,0,2,237.9,1
9057-SIHCH,3,Month-to-month,96.6,291.9,2,0,0,Fiber optic,Electronic check,1,0,0,0,2,297.4,1
6352-GIGGQ,67,One year,88.8,5903.15,0,1,1,DSL,Bank transfer (automatic),1,0,0,0,6,282.0,0
3635-QQRQD,62,Two year,20.05,1201.65,4,0,0,No,Credit card (automatic),1,0,0,0,0,40.0,0
6771-XWBDM,57,Month-to-month,104.5,5921.35,2,0,0,Fiber optic,Credit card (automatic),1,0,1,0,4,336.0,1
2897-DOVND,2,Month-to-month,69.8,146.65,6,0,0,Fiber optic,Electronic check,1,0,0,0,0,111.0,0
3082-YVEKW,23,Two year,77.15,1759.4,0,1,1,DSL,Bank transfer (automatic),1,0,1,1,4,167.5,0
0191-EQUUH,25,Two year,35.05,844.45,0,1,1,DSL,Bank transfer (automatic),0,0,0,1,2,69.2,0
7134-HBPBS,72,Two year,108.1,7774.05,1,1,0,Fiber optic,Bank transfer (automatic),1,1,0,0,5,278.3,0
3489-HHPFY,2,Month-to-month,84.05,134.05,6,0,0,Fiber optic,Electronic check,1,0,1,0,1,151.1,0
2926-JEJJC,8,One year,20.2,140.95,2,0,0,No,Bank transfer (automatic),1,0,0,0,0,41.1,0
8601-QACRS,5,Month-to-month,50.6,249.95,6,0,0,DSL,Mailed check,1,0,0,0,0,105.7,1
4950-BDEUX,35,Month-to-month,49.2,1701.65,4,0,0,DSL,Electronic check,0,0,0,0,3,164.1,0
5789-LDFXO,24,One year,24.6,592.65,1,0,0,No,Electronic check,0,0,0,0,0,47.1,0
0508-OOLTO,2,Month-to-month,71.65,135.75,4,0,0,Fiber optic,Electronic check,1,0,1,1,0,148.3,0
2984-TBYKU,72,Two year,104.9,7732.65,0,1,1,Fiber optic,Credit card (automatic),1,0,1,1,5,157.4,0
9822-WMWVG,41,Month-to-month,106.5,4282.4,0,1,1,Fiber optic,Electronic check,1,0,0,0,5,213.6,0
2391-SOORI,4,Month-to-month,49.35,219.65,3,0,1,DSL,Electronic check,0,0,0,1,1,77.7,1
9040-KZVWO,26,One year,75.5,2018.1,1,0,0,Fiber optic,Bank transfer (automatic),0,0,0,0,1,133.7,0
2645-QTLMB,7,Month-to-month,94.25,669.0,3,0,0,Fiber optic,Electronic check,1,0,0,0,3,204.4,1
4806-HIPDW,1,Month-to-month,68.95,68.95,4,0,0,Fiber optic,Electronic check,1,0,1,0,0,101.0,1
1548-ARAGG,4,Month-to-month,58.5,224.85,3,1,0,DSL,Mailed check,1,0,1,1,2,109.4,0
6339-RZCBJ,48,Two year,78.9,3771.5,0,1,0,DSL,Credit card (automatic),0,0,0,0,5,284.4,0
4424-TKOPW,2,Month-to-month,93.85,196.75,6,0,0,Fiber optic,Electronic check,1,1,0,0,2,204.0,1
4415-WNGVR,12,One year,79.2,943.85,0,1,1,DSL,Electronic check,1,1,1,0,5,277.7,0
2522-AHJXR,60,Month-to-month,109.45,6572.85,0,1,1,Fiber optic,Bank transfer (automatic),1,0,1,0,5,318.7,0
0412-UCCNP,55,Two year,59.2,3175.85,0,1,1,DSL,Electronic check,1,0,0,0,3,123.3,0
1816-FLZDK,1,Month-to-month,29.15,29.15,3,1,0,DSL,Mailed check,0,0,0,0,1,63.2,0
7096-UCLNH,1,Month-to-month,20.05,20.05,3,0,0,No,Mailed check,0,0,0,0,0,34.0,0
8443-ZRDBZ,4,Month-to-month,76.05,318.9,5,0,0,Fiber optic,Electronic check,1,0,0,0,0,160.9,1
9136-ALYBR,1,Month-to-month,24.45,24.45,3,0,0,DSL,Mailed check,1,0,0,0,0,34.3,1
4615-PIVVU,42,Two year,66.5,2762.75,1,1,0,DSL,Credit card (automatic),0,0,0,0,3,141.5,0
8885-QSQBX,1,Month-to-month,49.55,49.55,1,0,1,DSL,Bank transfer (automatic),0,0,0,0,1,94.2,0
7479-NITWS,7,Month-to-month,89.35,631.85,3,0,0,Fiber optic,Credit card (automatic),1,0,0,0,2,225.4,1
8617-ENBDS,3,Month-to-month,73.6,232.5,3,0,0,Fiber optic,Credit card (automatic),1,0,0,0,1,105.8,0
9385-NXKDA,72,Two year,82.65,5919.35,2,0,1,DSL,Credit card (automatic),1,0,1,0,5,164.7,0
0430-IHCDJ,15,Month-to-month,49.0,749.25,2,0,0,DSL,Electronic check,1,0,0,0,0,94.2,0
2959-MJHIC,4,Month-to-month,80.35,307.4,3,0,0,Fiber optic,Electronic check,1,0,1,0,1,193.9,1
6674-KVJHG,11,One year,25.2,245.15,3,0,0,No,Electronic check,0,0,0,0,0,50.4,0
1814-DKOLC,5,Month-to-month,25.45,134.75,4,0,0,No,Mailed check,0,0,0,0,0,45.6,0
4201-JMNGR,1,Month-to-month,55.8,55.8,3,0,1,DSL,Electronic check,1,1,0,0,2,81.3,1
9351-HXDMR,72,Two year,110.9,8240.85,0,1,1,Fiber optic,Credit card (automatic),1,0,1,0,5,329.1,0
3537-HPKQT,55,Month-to-month,77.75,4266.4,1,0,0,Fiber optic,Credit card (automatic),1,0,1,0,1,157.2,0
2129-ALKBS,40,Month-to-month,26.2,1077.5,2,0,0,No,Electronic check,1,0,1,1,0,48.7,0
5821-MMEIL,57,Two year,19.9,1115.6,1,0,0,No,Bank transfer (automatic),0,0,1,0,0,47.8,0
5960-WPXQM,1,Month-to-month,79.05,79.05,4,0,0,Fiber optic,Electronic check,1,0,0,0,1,190.0,1
0684-AOSIH,1,Month-to-month,95.0,95.0,1,0,1,Fiber optic,Electronic check,1,0,1,0,3,309.9,1
8260-NGFNY,1,Month-to-month,25.2,25.2,4,0,0,DSL,Mailed check,0,0,0,0,0,44.7,1
1309-XGFSN,52,One year,80.85,4079.55,5,0,0,DSL,Electronic check,1,1,1,1,4,128.2,0
1866-RZZQS,41,Month-to-month,98.4,4187.75,2,0,0,Fiber optic,Electronic check,1,1,0,0,3,213.9,1
6968-URWQU,43,One year,56.35,2391.15,2,0,0,DSL,Mailed check,1,0,1,0,1,83.8,0
4742-TXUEX,47,Two year,19.3,890.5,5,0,0,No,Bank transfer (automatic),0,0,1,1,0,33.7,0
9631-XEYKE,3,Month-to-month,50.4,137.25,3,0,0,DSL,Bank transfer (automatic),0,0,0,0,0,107.4,0
8631-NBHFZ,66,Two year,79.4,5154.6,0,1,1,DSL,Credit card (automatic),0,1,1,1,5,137.1,1
1335-MXCSE,55,Two year,55.25,3119.9,1,1,0,DSL,Credit card (automatic),1,0,1,1,2,111.0,0
8873-TMKGR,29,One year,19.1,529.5,3,0,0,No,Mailed check,0,0,0,0,0,33.2,0
8800-JOOCF,12,Month-to-month,84.05,966.55,3,0,0,Fiber optic,Electronic check,1,0,0,1,1,218.8,0
1469-LBJQJ,66,Month-to-month,105.2,6936.85,3,0,0,Fiber optic,Electronic check,1,0,1,0,4,286.4,0
4958-XCBDQ,35,Month-to-month,101.4,3496.3,4,0,0,Fiber optic,Electronic check,1,1,0,0,3,224.9,1
8337-UPOAQ,10,Month-to-month,89.8,914.3,4,0,0,Fiber optic,Electronic check,1,1,1,0,2,220.6,1
0064-YIJGF,27,Month-to-month,75.75,1929.0,0,0,0,Fiber optic,Bank transfer (automatic),1,0,1,1,0,136.6,0
2386-OWURY,58,Month-to-month,95.3,5817.7,2,1,0,Fiber optic,Electronic check,1,0,0,0,3,287.4,0
1725-IQNIY,54,Two year,109.75,6110.2,1,1,1,Fiber optic,Bank transfer (automatic),0,0,1,0,6,360.8,1
0310-VQXAM,9,Month-to-month,19.85,178.8,4,0,0,No,Mailed check,0,0,0,0,0,34.9,0
6598-RFFVI,2,One year,19.3,28.3,2,0,0,No,Credit card (automatic),0,0,0,0,0,43.6,1
3453-RTHJQ,6,Month-to-month,69.1,435.0,5,0,0,Fiber optic,Electronic check,1,0,0,0,0,123.5,0
6712-OAWRH,26,Month-to-month,91.25,2351.8,2,0,0,Fiber optic,Electronic check,1,1,0,0,2,268.6,1
6278-FEPBZ,9,Month-to-month,20.25,186.15,0,0,0,No,Mailed check,0,0,0,0,0,37.8,0
4280-DLSHD,8,Month-to-month,54.75,445.85,2,0,0,DSL,Mailed check,1,0,1,0,2,89.3,0
1508-DFXCU,12,Month-to-month,81.45,912.0,2,0,0,Fiber optic,Electronic check,1,0,0,0,1,191.7,0
8614-VGMMV,15,Month-to-month,49.1,679.55,0,0,0,DSL,Electronic check,1,0,0,0,0,83.1,1
7868-BGSZA,43,One year,80.2,3581.6,0,0,1,DSL,Electronic check,1,0,1,0,4,245.3,0
2800-QQUSO,42,Month-to-month,100.3,4222.95,3,1,0,Fiber optic,Electronic check,1,0,0,0,3,221.1,0
2930-UOTMB,31,Month-to-month,65.25,1994.3,0,1,1,DSL,Credit card (automatic),0,0,0,0,3,101.3,1
7973-DZRKH,66,Two year,90.95,5930.05,0,1,1,Fiber optic,Credit card (automatic),1,0,0,1,3,186.5,0
5914-DVBWJ,18,Month-to-month,85.45,1505.85,0,1,0,Fiber optic,Electronic check,1,1,0,0,2,167.5,1
7698-YFGEZ,1,Month-to-month,20.0,20.0,1,0,0,No,Mailed check,0,0,0,0,0,39.4,0
2533-QVMSK,61,Two year,94.1,5638.3,1,1,0,Fiber optic,Electronic check,1,0,1,0,3,229.0,1
9773-PEQBZ,10,Month-to-month,79.85,797.25,2,0,0,Fiber optic,Electronic check,0,0,0,0,1,167.5,0
8644-XLFBW,1,Month-to-month,71.65,71.65,1,0,0,Fiber optic,Electronic check,1,1,0,0,0,139.3,1
0650-BWOZN,18,Month-to-month,73.55,1359.45,3,0,0,Fiber optic,Electronic check,1,1,0,0,1,151.9,0
8625-AZYZY,24,Month-to-month,104.65,2542.45,1,0,0,Fiber optic,Electronic check,1,0,1,0,4,239.3,1
7785-RDVIG,3,Month-to-month,19.3,54.7,1,0,0,No,Mailed check,0,0,1,1,0,37.7,0
9602-WCXPI,50,One year,20.15,989.05,1,0,0,No,Credit card (automatic),0,0,0,0,0,32.5,0
2903-YYTBW,1,Month-to-month,44.55,44.55,1,0,0,DSL,Electronic check,0,0,1,1,0,65.9,0
3620-MWJNE,2,Month-to-month,54.45,87.3,2,1,1,DSL,Mailed check,1,0,0,0,2,95.5,0
8573-JGCZW,17,One year,19.65,351.55,1,0,0,No,Bank transfer (automatic),1,0,0,0,0,39.1,0
6837-HAEVO,69,Two year,105.0,7297.75,2,0,0,Fiber optic,Electronic check,1,0,1,1,4,272.2,0
6701-YVNQG,72,Two year,88.7,6301.7,0,1,1,DSL,Credit card (automatic),1,0,1,0,6,306.2,0
9306-CPCBC,3,Month-to-month,74.25,210.3,7,0,0,Fiber optic,Electronic check,1,0,0,0,0,148.5,1
4304-XUMGI,50,Two year,75.15,3822.45,1,0,1,DSL,Bank transfer (automatic),1,1,1,1,4,188.1,0
9504-YAZWB,53,Two year,20.25,1048.45,1,0,0,No,Mailed check,0,0,0,0,0,37.4,0
8819-ZBYNA,58,Two year,109.1,6393.65,0,1,1,Fiber optic,Credit card (automatic),1,0,1,0,5,223.0,0
6174-NRBTZ,46,One year,30.75,1489.3,0,0,1,DSL,Bank transfer (automatic),1,0,0,0,1,56.3,0
9481-IEBZY,72,Month-to-month,112.9,8061.5,1,1,1,Fiber optic,Credit card (automatic),1,1,1,0,6,286.9,0
1833-VGRUM,1,Month-to-month,74.2,74.2,3,0,0,Fiber optic,Electronic check,1,1,0,0,0,170.0,1
6137-NICCO,6,Month-to-month,94.05,518.75,2,0,0,Fiber optic,Mailed check,1,0,1,1,3,186.4,0
9065-ZCPQX,72,Two year,78.85,5763.15,0,1,1,DSL,Bank transfer (automatic),0,0,1,0,5,180.2,0
6402-EJMWF,4,Month-to-month,55.3,238.5,2,0,0,DSL,Mailed check,1,0,0,0,1,125.7,0
3620-EHIMZ,52,Two year,19.35,1031.7,3,0,0,No,Mailed check,0,0,1,1,0,35.9,0
3213-VVOLG,0,Two year,25.35,0.0,3,0,0,No,Mailed check,0,0,1,1,0,34.2,0
6870-ECSHE,2,One year,20.45,34.8,1,0,0,No,Mailed check,0,0,0,0,0,38.8,0
8747-UDCOI,65,Two year,19.35,1319.95,3,0,0,No,Bank transfer (automatic),0,0,1,0,0,35.2,0
8374-XGEJJ,43,Month-to-month,101.0,4388.4,2,0,0,Fiber optic,Electronic check,1,1,1,0,3,271.4,1
2656-TABEH,4,Month-to-month,100.2,420.2,3,0,0,Fiber optic,Electronic check,1,0,1,0,3,366.0,1
6946-LMSQS,25,One year,89.05,2177.45,3,0,1,Fiber optic,Electronic check,1,1,1,0,2,199.7,1
4626-OZDTJ,51,One year,78.65,3950.85,2,1,0,DSL,Credit card (automatic),1,0,1,0,4,239.8,0
9169-BSVIN,12,Month-to-month,74.75,827.05,1,0,0,DSL,Bank transfer (automatic),0,0,0,0,3,216.0,0
2325-ZUSFD,57,One year,70.1,3913.3,3,0,1,DSL,Bank transfer (automatic),1,0,1,1,3,241.9,1
8194-PEEBY,24,One year,19.9,533.5,2,0,0,No,Mailed check,0,0,1,1,0,48.3,0
6872-HXFNF,64,One year,58.35,3756.45,2,1,0,DSL,Bank transfer (automatic),0,0,1,0,2,132.9,0
3932-CMDTD,4,One year,105.65,443.9,3,1,0,Fiber optic,Electronic check,1,0,0,0,5,286.3,1
7714-YXSMB,26,Month-to-month,100.5,2599.95,3,0,0,Fiber optic,Bank transfer (automatic),1,0,0,0,3,213.3,0
8387-UGUSU,15,Month-to-month,20.05,284.3,2,0,0,No,Mailed check,0,0,1,1,0,38.8,0
1080-BWSYE,64,Two year,25.65,1740.8,1,0,0,No,Credit card (automatic),0,1,1,0,0,35.1,0
4039-HEUNW,36,Month-to-month,96.5,3436.1,1,0,0,Fiber optic,Electronic check,1,1,1,0,3,222.4,1
1194-HVAIF,27,Month-to-month,95.0,2462.55,1,0,0,Fiber optic,Credit card (automatic),0,0,1,0,2,230.9,0
0812-WUPTB,1,Month-to-month,70.85,70.85,2,0,0,Fiber optic,Mailed check,0,1,1,0,0,107.3,1
3594-UVONA,35,One year,85.95,3110.1,1,1,1,DSL,Credit card (automatic),1,0,0,0,5,236.9,1
0004-TLHLJ,4,Month-to-month,73.9,280.85,3,0,0,Fiber optic,Electronic check,1,0,0,0,1,126.9,1
1767-TGTKO,8,Month-to-month,45.45,411.75,3,0,0,DSL,Electronic check,1,0,1,1,0,73.4,0
8439-LTUGF,10,Month-to-month,20.0,198.6,4,0,0,No,Credit card (automatic),1,0,0,0,0,38.4,0
8805-JNRAZ,2,Month-to-month,49.2,103.7,3,0,0,DSL,Mailed check,0,0,0,0,1,79.5,0
5089-IFSDP,58,Two year,109.45,6144.55,1,0,1,Fiber optic,Bank transfer (automatic),1,0,1,0,5,333.2,1
6418-HNFED,51,Two year,83.25,4089.45,0,1,1,DSL,Credit card (automatic),1,0,1,0,6,253.9,0
0206-OYVOC,46,Two year,19.25,864.2,0,0,0,No,Mailed check,1,0,1,1,0,32.7,0
7291-CDTMJ,1,Month-to-month,19.65,19.65,2,0,0,No,Bank transfer (automatic),1,0,0,0,0,38.0,0
7128-GGCNO,46,Month-to-month,72.8,3249.4,1,0,0,Fiber optic,Bank transfer (automatic),0,0,0,0,0,118.7,0
0237-YFUTL,50,Month-to-month,109.65,5405.8,0,1,1,Fiber optic,Bank transfer (automatic),1,0,1,0,5,253.4,0
7691-KGKGP,53,Month-to-month,65.0,3363.8,0,1,0,DSL,Credit card (automatic),0,0,1,1,3,182.6,0
6710-HSJRD,61,Month-to-month,114.1,7132.15,1,1,0,Fiber optic,Electronic check,1,0,1,0,5,218.8,0
3675-EQOZA,5,Month-to-month,20.65,93.55,5,0,0,No,Bank transfer (automatic),0,0,0,0,0,40.1,0
0840-DCNZE,47,One year,86.95,4138.9,0,1,1,DSL,Bank transfer (automatic),1,0,0,0,6,307.2,0
1732-FEKLD,54,One year,94.75,5121.75,2,0,0,Fiber optic,Bank transfer (automatic),1,0,0,0,3,141.5,0
9862-KJTYK,19,Month-to-month,25.35,566.1,2,0,0,DSL,Credit card (automatic),1,0,0,1,0,62.6,0
0479-HMSWA,26,Two year,105.45,2715.3,4,1,0,Fiber optic,Electronic check,1,0,0,1,5,193.2,0
5854-KSRBJ,70,Two year,25.4,1782.05,2,0,0,No,Mailed check,0,0,1,1,0,30.5,0
0365-BZUWY,17,Month-to-month,102.55,1742.5,3,0,0,Fiber optic,Electronic check,1,0,1,0,4,181.9,0
4817-VYYWS,30,Month-to-month,100.2,2983.8,3,0,0,Fiber optic,Electronic check,1,0,0,0,3,216.3,1
5701-SVCWR,1,Month-to-month,24.0,24.0,3,0,0,No,Mailed check,0,0,0,1,0,39.6,0
3129-AAQOU,19,Two year,25.6,485.9,4,0,0,No,Mailed check,0,0,1,1,0,33.1,0
4922-CVPDX,26,Two year,73.5,1905.7,1,0,0,DSL,Credit card (automatic),1,0,1,0,4,207.2,0
1396-QWFBJ,21,Month-to-month,74.05,1565.7,4,0,0,Fiber optic,Bank transfer (automatic),1,0,1,1,1,150.6,1
1357-BIJKI,50,One year,98.25,4858.7,3,0,0,Fiber optic,Electronic check,1,0,1,0,3,228.2,0
1099-BTKWT,68,One year,54.4,3723.65,1,0,1,DSL,Electronic check,1,0,1,0,4,182.3,0
5299-SJCZT,3,Month-to-month,101.55,298.35,2,0,0,Fiber optic,Bank transfer (automatic),1,0,0,0,3,289.0,1
2018-PZKMU,9,Month-to-month,103.1,970.45,3,1,0,Fiber optic,Electronic check,0,0,1,1,4,337.2,0
7340-KEFQE,51,Two year,34.2,1782.0,0,1,1,DSL,Bank transfer (automatic),0,0,1,1,2,61.1,0
4570-QHXHL,9,Month-to-month,43.75,405.7,2,0,0,DSL,Electronic check,1,0,0,0,0,87.8,0
2403-BCASL,41,One year,111.95,4534.9,1,1,0,Fiber optic,Electronic check,1,1,1,1,5,305.2,1
7392-YYPYJ,22,Month-to-month,100.65,2415.95,1,0,0,Fiber optic,Electronic check,1,0,0,0,3,264.8,0
2898-LSJGD,21,One year,55.95,1157.05,0,0,1,DSL,Electronic check,1,0,1,1,4,172.4,1
2223-GDSHL,71,Two year,116.05,8297.5,0,1,1,Fiber optic,Bank transfer (automatic),1,0,1,1,6,306.5,0
7359-PTSXY,1,Month-to-month,45.75,45.75,6,0,0,DSL,Electronic check,0,0,0,0,0,91.5,1
9470-RTWDV,26,One year,82.0,2083.1,2,1,0,DSL,Credit card (automatic),1,0,1,1,4,183.2,0
2176-OSJUV,71,Two year,65.15,4681.75,0,1,1,DSL,Bank transfer (automatic),0,0,1,0,3,111.3,0
9348-YVOMK,4,Month-to-month,44.8,176.2,4,0,0,DSL,Credit card (automatic),1,0,0,0,0,85.3,0
8104-OSKWT,12,Month-to-month,79.8,1001.2,1,0,1,Fiber optic,Electronic check,1,0,0,0,1,151.0,0
4521-YEEHE,18,Month-to-month,88.85,1594.75,0,1,0,Fiber optic,Electronic check,1,0,1,0,2,211.2,0
4090-KPJIP,3,Month-to-month,74.95,212.4,2,0,0,Fiber optic,Electronic check,1,0,0,0,0,169.3,0
3786-WOVKF,72,One year,106.85,7677.4,1,0,1,Fiber optic,Bank transfer (automatic),1,1,1,0,4,317.5,0
4503-BDXBD,11,Month-to-month,74.95,815.5,4,0,0,Fiber optic,Electronic check,0,0,0,0,1,109.8,1
6086-ESGRL,1,Month-to-month,80.15,80.15,4,0,0,Fiber optic,Credit card (automatic),0,0,0,0,1,229.8,1
2592-HODOV,13,One year,19.3,259.65,4,0,0,No,Credit card (automatic),0,0,0,0,0,31.2,0
3886-CERTZ,72,One year,109.25,8109.8,1,1,0,Fiber optic,Electronic check,1,0,1,0,5,243.1,1
7995-ZHHNZ,42,One year,56.1,2386.85,2,0,1,DSL,Credit card (automatic),0,0,1,0,1,118.2,0
3824-RHKVR,17,Month-to-month,19.7,340.35,0,0,0,No,Credit card (automatic),0,0,0,0,0,33.9,0
5816-SCGFC,7,Month-to-month,51.3,419.35,2,0,0,DSL,Mailed check,1,1,0,0,1,69.0,0
5989-AXPUC,68,Two year,118.6,7990.05,0,1,1,Fiber optic,Mailed check,0,0,1,0,6,322.8,0
4979-HPRFL,56,Two year,24.15,1402.25,1,0,0,No,Bank transfer (automatic),0,0,1,1,0,46.7,0
8590-OHDIW,38,One year,20.3,749.35,3,0,0,No,Mailed check,0,0,1,1,0,39.7,0
8015-IHCGW,72,Two year,115.5,8425.15,0,1,1,Fiber optic,Electronic check,1,0,1,1,6,227.4,0
2332-TODQS,48,One year,25.05,1171.5,4,0,0,No,Credit card (automatic),0,0,0,0,0,50.9,0
9278-VZKCD,52,Month-to-month,109.1,5647.95,1,0,1,Fiber optic,Electronic check,1,1,1,0,5,251.5,0
8008-OTEZX,35,One year,19.65,708.8,2,0,0,No,Mailed check,0,0,1,1,0,40.4,0
2773-OVBPK,67,Two year,111.3,7567.2,2,1,0,Fiber optic,Bank transfer (automatic),1,0,1,0,5,228.3,0
5999-LCXAO,1,Month-to-month,29.9,29.9,2,0,1,DSL,Mailed check,0,0,0,0,1,46.1,0
5206-XZZQI,53,Month-to-month,80.6,4348.1,1,1,0,Fiber optic,Mailed check,1,0,0,0,2,102.0,0
4803-LBYPN,34,Month-to-month,20.8,635.9,1,0,0,No,Mailed check,0,0,1,1,0,33.1,0
5759-RCVCB,3,Month-to-month,35.2,108.95,4,0,0,DSL,Credit card (automatic),0,0,0,0,1,120.7,1
6372-RFVNS,1,Month-to-month,78.8,78.8,3,0,0,Fiber optic,Electronic check,0,0,1,0,1,189.2,1
2139-FQHLM,19,Month-to-month,89.95,1682.4,0,1,0,Fiber optic,Mailed check,0,0,0,0,3,185.2,0
8261-GWDBQ,60,Two year,116.05,6925.9,2,1,1,Fiber optic,Bank transfer (automatic),1,1,1,0,6,350.7,0
1093-YSWCA,11,Two year,19.55,223.15,1,0,0,No,Credit card (automatic),0,0,0,0,0,36.5,0
8938-UMKPI,47,Month-to-month,106.4,5127.95,2,0,0,Fiber optic,Electronic check,1,0,0,0,4,304.7,1
0991-BRRFB,18,Month-to-month,49.4,874.8,1,0,1,DSL,Electronic check,0,0,0,0,1,93.9,1
3882-IYOIJ,60,Two year,115.25,6758.45,2,1,1,Fiber optic,Credit card (automatic),0,0,1,1,6,284.1,0
8749-TZYEC,72,Two year,24.8,1874.3,1,0,0,No,Credit card (automatic),0,0,1,0,0,45.8,0
1755-FZQEC,39,One year,19.9,791.15,3,0,0,No,Mailed check,0,0,0,0,0,38.4,0
3115-JPJDD,59,One year,81.25,4639.45,0,0,1,Fiber optic,Credit card (automatic),1,0,1,0,2,172.2,0
5600-KTXFM,2,Month-to-month,69.95,143.9,3,0,0,Fiber optic,Mailed check,0,0,1,1,0,138.0,0
3871-IKPYH,1,Month-to-month,69.1,69.1,4,0,0,Fiber optic,Electronic check,0,1,0,0,0,141.7,1
6319-IEJWJ,20,Month-to-month,90.2,1776.55,3,0,0,Fiber optic,Electronic check,1,0,1,1,2,202.0,1
9025-AOMKI,6,Month-to-month,93.55,536.4,2,0,0,Fiber optic,Bank transfer (automatic),1,0,0,0,2,177.7,1
6339-TBELP,71,Two year,86.4,6172.0,1,1,0,Fiber optic,Credit card (automatic),1,0,0,0,2,163.6,0
7964-YESJC,24,Month-to-month,66.3,1559.45,2,0,1,DSL,Mailed check,0,0,1,0,3,122.6,0
6173-GOLSU,67,Month-to-month,94.65,6079.0,3,0,0,Fiber optic,Credit card (automatic),1,1,1,0,2,268.1,0
5275-SQEIZ,1,Month-to-month,80.85,80.85,5,0,0,Fiber optic,Mailed check,1,0,0,0,1,157.6,1
7716-YTYHG,48,One year,82.05,4029.95,3,0,0,Fiber optic,Mailed check,1,0,1,1,1,192.4,1
9938-ZREHM,37,One year,72.1,2658.4,2,1,0,DSL,Mailed check,0,0,1,0,3,142.7,0
7950-XWOVN,11,Month-to-month,34.7,383.55,5,0,0,DSL,Mailed check,0,0,0,0,2,63.5,0
4390-KYULV,3,Month-to-month,20.55,51.15,5,0,0,No,Credit card (automatic),1,0,1,0,0,36.7,1
4647-MUZON,18,Month-to-month,95.95,1745.5,2,0,0,Fiber optic,Credit card (automatic),1,0,1,0,3,246.7,0
9702-AIUJO,50,One year,44.8,2230.85,3,0,0,DSL,Bank transfer (automatic),1,0,1,1,0,84.7,0
8849-PRIQJ,67,One year,109.4,7281.6,1,1,1,Fiber optic,Electronic check,1,0,1,1,5,256.5,0
8851-RAGOV,25,Month-to-month,71.05,1837.7,0,1,1,DSL,Mailed check,1,0,1,0,4,167.8,0
1304-NECVQ,2,Month-to-month,78.55,149.55,2,0,0,Fiber optic,Electronic check,1,1,0,0,1,156.9,1
5396-IZEPB,9,Month-to-month,19.7,180.7,2,0,0,No,Credit card (automatic),0,0,0,0,0,43.8,0
1729-VLAZJ,10,One year,40.25,411.45,0,1,1,DSL,Mailed check,0,0,0,1,3,77.2,0
8285-ABVLB,70,Two year,19.85,1328.35,2,0,0,No,Credit card (automatic),0,0,1,0,0,40.3,0
0701-TJSEF,9,Month-to-month,68.25,576.95,0,1,1,DSL,Bank transfer (automatic),1,0,0,0,4,177.9,0
5712-VBOXD,4,Month-to-month,20.15,68.45,3,0,0,No,Credit card (automatic),1,0,0,0,0,45.6,0
6629-LADHQ,2,Month-to-month,50.95,123.05,1,0,1,DSL,Mailed check,0,0,0,0,1,121.4,0
8945-GRKHX,1,Month-to-month,78.65,78.65,4,0,0,Fiber optic,Electronic check,0,0,0,1,1,164.3,1
1559-DTODC,19,Month-to-month,25.15,468.35,0,0,0,DSL,Bank transfer (automatic),1,0,0,0,0,50.2,0
4797-MIWUM,7,Month-to-month,20.25,174.7,1,0,0,No,Bank transfer (automatic),1,0,1,1,0,38.2,0
6959-UWKHF,1,Month-to-month,42.9,42.9,4,0,0,DSL,Electronic check,1,0,0,0,0,96.2,1
8720-RQSBJ,1,Month-to-month,44.0,44.0,2,0,0,DSL,Electronic check,0,1,0,0,0,49.7,0
4537-CIBHB,9,One year,20.25,172.35,3,0,0,No,Mailed check,0,0,1,1,0,33.0,0
3815-SLMEF,3,Month-to-month,34.25,139.35,0,1,1,DSL,Mailed check,0,0,0,0,2,45.4,1
5154-VEKBL,9,Month-to-month,58.5,539.85,0,1,1,DSL,Mailed check,0,0,0,0,5,225.0,1
4324-AHJKS,5,Month-to-month,55.8,300.4,1,0,1,DSL,Credit card (automatic),0,0,0,0,2,105.0,0
4355-CVPVS,56,One year,88.9,4968.0,4,0,0,Fiber optic,Bank transfer (automatic),0,0,1,1,2,265.2,0
4495-LHSSK,18,Month-to-month,57.65,992.7,0,0,1,DSL,Mailed check,0,0,0,1,1,110.6,0
5655-JSMZM,49,Month-to-month,96.2,4718.25,4,0,0,Fiber optic,Electronic check,1,1,0,0,2,264.9,1
5915-ANOEI,70,Two year,79.15,5536.5,0,1,1,DSL,Mailed check,0,0,1,0,5,194.6,0
9861-PDSZP,72,Two year,108.05,7806.6,2,1,0,Fiber optic,Credit card (automatic),1,0,0,0,5,257.9,0
4505-EXZHB,6,Month-to-month,74.4,434.1,1,0,0,Fiber optic,Electronic check,0,1,0,0,1,92.5,1
7225-CBZPL,17,Month-to-month,94.8,1563.9,1,0,0,Fiber optic,Electronic check,1,1,1,0,2,264.0,0
6704-UTUKK,29,Month-to-month,45.9,1332.4,0,0,0,DSL,Electronic check,1,0,1,0,2,161.6,0
4587-VVTOX,6,Month-to-month,105.3,545.2,3,0,0,Fiber optic,Electronic check,1,0,1,0,4,247.0,1
2019-HDCZY,63,Two year,102.6,6296.75,0,0,0,Fiber optic,Electronic check,0,0,1,0,3,240.9,0
4652-NNHNY,16,Month-to-month,73.85,1284.2,1,0,0,Fiber optic,Bank transfer (automatic),1,0,1,0,0,160.0,1
8788-DOXSU,59,One year,61.35,3645.5,0,0,0,DSL,Bank transfer (automatic),1,0,0,0,2,133.8,0
7404-JLKQG,3,Month-to-month,57.55,161.45,2,0,0,DSL,Electronic check,0,0,0,0,2,120.8,0
7421-ZLUPA,8,Month-to-month,29.25,226.95,9,0,0,DSL,Mailed check,1,0,0,0,1,58.1,0
8972-HJWNV,7,Month-to-month,84.55,646.85,4,0,0,Fiber optic,Electronic check,1,1,1,0,1,235.9,1
3274-NSDWE,68,Two year,19.6,1441.65,2,0,0,No,Credit card (automatic),0,0,0,0,0,28.4,0
2632-IVXVF,68,Two year,111.75,7511.3,1,1,1,Fiber optic,Credit card (automatic),0,0,1,1,5,239.3,0
3692-JHONH,52,One year,106.5,5621.85,3,0,0,Fiber optic,Electronic check,1,1,1,0,4,228.7,0
8915-NNTRC,72,Two year,107.7,7919.8,0,1,1,Fiber optic,Credit card (automatic),1,0,1,1,5,290.7,0
5914-GXMDA,32,One year,19.3,593.2,0,0,0,No,Mailed check,0,0,1,0,0,37.8,0
7463-IFMQU,72,Two year,20.05,1423.65,3,0,0,No,Bank transfer (automatic),0,0,1,0,0,44.0,0
2920-RNCEZ,1,Month-to-month,69.95,69.95,5,0,0,Fiber optic,Credit card (automatic),1,0,1,1,0,125.2,0
2541-YGPKE,42,One year,63.7,2763.35,0,1,1,DSL,Credit card (automatic),0,0,1,1,3,149.2,0
8515-OCTJS,25,Two year,24.75,692.1,1,0,0,No,Credit card (automatic),0,0,0,0,0,40.6,1
5382-TEMLV,45,Month-to-month,50.9,2298.55,1,0,1,DSL,Bank transfer (automatic),1,0,0,0,1,107.7,0
3441-CGZJH,43,One year,60.4,2640.55,0,1,1,DSL,Credit card (automatic),1,0,1,1,5,171.9,0
9592-ERDKV,37,One year,79.25,2911.8,0,0,1,DSL,Mailed check,0,0,1,0,4,194.9,0
2860-RANUS,20,Month-to-month,85.8,1727.5,4,0,0,Fiber optic,Credit card (automatic),1,1,0,0,1,188.0,1
5261-QSHQM,4,Month-to-month,24.45,86.6,2,0,0,DSL,Electronic check,1,0,0,0,0,43.9,1
4778-IZARL,63,Two year,110.1,6705.7,0,1,1,Fiber optic,Credit card (automatic),1,0,1,0,6,295.7,0
0432-CAJZV,3,Month-to-month,90.7,237.65,3,0,0,Fiber optic,Mailed check,0,0,0,0,2,220.3,0
7008-LZVOZ,66,Two year,25.3,1672.35,3,0,0,No,Credit card (automatic),1,0,1,1,0,57.8,0
8868-WOZGU,28,Month-to-month,105.7,2979.5,4,0,0,Fiber optic,Electronic check,1,0,0,0,4,350.1,1
1200-TUZHR,8,Month-to-month,85.2,695.75,1,0,0,Fiber optic,Electronic check,0,1,0,0,1,160.4,0
9365-CSLBQ,71,Two year,24.35,1654.6,2,0,0,No,Mailed check,0,0,0,1,0,44.9,0
1334-FJSVR,1,Month-to-month,24.25,24.25,2,0,0,DSL,Electronic check,1,0,0,0,0,37.0,1
5884-FBCTL,72,Two year,25.1,1857.85,2,0,0,No,Bank transfer (automatic),0,0,1,1,0,43.3,0
7130-CTCUS,16,Month-to-month,54.55,825.1,3,0,1,DSL,Bank transfer (automatic),1,1,1,0,2,79.8,0
6242-FEGFD,66,Two year,96.6,6424.25,0,1,1,Fiber optic,Mailed check,0,0,1,0,4,166.6,0
7625-XCQRH,11,Month-to-month,76.5,837.95,4,0,0,Fiber optic,Electronic check,1,0,0,0,0,143.6,1
6194-HBGQN,51,One year,81.15,4126.2,0,1,1,DSL,Credit card (automatic),1,0,0,0,5,191.2,0
7634-WSWDB,8,Month-to-month,38.5,330.8,3,0,1,DSL,Electronic check,1,0,0,1,2,87.0,0
6986-IXNDM,14,Month-to-month,92.9,1337.45,4,0,0,Fiber optic,Electronic check,1,0,0,0,2,171.7,0
1731-TVIUK,4,Month-to-month,93.5,362.2,1,1,0,Fiber optic,Electronic check,1,0,0,0,3,149.6,1
2987-BJXIK,70,Two year,84.7,5991.05,0,0,1,DSL,Mailed check,0,0,0,0,5,276.2,0
9769-TSBZE,70,Two year,66.0,4891.5,0,1,1,DSL,Electronic check,0,0,0,1,3,115.7,0
0406-BPDVR,54,One year,101.5,5373.1,1,0,0,Fiber optic,Credit card (automatic),1,1,1,0,3,266.0,1
0618-XWMSS,28,Month-to-month,74.9,2068.55,2,0,1,Fiber optic,Bank transfer (automatic),1,0,0,1,1,165.0,1
1395-WSWXR,24,Two year,20.75,487.05,1,0,0,No,Mailed check,0,0,0,0,0,31.7,0
6023-GSSXW,69,Two year,61.45,4131.2,1,0,0,DSL,Credit card (automatic),1,0,1,0,2,160.4,0
6752-APNJL,42,Month-to-month,54.5,2301.15,2,0,1,DSL,Mailed check,0,0,1,1,2,88.1,0
5276-KQWHG,2,Month-to-month,69.6,131.65,3,0,0,Fiber optic,Electronic check,1,1,0,0,0,129.1,1
0420-HLGXF,39,Month-to-month,99.75,4036.0,2,0,0,Fiber optic,Electronic check,1,1,0,0,3,185.1,0
7446-KQISO,45,Two year,109.75,4900.65,1,1,0,Fiber optic,Bank transfer (automatic),1,0,1,1,5,260.8,0
9823-EALYC,72,Two year,80.85,5727.45,0,1,1,DSL,Bank transfer (automatic),1,0,1,1,5,183.7,0
0582-AVCLN,38,Two year,20.3,743.05,4,0,0,No,Mailed check,0,0,0,0,0,37.2,0
5803-NQJZO,72,Two year,67.8,4804.65,0,1,1,DSL,Bank transfer (automatic),1,0,1,0,4,95.4,0
2565-JSLRY,1,Month-to-month,24.05,24.05,3,0,0,No,Mailed check,1,0,0,0,0,41.7,1
2607-DHDAK,72,Two year,19.8,1414.65,1,0,0,No,Credit card (automatic),1,0,1,1,0,40.5,0
1073-XXCZD,55,Two year,25.7,1443.65,3,0,0,No,Bank transfer (automatic),0,0,1,0,0,45.7,0
0743-HRVFF,51,One year,56.15,2898.95,0,1,0,DSL,Electronic check,1,0,1,1,4,205.0,0
4006-HKYHO,63,Two year,86.7,5309.5,0,1,1,DSL,Bank transfer (automatic),1,0,0,0,6,260.2,0
3727-JEZTU,1,Month-to-month,20.4,20.4,1,0,0,No,Mailed check,0,0,0,0,0,38.1,0
8143-ETQTI,23,Two year,19.65,451.55,2,0,0,No,Mailed check,1,0,1,1,0,33.4,0
6689-KXGBO,1,Month-to-month,50.55,50.55,2,0,0,DSL,Electronic check,0,0,0,0,1,92.1,1
9667-TKTVZ,2,Month-to-month,54.35,117.05,0,1,0,DSL,Mailed check,1,0,0,0,1,83.9,0
3657-COGMW,52,Month-to-month,108.1,5839.3,1,0,1,Fiber optic,Credit card (automatic),0,1,0,0,5,302.8,0
8570-KLJYJ,36,One year,54.45,1893.5,0,0,1,DSL,Mailed check,0,0,0,0,1,103.0,0
7754-IXRMC,1,Month-to-month,45.35,45.35,2,0,0,DSL,Mailed check,0,0,0,0,0,96.6,0
9473-CBZOP,28,One year,59.0,1654.45,2,0,1,DSL,Mailed check,0,0,0,0,2,143.0,0
2969-WGHQO,7,One year,69.45,477.05,2,0,1,DSL,Electronic check,0,0,1,1,4,186.6,0
6615-NGGZJ,14,Month-to-month,100.55,1415.55,1,0,0,Fiber optic,Electronic check,1,0,0,0,3,284.0,1
4334-HOWRP,72,Two year,64.95,4546.0,0,1,1,DSL,Credit card (automatic),1,1,1,0,6,202.9,0
4255-DDUOU,1,Month-to-month,20.5,20.5,2,0,0,No,Mailed check,1,0,1,1,0,41.8,1
5863-OOKCL,10,Month-to-month,18.85,163.2,4,0,0,No,Mailed check,0,0,0,0,0,41.2,0
1686-STUHN,42,One year,19.8,849.9,1,0,0,No,Bank transfer (automatic),0,0,0,0,0,34.1,0
1329-VHWNP,7,Month-to-month,25.05,189.95,2,0,0,DSL,Bank transfer (automatic),0,0,0,0,0,36.4,0
2984-MIIZL,4,Month-to-month,74.8,321.9,2,0,0,Fiber optic,Bank transfer (automatic),1,0,0,0,1,106.7,1
0266-GMEAO,72,Two year,114.3,8058.55,0,1,1,Fiber optic,Credit card (automatic),1,0,1,1,6,329.7,0
5590-YRFJT,20,Month-to-month,24.45,482.8,2,0,0,DSL,Electronic check,1,0,1,0,0,47.2,1
5574-NXZIU,63,Two year,109.2,7049.75,0,1,1,Fiber optic,Credit card (automatic),0,0,0,0,6,299.6,0
0019-GFNTW,56,Two year,45.05,2560.1,0,1,1,DSL,Bank transfer (automatic),0,0,0,0,4,60.3,0
4256-ZWTZI,5,Month-to-month,51.0,286.8,3,1,0,DSL,Mailed check,1,0,0,1,1,84.0,0
8309-PPCED,72,Two year,110.45,7982.5,1,1,0,Fiber optic,Bank transfer (automatic),1,0,1,0,5,212.5,0
4098-NAUKP,68,Month-to-month,84.65,5683.6,3,0,0,Fiber optic,Electronic check,1,1,1,1,2,125.8,0
5196-WPYOW,67,One year,60.05,3994.05,0,1,1,DSL,Mailed check,0,0,1,1,3,98.8,0
4608-LCIMN,8,Month-to-month,44.65,369.15,2,0,0,DSL,Bank transfer (automatic),0,0,1,1,0,72.0,0
1485-YDHMM,52,Month-to-month,93.25,4631.7,1,1,0,Fiber optic,Bank transfer (automatic),1,0,1,1,3,258.6,0
4054-CUMIA,18,Month-to-month,20.25,401.95,4,0,0,No,Mailed check,1,0,1,1,0,29.4,0
0603-TPMIB,59,Two year,25.45,1534.05,1,0,0,No,Mailed check,0,0,1,1,0,41.5,0
2525-GVKQU,60,Two year,20.6,1093.0,5,0,0,No,Mailed check,0,0,0,0,0,32.8,0
8161-QYMTT,7,Month-to-month,94.1,701.3,5,0,0,Fiber optic,Electronic check,1,0,0,0,2,252.4,0
9581-GVBXT,59,One year,34.8,1980.3,2,0,1,DSL,Mailed check,0,0,1,1,2,69.7,0
5862-BRIXZ,46,Two year,60.75,2893.4,0,1,1,DSL,Bank transfer (automatic),1,0,0,0,5,166.2,0
5404-GGUKR,5,Month-to-month,51.35,262.3,5,0,0,DSL,Electronic check,1,0,0,0,1,68.8,0
3308-JSGML,59,Two year,64.05,3886.85,0,1,1,DSL,Credit card (automatic),1,1,1,0,5,182.6,0
2126-GSEGL,70,Two year,84.8,5917.55,1,1,0,DSL,Bank transfer (automatic),1,0,1,0,5,247.1,0
3677-TNKIO,14,Month-to-month,71.0,914.0,2,0,0,Fiber optic,Credit card (automatic),1,0,0,0,0,106.6,1
0440-QEXBZ,44,Month-to-month,50.15,2139.1,1,0,0,DSL,Mailed check,1,0,0,0,0,103.8,0
2434-EEVDB,64,Two year,94.6,5948.7,2,0,1,Fiber optic,Credit card (automatic),1,0,1,0,3,177.6,0
6762-QVYJO,58,Two year,59.75,3624.35,0,1,1,DSL,Mailed check,0,0,1,1,5,169.1,0
6199-IWKGC,46,One year,100.25,4753.85,0,1,0,Fiber optic,Electronic check,0,1,1,0,3,242.6,0
2675-DHUTR,58,Month-to-month,98.9,5780.7,3,0,0,Fiber optic,Electronic check,1,1,1,0,3,334.0,0
8152-VETUR,72,Two year,97.7,6869.7,3,0,0,Fiber optic,Credit card (automatic),1,0,1,0,3,286.8,0
9667-EQRXU,30,Month-to-month,40.3,1172.95,0,0,0,DSL,Electronic check,1,1,0,0,2,118.7,1
7446-YPODE,11,Month-to-month,60.25,662.95,2,0,1,DSL,Bank transfer (automatic),0,1,0,0,2,91.7,0
9522-BNTHX,34,Month-to-month,56.25,1765.95,4,0,0,DSL,Electronic check,1,1,0,0,4,150.3,0
4676-WLUHT,54,Two year,46.2,2431.95,0,0,1,DSL,Bank transfer (automatic),0,0,0,0,3,110.0,0
3329-WDIOK,3,Month-to-month,50.6,155.35,2,0,0,DSL,Electronic check,1,0,0,0,3,213.2,1
7980-MHFLQ,72,Two year,24.9,1859.2,3,0,0,No,Mailed check,0,0,1,1,0,53.8,0
2873-ZLIWT,40,Month-to-month,84.85,3303.05,1,1,0,Fiber optic,Electronic check,1,0,1,1,2,156.2,1
3415-TAILE,2,Month-to-month,65.7,134.35,3,0,0,DSL,Mailed check,0,0,1,1,2,176.9,1
0757-WCUUZ,54,Two year,63.35,3409.1,3,0,0,DSL,Credit card (automatic),0,0,1,1,2,112.4,0
1629-DQQVB,14,Month-to-month,50.1,709.5,1,0,1,DSL,Bank transfer (automatic),0,0,0,0,1,83.9,0
1915-IOFGU,1,Month-to-month,70.5,70.5,1,0,0,Fiber optic,Electronic check,0,0,0,0,0,137.1,1
3045-XETSH,10,Month-to-month,94.85,953.45,0,0,0,Fiber optic,Electronic check,1,0,0,0,3,228.9,1
0374-AACSZ,1,Month-to-month,50.15,50.15,2,0,1,DSL,Electronic check,0,0,0,0,1,95.7,0
7239-HZZCX,1,Month-to-month,19.75,19.75,3,0,0,No,Mailed check,0,0,0,0,0,31.7,1
4872-VXRIL,56,One year,64.65,3665.55,0,1,1,DSL,Bank transfer (automatic),1,0,0,0,3,125.6,0
9140-CZQZZ,68,Two year,79.6,5515.8,1,1,1,DSL,Bank transfer (automatic),1,0,1,0,5,217.9,0
3423-HHXAO,14,One year,19.5,272.0,3,0,0,No,Mailed check,1,0,1,1,0,39.9,0
9938-TKDGL,68,Two year,99.55,6668.0,0,1,1,Fiber optic,Electronic check,1,0,1,1,4,269.5,0
0531-ZZJWQ,55,Month-to-month,74.0,4052.4,5,0,0,Fiber optic,Electronic check,1,1,1,0,0,149.1,0
6537-QLGEX,16,Month-to-month,38.9,664.4,0,0,1,DSL,Electronic check,1,0,0,0,2,115.7,0
2688-BHGOG,9,Month-to-month,79.55,718.55,5,0,0,Fiber optic,Electronic check,1,1,0,0,1,170.0,0
7683-CBDKJ,14,Month-to-month,65.45,937.6,0,0,1,DSL,Electronic check,1,0,1,1,3,186.4,1
0946-CLJTI,58,Month-to-month,98.7,5812.6,3,0,0,Fiber optic,Electronic check,1,1,1,0,3,216.8,1
3160-TYXLT,53,Month-to-month,46.3,2546.85,2,0,1,DSL,Bank transfer (automatic),1,0,0,0,3,136.1,0
1325-USMEC,70,Two year,99.35,6944.5,3,0,1,Fiber optic,Credit card (automatic),1,0,1,0,4,204.2,0
0916-QOFDP,14,Month-to-month,95.8,1346.3,1,0,0,Fiber optic,Electronic check,1,1,1,1,2,238.4,0
0628-CNQRM,22,One year,67.5,1544.05,0,1,1,DSL,Bank transfer (automatic),1,0,1,1,4,168.4,1
5606-AMZBO,10,Month-to-month,78.15,765.15,0,0,1,Fiber optic,Credit card (automatic),1,0,1,0,1,129.5,0
6199-IPCAO,29,Two year,26.1,692.55,2,0,0,No,Mailed check,0,0,1,1,0,39.7,0
7665-TOALD,1,Month-to-month,69.6,69.6,3,0,0,Fiber optic,Electronic check,1,0,0,0,0,107.6,1
0112-QWPNC,49,One year,84.35,4059.35,0,1,1,DSL,Electronic check,0,0,1,0,5,192.0,1
0324-BRPCJ,68,Month-to-month,100.2,6851.65,3,0,0,Fiber optic,Electronic check,1,1,1,0,3,261.6,1
2777-PHDEI,1,Month-to-month,78.05,78.05,3,0,0,Fiber optic,Electronic check,0,0,0,0,1,189.4,1
5640-CAXOA,30,One year,40.35,1187.05,3,1,0,DSL,Credit card (automatic),1,0,0,0,2,111.3,0
2235-EZAIK,72,Two year,79.2,5401.9,0,1,1,DSL,Credit card (automatic),0,0,1,0,5,139.3,0
3847-BAERP,10,Month-to-month,20.9,247.0,3,0,0,No,Mailed check,1,0,0,0,0,38.4,0
1196-AMORA,7,Month-to-month,73.6,520.0,0,0,0,Fiber optic,Electronic check,0,0,0,0,0,151.8,1
4282-YMKNA,9,Month-to-month,74.75,706.6,2,0,0,Fiber optic,Electronic check,1,0,0,0,0,111.2,1
1453-RZFON,1,Month-to-month,49.9,49.9,2,0,1,DSL,Mailed check,0,0,0,1,1,77.5,0
8263-OKETD,20,Month-to-month,68.9,1370.35,1,1,0,DSL,Credit card (automatic),1,0,0,0,3,187.1,0
0670-KDOMA,1,Month-to-month,20.25,20.25,2,0,0,No,Mailed check,1,0,0,0,0,35.5,0
2476-YGEFM,29,Month-to-month,76.0,2215.25,4,0,0,Fiber optic,Credit card (automatic),1,0,0,0,0,159.5,0
8687-BAFGU,1,Month-to-month,74.0,74.0,2,1,0,Fiber optic,Electronic check,0,0,0,0,1,126.5,0
0641-EVBOJ,3,Month-to-month,82.3,214.4,0,1,1,Fiber optic,Mailed check,1,0,0,0,2,115.8,0
0829-XXPLX,20,Month-to-month,89.4,1871.15,0,0,1,Fiber optic,Bank transfer (automatic),1,0,0,0,3,199.9,0
9974-JFBHQ,64,Month-to-month,99.15,6171.2,2,1,0,Fiber optic,Credit card (automatic),1,0,0,1,4,256.6,0
5356-RHIPP,1,Month-to-month,20.2,20.2,3,0,0,No,Mailed check,1,0,0,0,0,38.0,1
6624-JDRDS,6,Month-to-month,29.45,161.45,0,0,1,DSL,Bank transfer (automatic),0,0,0,0,1,46.2,0
0608-JDVEC,50,Two year,19.8,1013.2,4,0,0,No,Electronic check,0,0,1,0,0,33.2,0
9780-FKVVF,6,Month-to-month,59.15,336.7,3,0,1,DSL,Bank transfer (automatic),1,0,0,0,2,192.2,0
1919-RTPQD,7,Month-to-month,44.75,333.65,3,0,0,DSL,Electronic check,0,0,1,1,0,73.8,0
5214-NLTIT,72,Two year,90.8,6511.8,1,0,0,Fiber optic,Credit card (automatic),1,0,1,1,2,252.9,0
3345-PBBFH,8,Month-to-month,49.55,393.45,2,0,0,DSL,Bank transfer (automatic),1,0,1,0,1,73.9,0
5055-BRMNE,67,Two year,106.7,7009.5,0,1,1,Fiber optic,Credit card (automatic),0,0,1,1,4,281.9,0
9189-JWSHV,24,Month-to-month,93.55,2264.05,4,0,0,Fiber optic,Electronic check,1,1,1,0,2,262.8,1
2190-PHBHR,72,Two year,94.45,6921.7,1,0,1,Fiber optic,Credit card (automatic),1,0,1,0,3,238.2,0
2650-GYRYL,33,One year,19.45,600.25,0,0,0,No,Bank transfer (automatic),1,0,1,1,0,35.0,0
0746-JTRFU,2,Month-to-month,25.05,56.35,6,0,0,DSL,Electronic check,1,0,0,0,0,40.7,1
5208-FVQKB,70,Two year,67.95,4664.15,0,1,1,DSL,Mailed check,0,0,1,0,4,165.1,0
7184-LRUUR,22,One year,65.25,1441.8,5,0,0,DSL,Bank transfer (automatic),0,0,0,0,3,122.0,0
6627-CFOSN,59,Month-to-month,99.45,5623.7,1,0,1,Fiber optic,Bank transfer (automatic),1,0,0,0,4,135.8,0
3982-JGSFD,36,One year,20.35,695.85,2,0,0,No,Credit card (automatic),1,0,0,0,0,28.0,0
1574-DYCWE,51,Two year,19.95,1028.75,1,0,0,No,Mailed check,0,0,1,1,0,44.6,0
7247-XOZPB,53,One year,77.4,4155.95,0,1,1,DSL,Bank transfer (automatic),0,0,1,0,4,202.4,0
2466-FCCPT,20,One year,19.7,395.6,2,0,0,No,Bank transfer (automatic),0,0,1,1,0,45.5,0
6211-WWLTF,63,Two year,99.7,6330.4,0,0,1,Fiber optic,Credit card (automatic),0,0,1,0,4,279.3,0
4826-TZEVA,40,Month-to-month,74.8,2971.7,4,0,0,Fiber optic,Credit card (automatic),0,0,0,0,1,104.7,0
6016-NXBNJ,35,One year,19.15,638.0,2,0,0,No,Mailed check,1,0,0,0,0,29.3,0
9138-EFSMO,26,One year,78.95,2034.25,3,0,0,Fiber optic,Bank transfer (automatic),0,0,1,1,1,191.0,0
0576-WNXXC,27,Month-to-month,95.55,2510.2,3,0,0,Fiber optic,Electronic check,1,1,1,0,3,185.3,1
4632-XJMEX,53,One year,62.85,3419.5,1,1,1,DSL,Credit card (automatic),0,0,0,1,3,96.9,0
8910-LEDAG,34,Month-to-month,71.55,2427.35,3,0,0,Fiber optic,Credit card (automatic),0,1,1,0,0,107.6,0
3452-GWUIN,19,Month-to-month,94.95,1760.25,1,0,0,Fiber optic,Electronic check,1,1,1,0,2,222.0,0
2716-GFZOR,43,Month-to-month,86.1,3551.65,3,0,1,Fiber optic,Credit card (automatic),1,0,1,0,3,110.1,0
3724-UCSHY,6,Month-to-month,19.55,122.9,2,0,0,No,Mailed check,0,0,1,1,0,37.5,0
8626-XHBIE,56,Two year,24.8,1424.2,0,0,0,No,Mailed check,1,0,0,1,0,39.8,0
4628-CTTLA,57,Month-to-month,39.3,2111.45,1,0,0,DSL,Electronic check,1,0,0,0,2,132.1,1
3192-LNKRK,34,Month-to-month,84.05,2909.95,3,0,0,Fiber optic,Mailed check,1,0,1,1,2,239.7,0
4439-YRNVD,10,Month-to-month,36.25,374.0,0,1,0,DSL,Electronic check,0,0,0,0,2,64.6,0
2876-VBBBL,1,Month-to-month,20.25,20.25,3,0,0,No,Mailed check,1,0,0,0,0,42.3,1
6834-NXDCA,13,Month-to-month,23.9,300.8,2,0,0,DSL,Electronic check,1,0,0,0,0,50.3,1
2208-UGTGR,56,Month-to-month,98.6,5581.05,1,0,0,Fiber optic,Electronic check,0,0,0,0,3,265.9,0
3005-TYFRD,55,Month-to-month,103.65,5676.65,4,0,0,Fiber optic,Credit card (automatic),1,0,1,0,4,259.6,0
8670-MEFCP,36,Two year,92.9,3379.25,0,1,1,DSL,Credit card (automatic),1,0,1,1,6,295.6,0
3079-BCHLN,47,One year,19.9,942.95,0,0,0,No,Bank transfer (automatic),0,0,1,0,0,39.5,0
7777-UNYHB,12,Month-to-month,20.1,232.4,1,0,0,No,Credit card (automatic),1,0,1,1,0,35.2,0
5597-GLBUC,1,Month-to-month,85.45,85.45,6,0,0,Fiber optic,Electronic check,1,0,0,0,2,179.2,1
7278-CKDNC,24,Month-to-month,80.5,2088.45,3,0,0,Fiber optic,Electronic check,1,1,0,0,1,145.1,0
2748-MYRVK,63,One year,99.9,6137.0,2,0,0,Fiber optic,Bank transfer (automatic),0,0,0,0,3,297.1,1
8450-UYIBU,35,Month-to-month,39.85,1434.6,1,0,0,DSL,Electronic check,1,1,0,0,2,123.5,0
2969-VAPYH,67,One year,60.5,3870.0,0,1,1,DSL,Credit card (automatic),0,0,0,0,3,99.2,0
4822-YCXMX,25,Month-to-month,84.8,2043.45,6,0,0,Fiber optic,Electronic check,1,0,0,0,1,188.4,1
7181-OQCUT,21,Month-to-month,103.85,2215.0,3,0,1,Fiber optic,Mailed check,0,0,0,0,4,273.9,0
8474-UMLNT,13,Month-to-month,67.8,842.25,0,1,1,DSL,Bank transfer (automatic),0,0,0,0,4,152.1,0
9821-POOTN,35,Month-to-month,75.2,2576.2,2,0,0,Fiber optic,Electronic check,1,0,1,0,0,133.7,1
3836-FZSDJ,71,Two year,24.85,1901.0,3,0,0,No,Bank transfer (automatic),0,1,1,0,0,38.1,0
9142-XMYJH,29,Month-to-month,19.35,601.6,1,0,0,No,Credit card (automatic),0,0,0,0,0,30.6,0
6559-ILWKJ,71,Two year,49.35,3515.25,1,0,0,DSL,Electronic check,0,0,1,0,3,176.4,1
0187-QSXOE,7,Month-to-month,89.0,605.45,4,0,0,Fiber optic,Electronic check,1,1,1,0,2,249.1,0
7733-UDMTP,57,Month-to-month,55.0,3094.05,2,0,0,DSL,Electronic check,1,1,0,0,4,170.9,0
2649-HWLYB,65,Two year,76.15,4929.55,1,1,1,DSL,Bank transfer (automatic),0,0,1,0,4,235.4,0
5214-CHIWJ,27,One year,20.3,595.05,0,0,0,No,Mailed check,0,0,0,0,0,35.6,0
4229-CZMLL,6,Month-to-month,74.9,469.8,1,0,0,Fiber optic,Electronic check,1,0,0,0,0,149.3,1
6904-JLBGY,72,Two year,117.35,8436.25,0,1,1,Fiber optic,Credit card (automatic),1,1,0,0,6,303.9,0
2465-BLLEU,1,Month-to-month,19.75,19.75,5,0,0,No,Mailed check,1,0,0,0,0,33.0,0
1685-VAYJF,11,Month-to-month,45.2,492.0,2,0,0,DSL,Credit card (automatic),0,0,0,0,0,89.9,0
8874-EJNSR,39,Two year,25.2,987.95,2,0,0,No,Mailed check,0,0,1,1,0,53.0,0
6917-YACBP,59,Month-to-month,89.75,5496.9,2,0,1,Fiber optic,Electronic check,1,1,0,0,3,162.1,0
5049-MUBWG,26,One year,75.0,1908.35,0,1,1,DSL,Bank transfer (automatic),0,0,0,0,4,231.6,0
4223-WOZCM,2,Month-to-month,49.95,107.1,3,0,0,DSL,Mailed check,0,1,0,0,1,128.6,0
0769-MURVM,72,Two year,65.7,4575.35,0,1,1,DSL,Bank transfer (automatic),0,0,1,1,6,172.1,0
9253-VIFJQ,65,One year,67.05,4309.55,1,0,1,DSL,Credit card (automatic),0,0,1,0,3,117.2,0
7030-FZTFM,72,Two year,110.9,7922.75,4,1,0,Fiber optic,Credit card (automatic),0,0,1,1,5,304.3,0
9741-YLNTD,6,Month-to-month,87.95,522.35,4,1,0,Fiber optic,Bank transfer (automatic),1,0,0,0,2,198.7,0
5917-RYRMG,32,One year,19.8,587.7,3,0,0,No,Credit card (automatic),0,1,0,0,0,31.3,0
5120-ZBLAI,50,One year,75.7,3876.2,1,0,0,DSL,Bank transfer (automatic),0,0,1,0,3,200.9,0
1194-BHJYC,61,Two year,62.15,3778.85,0,1,1,DSL,Mailed check,1,0,1,0,5,185.5,0
3663-MITLP,15,Month-to-month,101.25,1457.25,5,0,0,Fiber optic,Electronic check,1,0,0,0,4,252.0,1
0906-QVPMS,72,Two year,115.15,8349.45,0,1,1,Fiber optic,Bank transfer (automatic),0,0,1,0,6,290.2,0
9025-ZRPVR,9,Month-to-month,18.95,185.6,2,0,0,No,Mailed check,1,0,0,0,0,42.4,1
1905-OEILC,1,Month-to-month,19.5,19.5,3,0,0,No,Mailed check,0,0,0,0,0,36.4,0
7858-GTZSP,12,Month-to-month,86.55,1066.9,7,0,0,Fiber optic,Electronic check,1,0,0,0,1,185.1,0
3285-UCQVC,37,Month-to-month,28.6,973.55,1,1,0,DSL,Credit card (automatic),0,0,0,0,1,57.0,1
6248-BSHKG,61,One year,20.4,1226.45,2,0,0,No,Mailed check,0,0,1,1,0,40.4,0
4685-TFLLS,18,One year,19.8,342.3,2,0,0,No,Bank transfer (automatic),0,0,1,1,0,30.0,0
3470-BTGQO,21,Month-to-month,45.65,985.05,2,0,0,DSL,Mailed check,0,0,0,1,0,74.8,0
1209-VFFOC,68,Two year,56.4,3948.45,0,1,1,DSL,Mailed check,1,0,1,1,5,118.5,0
8224-DWCKX,12,Month-to-month,73.3,828.05,4,0,0,Fiber optic,Credit card (automatic),1,1,0,0,0,138.9,0
5482-PLVPE,2,Month-to-month,24.35,41.85,3,0,0,DSL,Electronic check,0,1,0,0,0,49.6,1
4553-DVPZG,62,Month-to-month,101.35,6164.7,6,0,0,Fiber optic,Electronic check,1,0,1,0,3,254.4,0
4902-OHLSK,29,Month-to-month,98.65,2862.75,4,1,0,Fiber optic,Electronic check,0,1,0,0,3,306.2,1
6917-IAYHD,1,Month-to-month,33.6,33.6,0,1,0,DSL,Mailed check,0,0,0,1,2,55.4,0
0495-ZBNGW,5,Month-to-month,79.9,343.95,5,0,0,Fiber optic,Bank transfer (automatic),1,1,1,0,1,137.3,1
8620-RJPZN,1,Month-to-month,20.7,20.7,0,0,0,No,Electronic check,0,0,0,0,0,37.0,0
7572-KPVKK,62,Two year,104.05,6590.5,0,1,0,Fiber optic,Electronic check,1,0,0,1,4,275.4,0
2642-MAWLJ,36,Two year,20.25,717.95,3,0,0,No,Bank transfer (automatic),0,0,1,1,0,45.6,0
2357-COQEK,28,Month-to-month,103.3,2890.65,2,1,0,Fiber optic,Electronic check,1,1,0,0,4,222.3,1
7103-ZGVNT,69,One year,73.7,4885.85,0,1,1,DSL,Credit card (automatic),0,0,1,1,4,187.8,0
3737-GCSPV,11,Month-to-month,96.2,1222.05,1,1,1,Fiber optic,Credit card (automatic),1,0,1,0,3,216.3,1
2027-WKXMW,63,Month-to-month,108.75,6871.7,3,1,0,Fiber optic,Electronic check,1,0,1,0,5,325.5,0
7137-NAXML,23,One year,20.15,405.6,4,0,0,No,Bank transfer (automatic),0,0,0,0,0,29.1,0
2428-ZMCTB,10,Month-to-month,19.75,208.25,2,0,0,No,Credit card (automatic),0,0,0,0,0,29.5,0
2961-VNFKL,71,Two year,25.95,1801.9,1,0,0,No,Credit card (automatic),1,0,1,0,0,58.8,0
1768-HNVGJ,45,Month-to-month,70.05,3062.45,0,1,1,DSL,Electronic check,1,1,0,0,3,198.0,0
6963-KQYQB,70,Two year,24.05,1764.75,1,0,0,No,Mailed check,0,0,1,1,0,50.4,0
5934-RMPOV,22,Month-to-month,84.75,1816.75,2,0,0,Fiber optic,Electronic check,1,0,0,1,1,189.6,0
1207-BLKSA,52,Two year,23.05,1255.1,0,0,0,No,Mailed check,0,0,1,1,0,48.2,0
4088-YLDSU,55,One year,104.15,5743.05,4,1,0,Fiber optic,Electronic check,1,0,1,0,4,268.8,1
8316-BBQAY,65,Two year,59.95,3921.1,1,1,1,DSL,Credit card (automatic),0,0,0,0,5,157.9,0
1166-PQLGG,72,Two year,19.55,1463.45,1,0,0,No,Bank transfer (automatic),0,0,1,1,0,34.6,0
3146-JTQHR,10,One year,19.6,189.45,0,0,0,No,Bank transfer (automatic),0,0,1,0,0,34.0,0
4291-YZODP,7,One year,20.05,96.8,6,0,0,No,Mailed check,0,0,0,1,0,30.6,0
4395-PZMSN,5,Month-to-month,85.55,408.5,1,0,0,Fiber optic,Electronic check,1,1,0,0,2,177.9,0
6427-FEFIG,24,Two year,78.6,1846.65,0,0,1,DSL,Credit card (automatic),0,0,1,1,4,199.1,0
0017-IUDMW,72,Two year,116.8,8456.75,1,1,1,Fiber optic,Credit card (automatic),1,0,1,1,6,313.9,0
8706-HRADD,21,Month-to-month,43.55,1011.5,1,1,1,DSL,Mailed check,1,0,0,0,3,136.0,0
9955-QOPOY,69,One year,60.8,4263.4,1,1,0,DSL,Credit card (automatic),1,0,1,0,5,221.8,0
4385-ZKVNW,44,Month-to-month,54.9,2549.1,1,1,0,DSL,Bank transfer (automatic),1,0,1,1,2,115.4,0
5446-DKWYW,61,One year,65.2,3965.05,1,0,0,DSL,Electronic check,1,1,1,1,2,132.6,0
2034-CGRHZ,24,Month-to-month,102.95,2496.7,2,0,0,Fiber optic,Credit card (automatic),1,1,0,0,4,288.9,1
5797-APWZC,1,Month-to-month,90.6,90.6,2,0,0,Fiber optic,Electronic check,0,0,0,0,2,273.5,1
3683-QKIUE,6,Month-to-month,50.8,288.05,1,1,0,DSL,Bank transfer (automatic),1,0,0,0,1,97.4,1
4228-ZGYUW,4,Month-to-month,90.05,368.1,3,0,0,Fiber optic,Electronic check,1,0,0,0,2,174.1,1
9031-ZVQPT,72,Two year,108.2,7840.6,2,1,0,Fiber optic,Electronic check,1,0,1,0,5,155.5,0
2990-IAJSV,72,Two year,92.0,6632.75,0,1,1,DSL,Bank transfer (automatic),0,0,0,0,6,252.1,0
8107-KNCIM,14,Month-to-month,75.1,1013.35,1,0,0,Fiber optic,Electronic check,1,1,1,0,0,118.7,0
9027-YFHQJ,7,Month-to-month,25.05,152.95,0,0,0,No,Bank transfer (automatic),1,0,0,0,0,51.3,0
5176-LDKUH,48,One year,75.15,3772.65,0,0,0,Fiber optic,Electronic check,0,0,0,0,1,105.7,0
4644-OBGFZ,55,One year,19.5,1026.35,2,0,0,No,Mailed check,0,0,1,1,0,38.1,0
7926-IJOOU,1,Month-to-month,19.3,19.3,3,0,0,No,Credit card (automatic),0,0,0,0,0,32.6,0
6480-YAGIY,45,One year,112.2,5031.85,0,1,1,Fiber optic,Credit card (automatic),0,0,0,0,6,226.5,0
4029-HPFVY,3,Month-to-month,70.3,220.4,3,0,0,Fiber optic,Mailed check,1,0,0,0,0,118.3,0
7602-DBTOU,71,Two year,19.6,1416.5,2,0,0,No,Mailed check,0,0,1,0,0,34.6,0
5345-BMKWB,8,Month-to-month,20.25,158.35,2,0,0,No,Mailed check,0,0,1,0,0,41.1,0
3519-ZKXGG,3,Month-to-month,75.85,256.6,4,0,0,Fiber optic,Electronic check,1,0,1,0,0,153.2,1
5457-COLHT,69,Two year,80.65,5542.55,0,1,1,DSL,Bank transfer (automatic),0,0,1,1,5,267.6,0
6416-TVAIH,1,Month-to-month,68.5,68.5,2,0,0,Fiber optic,Electronic check,1,0,1,1,0,137.6,1
5451-YHYPW,72,Two year,115.75,8443.7,0,1,1,Fiber optic,Credit card (automatic),1,1,1,0,6,269.3,0
5108-ADXWO,11,Month-to-month,73.5,791.75,2,0,1,Fiber optic,Electronic check,1,0,0,0,1,123.9,1
7998-WNZEM,71,Two year,80.6,5708.2,0,1,1,DSL,Bank transfer (automatic),0,0,0,0,5,189.9,0
3066-RRJIO,1,Month-to-month,69.95,69.95,8,0,0,Fiber optic,Mailed check,1,0,0,0,0,119.7,1
4664-NJCMS,33,Two year,59.55,2016.3,0,1,1,DSL,Bank transfer (automatic),0,0,1,0,5,141.2,0
0307-BCOPK,16,One year,19.05,326.65,3,0,0,No,Mailed check,0,0,0,0,0,23.8,0
7629-WFGLW,56,One year,95.65,5471.75,0,1,1,Fiber optic,Electronic check,0,1,1,0,4,192.2,0
2542-HYGIQ,1,Month-to-month,19.95,19.95,4,0,0,No,Credit card (automatic),0,0,0,0,0,36.6,0
6715-OFDBP,5,Month-to-month,70.05,346.4,3,0,0,DSL,Electronic check,1,0,0,0,3,267.6,1
5016-LIPDW,57,One year,19.4,1061.6,1,0,0,No,Mailed check,0,0,1,1,0,32.3,0
6481-LXPWL,56,One year,36.1,1971.5,5,0,0,DSL,Credit card (automatic),1,0,1,1,2,75.3,0
1567-DSCIC,8,Month-to-month,94.0,773.65,2,0,0,Fiber optic,Electronic check,1,0,0,0,3,214.3,1
2150-UWTFY,22,Month-to-month,61.15,1422.05,0,0,1,DSL,Mailed check,0,0,1,1,3,118.3,1
6124-ACRHJ,1,Month-to-month,19.75,19.75,1,0,0,No,Mailed check,0,0,0,0,0,36.0,0
9362-MWODR,40,Month-to-month,64.1,2460.35,0,1,1,DSL,Credit card (automatic),1,0,0,1,3,181.5,0
9975-GPKZU,46,Two year,19.75,856.5,2,0,0,No,Credit card (automatic),0,0,1,1,0,38.4,0
9625-RZFUK,63,Two year,19.7,1275.85,0,0,0,No,Mailed check,0,0,1,1,0,33.0,0
5153-LXKDT,68,Two year,110.2,7467.5,1,0,1,Fiber optic,Electronic check,1,0,1,1,5,274.5,0
5161-UBZXI,69,Two year,106.35,7261.75,0,1,1,Fiber optic,Credit card (automatic),1,0,1,1,5,262.6,0
1020-JPQOW,56,Month-to-month,90.55,5116.6,0,1,0,Fiber optic,Electronic check,0,0,1,0,3,165.3,0
7919-ZODZZ,10,One year,65.9,660.05,3,0,0,DSL,Mailed check,1,0,1,1,3,164.3,0
0565-JUPYD,63,One year,104.5,6590.8,0,1,1,Fiber optic,Credit card (automatic),0,0,0,0,5,213.9,0
6867-ACCZI,24,Two year,52.5,1208.15,0,1,1,DSL,Mailed check,1,0,1,1,5,123.1,0
5939-XAIXZ,19,Month-to-month,56.1,1033.9,4,0,0,DSL,Mailed check,1,0,0,0,1,101.0,0
9054-FOWNV,22,Month-to-month,88.75,1885.15,3,0,0,Fiber optic,Electronic check,1,0,1,1,2,146.9,0
2683-BPJSO,29,Month-to-month,84.45,2467.1,2,0,1,Fiber optic,Electronic check,1,0,1,0,2,161.5,1
2157-MXBJS,13,One year,75.3,989.45,7,0,0,DSL,Mailed check,1,0,1,0,3,228.0,1
8207-VVMYB,70,Two year,26.0,2006.95,4,0,0,No,Bank transfer (automatic),1,0,1,0,0,25.1,0
9732-EQMWY,49,Month-to-month,99.4,5025.0,0,0,0,Fiber optic,Electronic check,0,0,1,0,4,216.8,0
9360-AHGNL,43,One year,109.55,4830.25,0,1,1,Fiber optic,Mailed check,1,1,1,0,5,276.7,1
1087-UDSIH,3,Month-to-month,19.6,59.75,3,0,0,No,Mailed check,1,0,0,0,0,23.4,1
5269-NRGDP,42,One year,73.15,3088.25,2,1,0,DSL,Electronic check,0,0,1,1,4,225.9,0
6195-MELTI,57,One year,54.65,3134.7,0,1,0,DSL,Mailed check,1,0,0,0,2,113.1,0
5485-WUYWF,2,Month-to-month,66.4,94.55,2,0,1,DSL,Bank transfer (automatic),0,1,0,0,3,171.1,1
2121-JAFOM,72,Two year,115.55,8312.4,0,1,1,Fiber optic,Credit card (automatic),1,0,1,0,6,329.2,0
8818-DOPVL,46,Month-to-month,104.45,4863.85,1,0,0,Fiber optic,Electronic check,1,1,0,0,4,264.2,0
2632-UCGVD,66,Month-to-month,100.05,6871.9,1,1,0,Fiber optic,Credit card (automatic),1,1,1,0,3,293.8,1
5445-PZWGX,62,One year,102.0,6529.25,1,1,1,Fiber optic,Electronic check,0,0,0,0,4,247.4,1
1227-UDMZR,72,Two year,91.15,6637.9,0,1,1,DSL,Bank transfer (automatic),1,0,1,0,6,239.7,0
5198-HQAEN,35,One year,89.7,3165.6,1,1,0,Fiber optic,Electronic check,1,0,1,1,3,204.3,0
9170-CCKOU,17,Month-to-month,90.2,1454.15,1,0,1,Fiber optic,Credit card (automatic),0,0,1,0,3,122.0,1
2167-FQSTQ,72,Two year,92.4,6786.1,1,1,1,DSL,Electronic check,1,0,1,0,6,196.6,0
2819-GWENI,28,One year,19.9,543.0,4,0,0,No,Mailed check,0,0,1,1,0,41.3,0
1043-YCUTE,56,Two year,25.15,1327.15,4,0,0,No,Credit card (automatic),1,0,1,0,0,52.4,1
3814-MLAXC,31,Month-to-month,79.85,2404.15,1,1,0,Fiber optic,Credit card (automatic),1,0,0,0,1,126.2,1
3572-UUHRS,45,One year,18.85,867.3,0,0,0,No,Bank transfer (automatic),0,0,0,0,0,26.2,0
2692-PFYTJ,1,Month-to-month,25.75,25.75,5,0,0,No,Mailed check,1,0,0,0,0,32.6,0
1226-UDFZR,2,Month-to-month,49.6,114.7,4,0,0,DSL,Mailed check,1,0,0,0,1,104.8,1
5955-EPOAZ,6,Month-to-month,20.95,109.5,1,0,0,No,Mailed check,1,0,0,0,0,39.7,0
6821-JPCDC,48,One year,97.05,4692.95,2,0,0,Fiber optic,Electronic check,1,0,1,0,4,328.0,0
8815-LMFLX,25,Month-to-month,25.4,546.85,2,0,0,No,Bank transfer (automatic),1,0,1,1,0,54.5,0
9135-HSWOC,64,Two year,19.7,1274.05,1,0,0,No,Bank transfer (automatic),1,0,1,1,0,46.3,0
8582-KRHPJ,50,Month-to-month,35.0,1782.4,0,0,1,DSL,Mailed check,1,0,0,0,2,70.9,0
5811-IWXYM,52,One year,101.25,5301.1,2,0,0,Fiber optic,Bank transfer (automatic),0,0,1,1,3,240.3,0
7044-YAACC,4,Month-to-month,70.2,280.35,4,0,0,Fiber optic,Electronic check,1,1,1,0,0,120.0,0
8189-XRIKE,32,Month-to-month,90.95,2897.95,3,0,0,Fiber optic,Electronic check,0,1,0,0,2,284.6,0
1506-YJTYT,45,Two year,73.85,3371.0,0,1,1,DSL,Credit card (automatic),0,0,1,1,4,135.9,0
4123-DVHPH,9,Month-to-month,88.05,801.3,2,0,1,Fiber optic,Electronic check,1,0,1,0,2,215.6,0
6425-YQLLO,66,One year,105.95,6975.25,1,1,0,Fiber optic,Credit card (automatic),1,1,1,0,4,254.0,1
5442-UTCVD,3,Month-to-month,91.85,257.05,3,0,0,Fiber optic,Electronic check,0,0,0,1,2,245.2,1
2228-BZDEE,54,Two year,20.1,1079.45,2,0,0,No,Mailed check,0,0,0,0,0,33.2,0
7734-DBOAI,1,Month-to-month,40.1,40.1,1,1,0,DSL,Electronic check,0,0,1,1,2,99.8,1
2789-CZANW,64,Two year,110.3,6997.3,1,1,1,Fiber optic,Bank transfer (automatic),0,0,1,1,5,318.7,0
2091-RFFBA,31,Month-to-month,73.9,2217.15,3,0,0,Fiber optic,Electronic check,1,1,0,0,0,68.6,1
2114-MGINA,14,Month-to-month,89.8,1129.1,5,0,0,Fiber optic,Mailed check,1,0,0,0,2,280.4,1
7596-LDUXP,12,One year,85.15,979.05,0,0,1,Fiber optic,Credit card (automatic),1,0,0,0,2,201.8,0
3740-RLMVT,67,One year,60.95,4119.4,0,1,1,DSL,Bank transfer (automatic),1,1,1,0,3,99.8,0
4489-SNOJF,35,Month-to-month,72.25,2568.55,0,1,1,DSL,Electronic check,0,0,1,1,4,187.0,1
2192-OZITF,45,Two year,73.55,3349.1,0,1,1,DSL,Mailed check,0,0,0,0,3,159.8,0
5651-CPDND,10,Month-to-month,46.0,492.1,1,0,0,DSL,Mailed check,0,0,0,0,0,90.6,0
2186-QZEYA,29,Month-to-month,58.55,1718.95,1,0,1,DSL,Bank transfer (automatic),1,1,0,0,2,106.8,0
1131-ALZWV,24,One year,24.6,605.25,0,0,0,No,Bank transfer (automatic),0,0,0,0,0,49.3,0
7729-XBTWX,66,Two year,19.75,1344.5,0,0,0,No,Mailed check,1,0,1,1,0,30.4,0
9134-WYRVP,51,One year,86.35,4267.15,4,0,1,Fiber optic,Mailed check,0,0,0,0,2,175.6,0
3284-SVCRO,45,Two year,25.5,1121.05,2,0,0,No,Mailed check,0,0,1,0,0,58.6,0
9732-OUYRN,49,One year,19.0,918.7,2,0,0,No,Credit card (automatic),0,0,1,0,0,35.8,0
0559-CKHUS,29,Two year,19.55,521.8,1,0,0,No,Mailed check,1,0,1,0,0,34.2,0
2931-SVLTV,40,Month-to-month,110.1,4469.1,1,1,1,Fiber optic,Credit card (automatic),1,0,1,1,5,240.2,0
6899-PPEEA,37,Month-to-month,96.55,3580.3,1,0,0,Fiber optic,Electronic check,1,1,0,0,2,233.8,1
7504-UWHNB,25,Month-to-month,69.75,1729.35,0,0,0,Fiber optic,Electronic check,0,0,0,0,0,129.9,0
2582-FFFZR,22,Month-to-month,50.6,1073.3,3,0,0,DSL,Electronic check,1,0,0,0,3,139.8,0
8908-NMQTX,72,Two year,65.6,4566.5,0,1,1,DSL,Bank transfer (automatic),1,0,0,0,6,196.7,0
2187-LZGPL,7,Month-to-month,40.1,293.3,2,0,0,DSL,Credit card (automatic),1,0,0,0,2,107.8,1
1431-AIDJQ,33,Two year,82.1,2603.1,1,1,0,DSL,Credit card (automatic),0,0,1,1,5,160.5,0
6288-LBEAR,23,Month-to-month,79.1,1783.75,3,1,0,Fiber optic,Mailed check,1,0,0,0,2,142.5,0
4597-NUCQV,24,Month-to-month,101.25,2440.15,3,0,0,Fiber optic,Electronic check,1,1,0,0,3,310.4,1
9019-QVLZD,1,Month-to-month,79.55,79.55,4,0,0,Fiber optic,Electronic check,0,0,0,0,1,171.1,1
8413-YNHNV,69,Two year,90.65,6322.1,0,1,1,DSL,Mailed check,0,0,0,0,6,235.2,0
5808-TOTXO,3,One year,20.55,57.4,3,0,0,No,Credit card (automatic),1,0,0,1,0,38.4,0
4369-NYSCF,56,One year,75.75,4284.65,0,1,0,DSL,Bank transfer (automatic),1,0,0,0,4,196.6,0
6333-YDVLT,65,One year,110.0,7138.65,1,1,1,Fiber optic,Credit card (automatic),1,0,0,0,5,204.8,0
5324-KTGCG,71,One year,20.85,1539.75,0,0,0,No,Electronic check,0,0,1,0,0,37.7,0
5599-HVLTW,14,Month-to-month,80.35,1058.1,6,0,0,Fiber optic,Bank transfer (automatic),1,1,0,0,1,134.8,0
7394-LWLYN,2,Month-to-month,70.15,123.8,5,0,0,Fiber optic,Electronic check,1,0,0,0,0,113.9,0
3707-LRWZD,32,One year,84.05,2781.85,2,0,0,Fiber optic,Electronic check,0,0,0,0,1,231.1,1
6873-UDNLD,40,Month-to-month,67.45,2731.0,2,0,1,DSL,Electronic check,0,0,0,0,3,164.0,0
2700-LUEVA,1,Month-to-month,20.75,20.75,2,0,0,No,Credit card (automatic),0,0,0,0,0,33.1,0
1455-ESIQH,1,Month-to-month,89.1,89.1,2,0,0,Fiber optic,Electronic check,1,0,0,0,2,215.3,1
0958-YHXGP,7,Month-to-month,69.9,497.3,4,0,0,Fiber optic,Mailed check,1,0,0,0,0,155.9,0
1101-SSWAG,15,Month-to-month,51.1,711.15,5,0,0,DSL,Electronic check,1,0,1,0,0,103.1,0
2979-SXESE,17,Month-to-month,94.4,1607.2,3,0,1,Fiber optic,Electronic check,0,0,1,1,3,153.6,1
4013-TLDHQ,19,Month-to-month,78.25,1490.95,2,0,0,Fiber optic,Electronic check,1,0,0,0,2,153.6,1
5743-KHMNA,71,Two year,25.55,1898.1,2,0,0,No,Bank transfer (automatic),0,0,0,0,0,42.5,0
4194-FJARJ,54,Two year,60.0,3273.95,0,1,1,DSL,Bank transfer (automatic),0,0,1,1,2,98.4,0
5325-UWTWJ,31,Month-to-month,90.55,2929.75,1,1,1,Fiber optic,Credit card (automatic),1,0,1,0,3,190.4,0
3969-GYXEL,11,Month-to-month,76.4,838.7,2,0,1,Fiber optic,Electronic check,0,0,0,0,1,152.2,0
9208-OLGAQ,18,Month-to-month,84.95,1443.65,5,0,0,Fiber optic,Electronic check,1,1,0,0,2,168.1,0
3244-CQPHU,72,Two year,110.1,7746.7,2,1,1,Fiber optic,Bank transfer (automatic),1,1,0,0,5,277.2,0
2674-MLXMN,71,Month-to-month,99.65,6951.15,0,0,0,Fiber optic,Credit card (automatic),1,1,0,0,3,284.0,0
9708-HPXWZ,5,Month-to-month,45.4,214.75,0,1,0,DSL,Credit card (automatic),0,1,0,0,3,119.5,0
6992-TKNYO,38,One year,69.0,2669.45,2,1,0,DSL,Credit card (automatic),0,0,1,0,3,174.3,0
4468-YDOVK,5,Month-to-month,48.65,235.2,3,1,0,DSL,Bank transfer (automatic),1,0,0,1,1,78.3,0
3754-DXMRT,2,Month-to-month,44.15,92.65,6,0,0,DSL,Electronic check,1,1,0,0,0,94.9,1
5792-JALQC,52,Two year,59.85,3103.25,0,0,1,DSL,Bank transfer (automatic),0,1,0,0,2,131.2,0
7130-VTEWQ,8,Month-to-month,75.75,606.25,1,0,0,Fiber optic,Electronic check,1,1,0,0,0,122.7,1
2200-DSAAL,68,Two year,80.65,5330.2,1,0,0,DSL,Electronic check,1,0,0,0,4,176.9,0
4302-ZYFEL,69,One year,20.55,1403.1,3,0,0,No,Credit card (automatic),1,0,1,1,0,34.3,0
9351-LZYGF,42,Month-to-month,66.4,2727.8,0,1,1,DSL,Credit card (automatic),1,0,1,0,3,135.0,0
4366-CTOUZ,50,Two year,100.2,5038.45,2,1,0,Fiber optic,Mailed check,1,0,0,0,4,268.3,0
6121-VZNQB,1,Month-to-month,19.1,19.1,3,0,0,No,Mailed check,1,0,0,0,0,34.1,1
7903-CMPEY,1,Month-to-month,80.3,80.3,0,0,1,Fiber optic,Electronic check,1,1,1,0,1,148.4,1
1518-OMDIK,33,Month-to-month,44.55,1462.6,3,0,0,DSL,Credit card (automatic),1,0,1,0,0,62.3,0
6671-NGWON,7,Month-to-month,20.35,150.6,1,0,0,No,Mailed check,0,0,0,0,0,36.4,0
0595-ITUDF,64,Month-to-month,91.8,5960.5,0,0,1,Fiber optic,Electronic check,1,0,1,1,3,162.6,0
6996-KNSML,1,Month-to-month,74.9,74.9,3,0,0,Fiber optic,Electronic check,1,0,0,0,1,121.9,1
1955-IBMMB,59,Two year,20.2,1192.3,0,0,0,No,Bank transfer (automatic),1,0,0,0,0,40.7,0
0096-BXERS,6,Month-to-month,50.35,314.55,3,0,0,DSL,Electronic check,0,0,1,0,0,81.6,0
3806-YAZOV,3,Month-to-month,18.8,56.0,0,0,0,No,Mailed check,0,0,0,0,0,30.6,0
7998-ZLXWN,15,Month-to-month,20.45,330.8,0,0,0,No,Credit card (automatic),0,0,1,0,0,40.7,0
6253-WRFHY,13,One year,64.75,877.35,1,0,0,DSL,Electronic check,1,0,1,1,2,215.2,0
9133-AYJZG,23,Month-to-month,98.7,2249.1,2,0,0,Fiber optic,Credit card (automatic),1,0,0,0,3,260.3,0
2675-OTVVJ,31,Month-to-month,89.45,2807.65,4,0,1,Fiber optic,Electronic check,0,1,1,0,2,207.9,0
8680-CGLTP,29,One year,58.75,1696.2,0,1,1,DSL,Electronic check,1,0,0,0,3,111.9,0
8430-TWCBX,49,One year,20.7,1032.05,3,0,0,No,Credit card (automatic),0,0,1,0,0,39.1,0
5018-GWURO,56,Month-to-month,85.6,4902.8,3,0,0,Fiber optic,Bank transfer (automatic),1,0,1,0,1,165.3,0
6741-QRLUP,63,Two year,80.3,4995.35,1,1,1,DSL,Credit card (automatic),1,0,0,0,5,207.7,0
4737-HOBAX,63,Two year,79.8,5034.05,0,1,0,DSL,Credit card (automatic),0,0,1,0,4,291.4,0
0537-QYZZN,24,Month-to-month,79.85,1857.75,2,0,1,Fiber optic,Electronic check,1,1,1,1,1,152.0,0
3340-QBBFM,36,One year,54.1,1992.85,1,1,0,DSL,Credit card (automatic),0,1,1,0,2,93.5,0
1704-NRWYE,9,Month-to-month,80.85,751.65,0,0,0,Fiber optic,Electronic check,1,1,0,0,1,218.3,1
2592-SEIFQ,3,Month-to-month,24.75,66.95,2,0,0,DSL,Electronic check,0,0,0,0,0,48.8,1
8200-KLNYW,21,One year,80.9,1714.95,0,1,1,DSL,Mailed check,0,0,1,0,5,200.1,0
3372-CDXFJ,13,One year,24.5,343.6,4,0,0,No,Bank transfer (automatic),0,0,1,1,0,43.5,0
4781-ZXYGU,1,Month-to-month,20.15,20.15,2,0,0,No,Bank transfer (automatic),1,0,1,1,0,33.1,0
7632-YUTXB,25,One year,20.05,520.1,4,0,0,No,Mailed check,0,0,1,1,0,41.7,0
2718-YSKCS,71,Two year,19.6,1387.45,0,0,0,No,Bank transfer (automatic),1,0,1,1,0,28.3,0
9896-UYMIE,66,One year,114.3,7383.7,1,1,1,Fiber optic,Bank transfer (automatic),1,0,0,0,6,339.7,0
0853-NWIFK,45,One year,100.3,4483.95,5,0,1,Fiber optic,Electronic check,1,0,0,0,4,233.9,0
8212-CRQXP,22,Month-to-month,80.0,1706.45,1,0,0,Fiber optic,Credit card (automatic),1,0,1,0,1,192.2,0
6980-CDGFC,67,One year,20.85,1327.4,2,0,0,No,Bank transfer (automatic),1,0,1,0,0,35.1,0
7691-XVTZH,68,Two year,89.95,5974.3,4,0,0,Fiber optic,Bank transfer (automatic),1,0,1,0,2,213.5,0
2520-SGTTA,0,Two year,20.0,0.0,2,0,0,No,Mailed check,0,0,1,1,0,42.3,0
7481-ATQQS,49,Month-to-month,90.85,4515.85,3,0,0,Fiber optic,Credit card (automatic),1,1,0,0,2,222.8,1
2277-VWCNI,4,Month-to-month,48.75,179.85,1,0,0,DSL,Mailed check,0,1,0,0,0,71.7,0
1088-CNNKB,63,One year,80.0,5040.2,0,1,1,DSL,Credit card (automatic),0,0,1,0,5,176.8,0
8642-GVWRF,2,Month-to-month,79.7,165.0,5,0,0,Fiber optic,Bank transfer (automatic),0,0,1,0,2,146.4,1
1930-BZLHI,21,One year,20.35,422.7,2,0,0,No,Mailed check,1,0,0,0,0,47.0,0
3400-ESFUW,55,Two year,57.55,3046.4,0,1,1,DSL,Bank transfer (automatic),0,0,1,1,3,95.6,1
5868-YTYKS,1,Month-to-month,20.25,20.25,2,0,0,No,Mailed check,1,0,0,1,0,34.2,0
3525-DVKFN,17,Two year,19.4,358.05,2,0,0,No,Mailed check,0,0,0,0,0,30.8,0
1482-OXZSY,30,Month-to-month,100.4,2936.25,3,0,1,Fiber optic,Bank transfer (automatic),1,0,0,0,3,258.6,0
0377-JBKKT,22,Month-to-month,57.95,1271.8,0,1,1,DSL,Mailed check,1,0,1,1,3,114.7,0
5778-BVOFB,9,Month-to-month,59.5,530.05,1,1,0,DSL,Bank transfer (automatic),1,0,0,0,2,125.1,0
3373-YZZYM,1,Month-to-month,19.2,19.2,4,0,0,No,Mailed check,0,0,1,1,0,41.9,0
2057-ZBLPD,21,Month-to-month,86.5,1808.7,1,0,0,Fiber optic,Electronic check,1,0,1,0,1,232.9,1
0228-MAUWC,19,Month-to-month,59.55,1144.6,0,1,0,DSL,Electronic check,0,0,0,0,2,120.2,0
5502-RLUYV,69,Month-to-month,103.95,7446.9,2,0,0,Fiber optic,Electronic check,1,0,1,1,4,292.2,1
0023-HGHWL,1,Month-to-month,25.1,25.1,7,0,0,DSL,Electronic check,1,1,0,0,0,61.8,1
7663-YJHSN,72,Two year,103.95,7556.9,2,1,1,Fiber optic,Bank transfer (automatic),1,0,1,0,5,190.9,0
4915-BFSXL,70,Two year,68.95,4858.7,1,0,1,DSL,Credit card (automatic),0,0,1,1,3,150.5,0
3086-RUCRN,66,Month-to-month,103.1,6595.0,0,1,1,Fiber optic,Bank transfer (automatic),1,0,0,0,5,298.8,0
5215-LNLDJ,7,Month-to-month,24.7,149.05,2,0,0,DSL,Electronic check,1,0,1,1,0,36.2,0
7576-JMYWV,46,Month-to-month,110.2,4972.1,0,1,1,Fiber optic,Electronic check,1,1,1,1,5,291.5,0
9039-RBEEE,39,Month-to-month,48.95,1880.85,0,1,1,DSL,Credit card (automatic),1,0,0,0,4,124.8,1
0257-KXZGU,32,Month-to-month,62.45,2045.55,1,0,0,DSL,Bank transfer (automatic),0,0,1,1,2,96.6,0
1307-ATKGB,24,Month-to-month,89.55,2187.15,4,0,0,Fiber optic,Electronic check,1,0,0,0,3,172.4,0
8417-FMLZI,6,Month-to-month,83.55,477.55,4,0,0,Fiber optic,Credit card (automatic),1,0,1,1,2,184.2,1
3714-XPXBW,37,Month-to-month,78.9,2976.95,0,1,1,DSL,Credit card (automatic),1,0,0,0,5,189.4,0
1850-AKQEP,8,Month-to-month,20.35,178.7,3,0,0,No,Mailed check,0,0,0,1,0,39.3,0
2824-DXNKN,72,Two year,71.45,5025.85,2,0,1,DSL,Bank transfer (automatic),1,0,1,1,3,183.7,0
5227-JSCFE,71,Two year,46.35,3353.4,0,1,1,DSL,Credit card (automatic),0,1,1,0,4,84.3,0
0848-ZGQIJ,16,Month-to-month,94.65,1461.15,2,0,0,Fiber optic,Bank transfer (automatic),1,0,1,0,3,251.6,0
3621-CHYVB,57,Month-to-month,49.9,2782.4,1,1,1,DSL,Bank transfer (automatic),1,0,1,0,4,141.8,0
8042-RNLKO,66,One year,25.45,1699.15,2,0,0,No,Bank transfer (automatic),0,0,0,0,0,41.4,0
1792-UXAFY,17,Month-to-month,89.15,1496.9,2,0,0,Fiber optic,Electronic check,1,1,0,0,3,160.3,1
5372-FBKBN,21,Month-to-month,20.75,452.2,4,0,0,No,Mailed check,0,0,0,1,0,42.1,0
0420-TXVSG,66,Two year,66.1,4428.45,0,0,1,DSL,Credit card (automatic),1,0,1,0,3,81.6,0
6217-TOWGS,17,Month-to-month,75.4,1322.55,2,0,0,DSL,Bank transfer (automatic),1,0,1,0,3,233.9,0
0515-YPMCW,1,Month-to-month,70.45,70.45,3,0,0,Fiber optic,Mailed check,1,0,0,1,0,151.2,1
0378-XSZPU,58,One year,60.3,3563.8,2,0,1,DSL,Credit card (automatic),0,0,1,0,3,88.1,1
1045-LTCYT,8,Month-to-month,21.05,139.75,1,0,0,No,Credit card (automatic),0,0,1,1,0,25.1,0
1544-JJMYL,27,One year,69.35,1927.3,0,1,1,DSL,Credit card (automatic),0,0,0,0,4,143.6,0
4636-JGAAI,34,Month-to-month,88.85,3000.25,5,0,0,Fiber optic,Mailed check,0,0,1,0,2,209.1,0
6874-SGLHU,30,One year,97.0,3021.3,1,0,0,Fiber optic,Bank transfer (automatic),1,0,0,0,3,217.3,0
5951-AOFIH,33,Month-to-month,66.4,2245.4,4,0,0,DSL,Credit card (automatic),1,0,0,0,3,184.3,0
4729-XKASR,1,Month-to-month,24.75,24.75,3,0,0,DSL,Electronic check,0,0,0,1,0,48.9,1
3059-NGMXB,14,Month-to-month,69.2,944.65,1,0,1,DSL,Mailed check,0,0,1,1,3,139.9,0
8652-YHIYU,16,One year,79.5,1264.2,2,1,0,Fiber optic,Credit card (automatic),1,0,0,1,1,159.6,0
5278-PNYOX,49,Two year,100.65,4917.75,4,1,0,Fiber optic,Credit card (automatic),0,0,0,0,4,204.3,0
5449-FIBXJ,19,Month-to-month,103.3,2012.7,2,1,0,Fiber optic,Electronic check,0,0,1,1,4,247.6,1
3486-HOOGQ,70,Two year,79.7,5743.3,0,1,1,DSL,Bank transfer (automatic),0,0,1,1,5,189.7,0
5061-PBXFW,32,Month-to-month,61.4,1864.65,0,1,1,DSL,Bank transfer (automatic),0,0,1,1,3,132.6,0
8630-FJLIB,18,Month-to-month,69.8,1221.65,3,0,0,Fiber optic,Electronic check,1,0,0,0,0,140.6,0
3891-NLXJB,37,Two year,40.55,1390.85,1,1,1,DSL,Mailed check,1,0,0,0,3,89.5,0
4749-OJKQU,4,Month-to-month,75.65,302.35,4,0,0,Fiber optic,Electronic check,1,0,0,0,0,106.3,0
0577-WHMEV,16,Month-to-month,90.7,1374.9,4,0,1,Fiber optic,Electronic check,0,0,1,0,3,242.4,0
5453-AXEPF,17,Month-to-month,80.5,1336.9,4,0,0,Fiber optic,Bank transfer (automatic),1,0,1,0,1,125.5,0
3639-XJHKQ,19,Month-to-month,60.6,1297.8,3,0,1,DSL,Electronic check,1,0,0,1,3,113.6,0
3716-LRGXK,60,Two year,101.15,6067.4,3,0,0,Fiber optic,Credit card (automatic),0,0,1,0,3,324.0,0
2263-SFSQZ,51,Two year,24.95,1222.25,3,0,0,No,Mailed check,1,0,1,1,0,48.4,0
9950-MTGYX,28,Two year,20.3,487.95,3,0,0,No,Credit card (automatic),1,0,1,1,0,43.2,0
3397-AVTKU,43,Two year,60.0,2548.55,1,0,0,DSL,Electronic check,1,0,0,0,2,120.5,0
4825-FUREZ,42,Two year,20.25,835.5,2,0,0,No,Electronic check,0,0,1,0,0,30.2,0
9837-BMCLM,3,Month-to-month,78.5,242.05,3,0,0,Fiber optic,Electronic check,1,0,0,0,1,169.1,1
2672-OJQZP,1,Month-to-month,44.75,44.75,1,0,0,DSL,Mailed check,0,0,0,0,0,73.6,0
0137-UDEUO,3,Month-to-month,19.85,63.75,5,0,0,No,Mailed check,0,0,0,0,0,36.3,1
3134-DSHVC,63,Two year,98.0,6218.45,0,0,1,Fiber optic,Credit card (automatic),0,0,0,0,4,205.6,0
6161-UUUTA,3,Month-to-month,79.9,260.9,5,0,0,Fiber optic,Electronic check,1,1,0,0,1,151.3,1
7821-DPRQE,68,Month-to-month,107.7,7320.9,0,1,1,Fiber optic,Electronic check,1,0,1,0,5,282.9,0
6543-XRMYR,30,Month-to-month,99.7,2967.35,1,0,0,Fiber optic,Electronic check,1,1,0,0,3,204.1,1
2001-EWBQU,60,Two year,104.7,6333.8,3,0,0,Fiber optic,Electronic check,0,0,0,0,4,240.0,0
4925-LMHOK,15,Month-to-month,58.6,939.7,0,1,0,DSL,Credit card (automatic),1,0,0,0,2,110.5,1
1608-GMEWB,45,Month-to-month,93.9,4200.25,4,0,0,Fiber optic,Bank transfer (automatic),1,1,0,0,2,215.0,0
6695-AMZUF,70,Two year,86.45,5950.2,0,1,1,DSL,Credit card (automatic),0,0,1,0,6,234.8,0
1455-UGQVH,10,Month-to-month,98.5,1037.75,3,0,0,Fiber optic,Electronic check,1,0,1,0,3,282.6,1
8410-BGQXN,4,Month-to-month,19.4,93.4,2,0,0,No,Mailed check,0,0,0,0,0,42.8,0
8280-MQRQN,1,Month-to-month,50.45,50.45,5,0,0,DSL,Mailed check,1,0,0,0,1,107.3,1
1619-YWUBB,68,Two year,24.95,1614.9,1,0,0,No,Credit card (automatic),1,0,1,0,0,50.9,0
7611-YKYTC,22,Month-to-month,75.0,1573.95,0,0,1,Fiber optic,Bank transfer (automatic),0,0,1,1,1,145.1,0
2037-SGXHH,38,Month-to-month,94.65,3624.3,4,0,0,Fiber optic,Electronic check,1,0,1,1,3,170.1,1
3178-FESZO,1,Month-to-month,100.25,100.25,3,0,0,Fiber optic,Credit card (automatic),1,0,0,0,3,226.4,1
0365-GXEZS,18,Month-to-month,78.2,1468.75,3,1,0,Fiber optic,Electronic check,0,0,1,0,2,122.0,0
0082-OQIQY,29,Month-to-month,94.2,2607.6,2,1,0,Fiber optic,Electronic check,1,0,0,0,3,228.7,0
6087-MVHJH,16,Month-to-month,88.45,1422.1,0,0,0,Fiber optic,Electronic check,1,0,0,0,2,194.9,1
4603-JANFB,1,Month-to-month,69.85,69.85,4,0,0,Fiber optic,Electronic check,1,0,0,0,0,107.4,1
3018-TFTSU,12,Month-to-month,81.7,858.6,3,0,1,Fiber optic,Bank transfer (automatic),0,0,0,0,2,137.1,1
3606-SBKRY,31,One year,50.05,1523.4,3,0,0,DSL,Electronic check,1,0,0,0,3,198.7,0
4806-KEXQR,4,Month-to-month,79.9,324.3,4,0,0,Fiber optic,Electronic check,1,0,0,0,1,171.3,1
0667-NSRGI,48,One year,69.55,3435.6,0,1,0,DSL,Mailed check,1,0,1,0,3,116.4,0
7083-YNSKY,15,Month-to-month,25.4,399.6,2,0,0,No,Credit card (automatic),1,0,0,0,0,43.7,1
6893-ODYYE,50,One year,90.1,4549.45,0,1,1,Fiber optic,Credit card (automatic),1,0,0,0,4,158.3,0
8242-JSVBO,7,Month-to-month,44.65,322.5,1,0,0,DSL,Bank transfer (automatic),1,0,0,0,0,75.9,0
2479-BRAMR,41,Month-to-month,83.75,3273.55,0,0,1,Fiber optic,Bank transfer (automatic),1,1,1,0,2,199.4,1
9541-ZPSEA,68,Two year,80.35,5375.15,1,0,1,Fiber optic,Credit card (automatic),0,0,1,1,2,164.8,0
2665-NPTGL,26,Month-to-month,98.1,2510.7,1,0,0,Fiber optic,Bank transfer (automatic),1,1,1,0,3,322.1,0
1139-WUOAH,57,Two year,53.35,3090.05,3,1,0,DSL,Credit card (automatic),0,0,0,0,4,159.3,0
4693-VWVBO,3,Month-to-month,19.55,61.05,4,0,0,No,Electronic check,0,0,0,0,0,39.2,0
7434-SHXLS,1,Month-to-month,20.9,20.9,6,0,0,No,Mailed check,0,0,0,0,0,39.0,1
6937-GCDGQ,19,One year,48.95,955.6,0,0,1,DSL,Bank transfer (automatic),1,0,1,1,1,86.8,0
0988-JRWWP,3,Month-to-month,54.2,140.4,3,0,0,DSL,Electronic check,1,0,0,0,1,119.8,0
5075-JSDKI,59,Two year,24.45,1493.1,2,0,0,No,Electronic check,0,0,0,0,0,45.4,0
7908-QCBCA,1,Month-to-month,69.4,69.4,4,0,0,Fiber optic,Mailed check,1,0,1,0,0,88.0,1
8644-XYTSV,42,Month-to-month,40.15,1626.05,2,0,1,DSL,Bank transfer (automatic),1,0,1,0,2,128.3,0
6711-FLDFB,7,Month-to-month,74.9,541.15,4,0,0,Fiber optic,Electronic check,1,0,0,0,0,191.4,1
3873-WOSBC,67,Two year,25.6,1784.9,5,0,0,No,Credit card (automatic),0,0,1,0,0,56.4,0
7465-ZZRVX,1,Month-to-month,70.35,70.35,2,0,0,Fiber optic,Electronic check,1,0,0,0,0,86.1,0
7975-JMZNT,66,Two year,91.7,6075.9,0,1,1,DSL,Bank transfer (automatic),0,0,1,0,6,251.6,0
7251-XFOIL,61,Month-to-month,89.2,5500.6,3,0,0,Fiber optic,Mailed check,0,0,0,0,2,177.2,0
4116-IQRFR,4,One year,24.1,73.1,5,0,0,No,Credit card (automatic),0,0,1,1,0,39.2,0
3714-JTVOV,42,Month-to-month,74.15,3229.4,2,0,1,Fiber optic,Credit card (automatic),1,1,1,0,1,127.6,1
8259-DZLIZ,64,One year,53.85,3399.85,2,0,0,DSL,Bank transfer (automatic),1,0,1,1,1,113.9,0
0442-ZXKVS,54,One year,115.6,6431.05,0,1,1,Fiber optic,Bank transfer (automatic),1,1,1,0,6,319.0,0
7853-WNZSY,1,Month-to-month,19.75,19.75,2,0,0,No,Credit card (automatic),1,0,0,0,0,30.9,0
3120-FAZKD,54,Two year,24.05,1230.9,3,0,0,No,Bank transfer (automatic),1,0,1,1,0,46.8,0
8606-OEGQZ,18,Two year,25.3,454.65,2,0,0,No,Credit card (automatic),0,0,0,1,0,46.5,0
0225-ZORZP,3,Month-to-month,84.3,235.05,6,0,0,Fiber optic,Electronic check,0,0,0,0,2,250.2,0
4702-IOQDC,1,Month-to-month,70.1,70.1,2,0,0,Fiber optic,Electronic check,1,0,0,0,0,97.7,1
9489-JMTTN,72,Two year,89.75,6595.9,0,1,1,DSL,Credit card (automatic),0,0,1,1,6,236.4,0
0575-CUQOV,60,One year,97.95,5867.0,0,0,0,Fiber optic,Electronic check,1,1,1,0,4,218.7,0
0967-BMLBD,11,One year,20.0,196.35,4,0,0,No,Mailed check,1,0,1,1,0,35.7,0
6178-KFNHS,12,Month-to-month,78.3,909.25,1,0,1,Fiber optic,Electronic check,1,0,0,1,1,97.3,1
2830-LEWOA,61,One year,103.9,6449.15,0,1,0,Fiber optic,Credit card (automatic),0,0,1,1,5,228.5,0
5006-MXVRN,39,Two year,20.7,762.45,2,0,0,No,Credit card (automatic),0,0,0,0,0,36.5,0
1264-BYWMS,55,Month-to-month,96.8,5283.95,2,0,0,Fiber optic,Electronic check,1,0,0,0,2,230.3,1
9658-WYUFB,17,Month-to-month,94.4,1617.5,2,0,1,Fiber optic,Electronic check,1,0,0,0,3,181.0,1
8327-WKMIE,37,One year,20.15,785.75,3,0,0,No,Credit card (automatic),0,0,0,0,0,35.4,0
6917-FIJHC,72,Two year,26.0,1776.0,1,0,0,No,Mailed check,1,0,1,0,0,42.6,0
5329-KRDTM,72,Two year,77.35,5396.25,1,1,0,DSL,Credit card (automatic),0,1,1,0,4,153.3,0
7797-EJMDP,8,Month-to-month,66.05,574.5,0,1,1,DSL,Bank transfer (automatic),0,0,0,0,3,152.3,0
3530-VWVGU,22,Month-to-month,19.9,400.3,2,0,0,No,Mailed check,0,0,1,1,0,35.8,0
2013-SGDXK,1,Month-to-month,84.3,84.3,3,0,0,Fiber optic,Electronic check,0,0,0,0,2,200.4,1
6368-NWMCE,38,Month-to-month,68.15,2656.3,2,1,0,DSL,Credit card (automatic),0,0,0,0,3,119.3,0
3633-CDBUW,17,One year,80.85,1445.95,0,1,0,DSL,Electronic check,0,0,0,1,5,210.5,0
0707-HOVVN,70,Two year,75.5,5212.65,1,1,0,DSL,Bank transfer (automatic),1,1,0,0,4,206.3,0
8580-QVLOC,72,Two year,92.45,6440.25,0,1,1,DSL,Credit card (automatic),0,1,1,1,6,191.6,1
3956-MGXOG,28,Month-to-month,80.6,2244.95,1,0,0,Fiber optic,Electronic check,1,0,0,0,1,187.8,0
9274-UARKJ,15,Month-to-month,83.2,1130.0,4,0,0,Fiber optic,Bank transfer (automatic),1,0,0,0,2,174.8,0
4077-HWUYD,72,Two year,87.55,6463.15,0,1,1,DSL,Bank transfer (automatic),1,0,1,1,6,275.3,0
2012-NWRPA,11,Month-to-month,99.55,1131.2,3,0,0,Fiber optic,Electronic check,1,1,1,0,3,305.8,1
8808-ELEHO,8,Month-to-month,81.25,585.95,2,0,0,Fiber optic,Electronic check,1,1,0,0,1,151.4,1
0103-CSITQ,57,One year,109.4,6252.7,0,1,0,Fiber optic,Bank transfer (automatic),1,0,1,0,5,254.6,0
3506-LCJDC,1,Month-to-month,19.95,19.95,4,0,0,No,Bank transfer (automatic),0,0,1,1,0,27.2,1
8671-KKKOS,46,Month-to-month,45.55,2062.15,1,0,1,DSL,Electronic check,0,0,1,0,3,111.6,0
7305-ZWMAJ,30,One year,20.7,587.1,0,0,0,No,Credit card (automatic),0,0,1,0,0,32.3,0
9518-XXBXE,10,Month-to-month,75.3,720.45,1,0,1,Fiber optic,Electronic check,0,1,1,0,1,135.6,0
3934-HXCFZ,23,Month-to-month,99.25,2186.4,0,0,1,Fiber optic,Electronic check,1,0,1,0,4,268.5,1
6578-KRMAW,32,Month-to-month,93.4,2979.3,2,0,1,Fiber optic,Credit card (automatic),1,0,0,0,4,266.7,0
4860-IJUDE,13,Month-to-month,73.75,956.65,0,0,1,Fiber optic,Credit card (automatic),1,0,0,0,1,138.2,0
7666-WKRON,39,Two year,80.45,3201.55,1,1,0,Fiber optic,Electronic check,1,0,0,0,2,146.8,1
9688-YGXVR,44,Month-to-month,88.15,3973.2,1,0,0,Fiber optic,Credit card (automatic),1,0,0,0,3,193.8,0
0423-UDIJQ,9,Month-to-month,49.2,447.9,1,1,0,DSL,Mailed check,0,1,0,0,1,92.1,0
1945-XISKS,67,Two year,19.65,1335.2,3,0,0,No,Mailed check,0,0,1,0,0,34.1,0
4910-AQFFX,9,Month-to-month,79.35,661.25,2,0,0,Fiber optic,Bank transfer (automatic),1,0,1,1,1,179.8,1
2154-KVJFF,15,Month-to-month,79.75,1111.85,1,0,0,Fiber optic,Electronic check,1,0,0,0,1,126.8,1
5360-LJCNJ,71,Two year,105.15,7555.0,4,0,0,Fiber optic,Bank transfer (automatic),1,0,1,0,4,272.9,0
2607-FBDFF,1,Month-to-month,49.0,49.0,2,1,0,DSL,Credit card (automatic),0,0,0,0,1,79.7,0
9647-ERGBE,30,Month-to-month,100.05,3046.15,3,0,0,Fiber optic,Electronic check,1,0,1,1,3,295.9,1
3428-XZMAZ,1,Month-to-month,69.35,69.35,6,0,0,Fiber optic,Electronic check,1,0,0,0,0,158.1,1
1100-DDVRV,17,Month-to-month,49.8,836.35,2,0,0,DSL,Mailed check,1,0,1,0,3,185.9,0
0378-TOVMS,3,Month-to-month,85.8,272.2,3,1,0,Fiber optic,Electronic check,0,0,0,0,2,199.5,1
4355-HBJHH,67,Two year,79.7,5293.4,0,0,1,DSL,Electronic check,1,0,1,1,4,224.5,1
6728-WYQBC,1,Month-to-month,20.95,20.95,2,0,0,No,Bank transfer (automatic),0,0,0,0,0,40.9,0
9058-CBREO,1,Month-to-month,50.55,50.55,3,0,0,DSL,Mailed check,0,1,0,0,0,84.4,1
9029-FEGVJ,32,Month-to-month,79.3,2570.0,1,0,0,Fiber optic,Mailed check,0,1,1,0,1,177.7,0
7216-KAOID,41,One year,19.5,798.2,1,0,0,No,Bank transfer (automatic),0,0,1,1,0,44.3,0
0318-QUUOB,1,Month-to-month,80.55,80.55,7,0,0,Fiber optic,Electronic check,1,0,1,0,1,212.5,1
6145-NNPNO,1,Month-to-month,44.15,44.15,3,0,0,DSL,Bank transfer (automatic),0,0,0,0,0,89.0,0
5520-FVEWJ,12,Month-to-month,84.5,916.9,2,0,0,Fiber optic,Electronic check,1,0,1,1,2,142.7,1
5339-TJFEK,62,Month-to-month,105.5,6487.2,2,0,1,Fiber optic,Electronic check,1,0,1,1,4,343.3,0
5572-ZDXHY,22,Month-to-month,84.3,1855.65,3,0,0,Fiber optic,Mailed check,1,0,0,0,2,151.9,1
2074-GUHPQ,17,Month-to-month,92.7,1556.85,1,1,0,Fiber optic,Credit card (automatic),1,0,0,1,3,148.6,0
4625-XMOYM,72,Two year,26.25,1988.05,1,0,0,No,Bank transfer (automatic),1,0,1,1,0,62.2,0
5827-MWCZK,56,Month-to-month,96.95,5432.2,2,1,0,Fiber optic,Credit card (automatic),1,0,1,1,3,201.2,0
1385-TQOZW,9,Month-to-month,20.45,147.55,4,0,0,No,Credit card (automatic),1,0,0,0,0,32.3,0
5914-XRFQB,72,Two year,115.8,8424.9,0,1,1,Fiber optic,Bank transfer (automatic),1,0,1,0,6,217.2,0
4329-YPDDQ,20,Month-to-month,108.2,2203.7,1,1,1,Fiber optic,Bank transfer (automatic),1,0,0,0,6,317.3,0
4804-NCPET,19,Two year,20.2,387.4,1,0,0,No,Mailed check,0,0,1,1,0,42.8,0
3750-CKVKH,2,Month-to-month,67.75,116.65,4,0,0,Fiber optic,Electronic check,1,0,0,0,0,125.9,1
5944-UGLLK,53,One year,54.9,3045.75,0,1,0,DSL,Credit card (automatic),0,0,0,0,4,135.5,0
8063-GBATB,27,Month-to-month,85.25,2287.25,4,0,0,Fiber optic,Electronic check,1,1,0,0,1,191.2,1
7787-BNTZM,6,Month-to-month,20.15,130.5,1,0,0,No,Bank transfer (automatic),0,0,0,0,0,32.1,0
2252-ISRNH,9,One year,90.35,767.9,1,0,0,Fiber optic,Electronic check,1,0,1,1,2,230.3,0
9415-TPKRV,8,Month-to-month,55.75,446.8,3,0,0,DSL,Electronic check,0,0,1,1,1,122.5,0
5322-TEUJK,71,Two year,114.6,8100.25,0,1,1,Fiber optic,Bank transfer (automatic),0,0,1,1,6,305.7,0
4547-KQRTM,10,Month-to-month,80.05,830.7,1,0,0,Fiber optic,Bank transfer (automatic),1,0,0,0,1,153.5,1
4877-EVATK,1,Month-to-month,20.0,20.0,3,0,0,No,Mailed check,0,0,0,0,0,44.4,1
1866-DIOQZ,71,One year,66.8,4689.15,0,1,1,DSL,Bank transfer (automatic),0,0,1,0,6,251.5,0
8375-KVTHK,68,One year,100.3,6754.35,2,1,0,Fiber optic,Electronic check,1,0,1,0,4,215.0,0
2697-NQBPF,34,Month-to-month,105.35,3540.65,0,1,0,Fiber optic,Electronic check,1,0,0,0,4,288.5,0
3709-OIJEA,26,One year,85.2,2184.6,1,1,0,Fiber optic,Electronic check,1,0,0,0,3,127.0,0
7639-SUPCW,22,Month-to-month,48.8,1054.6,2,0,1,DSL,Credit card (automatic),1,0,0,0,1,78.1,1
1386-ZIKUV,7,Month-to-month,18.95,130.55,3,0,0,No,Mailed check,1,0,0,0,0,40.0,0
0599-XNYDO,20,Month-to-month,69.8,1540.35,1,0,0,Fiber optic,Bank transfer (automatic),1,0,1,0,0,105.3,0
6377-WHAOX,60,Month-to-month,106.15,6411.25,2,0,0,Fiber optic,Electronic check,1,0,1,0,4,265.4,0
6855-VLGOS,72,Two year,20.55,1432.55,2,0,0,No,Electronic check,0,0,1,1,0,44.0,0
8999-XXGNS,72,One year,105.75,7629.85,3,0,0,Fiber optic,Credit card (automatic),1,1,1,0,4,289.9,0
8746-OQQRW,4,Month-to-month,25.25,101.9,2,0,0,No,Mailed check,0,0,0,0,0,34.5,0
3181-MIZBN,16,Month-to-month,19.75,313.4,1,0,0,No,Electronic check,0,0,1,1,0,35.2,0
0471-ARVMX,62,One year,104.85,6312.9,0,0,1,Fiber optic,Electronic check,1,1,1,0,4,260.8,0
7766-CLTIC,10,Month-to-month,60.95,629.55,0,1,0,DSL,Mailed check,1,0,0,0,2,130.3,0
5650-YLIBA,31,Month-to-month,81.15,2640.55,1,0,0,Fiber optic,Electronic check,1,0,0,0,1,191.2,0
0825-CPPQH,71,Two year,19.1,1372.45,1,0,0,No,Credit card (automatic),0,0,1,0,0,34.9,0
9084-OAYKL,58,Two year,20.8,1212.25,1,0,0,No,Mailed check,0,0,0,0,0,37.9,0
6122-LJADA,70,Two year,90.15,6237.05,0,1,1,DSL,Credit card (automatic),1,0,1,1,6,280.8,0
2400-XIWIO,71,Two year,90.1,6310.9,0,1,1,DSL,Electronic check,0,0,1,0,6,249.5,0
7524-VRLPL,69,Two year,74.1,5031.0,0,1,1,DSL,Credit card (automatic),0,1,0,0,4,140.4,0
1069-XAIEM,1,Month-to-month,85.05,85.05,6,0,0,Fiber optic,Electronic check,1,1,0,0,1,194.5,1
7569-NMZYQ,72,Two year,118.75,8672.45,1,1,1,Fiber optic,Bank transfer (automatic),1,0,1,1,6,314.3,0
5201-USSQZ,26,Month-to-month,85.9,2196.45,3,1,0,Fiber optic,Credit card (automatic),0,0,1,0,2,200.7,0
2105-PHWON,33,Month-to-month,95.0,3008.15,1,1,0,Fiber optic,Credit card (automatic),1,0,1,0,3,245.7,0
1494-EJZDW,10,Two year,20.15,220.8,3,0,0,No,Mailed check,0,0,1,1,0,41.2,0
4884-TVUQF,57,Two year,101.3,5779.6,2,1,1,Fiber optic,Credit card (automatic),0,1,0,0,4,241.1,0
8003-EWNDZ,10,Month-to-month,21.2,222.65,2,0,0,No,Electronic check,1,0,0,0,0,37.5,0
1897-RCFUM,39,One year,24.2,914.6,3,0,0,No,Mailed check,1,0,1,1,0,44.2,0
9256-JTBNZ,11,Month-to-month,20.3,246.3,2,0,0,No,Bank transfer (automatic),0,0,0,0,0,47.4,0
4658-HCOHW,21,Month-to-month,102.8,2110.15,2,1,0,Fiber optic,Electronic check,1,0,1,1,5,202.5,1
2211-RMNHO,68,Two year,85.3,5560.0,0,1,0,DSL,Bank transfer (automatic),0,0,1,1,5,274.7,0
2432-TFSMK,18,One year,89.6,1633.0,5,0,0,Fiber optic,Credit card (automatic),1,0,0,0,2,216.5,0
3440-JPSCL,6,Month-to-month,99.95,547.65,2,1,0,Fiber optic,Mailed check,1,0,0,0,4,235.7,1
4929-ROART,18,Month-to-month,56.25,969.85,2,0,1,DSL,Mailed check,0,0,0,0,1,102.1,0
1834-ABKHQ,52,One year,50.95,2610.65,1,0,0,DSL,Bank transfer (automatic),1,0,1,1,1,100.9,0
1741-WTPON,56,Two year,115.85,6567.9,1,1,1,Fiber optic,Mailed check,0,0,1,1,6,231.4,0
3932-IJWDZ,45,Month-to-month,103.65,4747.85,1,1,0,Fiber optic,Bank transfer (automatic),1,0,0,0,4,275.8,0
1240-HCBOH,67,Two year,26.1,1759.55,3,0,0,No,Mailed check,1,0,0,0,0,51.5,0
3594-KADLU,3,Month-to-month,35.1,101.1,2,1,1,DSL,Mailed check,0,0,1,0,2,55.5,0
8065-BVEPF,65,Month-to-month,99.1,6496.15,2,0,0,Fiber optic,Bank transfer (automatic),1,1,0,0,4,266.2,0
3796-ENZGF,63,Two year,67.25,4234.15,1,1,0,DSL,Mailed check,0,0,1,0,3,196.1,0
1734-ZMNTZ,11,Two year,25.0,300.7,0,0,0,No,Mailed check,0,0,1,1,0,46.8,0
2853-CWQFQ,1,Month-to-month,59.55,59.55,2,1,0,DSL,Mailed check,1,0,0,1,2,130.0,0
0813-TAXXS,55,Two year,77.8,4323.35,0,0,0,DSL,Bank transfer (automatic),1,0,0,0,3,170.5,0
2519-TWKFS,25,One year,55.1,1466.1,1,1,0,DSL,Mailed check,1,0,1,1,1,74.3,0
2889-FPWRM,72,One year,117.8,8684.8,0,1,1,Fiber optic,Bank transfer (automatic),1,0,1,0,6,337.7,1
0626-QXNGV,72,Two year,24.15,1776.45,1,0,0,No,Credit card (automatic),1,0,1,0,0,42.7,0
6723-CEGQI,65,Two year,45.25,2933.95,1,1,0,DSL,Mailed check,0,0,0,1,3,121.0,0
6987-XQSJT,54,Month-to-month,79.5,4370.25,3,0,0,Fiber optic,Electronic check,1,1,0,0,1,140.1,1
4732-RRJZC,7,Month-to-month,20.25,144.35,1,0,0,No,Mailed check,0,0,1,1,0,32.9,0
9499-XPZXM,72,Two year,64.75,4804.75,0,1,1,DSL,Bank transfer (automatic),0,0,1,0,3,148.1,0
4338-EYCER,21,Month-to-month,54.6,1125.2,2,0,0,DSL,Bank transfer (automatic),0,0,1,0,1,154.0,0
3007-FDPEA,2,Month-to-month,20.7,39.85,2,0,0,No,Bank transfer (automatic),1,0,0,0,0,45.9,0
6350-XFYGW,4,Month-to-month,94.75,422.4,3,0,0,Fiber optic,Electronic check,1,1,0,0,3,208.8,0
4290-BSXUX,3,Month-to-month,79.65,251.75,0,1,0,Fiber optic,Bank transfer (automatic),1,0,1,0,1,157.7,1
8513-OLYGY,72,Two year,115.8,8332.15,0,1,1,Fiber optic,Credit card (automatic),0,0,1,0,6,319.7,0
0311-QYWSS,6,Month-to-month,49.45,314.6,0,0,1,DSL,Electronic check,1,0,0,0,1,75.1,0
8705-DWKTI,52,Month-to-month,83.8,4331.4,3,0,0,Fiber optic,Credit card (automatic),1,0,0,0,2,168.3,0
8755-IWJHN,69,Month-to-month,95.35,6382.0,2,0,0,Fiber optic,Bank transfer (automatic),1,1,1,0,3,188.3,0
0325-XBFAC,8,Month-to-month,94.7,740.3,2,0,0,Fiber optic,Electronic check,1,0,0,0,3,291.0,1
4480-QQRHC,8,Month-to-month,74.05,600.15,4,0,0,Fiber optic,Bank transfer (automatic),1,1,0,0,1,139.2,0
0929-PECLO,63,Month-to-month,89.6,5538.8,3,0,0,Fiber optic,Bank transfer (automatic),1,1,0,0,2,182.3,0
3680-CTHUH,60,One year,116.6,7049.5,0,1,1,Fiber optic,Credit card (automatic),1,0,0,0,6,323.0,0
1202-KKGFU,12,Month-to-month,54.2,690.5,0,1,1,DSL,Bank transfer (automatic),0,0,1,0,2,89.1,0
6112-KTHFQ,13,Month-to-month,19.3,279.3,1,0,0,No,Mailed check,1,0,0,0,0,35.8,0
1852-XEMDW,22,Month-to-month,65.05,1427.55,4,0,1,DSL,Mailed check,0,0,0,0,3,117.1,0
2462-XIIJB,5,Month-to-month,92.5,452.7,5,0,0,Fiber optic,Electronic check,1,0,0,0,2,182.7,1
4760-XOHVN,1,Month-to-month,19.45,19.45,3,0,0,No,Mailed check,0,0,1,1,0,40.3,1
1820-DJFPH,72,Two year,24.05,1709.15,3,0,0,No,Bank transfer (automatic),1,0,1,1,0,44.1,0
9426-SXNHE,2,Month-to-month,18.75,53.15,5,0,0,No,Bank transfer (automatic),0,0,0,0,0,22.7,0
9068-FHQHD,40,Two year,20.15,777.35,5,0,0,No,Bank transfer (automatic),0,0,1,1,0,35.7,0
1269-FOYWN,44,One year,20.0,860.85,2,0,0,No,Bank transfer (automatic),0,0,1,1,0,44.4,0
9470-YFUYI,71,One year,71.0,5012.1,0,1,1,DSL,Bank transfer (automatic),1,1,1,0,4,114.2,0
7817-BOQPW,2,Month-to-month,75.55,166.3,4,0,0,Fiber optic,Electronic check,1,0,0,0,0,155.8,1
7402-EYFXX,26,Month-to-month,93.6,2404.1,5,0,0,Fiber optic,Electronic check,1,1,0,0,2,259.7,0
1853-UDXBW,1,Month-to-month,70.0,70.0,4,0,0,Fiber optic,Electronic check,1,0,1,1,0,104.6,1
9895-VFOXH,1,Month-to-month,24.4,24.4,5,0,0,DSL,Mailed check,0,0,0,0,0,44.3,0
5458-CQJTA,65,Two year,74.8,4820.15,0,1,1,DSL,Bank transfer (automatic),1,0,1,1,4,181.0,1
1230-QAJDW,3,Month-to-month,65.25,209.9,4,1,0,DSL,Mailed check,1,0,0,0,2,123.6,0
5701-ZIKJE,13,Month-to-month,50.55,610.75,0,1,0,DSL,Mailed check,1,0,0,0,1,97.2,0
5219-YIPTK,33,Month-to-month,104.4,3409.6,1,0,0,Fiber optic,Electronic check,1,0,1,0,4,282.0,1
5032-MIYKT,1,Month-to-month,70.7,70.7,1,0,0,Fiber optic,Mailed check,1,0,0,0,0,94.8,0
7396-VJUZB,4,Month-to-month,45.25,155.35,3,0,0,DSL,Mailed check,0,0,1,1,0,75.9,0
9717-QEBGU,2,Month-to-month,70.3,144.0,3,0,0,Fiber optic,Electronic check,1,0,0,0,0,128.4,0
5172-RKOCB,72,Two year,108.95,7875.0,0,1,1,Fiber optic,Credit card (automatic),1,0,1,0,5,214.8,0
6509-TSGWN,37,Month-to-month,26.45,911.6,1,0,0,No,Mailed check,0,0,1,1,0,55.7,0
3540-RZJYU,15,Month-to-month,86.2,1270.2,1,0,1,Fiber optic,Electronic check,0,0,0,0,2,175.9,1
3178-CIFOT,23,One year,19.65,478.1,2,0,0,No,Credit card (automatic),1,0,0,0,0,37.8,0
2091-MJTFX,30,Month-to-month,51.2,1561.5,1,1,0,DSL,Credit card (automatic),0,0,1,1,3,190.4,1
4530-NDRKU,42,One year,19.05,761.85,1,0,0,No,Electronic check,1,0,1,1,0,29.9,0
5985-TBABQ,32,One year,74.75,2282.95,2,0,1,DSL,Mailed check,0,0,0,0,3,227.8,0
9800-ONTFE,22,Month-to-month,75.8,1615.1,4,0,0,Fiber optic,Bank transfer (automatic),1,0,1,1,0,140.2,0
6743-HHQPF,42,Month-to-month,25.1,1097.15,2,0,0,DSL,Credit card (automatic),1,0,1,0,0,48.4,0
8455-HIRAQ,8,Month-to-month,44.45,369.3,3,0,0,DSL,Mailed check,0,0,0,0,0,75.7,0
6616-AALSR,65,Two year,104.3,6725.3,0,0,1,Fiber optic,Credit card (automatic),1,0,1,1,4,308.9,0
0883-EIBTI,2,Month-to-month,19.5,31.55,4,0,0,No,Mailed check,0,0,0,0,0,39.2,1
9415-ZNBSX,70,Two year,89.0,6293.2,0,1,1,DSL,Bank transfer (automatic),1,0,1,1,6,297.3,0
4018-KJYUY,22,Month-to-month,20.15,432.5,5,0,0,No,Credit card (automatic),0,0,0,1,0,42.4,0
0722-TROQR,4,Month-to-month,74.9,321.75,3,0,0,Fiber optic,Electronic check,1,1,0,0,0,109.3,1
7571-YXDAD,2,Month-to-month,74.9,147.15,5,0,0,Fiber optic,Credit card (automatic),0,0,0,0,0,125.0,1
3884-UEBXB,67,Two year,36.15,2434.45,1,0,1,DSL,Bank transfer (automatic),0,0,1,1,2,69.9,0
8780-RSYYU,25,Month-to-month,19.2,532.1,2,0,0,No,Credit card (automatic),1,0,0,0,0,40.0,0
5537-UXXVS,20,Month-to-month,19.25,375.25,5,0,0,No,Bank transfer (automatic),0,0,1,0,0,31.5,0
1791-PQHBB,2,Month-to-month,61.2,125.95,3,0,1,DSL,Credit card (automatic),1,0,0,1,2,152.1,0
8701-DGLVH,51,Two year,20.45,1042.65,1,0,0,No,Mailed check,0,0,0,0,0,38.9,0
8741-LQOBK,46,Month-to-month,35.05,1620.25,3,0,1,DSL,Bank transfer (automatic),0,0,1,1,2,62.8,0
3393-FMZPV,25,Month-to-month,100.25,2387.75,2,0,0,Fiber optic,Electronic check,1,0,0,0,3,301.9,1
8082-GHXOP,13,Month-to-month,44.0,659.35,1,0,0,DSL,Mailed check,0,0,0,1,0,68.5,0
6402-ZFPPI,25,Month-to-month,102.8,2660.2,4,0,1,Fiber optic,Mailed check,1,1,0,0,4,287.7,1
0980-FEXWF,26,One year,50.35,1285.8,2,0,0,DSL,Mailed check,0,0,1,1,1,81.0,0
7486-KSRVI,43,One year,100.0,4211.55,2,1,0,Fiber optic,Electronic check,1,0,0,0,3,279.2,1
3011-WQKSZ,19,Month-to-month,20.0,377.55,4,0,0,No,Electronic check,1,0,0,1,0,31.5,0
8443-WVPSS,10,Month-to-month,99.85,990.9,1,1,0,Fiber optic,Electronic check,1,0,1,0,4,251.7,1
3006-XIMLN,2,Month-to-month,94.2,193.8,9,0,0,Fiber optic,Bank transfer (automatic),1,0,0,1,2,286.3,1
8218-FFJDS,72,Two year,86.4,6058.95,0,1,1,DSL,Bank transfer (automatic),1,0,1,0,5,204.8,0
1986-PHGZF,18,Month-to-month,58.4,964.9,1,0,1,DSL,Credit card (automatic),1,1,0,0,2,107.4,0
9965-YOKZB,9,Month-to-month,83.85,790.15,1,0,0,Fiber optic,Electronic check,1,1,0,0,1,211.0,1
0504-HHAPI,27,Month-to-month,88.3,2467.75,0,0,0,Fiber optic,Credit card (automatic),0,1,0,0,2,197.8,1
9360-OMDZZ,24,Month-to-month,94.1,2322.85,2,0,0,Fiber optic,Electronic check,1,0,0,0,2,242.1,0
6305-YLBMM,69,One year,104.05,7262.0,0,1,0,Fiber optic,Bank transfer (automatic),1,0,0,0,5,270.5,1
0345-XMMUG,46,Two year,108.9,4854.3,0,1,0,Fiber optic,Credit card (automatic),1,0,1,0,5,242.9,0
8024-XNAFQ,72,Two year,107.4,7748.75,1,1,1,Fiber optic,Bank transfer (automatic),1,1,0,0,5,261.8,0
3647-GMGDH,22,Month-to-month,94.7,1914.9,4,0,0,Fiber optic,Credit card (automatic),1,0,1,0,3,279.8,1
2988-GBIVW,70,Month-to-month,90.85,6470.1,2,0,1,Fiber optic,Electronic check,1,1,1,0,2,257.7,0
2832-SCUCO,2,Month-to-month,19.9,57.4,4,0,0,No,Electronic check,0,0,0,0,0,37.7,0
7036-ZZKBD,31,Month-to-month,66.4,2019.8,0,1,0,DSL,Credit card (automatic),1,0,1,0,3,186.8,0
3791-LGQCY,56,Month-to-month,100.65,5688.05,3,0,0,Fiber optic,Bank transfer (automatic),1,1,1,0,3,244.8,1
0265-PSUAE,16,Month-to-month,100.7,1522.7,1,0,1,Fiber optic,Bank transfer (automatic),0,0,1,1,4,282.6,0
0463-TXOAK,52,Two year,25.6,1334.5,0,0,0,No,Credit card (automatic),0,0,0,1,0,40.4,0
0594-UFTUL,13,Month-to-month,19.85,252.0,1,0,0,No,Mailed check,1,0,1,1,0,37.4,0
9509-MPYOD,35,One year,20.75,700.45,2,0,0,No,Mailed check,0,0,0,0,0,36.0,0
9128-CPXKI,59,Two year,95.8,5655.45,3,0,0,Fiber optic,Electronic check,0,0,0,0,3,290.7,0
0129-KPTWJ,72,Month-to-month,94.65,6747.35,2,0,0,Fiber optic,Electronic check,1,0,1,0,3,178.4,0
8166-ZZTFS,66,Two year,80.55,5265.1,2,0,0,DSL,Bank transfer (automatic),1,1,1,0,4,221.9,1
5855-EIBDE,49,Two year,106.65,5174.35,0,1,1,Fiber optic,Credit card (automatic),0,0,1,0,5,224.3,0
5365-LLFYV,2,Month-to-month,45.85,105.6,6,0,0,DSL,Mailed check,1,0,0,0,0,91.5,0
5956-YHHRX,21,Month-to-month,104.35,2271.85,3,0,0,Fiber optic,Electronic check,1,1,0,0,4,242.6,0
6008-NAIXK,54,One year,55.45,2966.95,0,0,0,DSL,Electronic check,1,1,0,0,4,170.6,0
2956-GGUCQ,24,Month-to-month,78.85,1772.25,2,0,1,Fiber optic,Electronic check,1,1,1,0,1,169.7,1
1928-BXYIV,1,Month-to-month,61.15,61.15,2,0,1,DSL,Electronic check,0,0,0,0,2,101.1,0
5760-FXFVO,6,Month-to-month,78.95,494.95,4,0,1,Fiber optic,Electronic check,1,0,0,0,2,135.6,0
6595-COKXZ,1,Month-to-month,44.45,44.45,4,0,0,DSL,Mailed check,1,0,0,0,0,94.3,1
0961-ZWLVI,49,One year,109.2,5290.45,0,0,1,Fiber optic,Credit card (automatic),1,0,0,1,5,194.3,0
5181-OABFK,56,Two year,61.3,3346.8,1,0,1,DSL,Credit card (automatic),1,0,1,1,3,118.1,0
4007-NHVHI,56,Month-to-month,96.85,5219.65,3,0,1,Fiber optic,Electronic check,1,1,0,0,3,227.4,0
7816-VGHTO,6,Two year,40.55,217.5,1,1,0,DSL,Mailed check,0,0,1,1,3,76.6,0
5871-DGTXZ,32,One year,19.8,607.7,1,0,0,No,Mailed check,0,0,0,0,0,26.7,0
7550-WIQVA,50,One year,108.25,5431.4,1,0,1,Fiber optic,Electronic check,1,0,1,1,5,220.7,0
7544-ZVIKX,58,One year,105.05,6004.85,3,1,0,Fiber optic,Bank transfer (automatic),1,0,1,1,4,239.3,0
0016-QLJIS,65,Two year,90.45,5957.9,0,1,1,DSL,Mailed check,1,0,1,1,6,215.0,0
7508-DQAKK,64,Two year,86.4,5442.05,0,1,1,DSL,Credit card (automatic),1,0,0,0,6,261.1,0
5176-OLSKT,66,Two year,66.9,4370.25,1,0,1,DSL,Bank transfer (automatic),0,0,1,0,3,113.9,0
9356-AXGMP,38,One year,110.7,4428.6,0,1,1,Fiber optic,Electronic check,1,0,1,0,5,340.3,0
3556-BVQGL,20,One year,20.0,416.45,0,0,0,No,Mailed check,1,0,1,0,0,36.3,0
0362-ZBZWJ,36,Month-to-month,84.9,3067.2,4,0,0,Fiber optic,Electronic check,1,0,0,0,1,212.2,1
8979-CAMGB,64,One year,102.1,6688.1,1,1,0,Fiber optic,Electronic check,0,1,0,0,4,241.0,0
4211-MMAZN,1,Month-to-month,20.25,20.25,7,0,0,No,Mailed check,0,0,0,0,0,33.7,1
7581-EBBOU,60,One year,70.15,4224.7,0,1,0,DSL,Credit card (automatic),1,0,0,0,4,178.6,0
4274-OWWYO,1,Month-to-month,74.35,74.35,6,0,0,Fiber optic,Electronic check,1,0,0,0,1,152.4,1
5073-RZGBK,50,One year,80.05,4042.2,0,1,1,DSL,Bank transfer (automatic),1,0,1,1,5,168.3,0
1541-ETJZO,1,Month-to-month,62.05,62.05,2,1,0,DSL,Mailed check,0,0,0,0,2,133.9,1
2192-CKRLV,72,Two year,49.2,3580.95,1,0,1,DSL,Electronic check,1,0,1,0,4,125.4,0
3154-HMWUU,60,Two year,20.5,1198.8,3,0,0,No,Bank transfer (automatic),1,0,1,0,0,45.7,0
6119-SPUDB,46,Two year,38.25,1755.35,0,1,1,DSL,Mailed check,0,0,0,0,3,57.2,0
6522-OIQSX,69,Two year,54.95,3772.5,3,0,0,DSL,Credit card (automatic),1,0,1,1,4,171.8,0
7813-ZGGAW,31,Month-to-month,96.6,2877.95,1,1,0,Fiber optic,Bank transfer (automatic),1,1,0,0,3,236.5,0
8748-HFWBO,19,One year,19.9,357.7,3,0,0,No,Mailed check,0,0,1,1,0,35.8,0
1052-QJIBV,71,Two year,19.9,1397.3,0,0,0,No,Credit card (automatic),0,0,1,1,0,33.2,0
1319-YLZJG,12,Month-to-month,84.6,959.9,2,0,1,Fiber optic,Electronic check,1,0,1,0,3,168.4,0
4106-HADHQ,39,One year,80.0,3182.95,0,1,1,DSL,Credit card (automatic),0,0,1,1,5,257.5,1
0723-FDLAY,44,One year,85.25,3704.15,1,1,0,DSL,Bank transfer (automatic),1,0,0,0,5,222.3,0
3050-RLLXC,56,Two year,81.25,4620.4,0,1,1,DSL,Credit card (automatic),0,0,1,1,5,209.2,0
9298-WGMRW,72,Two year,115.5,8312.75,1,1,1,Fiber optic,Bank transfer (automatic),1,0,1,0,6,273.0,0
2369-UAPKZ,5,Month-to-month,104.1,541.9,6,0,0,Fiber optic,Mailed check,0,0,0,0,4,239.4,1
3088-LHEFH,11,Month-to-month,79.0,929.3,1,0,1,Fiber optic,Bank transfer (automatic),1,0,0,0,1,170.5,0
2778-OCLGR,24,Month-to-month,39.1,971.3,2,0,1,DSL,Bank transfer (automatic),0,1,1,0,2,102.5,1
6583-KQJLK,15,Month-to-month,94.65,1285.05,3,0,0,Fiber optic,Electronic check,1,1,1,0,3,235.2,0
8544-JNBOX,72,Two year,20.8,1521.2,4,0,0,No,Mailed check,1,0,0,0,0,42.0,0
6681-ZSEXG,56,Two year,59.5,3389.25,1,0,0,DSL,Credit card (automatic),0,0,1,0,2,92.9,0
6139-ZZRBQ,64,Two year,20.05,1198.05,1,0,0,No,Bank transfer (automatic),1,1,0,0,0,31.5,0
6116-RFVHN,34,Month-to-month,100.45,3414.65,1,0,0,Fiber optic,Electronic check,1,0,1,0,3,253.7,0
0637-KVDLV,2,Month-to-month,76.5,162.45,2,0,0,Fiber optic,Electronic check,1,0,0,0,0,141.0,1
8884-FEEWR,35,One year,20.6,754.0,1,0,0,No,Bank transfer (automatic),0,0,0,0,0,42.5,0
3125-RAHBV,22,One year,20.3,467.15,5,0,0,No,Credit card (automatic),0,0,0,0,0,35.9,0
6633-MPWBS,5,Month-to-month,49.2,216.9,2,1,0,DSL,Electronic check,1,0,0,0,1,81.1,1
0373-AIVNJ,9,One year,39.55,373.0,0,0,1,DSL,Mailed check,0,0,0,0,3,58.6,0
8785-EPNCG,11,Month-to-month,23.15,245.2,5,0,0,No,Credit card (automatic),0,0,0,0,0,40.2,1
1682-VCOIO,23,One year,20.45,481.1,2,0,0,No,Mailed check,0,0,0,0,0,34.7,0
5729-KLZAR,4,Month-to-month,80.85,302.75,4,0,0,Fiber optic,Electronic check,0,0,1,1,1,217.5,1
2072-ZVJJX,68,Two year,25.25,1728.2,3,0,0,No,Bank transfer (automatic),0,0,1,0,0,35.2,0
8849-AYPTR,33,Month-to-month,91.25,2964.05,3,0,0,Fiber optic,Electronic check,0,0,1,0,2,183.4,0
9518-IMLHK,31,Month-to-month,72.45,2156.25,0,1,1,DSL,Bank transfer (automatic),1,0,0,0,5,125.7,0
1582-RAFML,1,Month-to-month,60.1,60.1,3,1,0,DSL,Mailed check,0,0,0,0,2,105.5,1
3646-ITDGM,56,Two year,19.7,1051.9,1,0,0,No,Bank transfer (automatic),0,0,0,0,0,38.1,0
8740-CRYFY,1,Month-to-month,78.95,78.95,3,0,0,Fiber optic,Electronic check,1,0,0,0,1,226.9,1
3569-VLDHH,66,One year,75.1,5013.0,0,1,1,DSL,Electronic check,1,0,1,1,5,135.4,0
8224-KDLKN,72,Two year,25.0,1738.9,1,0,0,No,Bank transfer (automatic),0,0,1,1,0,46.5,0
7594-LZNWR,34,Month-to-month,69.15,2275.1,2,0,0,Fiber optic,Credit card (automatic),0,1,0,0,0,114.4,0
4001-TSBTV,58,Month-to-month,91.55,5511.65,2,0,0,Fiber optic,Electronic check,1,0,1,1,3,255.2,0
2962-XPMCQ,2,Month-to-month,45.15,98.5,2,0,0,DSL,Electronic check,1,0,0,0,0,86.1,1
8727-XDPUD,37,Two year,35.8,1316.9,1,0,0,DSL,Credit card (automatic),0,0,0,0,1,128.7,0
1043-UXOVO,71,Two year,113.15,7993.3,1,1,1,Fiber optic,Credit card (automatic),1,0,0,0,6,285.2,0
1064-FBXNK,1,One year,19.85,19.85,4,0,0,No,Credit card (automatic),0,0,1,1,0,41.6,0
3996-ZNWYK,71,Two year,19.8,1388.45,1,0,0,No,Credit card (automatic),0,1,1,1,0,37.8,0
2878-DHMIN,35,One year,19.9,666.0,2,0,0,No,Electronic check,0,0,1,1,0,32.8,0
7762-ONLJY,6,One year,19.7,94.45,1,0,0,No,Mailed check,0,0,1,1,0,40.7,0
1678-FYZOW,3,Month-to-month,79.4,244.65,3,0,0,Fiber optic,Electronic check,1,0,0,0,1,176.3,1
5795-BKOYE,69,One year,59.1,4134.7,0,1,0,DSL,Bank transfer (automatic),0,0,1,1,3,72.3,0
8627-EHGIP,44,One year,53.95,2375.4,3,0,0,DSL,Mailed check,1,0,0,0,4,176.0,1
7402-PWYJJ,53,One year,91.15,4862.5,2,1,0,Fiber optic,Electronic check,1,0,1,0,2,169.2,0
5480-TBGPH,24,Month-to-month,99.3,2431.35,1,0,0,Fiber optic,Credit card (automatic),1,0,1,0,4,281.0,1
0018-NYROU,5,Month-to-month,68.95,351.5,2,0,0,Fiber optic,Electronic check,1,0,1,0,0,153.1,0
7501-VTYLJ,2,Month-to-month,51.55,106.2,4,0,0,DSL,Mailed check,0,0,0,1,1,97.7,0
7608-RGIRO,62,Two year,24.4,1413.0,1,0,0,No,Mailed check,1,0,0,1,0,47.9,0
0480-BIXDE,19,Month-to-month,96.8,1743.05,2,0,0,Fiber optic,Electronic check,1,0,1,0,3,210.6,0
5895-QSXOD,9,Month-to-month,70.05,657.5,6,0,0,Fiber optic,Mailed check,0,0,0,0,0,112.5,0
9814-AOUDH,53,Two year,19.5,1050.5,0,0,0,No,Credit card (automatic),0,0,0,0,0,32.4,0
6175-IRFIT,5,Month-to-month,78.75,426.35,5,0,0,Fiber optic,Mailed check,0,0,0,0,1,235.6,0
8760-ZRHKE,71,One year,69.2,4982.5,0,0,1,DSL,Electronic check,0,1,1,1,3,155.8,0
1622-HSHSF,1,Month-to-month,19.55,19.55,7,0,0,No,Mailed check,1,0,0,0,0,36.9,0
8854-CCVSQ,18,Month-to-month,80.65,1451.9,3,0,0,Fiber optic,Electronic check,1,0,0,0,1,107.3,1
6749-UTDVX,72,Two year,103.65,7634.8,2,0,0,Fiber optic,Electronic check,1,0,0,0,4,249.0,0
5542-DHSXL,4,Month-to-month,54.7,235.05,2,0,1,DSL,Mailed check,0,0,1,0,2,101.1,0
9102-OXKFY,59,Two year,54.15,3116.15,1,0,0,DSL,Credit card (automatic),0,0,0,0,1,96.3,0
0511-JTEOY,1,Month-to-month,71.1,71.1,1,0,0,Fiber optic,Mailed check,0,0,0,0,0,123.5,1
5216-WASFJ,31,Month-to-month,84.85,2633.4,7,0,0,Fiber optic,Electronic check,1,1,1,0,1,206.6,0
7808-DVWEP,3,Month-to-month,20.0,49.65,0,0,0,No,Bank transfer (automatic),0,0,1,0,0,38.9,0
7067-KSAZT,65,One year,106.25,6979.8,1,0,0,Fiber optic,Electronic check,1,1,1,0,4,225.3,1
2284-VFLKH,49,One year,99.25,4920.8,1,1,0,Fiber optic,Credit card (automatic),1,0,1,0,4,209.9,0
0366-NQSHS,2,Month-to-month,19.35,46.35,0,0,0,No,Mailed check,0,0,0,0,0,37.9,0
6532-YLWSI,53,One year,20.8,1021.8,2,0,0,No,Bank transfer (automatic),0,0,1,0,0,42.2,1
3807-BPOMJ,55,One year,94.75,5276.1,4,0,1,Fiber optic,Electronic check,1,0,1,0,3,202.3,0
3892-NXAZG,72,Two year,114.05,8289.2,0,1,1,Fiber optic,Credit card (automatic),1,0,1,1,6,315.8,0
4948-WBBKL,36,Month-to-month,74.9,2659.45,2,0,0,Fiber optic,Bank transfer (automatic),1,1,0,0,0,108.1,0
4182-BGSIQ,10,Month-to-month,19.8,196.75,3,0,0,No,Bank transfer (automatic),1,0,1,1,0,35.0,0
9300-AGZNL,1,Month-to-month,94.0,94.0,0,0,0,Fiber optic,Electronic check,1,1,0,0,2,297.8,1
0988-AADSA,72,Two year,80.85,5824.75,0,1,1,DSL,Bank transfer (automatic),0,0,1,1,5,142.3,0
9972-NKTFD,28,Month-to-month,54.65,1517.5,1,1,0,DSL,Bank transfer (automatic),0,0,0,0,2,99.0,0
3717-LNXKW,38,Month-to-month,91.7,3479.05,2,0,1,Fiber optic,Bank transfer (automatic),0,0,1,0,2,199.9,0
5734-EJKXG,61,One year,118.6,7365.7,2,1,1,Fiber optic,Electronic check,1,0,0,0,6,246.5,0
2207-RYYRL,52,Two year,24.55,1331.05,2,0,0,No,Mailed check,0,0,1,1,0,49.4,0
6729-FZWSY,67,One year,19.45,1195.95,1,0,0,No,Mailed check,1,0,0,0,0,30.4,0
9695-IDRZR,34,Two year,116.15,3946.9,0,1,1,Fiber optic,Credit card (automatic),1,0,0,1,6,262.6,0
8144-DGHXP,54,Two year,80.6,4299.95,0,1,1,DSL,Electronic check,0,0,0,0,5,190.0,0
7814-LEEVE,1,Month-to-month,20.3,20.3,4,0,0,No,Bank transfer (automatic),1,0,1,0,0,39.1,0
1112-CUNAO,15,Month-to-month,89.85,1424.95,0,0,0,Fiber optic,Electronic check,0,1,0,0,2,219.6,1
5175-AOBHI,4,Month-to-month,46.0,193.6,3,0,0,DSL,Mailed check,1,0,0,0,0,99.9,1
5174-RNGBH,9,Month-to-month,66.25,620.55,1,1,0,DSL,Mailed check,0,0,0,0,3,154.5,1
8631-WUXGY,46,Month-to-month,99.8,4391.25,3,0,0,Fiber optic,Electronic check,1,0,0,1,4,229.5,0
7270-BDIOA,22,Month-to-month,90.0,1993.8,1,1,0,Fiber optic,Electronic check,1,0,0,0,2,247.6,1
9565-JSNFM,38,One year,70.45,2597.6,2,0,0,Fiber optic,Bank transfer (automatic),1,0,0,0,0,116.0,1
5906-DVAPM,55,One year,75.0,4213.9,0,1,1,DSL,Credit card (automatic),1,0,1,1,4,193.5,0
6654-QGBZZ,1,Month-to-month,19.9,19.9,3,0,0,No,Mailed check,0,0,0,0,0,44.6,0
8348-JLBUG,64,One year,80.3,5017.7,1,0,1,Fiber optic,Credit card (automatic),0,1,1,0,2,162.2,0
0607-DAAHE,53,Two year,19.75,1052.35,1,0,0,No,Bank transfer (automatic),0,0,0,1,0,26.2,1
5641-DMBFJ,58,Two year,84.3,4916.4,0,1,1,DSL,Electronic check,1,0,1,0,5,197.2,0
9200-NLNPD,56,One year,54.05,2959.8,1,1,0,DSL,Bank transfer (automatic),1,0,1,0,4,157.6,0
2664-XJZNO,72,Two year,104.9,7559.55,1,1,1,Fiber optic,Credit card (automatic),1,0,1,1,5,303.4,0
9732-KPKBW,1,Month-to-month,53.95,53.95,2,1,1,DSL,Electronic check,1,0,0,0,2,86.4,1
3339-EAQNV,72,One year,97.25,7133.1,2,0,0,Fiber optic,Credit card (automatic),1,1,1,0,3,285.2,0
0921-OHLVP,22,Month-to-month,83.05,1799.3,2,0,0,Fiber optic,Electronic check,0,0,0,0,1,196.4,0
3389-YGYAI,8,Month-to-month,105.5,829.55,1,0,0,Fiber optic,Electronic check,1,1,0,0,4,277.6,1
9560-ARGQJ,16,Month-to-month,81.0,1312.15,4,0,0,Fiber optic,Electronic check,1,0,0,1,1,186.0,1
8350-NYMVI,39,Month-to-month,41.1,1597.05,1,1,0,DSL,Bank transfer (automatic),0,0,0,0,3,66.0,0
1600-DILPE,12,Month-to-month,45.0,524.35,1,0,0,DSL,Bank transfer (automatic),1,0,0,0,0,97.7,0
0536-ESJEP,54,Two year,74.55,4191.45,1,0,1,DSL,Bank transfer (automatic),1,0,1,0,4,218.9,0
4654-GGUII,18,One year,40.2,711.95,0,1,1,DSL,Mailed check,1,0,0,0,3,88.8,0
6478-HRRCZ,32,One year,70.5,2201.75,0,1,1,DSL,Mailed check,0,0,1,0,4,145.0,0
8510-BBWMU,41,One year,19.75,806.95,1,0,0,No,Mailed check,1,0,0,0,0,26.8,0
6857-TKDJV,67,Two year,24.65,1620.45,1,0,0,No,Bank transfer (automatic),0,0,1,1,0,53.7,0
2360-RDGRO,65,Month-to-month,104.25,6812.95,2,0,1,Fiber optic,Electronic check,1,0,1,0,4,222.1,0
0584-BJQGZ,25,Month-to-month,78.35,1837.9,0,1,1,DSL,Bank transfer (automatic),1,0,0,0,5,184.6,0
5134-IKDAY,1,Month-to-month,69.8,69.8,4,0,0,Fiber optic,Electronic check,1,0,1,1,0,119.0,1
1360-XFJMR,67,One year,109.7,7344.45,2,1,0,Fiber optic,Credit card (automatic),1,0,1,0,5,271.7,0
3070-DVEYC,7,Month-to-month,73.75,545.15,1,0,0,Fiber optic,Mailed check,0,1,0,0,0,126.5,1
5730-RIITO,43,Month-to-month,33.45,1500.25,2,0,1,DSL,Credit card (automatic),1,1,0,0,2,50.5,0
9058-MJLZC,24,Month-to-month,94.6,2283.15,3,0,1,Fiber optic,Electronic check,1,0,0,0,3,206.2,0
5707-ORNDZ,9,Month-to-month,54.55,494.05,0,0,1,DSL,Electronic check,0,1,0,0,1,101.4,1
0902-XKXPN,69,Two year,20.2,1376.5,3,0,0,No,Bank transfer (automatic),0,0,1,1,0,32.6,0
5177-RVZNU,37,One year,20.3,755.4,3,0,0,No,Bank transfer (automatic),0,0,0,1,0,45.9,0
0056-EPFBG,20,Two year,39.4,825.4,0,1,1,DSL,Credit card (automatic),1,0,1,1,3,71.8,0
8993-IZEUX,7,Month-to-month,69.15,488.65,3,0,0,Fiber optic,Bank transfer (automatic),0,0,0,0,0,150.4,0
8696-JKZNU,37,Month-to-month,76.25,2841.55,7,0,0,Fiber optic,Electronic check,1,1,0,0,0,127.6,1
5380-AFSSK,5,Month-to-month,93.9,486.85,8,0,0,Fiber optic,Mailed check,1,0,0,0,2,278.6,1
8190-ZTQFB,41,One year,51.35,2075.1,2,0,0,DSL,Electronic check,1,0,0,0,3,157.2,0
0931-MHTEM,54,One year,100.05,5299.65,1,0,1,Fiber optic,Credit card (automatic),1,0,0,0,4,223.8,0
2055-PDADH,3,Month-to-month,70.4,204.7,5,0,0,Fiber optic,Electronic check,1,1,0,0,0,122.2,1
7515-LODFU,69,Two year,20.3,1356.3,3,0,0,No,Credit card (automatic),0,1,0,0,0,35.5,0
0440-UEDAI,53,One year,94.45,5042.75,0,1,0,Fiber optic,Credit card (automatic),1,0,0,0,4,290.9,0
1337-BOZWO,18,One year,46.4,812.4,3,0,0,DSL,Credit card (automatic),0,0,1,1,3,99.1,0
0868-VJRDR,64,Two year,104.05,6605.55,0,1,1,Fiber optic,Credit card (automatic),1,0,1,0,5,241.2,0
8714-EUHJO,31,Month-to-month,91.15,2995.45,4,0,0,Fiber optic,Electronic check,1,0,1,1,2,225.5,1
6344-SFJVH,20,Month-to-month,24.9,505.95,4,0,0,DSL,Credit card (automatic),0,0,0,0,0,43.7,0
3950-VPYJB,57,One year,59.6,3509.4,0,1,1,DSL,Mailed check,0,0,1,1,3,109.5,0
8041-TMEID,63,Two year,108.5,6991.9,0,0,1,Fiber optic,Credit card (automatic),0,1,1,0,5,306.7,0
7321-ZNSLA,13,Two year,40.55,590.35,0,1,1,DSL,Mailed check,0,0,1,1,3,71.4,0
6941-KXRRV,48,One year,58.95,2789.7,3,0,0,DSL,Bank transfer (automatic),1,1,1,0,2,130.4,0
3721-CNEYS,2,Month-to-month,70.95,137.95,1,0,0,Fiber optic,Electronic check,1,0,0,0,0,101.8,1
8727-JQFHV,57,Two year,20.75,1123.15,0,0,0,No,Mailed check,0,0,1,1,0,36.9,0
9475-NNDGC,71,One year,113.15,7953.25,2,1,0,Fiber optic,Bank transfer (automatic),1,0,1,0,5,306.2,0
1355-KUSBG,7,Month-to-month,48.8,349.8,2,0,0,DSL,Electronic check,0,0,1,1,0,90.4,0
3688-FTHLT,16,Month-to-month,63.05,1067.05,2,0,0,DSL,Bank transfer (automatic),1,0,0,0,1,180.0,0
0899-LIIBW,34,Month-to-month,100.85,3527.3,1,0,0,Fiber optic,Electronic check,0,0,1,0,3,245.0,0
2568-OIADY,37,Month-to-month,99.5,3762.0,3,0,0,Fiber optic,Electronic check,1,0,1,0,3,269.4,1
1384-RCUXW,16,Month-to-month,80.55,1248.9,6,0,0,Fiber optic,Mailed check,1,0,0,0,1,126.7,0
5825-XJOCM,48,One year,64.4,3035.35,3,0,1,DSL,Bank transfer (automatic),1,0,0,1,3,82.6,0
6848-YLDFR,58,One year,75.2,4300.8,0,1,0,DSL,Credit card (automatic),1,0,1,1,4,233.5,0
8125-QPFJD,72,Two year,84.9,6065.3,0,1,1,DSL,Bank transfer (automatic),1,0,1,0,5,216.2,0
2320-YKQBO,7,Month-to-month,19.3,144.95,2,0,0,No,Mailed check,0,0,0,0,0,38.0,0
1193-RTSLK,38,Month-to-month,83.9,3233.6,1,0,1,Fiber optic,Credit card (automatic),1,0,0,0,3,136.8,1
2302-ANTDP,48,Month-to-month,117.45,5438.9,0,1,1,Fiber optic,Electronic check,0,1,1,0,6,223.8,1
5923-GXUOC,10,Month-to-month,104.4,1081.45,4,0,1,Fiber optic,Electronic check,1,0,0,0,5,231.1,1
4973-RLZVI,30,One year,74.65,2308.6,0,1,1,DSL,Credit card (automatic),0,0,0,0,5,166.2,0
7869-ZYDST,31,Month-to-month,59.05,1882.8,3,0,0,DSL,Credit card (automatic),1,0,1,0,1,130.9,0
4501-UYKBC,46,One year,69.1,3255.35,1,1,0,DSL,Credit card (automatic),1,1,0,0,3,157.0,0
1215-EXRMO,50,Two year,20.55,1067.65,2,0,0,No,Mailed check,0,0,1,0,0,39.9,0
2305-MRGLV,28,Month-to-month,76.55,2065.4,0,1,0,Fiber optic,Bank transfer (automatic),0,0,1,0,1,137.0,0
8404-VIOMB,66,Two year,62.5,4136.4,1,1,1,DSL,Bank transfer (automatic),1,0,0,0,6,205.3,0
5233-GEEAX,8,Month-to-month,29.4,221.9,2,0,0,DSL,Electronic check,1,1,0,0,1,51.5,1
2359-KLTEK,41,Month-to-month,94.9,3848.0,0,0,0,Fiber optic,Bank transfer (automatic),1,0,1,1,3,224.5,0
5304-EFJLP,72,Two year,111.65,8022.85,4,1,0,Fiber optic,Bank transfer (automatic),1,1,1,0,5,239.0,0
2673-ZALNP,7,One year,19.9,173.15,1,0,0,No,Mailed check,0,0,0,0,0,24.0,0
9184-GALIL,38,Month-to-month,20.45,781.25,2,0,0,No,Mailed check,0,0,1,1,0,39.9,0
4393-RYCRE,44,One year,106.05,4510.8,5,0,1,Fiber optic,Electronic check,1,0,0,0,5,314.2,0
9746-MDMBK,47,One year,113.45,5317.8,0,1,1,Fiber optic,Bank transfer (automatic),1,0,1,1,6,241.2,0
3162-ZJZFU,53,Month-to-month,92.55,4779.45,0,1,0,Fiber optic,Electronic check,1,0,1,1,3,176.5,0
8404-GFGCZ,4,Month-to-month,65.6,250.1,4,0,0,DSL,Electronic check,0,0,1,0,2,137.3,0
8875-AKBYH,20,Month-to-month,84.35,1745.2,4,0,0,Fiber optic,Electronic check,1,1,0,0,1,200.7,0
4432-ADRLB,2,Month-to-month,44.65,74.9,4,0,0,DSL,Mailed check,0,0,0,0,0,81.2,1
0533-UCAAU,57,One year,71.1,4140.1,2,0,0,DSL,Credit card (automatic),1,1,1,0,3,161.4,0
1394-SUIUH,44,Month-to-month,85.15,3670.5,0,1,1,Fiber optic,Electronic check,1,1,1,0,3,151.4,0
3521-MNKLV,24,Month-to-month,49.7,1167.8,3,0,0,DSL,Mailed check,1,0,0,0,1,66.9,0
2533-TIBIX,15,Month-to-month,30.2,469.65,0,0,1,DSL,Bank transfer (automatic),1,0,1,1,1,53.1,0
8993-PHFWD,3,Month-to-month,25.25,58.9,5,0,0,DSL,Electronic check,0,0,0,0,0,44.0,1
1565-RHDJD,4,Month-to-month,84.05,333.55,9,0,0,Fiber optic,Bank transfer (automatic),0,0,0,1,2,161.5,1
7137-RYLPP,37,Month-to-month,85.7,3171.15,1,0,0,Fiber optic,Electronic check,1,1,1,0,1,172.8,1
3765-JXVKY,1,Month-to-month,74.7,74.7,0,0,0,Fiber optic,Electronic check,1,0,0,0,1,123.2,1
5092-STPKP,24,Month-to-month,56.35,1381.2,0,1,1,DSL,Credit card (automatic),0,0,0,0,2,104.1,0
7330-WZLNC,5,Month-to-month,90.8,455.5,6,0,0,Fiber optic,Electronic check,1,0,0,0,2,283.4,1
0114-PEGZZ,33,Month-to-month,107.55,3645.5,7,0,0,Fiber optic,Electronic check,0,0,0,0,4,247.8,0
3359-DSRKA,58,Two year,19.85,1158.85,0,0,0,No,Mailed check,1,0,1,1,0,46.4,0
8639-NHQEI,72,Two year,95.9,6954.15,1,0,1,Fiber optic,Bank transfer (automatic),1,0,1,1,3,182.5,0
7161-DFHUF,71,Two year,23.85,1672.1,1,0,0,No,Mailed check,0,0,1,0,0,43.1,0
3957-LXOLK,28,Month-to-month,106.15,3152.5,0,0,0,Fiber optic,Electronic check,1,1,0,0,4,232.4,1
3720-DBRWL,51,Two year,83.85,4307.1,0,1,1,DSL,Credit card (automatic),1,0,1,0,6,276.9,0
6635-MYYYZ,30,One year,85.35,2530.4,1,1,1,DSL,Bank transfer (automatic),0,0,0,0,6,237.3,1
8565-WUXZU,72,Two year,84.8,6141.65,0,1,1,Fiber optic,Credit card (automatic),1,1,1,0,3,156.6,0
5281-BUZGT,36,Month-to-month,90.85,3186.7,3,0,1,Fiber optic,Electronic check,1,1,0,0,2,233.9,1
4994-OBRSZ,14,Two year,76.1,1054.8,0,1,1,DSL,Bank transfer (automatic),0,0,0,1,5,210.7,0
0562-FGDCR,72,Two year,74.55,5430.65,0,1,1,DSL,Mailed check,0,0,1,1,4,156.6,0
2436-QBZFP,22,Month-to-month,39.2,849.9,2,0,0,DSL,Electronic check,0,0,1,1,2,114.3,0
3420-YJLQT,2,Month-to-month,79.55,151.75,7,0,0,Fiber optic,Electronic check,0,0,0,0,1,132.3,0
6040-CGACY,15,Month-to-month,19.6,299.4,2,0,0,No,Mailed check,0,0,0,0,0,41.3,0
6582-PLFUU,51,Two year,19.55,1086.75,1,0,0,No,Credit card (automatic),0,0,1,1,0,24.1,0
8242-PDSGJ,70,Two year,39.15,2692.75,1,1,1,DSL,Credit card (automatic),1,0,1,0,3,93.2,0
0264-CNITK,71,Two year,20.1,1389.6,1,0,0,No,Bank transfer (automatic),0,0,1,1,0,34.9,0
0089-IIQKO,39,Month-to-month,99.95,3767.4,2,1,0,Fiber optic,Credit card (automatic),1,0,1,1,3,179.2,0
7839-NUIAA,61,Month-to-month,59.8,3641.5,1,0,1,DSL,Electronic check,0,0,1,1,2,111.9,0
6075-QMNRR,52,Month-to-month,49.75,2535.55,1,0,1,DSL,Bank transfer (automatic),1,0,0,0,1,78.2,0
5378-IKEEG,1,Month-to-month,35.75,35.75,4,0,0,DSL,Electronic check,1,0,0,0,1,104.6,1
5966-EMAZU,64,One year,108.5,6880.85,0,1,1,Fiber optic,Mailed check,1,0,1,0,5,279.7,0
0440-EKDCF,62,Two year,60.15,3753.2,0,1,0,DSL,Credit card (automatic),1,0,1,0,3,125.2,0
4774-HHGGS,30,Two year,19.05,637.55,2,0,0,No,Mailed check,0,0,1,0,0,24.9,0
2718-GAXQD,4,Month-to-month,46.0,181.6,2,0,0,DSL,Electronic check,0,1,1,1,0,87.5,1
2055-BFOCC,63,One year,84.0,5329.55,0,1,1,DSL,Bank transfer (automatic),1,1,1,0,6,270.4,0
8180-AKMJV,1,Month-to-month,44.55,44.55,5,0,0,DSL,Credit card (automatic),1,0,0,0,0,64.5,0
4298-OYIFC,15,Month-to-month,103.45,1539.8,2,1,0,Fiber optic,Electronic check,1,0,1,0,4,295.2,0
5566-SOEZD,27,One year,80.65,2209.75,1,0,1,Fiber optic,Credit card (automatic),1,0,1,1,2,162.4,0
9842-EFSYY,4,Month-to-month,57.2,223.75,2,0,1,DSL,Mailed check,1,0,0,1,5,167.9,0
2272-WUSPA,72,Two year,110.75,7751.7,2,0,1,Fiber optic,Electronic check,1,0,1,0,5,199.2,0
4584-LBNMK,45,One year,24.7,1174.35,9,0,0,No,Credit card (automatic),0,1,1,0,0,45.4,0
3898-GUYTS,45,Month-to-month,97.05,4385.05,0,1,1,Fiber optic,Electronic check,1,1,0,0,4,199.1,0
0930-EHUZA,36,One year,76.35,2606.35,0,1,1,DSL,Mailed check,1,0,0,0,5,218.3,0
6413-XKKPU,17,Month-to-month,89.4,1539.45,1,0,1,Fiber optic,Electronic check,1,0,1,1,3,193.6,1
9975-SKRNR,1,Month-to-month,18.9,18.9,5,0,0,No,Mailed check,0,0,0,0,0,37.5,0
3703-KBKZP,16,Month-to-month,74.45,1261.35,0,0,0,Fiber optic,Bank transfer (automatic),1,1,0,0,0,140.7,0
1449-XQEMT,3,Month-to-month,19.8,58.15,6,0,0,No,Mailed check,1,0,0,0,0,36.6,1
2626-URJFX,4,Month-to-month,50.9,225.6,3,0,0,DSL,Electronic check,1,0,1,1,0,74.6,1
4973-MGTON,71,Two year,84.4,5969.3,0,1,1,DSL,Credit card (automatic),1,0,1,0,6,206.4,0
3682-YEUWS,10,Month-to-month,24.4,253.9,2,0,0,No,Mailed check,1,0,1,1,0,44.5,0
1223-UNPKS,20,Two year,20.05,400.0,2,0,0,No,Mailed check,0,0,1,1,0,35.6,0
2612-RRIDN,4,Month-to-month,81.0,340.85,5,0,0,Fiber optic,Electronic check,1,0,0,0,1,182.5,1
4735-ASGMA,26,Month-to-month,98.35,2515.3,1,0,0,Fiber optic,Electronic check,1,0,0,0,3,286.0,1
3446-QDSZF,4,Month-to-month,55.5,227.35,1,0,0,DSL,Credit card (automatic),0,0,0,0,1,140.7,0
3669-LVWZB,5,Month-to-month,51.0,305.95,4,0,0,DSL,Mailed check,1,0,0,0,3,189.8,1
6892-EZDTG,4,Month-to-month,91.65,365.4,0,0,0,Fiber optic,Electronic check,1,0,1,0,2,207.3,1
5117-IFGPS,29,Month-to-month,84.3,2357.75,2,0,0,Fiber optic,Electronic check,1,1,1,0,1,202.2,0
7379-FNIUJ,2,Month-to-month,100.2,198.5,2,0,1,Fiber optic,Electronic check,0,0,0,0,4,239.7,0
1627-AFWVJ,29,Two year,19.4,554.25,3,0,0,No,Mailed check,0,0,0,0,0,27.1,0
9725-SCPZG,1,Month-to-month,90.85,90.85,0,0,0,Fiber optic,Electronic check,1,0,0,1,2,273.8,1
5884-GCYMI,1,Month-to-month,69.4,69.4,1,0,0,Fiber optic,Mailed check,0,0,0,0,0,140.8,1
3217-FZDMN,8,Month-to-month,94.45,742.95,1,0,0,Fiber optic,Credit card (automatic),1,1,0,0,3,273.7,1
4486-EFAEB,13,Month-to-month,20.4,251.65,1,0,0,No,Electronic check,1,0,0,0,0,32.3,0
0060-FUALY,59,Month-to-month,94.75,5597.65,1,0,1,Fiber optic,Electronic check,1,0,1,0,3,244.7,0
7853-GVUDZ,1,Month-to-month,20.15,20.15,4,0,0,No,Credit card (automatic),1,0,1,1,0,36.7,1
7480-QNVZJ,50,Month-to-month,95.7,4816.7,1,0,0,Fiber optic,Electronic check,1,1,0,0,2,258.2,1
6954-OOYZZ,18,Month-to-month,44.35,768.05,0,0,0,DSL,Bank transfer (automatic),1,0,1,0,0,71.7,0
7088-FBAWU,17,Month-to-month,74.55,1215.8,1,0,1,DSL,Mailed check,0,0,1,1,4,198.2,0
8313-AFGBW,47,Two year,73.6,3522.65,3,0,0,DSL,Electronic check,0,0,1,0,4,192.2,0
3943-KDREE,26,Month-to-month,74.95,1834.95,1,0,0,Fiber optic,Bank transfer (automatic),1,0,0,0,0,142.1,1
9239-ZBZZV,6,Month-to-month,47.95,305.1,5,0,0,DSL,Electronic check,1,0,0,0,3,149.1,1
3097-IDVPU,19,Month-to-month,50.1,910.45,3,0,0,DSL,Credit card (automatic),0,0,1,1,0,89.7,0
4398-HSCJH,3,Month-to-month,63.6,155.65,3,1,0,DSL,Electronic check,1,0,0,0,2,141.6,1
2197-OMWGI,68,Two year,53.0,3656.25,2,0,0,DSL,Electronic check,1,1,1,1,4,141.7,0
2303-PJYHN,2,Month-to-month,19.85,52.0,4,0,0,No,Bank transfer (automatic),0,0,1,0,0,36.0,0
9795-VOWON,7,One year,24.35,150.85,0,0,0,DSL,Credit card (automatic),1,0,0,0,0,44.6,0
1237-WIYYZ,18,Month-to-month,19.55,389.25,3,0,0,No,Mailed check,1,0,0,0,0,35.5,0
1987-AUELQ,71,Two year,25.05,1873.7,3,0,0,No,Credit card (automatic),0,0,1,0,0,25.2,0
7852-LECYP,13,Month-to-month,93.8,1261.0,1,0,1,Fiber optic,Credit card (automatic),0,1,1,0,3,240.6,0
4430-UZIPO,3,Month-to-month,36.85,108.7,2,1,0,DSL,Mailed check,1,0,0,0,2,66.1,1
4822-LPTYJ,72,Two year,103.75,7346.2,2,0,0,Fiber optic,Bank transfer (automatic),1,0,1,0,4,228.3,0
8165-CBKXO,66,Two year,56.75,3708.4,2,0,0,DSL,Credit card (automatic),1,0,1,1,4,233.5,0
6527-PZFPV,24,One year,20.8,469.65,1,0,0,No,Credit card (automatic),1,0,1,1,0,37.5,0
4855-SNKMY,1,Month-to-month,44.1,44.1,1,0,0,DSL,Electronic check,1,0,0,0,0,88.0,1
9593-CVZKR,56,Two year,24.45,1385.85,0,0,0,No,Mailed check,1,0,1,1,0,44.8,0
8595-SIZNC,22,One year,25.6,548.8,2,0,0,No,Bank transfer (automatic),0,1,1,0,0,30.2,0
8008-HAWED,14,Month-to-month,50.75,712.75,8,0,0,DSL,Electronic check,1,0,0,0,3,201.5,1
7124-UGSUR,61,One year,104.4,6405.0,4,0,0,Fiber optic,Credit card (automatic),1,1,1,0,4,222.1,1
1862-SKORY,40,Month-to-month,39.3,1637.4,2,0,0,DSL,Electronic check,1,1,1,0,2,128.4,1
5236-XMZJY,42,Month-to-month,59.65,2536.55,0,0,1,DSL,Bank transfer (automatic),0,0,0,0,3,105.1,0
4827-DPADN,72,Two year,83.3,6042.7,0,1,1,DSL,Bank transfer (automatic),1,0,1,1,5,200.2,0
2694-CIUMO,12,Month-to-month,79.55,958.25,1,1,0,Fiber optic,Credit card (automatic),1,0,0,0,1,90.9,0
5846-ABOBJ,71,Two year,24.45,1730.65,2,0,0,No,Bank transfer (automatic),0,0,1,0,0,40.8,0
1439-LCGVL,26,One year,19.2,459.6,3,0,0,No,Mailed check,0,0,1,0,0,29.3,0
0909-SDHNU,7,Month-to-month,29.8,201.95,2,0,1,DSL,Mailed check,0,0,0,1,1,53.8,0
4647-XXZAM,6,Month-to-month,45.5,285.2,3,0,0,DSL,Mailed check,0,0,1,1,0,68.4,0
1502-XFCVR,58,One year,106.45,6145.85,1,0,1,Fiber optic,Electronic check,1,0,0,0,5,299.9,1
7740-KKCXF,51,Month-to-month,30.05,1529.45,1,0,0,DSL,Credit card (automatic),1,0,1,0,1,49.7,0
5360-XGYAZ,72,Two year,65.65,4664.5,0,1,1,DSL,Bank transfer (automatic),1,0,1,1,6,184.5,0
9692-TUSXH,18,Month-to-month,96.05,1740.7,1,0,1,Fiber optic,Electronic check,1,0,0,0,3,326.9,1
7912-SYRQT,7,Month-to-month,75.1,552.95,3,0,0,Fiber optic,Bank transfer (automatic),1,0,0,0,0,150.6,1
3557-HTYWR,47,Two year,74.05,3496.3,1,1,1,DSL,Mailed check,0,0,0,0,4,156.3,0
4816-JBHOV,2,Month-to-month,44.7,93.7,3,0,0,DSL,Electronic check,1,1,0,0,0,84.7,1
8920-NAVAY,62,One year,110.75,7053.35,2,1,0,Fiber optic,Bank transfer (automatic),1,1,0,0,5,211.9,0
1699-TLDLZ,16,Two year,19.7,301.55,2,0,0,No,Mailed check,0,0,1,1,0,31.4,0
5600-PDUJF,6,Month-to-month,49.5,312.7,1,1,0,DSL,Credit card (automatic),1,0,0,0,1,86.6,0
8292-TYSPY,19,Month-to-month,55.0,1046.5,2,1,0,DSL,Credit card (automatic),1,0,0,0,2,87.9,1
0567-XRHCU,69,Two year,43.95,2960.1,3,0,1,DSL,Credit card (automatic),1,0,1,1,3,101.1,0
1867-BDVFH,11,Month-to-month,74.35,834.2,2,0,0,Fiber optic,Electronic check,1,0,1,1,0,146.2,1
2067-QYTCF,64,Month-to-month,111.15,6953.4,5,1,0,Fiber optic,Electronic check,1,0,1,0,5,254.3,0
2359-QWQUL,39,One year,104.7,4134.85,1,1,1,Fiber optic,Credit card (automatic),1,0,1,0,5,235.5,1
9103-TCIHJ,15,Month-to-month,55.7,899.8,0,0,1,DSL,Mailed check,1,0,0,0,1,91.1,1
7407-SUJIZ,25,Month-to-month,20.6,541.5,3,0,0,No,Mailed check,0,0,0,0,0,33.4,0
9150-KPBJQ,6,Two year,19.65,116.85,4,0,0,No,Credit card (automatic),0,0,0,0,0,39.4,0
0052-DCKON,66,One year,115.8,7942.15,1,1,1,Fiber optic,Bank transfer (automatic),0,0,1,0,6,300.1,0
3654-ARMGP,61,Two year,88.65,5321.25,0,1,0,DSL,Credit card (automatic),0,0,0,0,5,185.7,0
9699-UBQFS,43,Month-to-month,94.5,4156.8,4,0,1,Fiber optic,Electronic check,1,1,1,0,3,251.1,0
9367-TCUYN,12,Month-to-month,20.1,223.6,4,0,0,No,Mailed check,0,0,0,0,0,41.9,0
1261-FWTTE,23,Month-to-month,34.65,768.45,0,0,0,DSL,Bank transfer (automatic),1,1,0,0,1,97.8,0
3528-HFRIQ,71,Month-to-month,52.3,3765.05,2,0,0,DSL,Bank transfer (automatic),1,1,1,0,4,148.1,0
0708-SJDIS,34,Month-to-month,65.0,2157.5,2,1,0,DSL,Mailed check,0,0,0,0,2,157.0,0
4140-WJAWW,5,Month-to-month,19.85,108.05,3,0,0,No,Credit card (automatic),0,0,0,0,0,32.6,1
2073-QBVBI,41,One year,35.45,1391.65,1,1,0,DSL,Mailed check,0,0,1,0,2,68.5,0
6928-ONTRW,72,Two year,19.7,1379.8,4,0,0,No,Credit card (automatic),0,0,1,1,0,35.1,0
3320-VEOYC,14,Month-to-month,95.6,1273.3,2,0,0,Fiber optic,Electronic check,1,1,0,0,2,298.5,0
5231-FIQPA,41,Two year,19.85,810.45,1,0,0,No,Mailed check,1,0,0,0,0,27.1,0
6617-WLBQC,23,One year,81.85,1810.85,4,0,1,Fiber optic,Credit card (automatic),0,0,1,1,1,133.5,0
2599-CIPQE,71,Two year,109.3,7782.85,0,1,1,Fiber optic,Credit card (automatic),0,0,1,1,6,287.3,0
6653-CBBOM,1,Month-to-month,70.3,70.3,2,0,0,Fiber optic,Electronic check,1,0,0,0,0,116.9,1
8774-GSBUN,72,Two year,25.4,1797.1,3,0,0,No,Mailed check,0,0,1,0,0,42.7,0
7326-RIGQZ,6,Month-to-month,69.8,377.85,1,0,0,Fiber optic,Electronic check,1,0,1,1,0,103.8,0
1401-FTHFQ,23,One year,20.0,445.3,2,0,0,No,Credit card (automatic),1,0,1,1,0,46.0,0
3247-ZVOUO,10,Month-to-month,85.55,851.75,1,0,0,Fiber optic,Electronic check,0,1,1,0,1,188.2,1
0254-FNMCI,72,Two year,109.9,7624.2,1,1,1,Fiber optic,Electronic check,1,0,0,0,6,305.3,0
1848-LBZHY,7,Month-to-month,50.3,355.1,1,0,1,DSL,Bank transfer (automatic),1,0,1,0,1,79.8,0
6101-IMRMM,6,Month-to-month,94.5,575.45,7,0,0,Fiber optic,Mailed check,0,0,0,1,3,232.1,1
8118-TJAFG,9,Month-to-month,101.5,906.85,2,1,0,Fiber optic,Electronic check,1,0,1,1,4,258.9,0
5429-LWCMV,12,Month-to-month,89.15,1057.55,1,0,0,Fiber optic,Electronic check,1,0,0,0,2,248.3,0
7298-IZWLY,1,Month-to-month,19.4,19.4,2,0,0,No,Mailed check,1,0,0,0,0,41.8,0
9758-MFWGD,48,One year,29.9,1388.75,1,0,0,DSL,Bank transfer (automatic),0,1,1,1,1,70.1,0
3955-JBZZM,20,Month-to-month,78.8,1641.3,4,0,0,Fiber optic,Electronic check,0,0,0,0,1,221.9,0
1268-ASBGA,16,Month-to-month,85.35,1375.15,3,0,0,Fiber optic,Credit card (automatic),1,1,1,0,1,235.3,1
8943-URTMR,2,Month-to-month,79.65,152.7,8,0,0,Fiber optic,Mailed check,1,0,0,0,1,177.0,1
4815-TUMEQ,10,One year,19.3,185.2,2,0,0,No,Mailed check,1,0,0,0,0,31.1,0
4713-LZDRV,2,Month-to-month,79.6,195.05,5,0,0,Fiber optic,Electronic check,1,1,0,0,1,218.0,1
9909-IDLEK,20,Month-to-month,96.8,1826.7,4,1,0,Fiber optic,Mailed check,0,0,1,1,3,191.0,0
4092-OFQZS,20,One year,20.65,417.5,2,0,0,No,Mailed check,0,0,1,0,0,40.0,0
1561-BWHIN,19,One year,19.8,344.5,2,0,0,No,Mailed check,0,0,1,1,0,32.3,0
4325-NFSKC,19,Month-to-month,90.6,1660.0,1,0,1,Fiber optic,Electronic check,1,1,0,0,2,171.1,1
9927-DSWDF,22,Month-to-month,104.6,2180.55,0,1,1,Fiber optic,Electronic check,1,0,1,0,5,269.8,0
9500-LTVBP,35,Month-to-month,80.05,2835.9,2,1,0,Fiber optic,Credit card (automatic),0,0,0,0,1,124.7,0
7252-NTGSS,1,Month-to-month,45.15,45.15,1,0,0,DSL,Mailed check,0,0,0,0,0,77.3,0
8149-AIQCG,39,Month-to-month,73.15,2730.85,3,0,0,Fiber optic,Credit card (automatic),1,0,0,0,0,148.2,0
1360-JYXKQ,54,One year,99.1,5437.1,4,1,0,Fiber optic,Electronic check,1,1,1,0,4,250.2,0
2955-PSXOE,1,Month-to-month,20.2,20.2,4,0,0,No,Bank transfer (automatic),1,0,0,0,0,41.6,1
7762-URZQH,66,Two year,106.05,6981.35,1,0,1,Fiber optic,Credit card (automatic),1,0,1,0,4,252.1,1
0899-WZRSD,56,Month-to-month,105.35,5794.45,0,1,1,Fiber optic,Mailed check,1,0,0,0,4,282.4,0
3255-GRXMG,18,Month-to-month,45.65,747.2,0,0,0,DSL,Credit card (automatic),1,0,0,1,0,69.7,0
4828-FAZPK,16,Month-to-month,79.95,1267.95,4,0,0,Fiber optic,Credit card (automatic),1,0,1,1,1,171.3,0
6094-ZIVKX,68,One year,54.45,3674.95,0,0,1,DSL,Credit card (automatic),1,0,0,0,2,68.3,0
6925-BAYGL,53,Two year,25.1,1275.6,0,0,0,No,Credit card (automatic),0,1,1,0,0,46.9,0
3262-EIDHV,72,Two year,84.7,5893.9,1,1,1,DSL,Credit card (automatic),0,0,1,1,5,250.7,0
7354-OIJLX,9,Month-to-month,75.85,724.65,2,0,0,Fiber optic,Electronic check,1,0,0,0,0,83.8,0
1376-HHBDV,30,Month-to-month,48.8,1536.75,2,0,1,DSL,Mailed check,1,0,0,0,1,66.4,0
6907-NZZIJ,36,Month-to-month,99.15,3615.6,3,0,0,Fiber optic,Electronic check,1,0,0,0,3,199.7,1
6133-OZILE,18,Month-to-month,35.2,607.3,1,1,0,DSL,Electronic check,1,0,0,0,2,62.3,0
4135-FRWKJ,55,One year,76.25,4154.55,0,1,1,DSL,Electronic check,0,1,1,1,4,169.7,0
2911-UREFD,39,Month-to-month,55.9,2184.35,2,0,1,DSL,Electronic check,0,0,1,0,4,170.9,1
3744-ZRRDZ,21,Month-to-month,82.35,1852.85,2,0,0,Fiber optic,Electronic check,1,0,0,0,1,161.0,1
5673-TIYIB,2,Month-to-month,40.4,77.15,3,1,0,DSL,Credit card (automatic),1,0,0,0,3,96.7,1
6551-ZCOTS,33,One year,24.9,847.8,1,0,0,No,Bank transfer (automatic),1,1,0,0,0,38.0,0
7191-ADRGF,44,Two year,54.3,2390.45,2,0,0,DSL,Bank transfer (automatic),0,0,1,0,4,186.4,0
5018-LXQQG,30,Month-to-month,66.3,1923.5,0,1,1,DSL,Bank transfer (automatic),0,0,1,1,3,159.8,0
6892-BOGQE,71,Two year,20.9,1493.2,3,0,0,No,Bank transfer (automatic),1,0,1,0,0,43.5,0
1602-IJQQE,4,Month-to-month,75.35,338.1,5,0,0,Fiber optic,Electronic check,0,0,0,0,0,92.8,1
4628-WQCQQ,35,One year,85.15,3030.6,3,0,0,Fiber optic,Electronic check,1,0,0,1,2,146.6,1
1746-TGTWV,1,Month-to-month,75.35,75.35,5,0,0,Fiber optic,Credit card (automatic),0,0,1,0,1,113.7,0
5995-SNNEW,23,Month-to-month,104.45,2184.85,1,0,0,Fiber optic,Electronic check,1,1,1,0,4,224.2,0
8050-WYBND,22,One year,49.45,1031.4,2,0,0,DSL,Credit card (automatic),1,0,0,1,3,174.3,0
2821-WARNZ,49,One year,19.45,921.3,2,0,0,No,Credit card (automatic),0,0,0,1,0,32.4,0
4879-GZLFH,42,Month-to-month,92.15,3875.4,4,0,0,Fiber optic,Electronic check,1,0,1,1,3,172.1,0
1644-IRKSF,33,One year,93.8,3124.5,1,0,0,Fiber optic,Electronic check,1,0,1,1,3,220.5,1
8314-HTWVE,7,Two year,19.85,144.15,0,0,0,No,Mailed check,0,0,1,1,0,27.1,0
9402-ROUMJ,67,One year,100.25,6689.0,1,1,1,Fiber optic,Bank transfer (automatic),1,0,1,1,4,194.7,0
2507-QZPQS,15,Month-to-month,95.7,1451.1,1,1,0,Fiber optic,Electronic check,0,0,0,0,3,205.2,0
7159-NOKYQ,67,Two year,93.15,6368.2,4,0,0,Fiber optic,Electronic check,1,0,1,0,3,182.7,0
5707-ZMDJP,53,Two year,69.7,3729.6,0,1,1,DSL,Mailed check,1,0,1,1,4,194.3,0
8779-YIQQA,21,One year,19.8,350.1,5,0,0,No,Mailed check,0,0,1,1,0,47.2,0
7136-IHZJA,40,Month-to-month,71.35,2847.2,0,1,1,DSL,Mailed check,1,0,1,1,4,179.9,0
8966-OIQHG,22,One year,20.75,452.35,2,0,0,No,Bank transfer (automatic),0,0,1,1,0,28.7,0
7074-STDCN,39,Month-to-month,40.6,1494.5,3,1,0,DSL,Electronic check,1,0,0,0,2,136.2,0
3705-PSNGL,45,One year,20.4,930.45,2,0,0,No,Electronic check,1,0,0,0,0,47.8,1
8739-QOTTN,2,Month-to-month,20.35,41.85,2,0,0,No,Mailed check,0,0,1,0,0,35.4,0
1399-OUPJN,57,Two year,19.75,1272.05,0,0,0,No,Bank transfer (automatic),0,0,1,1,0,37.3,0
0277-BKSQP,8,Month-to-month,54.4,475.1,0,0,0,DSL,Electronic check,1,0,1,1,1,159.4,0
6502-HCJTI,7,Month-to-month,94.7,673.1,0,0,1,Fiber optic,Credit card (automatic),1,1,1,0,3,215.6,1
2606-RMDHZ,6,Month-to-month,30.5,208.7,1,0,0,DSL,Credit card (automatic),1,0,0,0,1,64.7,1
5774-XZTQC,7,Month-to-month,20.45,150.75,0,0,0,No,Mailed check,0,0,1,1,0,39.6,0
2676-SSLTO,49,Two year,66.15,3199.0,0,1,0,DSL,Bank transfer (automatic),1,0,0,0,2,144.0,0
6266-QHOJZ,65,One year,89.85,5844.65,1,1,1,Fiber optic,Electronic check,1,0,0,0,3,149.3,0
7269-JISCY,55,One year,45.05,2462.6,2,0,0,DSL,Bank transfer (automatic),0,0,0,0,0,77.7,0
0363-SVHYR,71,Two year,86.85,6263.8,0,1,1,DSL,Bank transfer (automatic),0,0,1,1,6,211.4,0
8547-NSBBO,35,Month-to-month,96.75,3403.4,0,1,1,Fiber optic,Mailed check,1,0,0,0,4,206.8,0
8258-GSTJK,3,Month-to-month,77.0,237.75,5,0,0,Fiber optic,Electronic check,1,1,0,0,0,144.4,1
6861-OKBCE,11,Month-to-month,20.1,221.35,1,0,0,No,Credit card (automatic),0,0,0,1,0,35.0,1
9940-RHLFB,1,Month-to-month,75.3,75.3,5,0,0,Fiber optic,Electronic check,0,0,0,0,1,150.9,1
6591-QGOYB,17,Month-to-month,106.65,1672.1,1,1,1,Fiber optic,Bank transfer (automatic),1,0,0,0,5,233.4,0
9070-BCKQP,72,Two year,110.15,7881.2,0,1,1,Fiber optic,Credit card (automatic),1,0,1,0,5,319.3,0
6421-SZVEM,28,One year,82.85,2320.8,2,0,1,Fiber optic,Bank transfer (automatic),1,0,1,1,2,233.0,0
1328-EUZHC,18,Two year,20.1,370.5,3,0,0,No,Mailed check,0,0,1,0,0,36.9,0
2995-UPRYS,40,One year,99.2,4062.2,3,1,0,Fiber optic,Credit card (automatic),1,1,1,0,4,235.0,1
8878-RYUKI,52,Month-to-month,59.45,3043.7,3,0,0,DSL,Electronic check,1,0,0,0,2,120.8,0
9633-DENPU,47,Month-to-month,58.6,2723.4,1,0,0,DSL,Bank transfer (automatic),1,0,1,0,2,182.5,0
7811-JIVPF,23,Month-to-month,49.7,1081.25,3,0,0,DSL,Credit card (automatic),0,0,0,0,1,94.0,0
7113-HIPFI,66,Two year,65.85,4097.05,0,1,1,DSL,Mailed check,0,0,1,1,4,107.5,0
8541-QVFKM,8,Month-to-month,73.5,632.2,5,0,0,Fiber optic,Electronic check,1,0,0,0,0,129.7,0
6686-YPGHK,47,Month-to-month,85.5,4042.3,2,0,1,Fiber optic,Mailed check,0,1,0,0,2,160.7,1
1383-EZRWL,7,Month-to-month,20.05,164.85,1,0,0,No,Mailed check,0,0,0,0,0,43.0,1
9258-CNWAC,71,Two year,113.65,8166.8,1,1,1,Fiber optic,Credit card (automatic),0,0,1,1,6,295.9,0
5371-VYLSX,50,Month-to-month,83.4,4113.7,3,0,1,Fiber optic,Electronic check,1,1,0,0,2,141.3,0
6374-AFWOX,46,Two year,65.65,3047.15,1,1,1,DSL,Mailed check,0,0,1,0,4,92.0,0
4759-TRPLW,1,Month-to-month,70.4,70.4,3,0,0,Fiber optic,Electronic check,0,0,0,0,0,165.3,1
5317-FLPJF,66,Two year,61.35,4193.4,0,1,1,DSL,Bank transfer (automatic),1,0,0,0,5,192.8,0
7621-VPNET,42,Month-to-month,85.9,3729.75,2,1,0,Fiber optic,Credit card (automatic),1,0,1,0,2,103.3,0
6034-YMTOB,5,Month-to-month,75.65,399.45,1,1,0,Fiber optic,Mailed check,1,0,0,0,1,123.9,0
8563-IIOXK,7,One year,49.75,331.3,1,0,1,DSL,Electronic check,1,0,1,1,1,88.7,1
4903-CNOZC,29,One year,70.9,1964.6,3,0,0,DSL,Credit card (automatic),0,0,0,0,3,170.4,0
4353-HYOJD,27,Month-to-month,49.85,1336.15,1,0,0,DSL,Mailed check,0,0,1,1,1,74.9,0
8020-BWHYL,15,Month-to-month,75.3,1147.45,3,0,0,Fiber optic,Credit card (automatic),1,1,0,0,1,157.7,1
7267-FRMJW,25,Two year,20.1,486.05,4,0,0,No,Mailed check,0,0,1,1,0,39.1,0
2982-VPSGI,11,Month-to-month,94.0,1078.9,4,0,0,Fiber optic,Electronic check,1,0,1,0,2,249.4,1
4188-FRABG,57,Month-to-month,103.05,5925.75,1,1,1,Fiber optic,Electronic check,1,0,1,0,5,202.4,0
8199-ZLLSA,67,One year,118.35,7804.15,1,1,1,Fiber optic,Bank transfer (automatic),1,0,0,0,6,214.9,1
4128-ETESU,47,Month-to-month,99.7,4747.2,4,0,0,Fiber optic,Electronic check,0,1,1,0,3,240.5,0
0620-DLSLK,13,Month-to-month,81.9,1028.9,2,0,0,Fiber optic,Mailed check,1,0,0,0,1,180.6,0
4625-EWPTF,8,Month-to-month,30.45,226.45,0,0,1,DSL,Electronic check,1,0,0,0,1,45.0,1
5980-NOPLP,44,Month-to-month,96.1,4364.1,1,0,0,Fiber optic,Electronic check,1,0,1,0,2,262.4,1
3850-OKINF,71,One year,66.2,4692.55,0,0,1,DSL,Electronic check,1,0,1,1,2,176.8,0
6892-XPFPU,24,Month-to-month,104.25,2433.9,2,0,0,Fiber optic,Electronic check,1,1,1,0,4,247.5,1
8010-EZLOU,15,Month-to-month,80.2,1217.25,2,0,0,Fiber optic,Electronic check,1,1,0,0,1,134.9,1
1156-ZFYDO,1,Month-to-month,19.75,19.75,3,0,0,No,Electronic check,0,0,0,0,0,35.2,0
3295-YVUSR,2,Month-to-month,72.6,154.3,5,0,0,Fiber optic,Mailed check,1,1,0,0,0,161.8,0
8016-NCFVO,55,Month-to-month,116.5,6382.55,1,1,1,Fiber optic,Electronic check,1,1,0,0,6,348.6,0
4119-ZYPZY,71,Two year,106.8,7623.2,0,1,0,Fiber optic,Electronic check,1,1,0,0,4,204.3,0
5549-ZGHFB,50,Two year,24.95,1261.45,7,0,0,No,Mailed check,0,0,1,1,0,41.4,0
7577-SWIFR,1,Month-to-month,89.25,89.25,8,0,0,Fiber optic,Electronic check,1,0,0,0,2,329.3,0
0303-WMMRN,5,Month-to-month,19.25,86.05,3,0,0,No,Mailed check,1,0,0,0,0,32.8,0
6408-OTUBZ,66,One year,104.55,6779.05,0,1,1,Fiber optic,Bank transfer (automatic),1,0,0,0,5,285.6,0
5204-HMGYF,49,One year,87.2,4345.0,0,1,1,DSL,Mailed check,1,0,1,1,6,253.1,0
1078-TDCRN,3,Month-to-month,30.75,82.85,2,0,0,DSL,Electronic check,1,1,1,0,1,65.3,0
3727-OVPRY,66,One year,25.7,1714.55,5,0,0,No,Credit card (automatic),1,0,1,1,0,43.6,0
3797-FKOGQ,11,Month-to-month,86.2,893.2,4,0,0,Fiber optic,Electronic check,0,0,0,1,1,196.6,0
7622-NXQZR,28,Month-to-month,30.1,810.85,1,1,0,DSL,Credit card (automatic),1,0,0,0,1,58.2,0
6196-HBOBZ,65,Two year,99.35,6347.55,2,0,1,Fiber optic,Electronic check,1,0,1,0,4,217.2,0
3970-XGJDU,62,Two year,19.2,1123.65,0,0,0,No,Credit card (automatic),1,0,0,0,0,34.1,0
7017-VFULY,2,Month-to-month,20.1,43.15,4,0,0,No,Bank transfer (automatic),0,0,1,0,0,43.6,0
5562-YJQGT,2,Month-to-month,20.35,35.1,6,0,0,No,Credit card (automatic),0,0,0,0,0,35.6,0
8807-OPMBM,55,Two year,25.65,1388.0,1,0,0,No,Credit card (automatic),1,0,1,1,0,54.9,0
5439-WIKXB,41,Month-to-month,94.55,3851.45,3,0,0,Fiber optic,Electronic check,1,1,1,0,3,227.0,0
9874-QLCLH,17,Month-to-month,104.2,1743.5,1,0,1,Fiber optic,Electronic check,1,0,1,1,4,253.9,1
8294-UIMBA,30,One year,94.4,2638.1,2,1,0,Fiber optic,Bank transfer (automatic),1,0,0,0,3,275.3,0
8109-YUOHE,17,One year,56.1,946.95,2,0,1,DSL,Mailed check,0,0,0,0,2,108.1,0
5840-NVDCG,16,Two year,68.25,1114.85,0,1,1,DSL,Bank transfer (automatic),0,0,1,1,4,185.2,0
8092-NLTGF,72,Two year,24.75,1777.6,3,0,0,No,Bank transfer (automatic),0,0,0,0,0,44.6,0
5928-QLDHB,9,Month-to-month,76.25,684.85,4,0,0,Fiber optic,Electronic check,1,0,0,0,0,136.0,0
9840-EFJQB,1,Month-to-month,74.35,74.35,0,0,0,Fiber optic,Electronic check,0,0,0,0,1,123.9,0
0696-UKTOX,23,Month-to-month,54.15,1312.45,0,1,0,DSL,Electronic check,0,0,0,1,2,74.5,0
4801-KFYKL,8,Month-to-month,19.45,159.2,0,0,0,No,Bank transfer (automatic),0,0,0,1,0,32.7,0
3472-OAOOR,19,Month-to-month,34.95,610.2,0,0,1,DSL,Mailed check,1,0,1,1,2,72.2,0
6135-OZQVA,7,Month-to-month,53.65,404.35,1,0,1,DSL,Electronic check,1,0,0,0,1,95.2,0
8062-YBDOE,1,Month-to-month,69.65,69.65,4,0,0,Fiber optic,Electronic check,1,1,0,0,0,128.5,1
2252-JHJGE,61,One year,104.0,6363.45,1,0,1,Fiber optic,Electronic check,0,0,0,0,4,314.8,0
4188-PCPIG,57,Two year,70.35,4124.65,0,1,1,DSL,Credit card (automatic),1,0,1,0,4,143.4,0
6000-APYLU,9,Month-to-month,80.8,713.1,2,0,0,Fiber optic,Electronic check,1,0,0,0,1,194.1,1
7105-BENQF,15,One year,64.85,950.75,0,0,1,DSL,Mailed check,0,0,0,1,3,143.2,0
7721-DVEKZ,1,Month-to-month,19.65,19.65,1,0,0,No,Mailed check,0,0,0,0,0,41.1,0
3566-VVORZ,12,Month-to-month,45.9,505.95,1,0,0,DSL,Bank transfer (automatic),0,0,1,0,0,64.5,0
9507-HSMMZ,54,Two year,20.0,1149.65,1,0,0,No,Mailed check,0,0,0,0,0,34.0,0
2480-SQIOB,4,Month-to-month,44.8,169.65,1,0,0,DSL,Electronic check,0,0,1,1,0,74.3,0
0947-IDHRQ,7,Month-to-month,80.3,526.7,2,0,0,Fiber optic,Mailed check,1,0,0,0,1,174.6,1
7813-TKCVO,20,One year,20.35,393.15,2,0,0,No,Mailed check,0,0,1,0,0,33.5,0
0128-MKWSG,26,Month-to-month,45.8,1147.0,0,1,1,DSL,Mailed check,0,0,0,1,3,155.5,0
3672-YITQD,36,Month-to-month,84.1,3021.6,3,0,0,Fiber optic,Electronic check,1,1,1,0,1,184.4,1
4350-ZTLPI,53,One year,108.95,5718.2,1,1,0,Fiber optic,Bank transfer (automatic),1,0,1,0,5,269.0,0
9048-JVYVF,3,Month-to-month,69.35,191.35,5,1,0,DSL,Electronic check,1,0,0,0,3,160.8,1
0361-HJRDX,68,Two year,64.35,4539.6,0,1,1,DSL,Credit card (automatic),0,0,0,0,6,157.0,0
5727-MYATE,72,Two year,90.8,6397.6,0,1,1,DSL,Credit card (automatic),1,0,1,1,6,215.4,0
3823-KYNQY,12,One year,24.95,280.4,1,0,0,No,Credit card (automatic),0,0,0,0,0,36.7,0
8988-ECPJR,34,Month-to-month,79.6,2718.3,1,0,0,Fiber optic,Mailed check,1,1,1,1,1,153.3,1
7570-WELNY,68,Two year,84.7,5711.05,1,0,1,Fiber optic,Bank transfer (automatic),1,0,1,0,2,138.8,0
3021-VLNRJ,50,One year,70.8,3478.15,1,1,1,DSL,Credit card (automatic),1,0,0,1,4,155.7,0
3776-EKTKM,1,Month-to-month,36.45,36.45,4,0,0,DSL,Electronic check,1,1,0,0,1,103.0,1
2080-CAZNM,41,Month-to-month,104.4,4133.95,3,0,0,Fiber optic,Electronic check,1,1,0,0,4,231.1,0
1028-FFNJK,30,Month-to-month,101.5,2917.65,2,1,0,Fiber optic,Electronic check,1,1,1,0,3,213.1,0
6907-FLBER,1,Month-to-month,54.3,54.3,4,0,0,DSL,Electronic check,0,0,0,0,1,87.7,0
3001-UNBTL,29,Month-to-month,103.95,2964.8,1,0,0,Fiber optic,Electronic check,1,1,1,1,3,273.9,0
5982-PSMKW,23,Two year,91.1,2198.3,0,1,1,DSL,Credit card (automatic),1,0,1,1,6,239.0,0
3507-GASNP,60,Two year,19.95,1189.9,2,0,0,No,Mailed check,0,0,0,1,0,31.3,0
7096-ZNBZI,72,Two year,26.45,1914.5,2,0,0,No,Credit card (automatic),0,0,1,0,0,58.4,0
1902-XBTFB,22,Month-to-month,89.4,2001.5,3,0,0,Fiber optic,Electronic check,1,0,0,1,3,210.9,1
1676-MQAOA,72,Two year,75.1,5336.35,0,1,1,DSL,Bank transfer (automatic),1,0,0,0,5,191.5,0
0786-IVLAW,66,One year,108.1,7238.6,3,0,0,Fiber optic,Bank transfer (automatic),0,1,0,0,4,334.8,0
7566-DSRLQ,72,Two year,110.15,7998.8,0,1,0,Fiber optic,Electronic check,1,0,1,0,5,239.8,0
0643-OKLRP,47,Month-to-month,80.35,3825.85,0,0,1,Fiber optic,Electronic check,0,1,1,0,1,164.2,1
7245-JMTTQ,51,One year,111.5,5703.25,1,1,0,Fiber optic,Electronic check,1,0,0,0,5,289.9,0
6050-IJRHS,70,One year,106.5,7397.0,1,0,0,Fiber optic,Electronic check,1,0,1,1,4,282.1,0
6202-JVYEU,9,One year,19.9,164.6,2,0,0,No,Electronic check,1,0,0,0,0,27.7,0
8591-TKMZH,59,Two year,111.1,6555.2,1,1,1,Fiber optic,Mailed check,1,0,1,1,5,245.8,0
0734-OXWBT,3,Month-to-month,70.7,225.65,0,1,0,DSL,Mailed check,0,0,0,1,3,206.6,0
4282-ACRXS,38,Month-to-month,24.85,955.75,1,0,0,DSL,Electronic check,1,1,1,0,0,44.2,0
0365-TRTPY,37,Month-to-month,91.2,3382.3,3,0,1,Fiber optic,Bank transfer (automatic),0,0,0,0,3,200.4,0
7349-ALMUX,37,Two year,65.6,2313.8,0,1,1,DSL,Bank transfer (automatic),0,0,0,0,4,111.1,0
9381-NDKME,24,Month-to-month,40.65,933.3,3,0,0,DSL,Credit card (automatic),1,1,1,0,2,116.8,1
6502-KUGLL,14,Month-to-month,59.45,780.85,0,1,1,DSL,Bank transfer (automatic),0,0,1,1,3,101.8,0
1841-YSJGV,72,Two year,109.95,7852.4,1,1,1,Fiber optic,Credit card (automatic),1,0,1,0,5,224.2,0
2794-XIMMO,53,One year,60.45,3184.25,1,1,0,DSL,Electronic check,1,0,1,0,5,178.6,1
8382-SHQEH,8,Month-to-month,84.9,764.95,3,0,0,Fiber optic,Electronic check,1,0,1,0,1,194.9,1
3511-BFTJW,72,Two year,38.5,2763.0,1,0,1,DSL,Credit card (automatic),0,0,1,1,3,86.5,0
7668-XCFYV,17,Month-to-month,92.55,1614.7,1,0,0,Fiber optic,Electronic check,1,1,1,0,2,290.2,0
2983-ZANRP,2,Month-to-month,73.55,145.4,3,0,0,Fiber optic,Bank transfer (automatic),1,0,1,1,1,121.6,1
7845-URHJN,8,Month-to-month,20.15,156.25,3,0,0,No,Bank transfer (automatic),0,0,1,0,0,31.4,1
3034-ZBEQN,48,One year,34.7,1604.5,4,0,0,DSL,Mailed check,0,0,1,0,2,62.0,1
5018-HEKFO,10,Month-to-month,24.5,270.15,0,0,0,No,Mailed check,1,0,0,0,0,40.3,0
2923-ARZLG,0,One year,19.7,0.0,7,0,0,No,Mailed check,1,0,1,1,0,48.0,0
3976-NLDEZ,1,Month-to-month,20.6,20.6,2,0,0,No,Mailed check,0,0,0,0,0,41.5,0
2282-YGNOR,29,One year,58.0,1734.5,0,1,1,DSL,Credit card (automatic),0,0,0,0,3,103.3,0
5336-UFNZP,65,One year,107.45,7047.5,2,0,0,Fiber optic,Electronic check,1,1,1,1,4,251.3,0
6854-EXGSF,8,Month-to-month,65.5,573.15,0,0,1,DSL,Bank transfer (automatic),1,0,0,0,3,99.2,0
1241-EZFMJ,61,Two year,25.45,1538.6,0,0,0,No,Bank transfer (automatic),0,0,1,0,0,45.1,0
9233-PSYHO,45,One year,100.15,4459.8,4,0,0,Fiber optic,Bank transfer (automatic),1,1,0,0,3,162.3,0
5376-PCKNB,72,One year,104.45,7459.0,1,0,0,Fiber optic,Credit card (automatic),1,0,1,1,4,252.2,0
8044-BGWPI,12,Month-to-month,21.15,306.05,4,0,0,No,Electronic check,1,0,1,1,0,35.4,0
4060-LDNLU,7,Month-to-month,96.2,639.7,4,0,0,Fiber optic,Electronic check,0,0,0,0,2,308.5,0
3589-PPVKW,9,Month-to-month,44.4,348.15,2,0,0,DSL,Mailed check,1,0,0,0,0,59.4,0
8327-LZKAS,43,One year,107.55,4533.9,2,1,0,Fiber optic,Electronic check,1,1,1,0,4,308.9,1
5887-IKKYO,58,Two year,94.35,5563.65,3,1,0,Fiber optic,Bank transfer (automatic),0,0,1,1,3,199.0,0
1075-BGWOH,16,Month-to-month,98.75,1587.55,2,0,0,Fiber optic,Electronic check,1,1,1,0,3,286.2,1
1755-RMCXH,2,Month-to-month,20.3,40.25,5,0,0,No,Mailed check,0,0,1,1,0,32.5,0
0302-JOIVN,8,Month-to-month,101.15,842.9,1,0,0,Fiber optic,Electronic check,0,0,1,0,4,277.0,1
3858-XHYJO,40,One year,105.75,4228.55,2,0,1,Fiber optic,Bank transfer (automatic),0,0,1,0,4,302.7,0
4299-SIMNS,9,Month-to-month,81.15,784.45,0,0,1,Fiber optic,Electronic check,1,0,0,0,1,199.9,0
7025-IWFHT,41,One year,89.55,3729.75,0,1,0,Fiber optic,Electronic check,1,0,0,0,3,177.3,0
6261-LHRTG,26,Month-to-month,54.75,1406.9,3,0,0,DSL,Credit card (automatic),1,0,0,0,2,96.5,0
7841-FCRQD,33,One year,53.75,1857.3,2,1,0,DSL,Credit card (automatic),1,0,1,0,2,95.1,0
2056-EVGZL,68,One year,105.75,7322.5,0,1,0,Fiber optic,Credit card (automatic),0,0,1,1,5,246.7,0
8777-MBMTS,65,Two year,105.85,6725.5,2,1,0,Fiber optic,Credit card (automatic),1,1,1,0,5,266.4,0
7753-USQYQ,55,One year,64.2,3627.3,1,1,0,DSL,Electronic check,1,0,0,0,3,155.9,0
5366-IJEQJ,20,Month-to-month,88.7,1761.45,5,0,0,Fiber optic,Electronic check,1,0,0,0,2,189.5,1
7661-CPURM,19,One year,87.7,1725.95,0,1,0,Fiber optic,Credit card (automatic),1,0,0,0,2,148.2,0
6233-HXJMX,45,Month-to-month,89.3,4192.15,0,0,0,Fiber optic,Credit card (automatic),1,0,0,0,2,208.1,0
5902-WBLSE,70,Two year,20.15,1411.2,1,0,0,No,Credit card (automatic),1,0,1,1,0,28.6,0
1981-INRFU,2,Month-to-month,79.75,164.5,2,0,0,Fiber optic,Electronic check,1,0,0,0,1,180.9,1
4971-PUYQO,27,Month-to-month,94.55,2724.6,4,0,0,Fiber optic,Mailed check,1,0,0,0,2,286.4,1
3239-TPHPZ,12,Two year,20.05,264.55,4,0,0,No,Electronic check,1,0,1,0,0,29.4,0
5115-GZDEL,72,Two year,67.2,4671.7,0,1,1,DSL,Credit card (automatic),0,0,0,1,6,196.8,0
3338-CVVEH,12,Month-to-month,94.55,1173.55,1,0,0,Fiber optic,Electronic check,0,0,0,0,2,257.0,0
8485-GJCDN,5,Month-to-month,69.05,318.5,4,0,0,Fiber optic,Mailed check,1,1,0,0,0,123.3,1
2615-YVMYX,71,Month-to-month,107.5,7713.55,1,0,1,Fiber optic,Electronic check,1,1,1,0,5,254.6,0
2851-STERV,35,One year,73.0,2471.25,0,1,0,DSL,Electronic check,1,1,0,0,4,211.6,0
4393-GEADV,70,Two year,114.75,7842.3,1,1,1,Fiber optic,Credit card (automatic),0,0,1,1,6,314.4,0
8486-AYEQH,31,Month-to-month,76.05,2227.8,1,0,0,Fiber optic,Electronic check,1,0,0,0,0,116.7,0
1527-SXDPN,52,Two year,96.25,4990.25,4,1,0,Fiber optic,Bank transfer (automatic),1,0,1,1,3,207.8,1
6029-WTIPC,37,Month-to-month,101.1,3744.05,2,0,0,Fiber optic,Electronic check,1,1,0,0,3,288.8,1
8634-CILSZ,69,One year,104.7,7220.35,0,1,0,Fiber optic,Bank transfer (automatic),1,0,0,0,4,244.9,1
5419-JKZNQ,30,Month-to-month,77.9,2351.45,0,0,0,Fiber optic,Mailed check,0,1,1,0,0,115.7,0
2495-KZNFB,33,Month-to-month,90.65,2989.6,4,0,1,Fiber optic,Electronic check,1,0,0,0,2,225.4,0
1409-PHXTF,54,Two year,110.45,6077.75,3,1,0,Fiber optic,Electronic check,1,1,1,0,5,306.5,0
4560-WQAQW,59,One year,68.7,4070.95,0,1,1,DSL,Bank transfer (automatic),0,0,0,0,3,186.2,0
9591-YVTEB,55,Month-to-month,44.85,2479.05,1,0,1,DSL,Electronic check,1,1,0,0,3,120.4,0
9309-BZGNT,69,One year,29.8,2134.3,4,0,0,DSL,Credit card (automatic),1,1,1,0,1,48.6,0
4274-DRSQT,66,One year,88.9,6000.1,4,0,0,Fiber optic,Bank transfer (automatic),1,0,0,0,2,243.8,0
2027-DNKIV,37,One year,58.75,2203.1,0,1,1,DSL,Mailed check,1,0,1,1,3,124.7,0
8075-GXIUB,9,One year,19.85,183.15,4,0,0,No,Credit card (automatic),0,1,1,0,0,39.8,0
2885-HIJDH,69,Two year,86.9,6194.1,0,1,1,DSL,Bank transfer (automatic),0,0,1,1,5,219.3,0
5424-RLQLC,10,Month-to-month,59.65,638.95,2,0,0,DSL,Mailed check,1,0,0,0,2,149.8,0
6682-QJDGB,40,Month-to-month,55.25,2139.2,0,0,1,DSL,Mailed check,1,0,0,1,2,86.7,1
6507-DTJZV,13,Month-to-month,66.4,831.75,3,0,0,DSL,Credit card (automatic),0,0,0,1,2,169.2,0
8780-IXSTS,6,Month-to-month,90.1,521.3,3,0,0,Fiber optic,Electronic check,1,0,0,0,2,204.7,1
7673-BQGKU,69,Two year,20.15,1337.5,1,0,0,No,Bank transfer (automatic),0,0,1,1,0,37.9,0
6723-WSNTY,66,One year,108.1,7181.95,1,1,0,Fiber optic,Credit card (automatic),1,1,1,0,5,296.6,0
9530-EHPOH,11,Month-to-month,53.75,608.0,2,0,0,DSL,Electronic check,0,0,0,0,1,98.1,1
2725-IWWBA,46,One year,56.9,2560.1,0,1,1,DSL,Mailed check,0,0,1,1,3,132.6,0
0345-HKJVM,6,Month-to-month,89.3,577.6,0,0,0,Fiber optic,Electronic check,0,0,0,0,2,206.6,1
1061-PNTHC,56,Month-to-month,109.6,5953.0,0,1,1,Fiber optic,Mailed check,1,0,1,1,5,329.8,0
0394-YONDK,70,Two year,25.15,1790.15,4,0,0,No,Credit card (automatic),0,0,1,1,0,42.6,0
6574-MCOEH,33,One year,79.15,2531.4,1,1,0,DSL,Electronic check,1,0,1,1,4,252.5,0
7399-QHBJS,72,Two year,66.75,4760.3,0,1,1,DSL,Credit card (automatic),0,0,1,1,3,104.2,0
3049-SOLAY,3,Month-to-month,95.2,292.85,2,0,0,Fiber optic,Electronic check,1,0,1,0,2,331.3,1
0997-YTLNY,19,Month-to-month,48.8,953.65,0,1,0,DSL,Mailed check,0,0,0,1,1,106.1,0
3317-HRTNN,5,Month-to-month,45.7,198.0,3,0,0,DSL,Electronic check,0,1,0,0,2,124.8,1
9479-HYNYL,71,Two year,80.7,5705.05,0,1,0,DSL,Credit card (automatic),1,0,1,0,5,267.9,0
3235-ETOOB,8,Month-to-month,74.5,609.9,1,0,1,Fiber optic,Electronic check,1,0,1,0,1,137.8,1
9708-KFDBY,1,Month-to-month,20.55,20.55,4,0,0,No,Credit card (automatic),0,0,0,0,0,41.9,0
8058-INTPH,1,Month-to-month,79.65,79.65,6,0,0,Fiber optic,Electronic check,1,0,0,0,1,183.6,1
3642-GKTCT,61,One year,115.1,6993.65,0,1,1,Fiber optic,Mailed check,1,0,0,0,6,282.0,0
0774-RMNUW,71,Two year,59.7,4122.65,0,1,1,DSL,Bank transfer (automatic),0,0,1,1,5,150.4,0
1334-PDUKM,68,One year,86.45,5762.95,4,0,0,Fiber optic,Credit card (automatic),0,0,1,0,2,145.4,0
0756-MPZRL,46,One year,33.7,1537.85,1,1,0,DSL,Credit card (automatic),0,0,0,0,2,60.6,0
2242-MFOTG,33,One year,80.1,2603.3,2,0,1,Fiber optic,Bank transfer (automatic),0,0,0,0,1,109.6,0
2927-CVULT,53,Two year,104.05,5566.4,0,1,1,Fiber optic,Bank transfer (automatic),1,0,1,1,5,195.4,0
2144-BFDSO,50,Month-to-month,108.75,5431.9,0,0,1,Fiber optic,Bank transfer (automatic),0,1,1,0,5,276.8,0
8745-PVESG,57,One year,41.1,2258.25,0,1,1,DSL,Credit card (automatic),1,0,0,0,3,78.9,0
7647-GYYKX,54,Two year,20.35,1092.35,1,0,0,No,Bank transfer (automatic),1,0,1,1,0,34.3,0
5647-FXOTP,60,Month-to-month,105.9,6401.25,2,0,0,Fiber optic,Electronic check,1,1,1,0,4,326.2,0
5569-OUICF,28,Month-to-month,101.3,2812.2,0,1,0,Fiber optic,Credit card (automatic),1,1,1,0,3,243.6,1
8821-XNHVZ,1,Month-to-month,80.05,80.05,0,0,0,Fiber optic,Mailed check,1,0,1,1,1,201.2,1
2082-OJVTK,29,Month-to-month,89.2,2698.35,4,0,0,Fiber optic,Electronic check,1,0,1,1,2,239.3,1
9700-ISPUP,10,Month-to-month,65.5,616.9,1,1,0,DSL,Electronic check,1,0,1,1,3,140.5,0
9839-ETQOE,43,Month-to-month,40.45,1912.85,1,0,1,DSL,Electronic check,1,0,0,1,3,85.2,0
6078-VESFR,13,Month-to-month,70.45,849.1,0,0,0,Fiber optic,Bank transfer (automatic),0,1,1,0,0,124.8,0
9027-TMATR,43,Two year,78.8,3460.3,0,1,1,DSL,Electronic check,1,0,1,0,5,195.5,0
5940-NFXKV,19,Month-to-month,83.65,1465.75,2,0,0,Fiber optic,Electronic check,1,0,1,1,1,235.7,1
1941-HOSAM,1,Month-to-month,90.1,90.1,9,0,0,Fiber optic,Electronic check,1,0,1,1,2,300.7,0
9110-HSGTV,69,Two year,82.45,5555.3,0,1,1,DSL,Credit card (automatic),1,0,0,0,5,219.3,0
0704-VCUMB,61,Two year,20.25,1278.8,2,0,0,No,Credit card (automatic),0,0,1,0,0,42.3,0
6171-ZTVYB,43,Month-to-month,66.25,2907.35,1,1,1,DSL,Bank transfer (automatic),0,0,1,0,3,136.9,0
8053-WWDRO,6,Month-to-month,19.5,146.3,3,0,0,No,Bank transfer (automatic),0,0,1,0,0,35.2,1
9564-KCLHR,1,Month-to-month,51.25,51.25,3,1,0,DSL,Mailed check,0,0,0,0,1,122.1,1
1935-IMVBB,56,Month-to-month,89.7,4952.95,0,0,0,Fiber optic,Mailed check,0,0,1,0,2,238.8,0
2535-PBCGC,70,Two year,64.55,4504.9,1,1,1,DSL,Bank transfer (automatic),0,0,1,0,6,178.6,0
2082-CEFLT,1,Month-to-month,45.6,45.6,3,0,0,DSL,Electronic check,1,0,0,0,0,82.9,1
1470-PSXNM,49,One year,93.65,4520.15,4,0,0,Fiber optic,Electronic check,1,0,1,1,3,206.6,0
1213-NGCUN,6,Month-to-month,49.65,267.35,0,1,0,DSL,Bank transfer (automatic),1,0,0,0,1,84.3,1
2498-XLDZR,32,Two year,73.6,2316.85,1,1,1,DSL,Mailed check,0,0,1,1,5,166.6,0
9866-OCCKE,72,Two year,109.75,8075.35,0,1,1,Fiber optic,Mailed check,1,1,1,0,5,225.6,0
5338-YHWYT,37,Two year,61.45,2302.35,1,1,1,DSL,Credit card (automatic),0,0,0,1,3,121.1,0
7718-UPSKJ,69,One year,106.4,7251.9,0,1,1,Fiber optic,Credit card (automatic),1,0,1,0,5,219.8,0
8731-WBBMB,26,Month-to-month,81.9,2078.55,2,1,0,DSL,Bank transfer (automatic),0,0,1,0,5,265.4,0
1448-CYWKC,58,One year,105.2,6225.4,2,0,0,Fiber optic,Credit card (automatic),1,0,1,1,4,298.5,0
7901-IIDQV,24,One year,54.6,1242.25,0,1,0,DSL,Bank transfer (automatic),0,0,0,0,1,93.4,0
2690-DVRVK,5,One year,20.55,99.45,4,0,0,No,Electronic check,0,0,1,1,0,35.2,0
5688-KZTSN,15,Month-to-month,20.0,288.05,4,0,0,No,Electronic check,1,0,1,1,0,32.8,1
1270-XKUCC,30,Two year,19.7,599.25,1,0,0,No,Mailed check,0,0,1,1,0,35.7,0
0334-ZFJSR,55,One year,66.05,3462.1,0,1,1,DSL,Credit card (automatic),1,0,1,0,3,150.0,0
2894-QOJRX,25,Month-to-month,34.0,853.0,2,0,0,DSL,Bank transfer (automatic),1,0,1,0,1,106.8,1
5747-PMBSQ,10,Month-to-month,92.5,934.1,3,1,0,Fiber optic,Mailed check,1,1,1,0,4,195.3,1
5583-EJXRD,44,Two year,54.05,2375.2,0,1,1,DSL,Credit card (automatic),1,0,1,1,5,173.3,0
4565-EVZMJ,47,One year,58.9,2813.05,0,1,1,DSL,Mailed check,1,0,0,0,3,100.7,0
3143-JQEGI,13,Month-to-month,88.35,1222.8,1,0,0,Fiber optic,Electronic check,0,0,1,1,2,228.7,1
6386-SZZKH,49,Two year,107.95,5293.2,0,1,0,Fiber optic,Bank transfer (automatic),1,0,1,1,5,361.9,1
3327-YBAKM,64,One year,96.9,6314.35,1,1,1,Fiber optic,Mailed check,1,0,1,0,4,281.3,0
9441-QHEVC,1,Month-to-month,19.1,19.1,5,0,0,No,Mailed check,0,0,0,0,0,40.6,0
6705-LNMDD,20,Month-to-month,50.0,1003.05,0,1,0,DSL,Mailed check,0,0,0,0,1,98.9,0
2580-ASVVY,37,Two year,45.4,1593.1,0,1,1,DSL,Electronic check,0,0,1,0,3,132.2,0
3370-GQEAL,30,Month-to-month,85.45,2509.95,2,0,0,Fiber optic,Electronic check,0,0,1,1,1,214.7,0
5032-USPKF,38,One year,84.1,3187.65,2,0,1,DSL,Bank transfer (automatic),0,0,0,0,5,259.0,0
2982-IHMFT,1,Month-to-month,74.45,74.45,2,0,0,Fiber optic,Mailed check,1,1,0,0,0,178.1,1
3521-SYVOR,37,Month-to-month,64.75,2345.2,4,0,0,DSL,Electronic check,1,0,0,0,2,164.9,1
4254-QPEDE,52,Two year,66.25,3330.1,0,1,1,DSL,Credit card (automatic),0,0,1,0,6,132.2,0
6283-GITPX,71,Two year,76.9,5522.7,0,1,1,DSL,Credit card (automatic),1,0,0,1,5,172.7,0
9526-JAWYF,26,Month-to-month,89.8,2335.3,3,0,0,Fiber optic,Electronic check,0,0,0,0,3,160.0,1
0771-CHWSK,66,Two year,74.6,4798.4,2,0,1,DSL,Credit card (automatic),1,0,0,0,4,179.8,0
9788-HNGUT,72,Two year,116.95,8594.4,0,1,1,Fiber optic,Credit card (automatic),1,0,1,0,6,242.8,0
9495-REDIY,25,One year,40.65,970.55,1,0,1,DSL,Credit card (automatic),1,0,0,1,2,114.7,0
5375-XLDOF,69,Two year,114.35,7665.8,1,1,1,Fiber optic,Bank transfer (automatic),1,0,1,1,6,334.1,0
1172-VIYBP,53,Two year,69.7,3686.05,0,0,1,DSL,Bank transfer (automatic),0,0,1,1,3,154.6,0
5649-VUKMC,12,One year,95.5,1115.15,2,0,0,Fiber optic,Mailed check,0,0,0,0,3,227.0,1
6559-PDZLR,26,Month-to-month,98.65,2537.0,0,1,0,Fiber optic,Electronic check,1,0,0,0,4,289.3,0
8992-OBVDG,21,Month-to-month,61.65,1393.6,4,0,0,DSL,Mailed check,0,0,0,0,2,135.7,0
4273-MBHYA,1,Month-to-month,89.35,89.35,2,0,0,Fiber optic,Electronic check,1,0,0,1,2,240.0,0
4724-WXVWF,48,Month-to-month,95.4,4445.3,0,1,1,Fiber optic,Electronic check,1,0,0,0,3,209.1,0
5701-GUXDC,26,One year,35.4,978.6,1,0,1,DSL,Credit card (automatic),0,0,1,0,2,52.4,0
1460-UZPRJ,60,Two year,19.95,1258.15,0,0,0,No,Mailed check,0,0,1,0,0,41.1,0
6082-GLJIX,18,Month-to-month,19.25,331.35,2,0,0,No,Mailed check,0,0,0,0,0,29.5,0
5143-EGQFK,10,Month-to-month,29.65,291.4,0,1,0,DSL,Electronic check,1,1,0,0,1,60.8,1
4919-IKATY,5,Month-to-month,84.5,453.75,1,0,1,Fiber optic,Electronic check,1,0,1,1,2,161.7,1
2495-TTHBQ,4,One year,20.4,84.75,7,0,0,No,Mailed check,1,0,0,1,0,31.3,0
0485-ZBSLN,65,Two year,24.75,1715.1,2,0,0,No,Credit card (automatic),0,0,1,1,0,42.6,0
3810-PJUHR,70,Two year,25.35,1715.15,1,0,0,No,Mailed check,0,0,1,1,0,51.7,0
9050-QLROH,18,Month-to-month,90.7,1597.25,2,0,0,Fiber optic,Credit card (automatic),1,0,0,0,2,196.5,1
0847-HGRML,62,Two year,20.0,1250.1,2,0,0,No,Bank transfer (automatic),0,0,0,1,0,47.8,0
8232-CTLKO,66,Two year,59.75,3996.8,2,0,1,DSL,Electronic check,1,0,1,1,2,127.5,0
9227-YBAXE,65,Two year,82.5,5215.1,0,1,1,DSL,Bank transfer (automatic),1,0,1,1,5,270.0,0
6168-WFVVF,3,Month-to-month,70.3,235.5,3,0,0,Fiber optic,Electronic check,1,1,0,0,0,97.1,1
9860-LISIZ,34,Month-to-month,20.35,673.2,4,0,0,No,Mailed check,0,0,0,0,0,35.5,0
0112-QAWRZ,16,Month-to-month,90.8,1442.2,2,0,0,Fiber optic,Bank transfer (automatic),1,0,1,1,2,234.6,0
0877-SDMBN,54,One year,103.95,5639.05,2,0,1,Fiber optic,Bank transfer (automatic),1,0,0,0,4,194.9,1
2786-GCDPI,50,Month-to-month,104.95,5222.35,0,1,0,Fiber optic,Electronic check,1,1,0,0,4,281.5,0
4043-MKDTV,71,Two year,105.25,7291.75,2,1,0,Fiber optic,Electronic check,1,0,1,0,5,228.1,0
8065-YKXKD,10,Month-to-month,74.75,799.65,0,0,0,Fiber optic,Electronic check,1,0,0,0,0,109.5,1
9637-EIHEQ,1,Month-to-month,50.8,50.8,2,1,0,DSL,Electronic check,1,0,0,0,1,82.3,1
9229-RQABD,18,One year,23.75,424.5,6,0,0,No,Mailed check,0,0,0,0,0,39.6,0
8313-KTIHG,4,Month-to-month,61.3,249.4,2,1,0,DSL,Electronic check,1,0,0,0,2,140.5,0
5320-BRKGK,58,Two year,75.8,4415.75,0,1,1,DSL,Mailed check,0,0,1,1,4,162.2,0
6284-KMNUF,56,One year,98.0,5270.6,0,0,1,Fiber optic,Electronic check,1,0,1,0,3,225.8,0
9689-PTNPG,2,Month-to-month,80.25,144.55,1,0,0,Fiber optic,Electronic check,1,0,0,0,1,115.4,1
9465-RWMXL,32,Month-to-month,78.9,2447.95,4,0,0,Fiber optic,Electronic check,1,0,1,0,1,170.8,1
6229-UOLQL,56,One year,52.0,2884.9,0,1,1,DSL,Mailed check,1,0,1,1,4,175.6,0
2362-IBOOY,36,Month-to-month,84.75,3050.15,7,0,0,Fiber optic,Electronic check,1,0,0,0,1,206.5,1
3137-LUPIX,4,Month-to-month,64.4,253.0,1,1,0,DSL,Mailed check,1,0,0,0,2,150.4,0
0843-WTBXE,53,Month-to-month,85.45,4517.25,2,0,0,Fiber optic,Bank transfer (automatic),0,0,0,0,1,167.0,1
6143-JQKEA,10,Month-to-month,45.8,436.2,0,0,0,DSL,Credit card (automatic),1,0,0,0,0,86.3,0
8676-OOQEJ,4,Month-to-month,30.5,118.4,3,1,0,DSL,Electronic check,0,0,0,0,1,57.5,0
5515-IDEJJ,1,Month-to-month,19.9,19.9,5,0,0,No,Mailed check,0,0,1,1,0,31.3,1
9701-CDXHR,51,Month-to-month,69.15,3649.6,1,0,0,Fiber optic,Mailed check,0,0,1,0,0,121.9,0
7450-NWRTR,12,Month-to-month,99.45,1200.15,3,0,0,Fiber optic,Electronic check,1,1,0,0,3,288.6,1
8124-NZVGJ,6,One year,49.25,255.6,0,1,0,DSL,Mailed check,1,0,0,0,3,176.8,0
2162-FRZAA,63,Two year,39.35,2395.05,1,1,0,DSL,Bank transfer (automatic),0,0,1,1,3,70.7,0
5376-DEQCP,1,Month-to-month,70.6,70.6,7,0,0,Fiber optic,Electronic check,1,0,0,0,0,130.1,1
5118-MUEYH,48,Month-to-month,105.1,5083.55,0,1,0,Fiber optic,Credit card (automatic),1,0,1,0,4,242.0,0
9095-HFAFX,5,Month-to-month,81.0,389.6,3,0,0,Fiber optic,Credit card (automatic),1,0,0,0,1,185.3,1
5627-TVBPP,35,One year,20.1,644.5,2,0,0,No,Credit card (automatic),1,0,0,1,0,36.8,0
2379-ENZGV,6,Month-to-month,84.85,523.5,0,0,0,Fiber optic,Electronic check,1,0,0,0,2,172.9,1
3936-QQFLL,2,Month-to-month,19.75,39.3,2,0,0,No,Mailed check,0,0,0,0,0,35.1,0
2589-AYCRP,50,One year,19.75,989.05,4,0,0,No,Bank transfer (automatic),0,0,0,0,0,40.5,0
4067-HLYQI,33,Month-to-month,70.4,2406.1,1,0,0,Fiber optic,Bank transfer (automatic),1,0,0,0,0,146.7,0
5124-EOGYE,31,Two year,20.45,638.55,2,0,0,No,Mailed check,0,0,0,0,0,25.2,0
5057-RKGLH,9,Two year,20.35,191.1,1,0,0,No,Mailed check,0,0,1,1,0,29.1,0
0292-WEGCH,54,Month-to-month,86.2,4524.05,1,1,0,DSL,Electronic check,1,0,1,1,5,270.7,0
8910-ICHIU,46,One year,95.65,4664.2,2,0,1,Fiber optic,Credit card (automatic),1,0,0,0,4,226.5,0
4097-YODCF,34,One year,103.8,3470.8,3,0,1,Fiber optic,Electronic check,1,0,0,1,4,285.4,0
9715-WZCLW,71,Two year,97.2,6910.3,1,0,1,Fiber optic,Electronic check,1,0,1,1,3,204.2,0
9786-YWNHU,63,Two year,63.55,4014.2,0,1,1,DSL,Mailed check,0,0,1,1,4,116.2,0
6407-GSJNL,51,Two year,24.95,1288.0,1,0,0,No,Bank transfer (automatic),0,0,0,0,0,49.0,0
6005-OBZPH,26,Month-to-month,89.15,2277.65,1,0,0,Fiber optic,Electronic check,1,1,0,0,2,214.1,1
4049-ZPALD,64,Two year,99.0,6375.8,2,0,1,Fiber optic,Bank transfer (automatic),1,0,1,0,4,232.1,0
7932-WPTDS,1,Month-to-month,24.8,24.8,1,0,0,DSL,Electronic check,1,1,1,0,0,41.1,1
3733-UOCWF,61,One year,85.55,5251.75,0,1,0,Fiber optic,Bank transfer (automatic),1,1,1,0,2,161.8,0
6833-JMZYP,15,Month-to-month,94.0,1505.45,3,0,0,Fiber optic,Credit card (automatic),1,0,0,0,3,257.2,0
2722-VOJQL,64,One year,105.65,6903.1,2,1,0,Fiber optic,Credit card (automatic),1,0,0,0,4,322.9,1
1310-QRITU,18,Month-to-month,50.3,913.3,4,0,0,DSL,Electronic check,1,0,0,0,0,61.0,0
8961-QDZZJ,57,One year,95.0,5535.8,2,0,0,Fiber optic,Electronic check,1,0,1,1,3,230.4,0
9715-SBVSU,14,Two year,61.4,815.55,0,0,1,DSL,Bank transfer (automatic),1,0,1,1,3,178.5,0
8490-BXHEO,18,Month-to-month,80.55,1411.65,2,0,0,Fiber optic,Credit card (automatic),1,1,0,0,1,121.4,0
7173-TETGO,72,Two year,78.5,5602.25,3,0,1,Fiber optic,Bank transfer (automatic),0,1,1,0,1,144.2,0
7929-SKFGK,70,Two year,114.3,8244.3,0,1,1,Fiber optic,Credit card (automatic),0,0,1,0,6,347.2,0
2300-RQGOI,38,Two year,20.05,741.5,1,0,0,No,Mailed check,0,0,0,0,0,30.9,0
3563-SVYLG,68,Two year,62.65,4375.8,0,1,1,DSL,Credit card (automatic),0,0,1,1,4,118.8,0
5228-EXCET,13,Month-to-month,80.85,1008.7,1,0,0,Fiber optic,Electronic check,1,0,0,0,1,238.6,1
6435-VWCCY,65,Two year,92.7,5968.4,2,0,1,Fiber optic,Credit card (automatic),1,1,1,0,3,169.3,0
4998-IKFSE,30,Month-to-month,100.45,3096.9,4,0,0,Fiber optic,Electronic check,0,0,0,0,3,186.2,0
8630-QSGXK,51,Two year,75.2,3901.25,1,1,0,DSL,Bank transfer (automatic),1,0,1,0,3,249.7,0
2455-USLMV,31,Month-to-month,84.75,2613.4,2,0,1,Fiber optic,Credit card (automatic),1,0,0,0,2,142.4,0
7394-FKDNK,9,Month-to-month,89.45,853.1,2,0,0,Fiber optic,Electronic check,0,0,1,0,2,240.3,1
9488-FVZCC,72,Two year,79.5,5661.7,1,1,1,DSL,Bank transfer (automatic),1,0,1,1,5,185.9,0
6331-LWDTQ,10,Month-to-month,72.15,794.25,0,0,0,DSL,Credit card (automatic),1,0,0,0,2,248.9,1
5995-WWKKG,37,One year,19.8,695.05,2,0,0,No,Electronic check,1,0,0,0,0,34.3,0
1597-FZREH,2,Month-to-month,76.4,160.8,1,1,0,DSL,Electronic check,0,0,0,0,4,250.2,1
7879-CGSFV,55,One year,100.9,5552.05,3,0,1,Fiber optic,Mailed check,1,0,0,0,4,292.1,0
9921-EZKBY,33,Month-to-month,95.3,3275.15,3,0,1,Fiber optic,Bank transfer (automatic),1,0,0,1,3,212.2,0
7432-FFVAR,46,One year,90.95,4236.6,0,1,0,Fiber optic,Bank transfer (automatic),0,0,1,1,3,236.1,0
7246-ZGQDF,1,Month-to-month,54.5,54.5,0,1,1,DSL,Electronic check,0,0,0,1,2,102.9,0
7000-WCEVQ,20,Month-to-month,61.6,1174.35,2,0,0,DSL,Mailed check,1,1,0,0,1,149.5,1
0727-IWKVK,9,Month-to-month,79.9,741.7,1,0,0,Fiber optic,Electronic check,1,0,1,0,2,208.2,1
5959-BELXA,32,Month-to-month,96.15,3019.25,3,0,0,Fiber optic,Credit card (automatic),1,1,0,0,2,180.0,1
4456-RHSNB,19,Month-to-month,49.6,962.9,3,0,0,DSL,Bank transfer (automatic),1,0,1,1,1,74.5,0
3512-IZIKN,70,Two year,65.3,4759.75,0,1,1,DSL,Credit card (automatic),0,0,1,0,3,100.4,1
2481-SBOYW,61,Two year,25.0,1498.35,2,0,0,No,Credit card (automatic),1,0,0,1,0,42.4,0
7109-MFBYV,26,Month-to-month,45.45,1233.15,3,0,0,DSL,Electronic check,0,0,0,0,0,84.2,0
1833-TCXKK,45,Month-to-month,107.75,4882.8,1,0,0,Fiber optic,Bank transfer (automatic),1,0,1,0,4,266.1,0
1832-PEUTS,62,Two year,89.1,5411.65,5,0,0,Fiber optic,Credit card (automatic),1,0,1,1,2,267.9,0
6141-OOXUQ,1,Month-to-month,19.65,19.65,0,0,0,No,Mailed check,0,0,0,0,0,32.8,1
8660-BUETV,3,Month-to-month,44.75,148.05,4,0,0,DSL,Mailed check,0,0,0,0,0,68.0,0
0580-PIQHM,41,One year,101.6,3930.55,2,0,1,Fiber optic,Bank transfer (automatic),1,0,1,1,4,224.3,0
5696-CEIQJ,67,Two year,103.15,6895.5,0,1,0,Fiber optic,Bank transfer (automatic),0,0,1,1,5,249.7,0
7503-ZGUZJ,1,Month-to-month,84.65,84.65,1,0,0,Fiber optic,Mailed check,1,0,0,0,1,179.2,1
1696-HXOWK,71,One year,95.65,6856.95,1,0,1,Fiber optic,Mailed check,0,0,1,0,3,241.7,0
3026-ATZYV,37,One year,75.1,2658.8,0,0,1,DSL,Bank transfer (automatic),0,0,1,1,4,225.9,0
4012-YCFAI,60,Two year,61.35,3766.2,0,1,1,DSL,Mailed check,1,0,1,0,3,129.1,0
2506-TNFCO,1,Month-to-month,69.55,69.55,1,0,0,Fiber optic,Electronic check,1,1,1,0,0,106.0,1
9970-QBCDA,6,Month-to-month,19.7,129.55,1,0,0,No,Credit card (automatic),0,0,0,0,0,38.8,0
8718-PTMEZ,13,Month-to-month,31.05,347.25,2,0,0,DSL,Electronic check,1,0,0,0,1,56.2,1
9496-IVVRP,11,Month-to-month,51.0,581.7,2,0,1,DSL,Bank transfer (automatic),0,0,1,1,1,83.7,0
2207-OBZNX,7,Month-to-month,51.0,354.05,1,0,1,DSL,Mailed check,1,0,0,0,1,70.8,1
2657-VPXTA,10,Month-to-month,88.85,929.45,2,0,0,Fiber optic,Electronic check,1,0,1,1,2,237.8,0
6551-VLJMV,34,Two year,20.05,679.0,5,0,0,No,Credit card (automatic),0,0,1,0,0,30.0,0
1221-GHZEP,62,Two year,65.1,3846.75,0,1,1,DSL,Mailed check,1,0,0,0,3,174.3,0
9289-LBQVU,64,One year,70.15,4480.7,1,1,0,DSL,Mailed check,1,0,1,0,3,177.9,0
6142-VSJQO,1,Month-to-month,44.35,44.35,5,0,0,DSL,Bank transfer (automatic),1,0,1,1,0,85.7,1
3458-IDMFK,25,Two year,20.75,499.4,1,0,0,No,Mailed check,1,0,0,0,0,52.8,0
6933-FHBZC,26,One year,56.05,1553.2,2,0,0,DSL,Mailed check,1,0,0,0,2,120.0,0
0221-NAUXK,10,One year,19.95,219.5,2,0,0,No,Bank transfer (automatic),1,0,0,1,0,25.3,0
9770-KXGQU,53,One year,98.6,5311.85,1,0,1,Fiber optic,Mailed check,0,0,0,0,4,237.0,0
6437-UKHMV,7,Month-to-month,79.7,586.05,3,0,0,Fiber optic,Electronic check,1,0,0,0,1,189.6,1
6538-POCHL,33,Month-to-month,79.0,2576.8,2,0,0,Fiber optic,Credit card (automatic),1,0,0,0,2,147.0,0
6726-NNFWD,71,Two year,89.45,6435.25,3,0,0,Fiber optic,Credit card (automatic),0,1,1,0,3,186.7,0
3002-WQZWT,29,Month-to-month,74.2,1993.25,3,0,0,Fiber optic,Electronic check,1,0,0,0,0,151.9,0
4277-UDIEF,24,Month-to-month,81.0,1923.85,0,1,1,DSL,Bank transfer (automatic),0,0,1,1,4,132.5,0
1208-NBVFH,20,Month-to-month,49.6,939.8,4,0,0,DSL,Electronic check,1,0,1,1,1,71.9,0
4912-PIGUY,1,Month-to-month,84.6,84.6,2,0,0,Fiber optic,Electronic check,1,0,0,0,1,210.1,0
1114-CENIM,54,Month-to-month,55.0,3092.65,3,0,0,DSL,Credit card (automatic),1,0,0,1,1,102.0,1
6060-DRTNL,5,Month-to-month,84.85,415.55,1,0,0,Fiber optic,Mailed check,1,1,0,0,2,219.2,1
2725-TTRIQ,72,Two year,84.2,5986.55,0,1,1,DSL,Bank transfer (automatic),1,0,1,1,5,219.0,0
3374-TTZTK,52,Two year,106.3,5487.0,0,1,1,Fiber optic,Electronic check,1,0,1,0,6,250.4,0
8990-ZXLSU,9,Month-to-month,69.05,651.5,2,0,0,Fiber optic,Electronic check,0,0,0,0,0,138.8,0
2275-RBYQS,1,Month-to-month,45.4,45.4,4,0,0,DSL,Mailed check,1,0,0,0,0,83.9,0
8473-VUVJN,1,Month-to-month,73.65,73.65,2,0,0,Fiber optic,Electronic check,1,1,0,0,0,98.9,1
6289-CPNLD,33,One year,73.9,2405.05,1,1,0,DSL,Mailed check,1,0,1,1,4,243.0,1
5536-SLHPM,55,Month-to-month,77.75,4458.15,4,0,0,Fiber optic,Electronic check,1,0,1,0,1,117.7,1
4419-UJMUS,69,Two year,99.35,6856.45,4,1,0,Fiber optic,Electronic check,1,0,1,1,3,293.0,0
7794-JASDG,1,Month-to-month,50.75,50.75,1,0,1,DSL,Mailed check,1,0,0,0,1,94.1,0
7609-YBPXG,54,Two year,87.1,4735.2,2,1,1,DSL,Bank transfer (automatic),0,0,0,0,5,257.4,0
5519-TEEUH,33,One year,20.15,682.15,1,0,0,No,Mailed check,1,0,0,1,0,41.8,0
7856-GANIL,45,One year,98.7,4525.8,1,1,0,Fiber optic,Bank transfer (automatic),1,1,1,0,4,185.5,0
0804-XBFBV,11,Month-to-month,25.2,321.05,1,0,0,DSL,Electronic check,0,0,0,1,0,49.8,0
2676-OXPPQ,6,Month-to-month,55.7,335.65,0,0,1,DSL,Bank transfer (automatic),1,0,0,0,2,99.5,0
3703-TTEPD,21,Month-to-month,65.35,1424.4,0,0,1,DSL,Bank transfer (automatic),0,0,0,0,3,151.9,0
2799-TSLAG,65,Two year,25.3,1748.55,1,0,0,No,Bank transfer (automatic),1,0,1,1,0,45.6,0
0196-VULGZ,6,Month-to-month,84.35,474.9,0,0,0,Fiber optic,Electronic check,1,1,1,0,1,177.8,1
8837-VVWLQ,8,Month-to-month,84.95,668.4,6,0,1,Fiber optic,Electronic check,0,0,0,0,2,194.4,1
2696-NARTR,11,Month-to-month,73.85,926.25,1,1,0,Fiber optic,Electronic check,1,0,0,0,1,137.9,1
2208-NKVVH,43,Two year,24.25,1077.95,0,0,0,No,Mailed check,0,0,1,1,0,39.6,0
7614-QVWQL,49,One year,51.8,2541.25,4,0,0,DSL,Bank transfer (automatic),1,0,1,1,3,201.5,1
1976-CFOCS,1,Month-to-month,46.0,46.0,4,0,0,DSL,Electronic check,0,1,1,0,0,84.1,1
4631-OACRM,15,Month-to-month,79.4,1156.1,3,0,0,Fiber optic,Electronic check,1,1,0,0,1,153.4,1
7139-JZFVG,60,Two year,60.5,3694.45,3,0,1,DSL,Bank transfer (automatic),0,0,1,1,3,116.4,0
4987-GQWPO,17,Month-to-month,25.1,382.8,4,0,0,DSL,Credit card (automatic),0,0,0,0,0,48.7,0
3755-JBMNH,16,Month-to-month,71.8,1167.8,4,0,0,Fiber optic,Bank transfer (automatic),1,1,1,0,0,102.1,1
1757-TCATG,35,One year,20.05,746.75,3,0,0,No,Bank transfer (automatic),0,0,1,1,0,37.7,0
6345-ULYRW,44,One year,88.4,3912.9,4,0,0,Fiber optic,Mailed check,0,1,1,0,2,188.3,1
4776-XSKYQ,12,One year,30.25,368.85,0,1,0,DSL,Credit card (automatic),0,0,1,1,1,56.6,0
8048-DSDFQ,1,Month-to-month,20.2,20.2,1,0,0,No,Mailed check,0,0,0,0,0,35.5,0
5753-QQWPW,28,One year,59.9,1654.7,0,1,1,DSL,Electronic check,1,0,0,0,3,114.1,0
6010-DDPPW,70,Two year,25.15,1940.85,1,0,0,No,Bank transfer (automatic),0,0,1,0,0,46.6,0
1809-DMJHQ,5,Month-to-month,46.0,221.7,2,0,0,DSL,Mailed check,0,0,0,1,0,55.1,1
6693-FRIRW,18,Month-to-month,101.3,1794.65,4,0,0,Fiber optic,Credit card (automatic),0,0,0,0,4,265.8,0
6586-MYGKD,70,Two year,76.95,5289.8,0,1,1,DSL,Credit card (automatic),1,0,1,0,4,236.5,0
3173-NVMPX,9,Month-to-month,55.3,501.2,0,0,0,DSL,Mailed check,1,0,1,1,1,110.3,0
0248-PGHBZ,67,Two year,92.45,6140.85,0,1,1,Fiber optic,Bank transfer (automatic),1,1,0,0,4,244.5,0
0623-GDISB,1,Month-to-month,48.45,48.45,0,0,1,DSL,Bank transfer (automatic),1,0,0,0,1,91.7,0
2892-GESUL,18,Two year,19.35,309.25,1,0,0,No,Mailed check,0,0,1,1,0,41.6,0
6923-EFPNL,4,Month-to-month,51.75,201.1,1,0,0,DSL,Credit card (automatic),0,0,0,0,0,105.1,1
7472-EQOAV,71,One year,86.7,6179.35,1,0,1,Fiber optic,Bank transfer (automatic),1,1,1,1,3,145.4,0
9574-RKJIF,30,Month-to-month,94.4,2838.7,3,0,1,Fiber optic,Electronic check,1,0,1,1,3,188.7,1
2043-WVTQJ,1,Month-to-month,55.7,55.7,3,0,1,DSL,Mailed check,0,0,1,0,2,119.3,0
8034-RYTVV,55,One year,84.25,4589.85,2,0,1,Fiber optic,Credit card (automatic),1,0,0,0,2,167.6,0
3863-QSTYI,59,Month-to-month,64.65,3735.45,0,1,0,DSL,Electronic check,1,0,0,0,3,116.2,0
2619-WFQWU,1,Month-to-month,70.15,70.15,2,0,0,Fiber optic,Mailed check,1,0,0,0,0,106.8,1
5044-LRQAQ,7,Month-to-month,69.2,477.55,0,0,0,Fiber optic,Bank transfer (automatic),1,0,1,0,0,146.2,0
1716-LSAMB,45,Two year,54.65,2553.7,1,1,1,DSL,Bank transfer (automatic),0,0,1,1,2,100.8,0
1333-PBMXB,54,One year,24.75,1342.15,2,0,0,No,Bank transfer (automatic),1,0,1,1,0,33.3,0
6546-OPBBH,51,One year,23.95,1216.35,0,0,0,No,Mailed check,1,0,1,1,0,46.0,0
5985-BEHZK,72,One year,105.0,7578.05,2,0,0,Fiber optic,Credit card (automatic),0,1,1,0,4,308.8,0
9127-QRZMH,44,One year,59.85,2603.95,0,1,1,DSL,Bank transfer (automatic),1,0,1,0,3,118.3,0
5919-VCZYM,2,Month-to-month,20.05,42.7,1,0,0,No,Mailed check,0,0,0,0,0,35.9,0
9644-KVCNC,66,One year,92.15,6056.9,1,0,0,Fiber optic,Bank transfer (automatic),1,0,0,0,2,200.2,0
2137-DQMEV,68,One year,44.8,2983.65,0,0,1,DSL,Mailed check,0,0,1,1,3,111.3,0
8174-LNWMW,31,Two year,20.9,689.35,2,0,0,No,Credit card (automatic),0,0,0,0,0,34.8,0
9279-CJEOJ,21,Month-to-month,95.4,2025.1,3,0,0,Fiber optic,Bank transfer (automatic),1,1,0,0,2,262.2,0
7964-VEXDG,21,Month-to-month,80.35,1747.2,1,0,1,Fiber optic,Electronic check,0,0,0,1,1,198.8,0
2404-JIBFC,55,Two year,85.1,4657.95,0,1,1,DSL,Bank transfer (automatic),1,0,1,1,5,322.8,0
0778-NELLA,9,Month-to-month,34.7,296.1,4,0,0,DSL,Credit card (automatic),1,0,0,0,1,100.1,1
8029-XYPWT,71,Two year,115.05,8016.6,0,1,1,Fiber optic,Bank transfer (automatic),1,1,1,0,6,224.6,0
4614-NUVZD,1,Month-to-month,81.1,81.1,0,0,0,Fiber optic,Electronic check,1,0,0,0,1,183.7,1
4632-PAOYU,22,One year,19.95,433.5,1,0,0,No,Mailed check,0,0,1,1,0,34.5,0
3803-KMQFW,1,Month-to-month,20.55,20.55,2,0,0,No,Mailed check,0,0,1,1,0,35.7,1
6804-GDMOI,61,Two year,106.6,6428.4,3,1,0,Fiber optic,Electronic check,1,0,0,0,4,205.1,1
2990-OGYTD,67,Two year,86.15,5883.85,0,1,0,DSL,Bank transfer (automatic),0,0,1,0,5,232.9,0
6646-JPPHA,14,Month-to-month,78.85,1043.8,3,0,1,Fiber optic,Electronic check,0,1,0,0,2,128.5,0
9572-MTILT,59,Month-to-month,106.75,6252.9,0,1,1,Fiber optic,Electronic check,1,0,1,0,5,234.1,1
7658-UYUQS,21,Month-to-month,86.55,1857.25,5,0,0,Fiber optic,Bank transfer (automatic),0,1,1,0,2,151.2,0
7880-XSOJX,4,Month-to-month,42.4,146.4,0,1,1,DSL,Mailed check,0,0,0,0,3,76.8,0
9611-CTWIH,3,Month-to-month,89.45,240.45,3,0,0,Fiber optic,Electronic check,1,0,0,0,2,198.0,1
4589-IUAJB,70,Two year,24.25,1724.15,2,0,0,No,Bank transfer (automatic),0,0,1,0,0,38.3,0
0329-GTIAJ,3,Month-to-month,97.9,315.3,4,1,0,Fiber optic,Electronic check,1,0,0,0,4,231.8,1
8746-BFOAJ,21,One year,20.5,429.55,2,0,0,No,Bank transfer (automatic),0,1,0,0,0,33.9,0
8457-XIGKN,20,Month-to-month,19.6,356.15,2,0,0,No,Credit card (automatic),1,0,0,0,0,32.5,0
6072-NUQCB,22,One year,20.25,488.25,5,0,0,No,Bank transfer (automatic),0,0,1,1,0,33.5,0
6629-CZTTH,1,Month-to-month,55.7,55.7,4,0,0,DSL,Mailed check,1,0,0,0,1,127.6,1
8838-GPHZP,63,Two year,20.6,1298.7,1,0,0,No,Mailed check,1,0,0,0,0,33.3,0
8750-QWZAJ,70,Two year,19.8,1378.75,0,0,0,No,Bank transfer (automatic),0,0,1,1,0,32.6,0
5364-EVNIB,13,Month-to-month,79.8,973.45,2,0,0,Fiber optic,Electronic check,1,0,0,0,2,136.4,1
6918-UMQCG,5,Month-to-month,80.2,384.25,2,0,0,Fiber optic,Electronic check,0,0,0,0,1,236.0,0
0675-NCDYU,72,Two year,116.4,8543.25,0,1,1,Fiber optic,Credit card (automatic),1,0,1,1,6,329.2,0
6339-DKLMK,13,Month-to-month,31.65,389.95,3,0,0,DSL,Electronic check,1,0,0,0,1,52.0,0
1346-PJWTK,61,Month-to-month,94.15,5731.85,3,1,0,Fiber optic,Credit card (automatic),0,0,1,0,4,167.2,0
5088-QZLRL,1,Month-to-month,20.65,20.65,1,0,0,No,Electronic check,0,0,0,0,0,43.5,0
8023-QHAIO,56,Month-to-month,76.85,4275.75,2,1,0,Fiber optic,Bank transfer (automatic),1,1,1,0,1,138.2,0
4397-FRLTA,4,Month-to-month,20.15,84.5,3,0,0,No,Mailed check,0,0,0,0,0,38.2,0
3057-VJJQE,35,Two year,55.25,1924.1,2,0,1,DSL,Mailed check,0,0,0,0,1,116.7,0
5087-SUURX,18,Month-to-month,39.05,669.85,1,0,0,DSL,Electronic check,1,0,1,0,2,79.3,1
2302-OUZXB,72,Two year,82.15,5784.3,1,0,0,DSL,Bank transfer (automatic),0,0,1,0,4,207.6,0
8133-ANHHJ,49,One year,103.0,5166.2,1,1,1,Fiber optic,Bank transfer (automatic),0,1,0,0,5,231.9,0
2270-CHBFN,44,Month-to-month,95.1,4060.55,0,1,1,Fiber optic,Credit card (automatic),1,0,1,0,4,206.7,0
0013-EXCHZ,3,Month-to-month,83.9,267.4,5,1,0,Fiber optic,Mailed check,1,1,1,0,2,188.9,1
5982-FPVQN,37,Month-to-month,95.15,3532.85,3,0,0,Fiber optic,Electronic check,1,0,1,1,3,214.0,0
9107-UKCKY,61,One year,79.8,4914.8,3,0,0,DSL,Electronic check,1,0,1,0,4,222.7,0
4654-ULTTN,70,Two year,74.8,5315.8,0,1,1,DSL,Credit card (automatic),1,0,1,0,4,173.8,0
5550-VFRLC,1,Month-to-month,69.85,69.85,2,0,0,Fiber optic,Electronic check,1,1,0,0,0,128.7,1
5546-BYZSM,41,Month-to-month,20.45,775.6,2,0,0,No,Electronic check,0,0,0,0,0,33.7,0
1492-KGETH,70,One year,78.35,5445.95,0,1,1,DSL,Bank transfer (automatic),0,0,1,1,5,162.1,0
4929-BSTRX,1,Month-to-month,53.55,53.55,3,0,0,DSL,Mailed check,1,0,0,0,1,128.8,1
4163-HFTUK,51,One year,19.1,1007.8,3,0,0,No,Electronic check,0,0,0,0,0,37.6,0
8215-NGSPE,42,Two year,20.0,833.55,1,0,0,No,Mailed check,0,0,1,1,0,42.3,0
2225-ZRGSG,70,Two year,93.9,6579.05,0,1,1,Fiber optic,Bank transfer (automatic),0,0,1,1,4,172.5,1
8859-YSTWS,48,One year,19.95,1004.5,1,0,0,No,Bank transfer (automatic),0,0,0,0,0,34.5,0
5271-YNWVR,68,Two year,113.15,7856.0,1,1,1,Fiber optic,Electronic check,1,0,1,1,6,335.7,1
7601-DHFWZ,48,Two year,24.0,1183.05,4,0,0,No,Credit card (automatic),0,0,0,0,0,46.8,0
2657-ALMWY,26,Month-to-month,84.95,2169.75,2,0,0,Fiber optic,Electronic check,0,1,1,0,2,214.2,1
6330-JKLPC,11,Month-to-month,80.5,896.9,3,0,0,Fiber optic,Bank transfer (automatic),1,0,1,0,1,142.4,1
4667-OHGKG,1,Month-to-month,19.3,19.3,2,0,0,No,Mailed check,1,0,0,0,0,32.6,1
1998-VHJHK,27,One year,19.15,501.35,0,0,0,No,Mailed check,0,0,0,0,0,37.0,0
1707-HABPF,46,One year,91.3,4126.35,4,0,0,Fiber optic,Bank transfer (automatic),1,1,0,0,3,199.9,0
1660-HSOOQ,1,Month-to-month,49.65,49.65,3,0,0,DSL,Mailed check,1,0,0,0,1,105.0,1
7253-UVNDW,46,Two year,54.35,2460.15,0,1,0,DSL,Credit card (automatic),0,0,0,0,2,85.2,1
0487-VVUVK,25,Month-to-month,19.15,477.6,1,0,0,No,Mailed check,1,0,1,1,0,36.2,0
7228-OMTPN,4,Month-to-month,88.45,370.65,0,0,0,Fiber optic,Electronic check,1,0,0,0,2,240.2,1
5063-IUOKK,13,Two year,19.75,265.75,2,0,0,No,Mailed check,0,0,0,0,0,30.3,0
4508-OEBEY,31,One year,75.5,2424.45,0,1,1,DSL,Credit card (automatic),1,0,1,0,5,166.9,0
0027-KWYKW,23,Month-to-month,83.75,1849.95,1,0,0,Fiber optic,Electronic check,1,0,1,1,1,161.4,0
2308-STERM,2,Month-to-month,19.4,61.05,3,0,0,No,Mailed check,0,0,0,0,0,33.2,0
5982-XMDEX,65,Two year,26.5,1698.55,3,0,0,No,Bank transfer (automatic),0,0,0,0,0,45.9,0
6284-AHOOQ,22,Month-to-month,90.5,1910.6,2,1,0,Fiber optic,Bank transfer (automatic),1,1,0,0,2,282.7,1
6051-PTVNS,55,One year,19.15,998.1,0,0,0,No,Credit card (automatic),0,0,1,1,0,29.2,0
2344-JMOGN,9,Month-to-month,94.85,890.6,1,1,0,Fiber optic,Mailed check,1,0,1,0,4,231.2,1
3799-ISUZQ,7,Month-to-month,69.95,529.5,0,0,0,Fiber optic,Bank transfer (automatic),1,0,1,1,0,117.5,1
2877-VDUER,35,One year,40.9,1383.6,3,1,0,DSL,Mailed check,0,0,1,1,2,119.9,0
9152-AMKAK,6,Two year,80.25,493.4,0,1,1,DSL,Mailed check,1,0,0,0,5,213.6,0
1794-HBQTJ,1,Month-to-month,48.6,48.6,1,0,1,DSL,Credit card (automatic),1,0,0,0,1,77.2,1
9432-VOFYX,17,Month-to-month,70.8,1207.0,4,0,0,Fiber optic,Electronic check,1,0,0,0,0,154.6,0
8049-WJCLQ,10,Month-to-month,60.2,563.5,2,0,0,DSL,Mailed check,0,0,1,1,2,173.2,0
6586-PSJOX,15,One year,55.2,864.55,1,1,0,DSL,Credit card (automatic),0,0,0,1,2,73.9,0
2460-FPSYH,40,Month-to-month,55.8,2109.35,1,0,1,DSL,Electronic check,1,1,0,0,4,176.8,1
9705-ZJBCG,13,One year,54.15,701.05,0,1,1,DSL,Bank transfer (automatic),0,0,1,1,2,92.5,0
4818-DRBQT,29,Month-to-month,80.15,2265.25,2,0,0,Fiber optic,Bank transfer (automatic),1,0,1,0,1,110.5,1
1320-HTRDR,3,Month-to-month,75.5,220.6,4,0,0,Fiber optic,Electronic check,1,0,0,0,0,139.5,1
6847-KJLTS,58,Month-to-month,100.4,5749.8,3,1,0,Fiber optic,Bank transfer (automatic),1,1,1,0,3,280.7,0
9670-BPNXF,45,One year,62.55,2796.45,0,1,1,DSL,Credit card (automatic),1,0,0,0,3,113.6,0
3913-FCUUW,72,Two year,70.45,5165.7,1,1,1,DSL,Bank transfer (automatic),1,0,1,1,4,135.7,0
3301-VKTGC,68,One year,85.5,5696.6,0,0,1,Fiber optic,Bank transfer (automatic),1,0,1,1,2,194.4,0
1493-AMTIE,1,Month-to-month,20.2,20.2,2,0,0,No,Bank transfer (automatic),1,0,0,0,0,34.0,1
9555-SAHUZ,38,Month-to-month,54.5,2076.05,3,0,1,DSL,Electronic check,0,0,1,1,2,116.4,0
0816-TSPHQ,2,Month-to-month,20.75,44.2,6,0,0,No,Mailed check,0,0,0,0,0,49.5,0
9932-WBWIK,11,Month-to-month,20.35,215.25,0,0,0,No,Mailed check,0,0,0,0,0,21.0,0
4619-EVPHY,20,One year,91.0,1859.5,2,0,0,Fiber optic,Bank transfer (automatic),1,1,1,0,2,236.1,0
5286-YHCVC,72,Two year,104.8,7470.1,4,0,0,Fiber optic,Bank transfer (automatic),1,0,1,0,4,323.0,0
6424-ELEYH,3,Month-to-month,74.75,229.5,4,0,0,Fiber optic,Credit card (automatic),1,0,1,0,0,141.6,1
4391-RESHN,23,Month-to-month,104.05,2470.1,1,1,0,Fiber optic,Mailed check,1,0,0,0,4,243.7,1
9115-YQHGA,40,Month-to-month,51.1,2092.9,0,1,0,DSL,Electronic check,1,0,0,0,1,111.6,0
4462-CYWMH,62,Month-to-month,89.8,5629.55,8,0,0,Fiber optic,Bank transfer (automatic),1,1,1,0,2,228.6,0
8963-MQVYN,22,Month-to-month,20.55,469.85,2,0,0,No,Electronic check,1,0,0,1,0,28.3,0
2458-EOMRE,11,Month-to-month,64.05,733.95,0,0,1,DSL,Bank transfer (automatic),0,0,0,0,3,174.6,0
9334-GWGOW,7,Month-to-month,74.85,485.25,3,0,0,Fiber optic,Electronic check,1,1,1,0,0,131.5,0
6821-BUXUX,13,Month-to-month,96.65,1244.5,1,0,1,Fiber optic,Electronic check,1,0,0,0,3,220.9,1
5028-HTLJB,1,Month-to-month,20.05,20.05,5,0,0,No,Mailed check,0,1,0,0,0,29.9,1
9801-GDWGV,39,Month-to-month,103.45,3994.45,0,0,0,Fiber optic,Electronic check,1,0,0,0,4,288.3,1
6542-LWGXJ,3,Month-to-month,25.0,78.25,3,0,0,DSL,Mailed check,0,0,1,0,0,46.2,0
5567-GZKQY,58,Two year,20.3,1131.5,2,0,0,No,Credit card (automatic),0,0,0,0,0,31.6,0
1222-LRYKO,6,Month-to-month,26.35,184.05,1,0,0,No,Mailed check,0,0,0,1,0,45.2,0
2320-JRSDE,1,Month-to-month,19.9,19.9,1,0,0,No,Electronic check,1,0,1,1,0,43.5,1
2087-QAREY,22,Month-to-month,54.7,1178.75,0,0,0,DSL,Mailed check,1,0,1,0,2,121.1,0
0601-WZHJF,14,Month-to-month,46.35,667.7,3,0,0,DSL,Electronic check,0,0,1,0,2,127.9,1
4423-JWZJN,64,One year,90.25,5629.15,2,0,0,Fiber optic,Credit card (automatic),0,0,1,1,2,218.2,0
5143-WMWOG,1,Month-to-month,19.95,19.95,2,0,0,No,Electronic check,0,0,0,0,0,34.4,1
6490-FGZAT,6,Month-to-month,20.65,109.3,1,0,0,No,Mailed check,0,0,0,0,0,34.5,0
5393-RXQSZ,1,Month-to-month,79.6,79.6,3,0,0,Fiber optic,Electronic check,0,0,0,0,1,190.6,1
7452-FOLON,39,One year,25.45,958.45,2,0,0,No,Bank transfer (automatic),0,0,0,1,0,56.3,0
2320-TZRRH,20,One year,19.5,403.15,1,0,0,No,Mailed check,0,0,0,0,0,38.1,0
0231-LXVAP,1,Month-to-month,75.9,75.9,2,1,0,Fiber optic,Electronic check,1,0,0,0,1,117.7,1
9444-JTXHZ,1,Month-to-month,76.2,76.2,6,0,0,Fiber optic,Electronic check,0,0,1,0,1,138.8,1
4942-VZZOM,64,One year,66.15,4392.5,3,0,1,DSL,Credit card (automatic),1,0,1,0,2,170.2,0
5510-BOIUJ,1,Month-to-month,19.25,19.25,3,0,0,No,Mailed check,0,0,0,1,0,40.5,1
7502-BNYGS,46,Month-to-month,69.1,3168.0,1,0,0,DSL,Credit card (automatic),1,0,1,0,3,203.1,0
4291-HYEBC,28,One year,39.1,1096.6,2,0,0,DSL,Electronic check,1,1,1,1,2,113.1,0
6147-CBCRA,33,Month-to-month,20.05,669.45,4,0,0,No,Mailed check,0,0,1,0,0,37.5,0
6047-SUHPR,39,One year,59.8,2343.85,0,0,1,DSL,Electronic check,0,0,1,1,3,118.5,0
4471-KXAUH,42,Month-to-month,84.3,3588.4,2,1,0,Fiber optic,Electronic check,1,0,1,0,2,110.2,1
9752-ZNQUT,1,Month-to-month,48.6,48.6,3,0,0,DSL,Electronic check,1,0,0,0,1,105.9,0
7638-QVMVY,7,Month-to-month,79.0,522.95,3,0,0,Fiber optic,Electronic check,1,0,0,0,1,191.7,1
1576-PFZIW,70,Two year,105.35,7511.9,4,0,1,Fiber optic,Credit card (automatic),0,1,1,0,5,271.3,0
5666-MBJPT,65,Two year,25.1,1725.0,1,0,0,No,Bank transfer (automatic),1,0,0,0,0,38.1,0
7312-XSBAT,1,Month-to-month,49.75,49.75,1,0,1,DSL,Electronic check,0,0,0,0,1,93.4,0
3096-GKWEB,18,Month-to-month,94.75,1691.9,0,0,0,Fiber optic,Electronic check,1,0,1,0,2,325.0,0
2371-JQHZZ,24,Month-to-month,93.0,2248.05,2,0,0,Fiber optic,Electronic check,1,0,1,0,2,226.7,0
0674-GCDXG,63,Two year,71.9,4479.2,0,1,1,DSL,Bank transfer (automatic),1,0,0,0,4,129.4,0
1121-QSIVB,44,One year,77.55,3471.1,3,0,0,DSL,Mailed check,1,0,0,1,3,234.9,0
4396-KLSEH,4,Month-to-month,19.85,63.0,2,0,0,No,Electronic check,1,0,0,0,0,36.0,0
3244-DCJWY,1,Month-to-month,70.25,70.25,5,0,0,Fiber optic,Electronic check,1,0,0,0,0,126.1,1
2824-MYYBN,37,Month-to-month,95.25,3314.15,5,0,0,Fiber optic,Electronic check,1,0,1,1,2,195.9,0
0875-CABNR,10,Month-to-month,84.6,865.55,2,0,0,Fiber optic,Credit card (automatic),1,1,0,0,2,205.2,1
6345-HOVES,34,Month-to-month,25.05,852.7,2,0,0,DSL,Bank transfer (automatic),1,0,0,0,0,49.6,0
8318-LCNBW,35,One year,53.15,1930.9,1,0,1,DSL,Credit card (automatic),0,0,1,0,4,64.1,0
6469-QJKZW,4,Month-to-month,20.15,91.4,1,0,0,No,Electronic check,0,0,1,0,0,37.3,0
0147-ESWWR,39,Month-to-month,101.25,3949.15,1,1,0,Fiber optic,Electronic check,1,1,1,0,3,293.2,0
1217-VASWC,43,One year,100.55,4304.0,1,0,0,Fiber optic,Bank transfer (automatic),1,1,1,0,4,227.4,0
7812-FZHPE,17,Month-to-month,24.1,409.9,4,0,0,No,Mailed check,0,0,1,1,0,29.9,1
6370-ZVHDV,61,Two year,25.3,1554.9,4,0,0,No,Bank transfer (automatic),0,0,1,0,0,46.4,0
5915-DGNVC,49,One year,71.8,3472.05,0,0,1,DSL,Electronic check,0,0,1,0,4,223.8,0
6260-XLACS,4,One year,19.7,117.8,1,0,0,No,Mailed check,0,0,0,0,0,37.5,0
3566-CAAYU,64,Two year,49.85,3210.35,1,1,0,DSL,Electronic check,0,0,1,1,4,173.7,0
4983-CCWMC,3,Month-to-month,69.6,207.4,6,0,0,Fiber optic,Mailed check,1,0,0,0,0,132.2,0
9103-CXVOK,1,Month-to-month,19.75,19.75,3,0,0,No,Electronic check,0,0,1,1,0,34.6,0
2896-TBNBE,40,One year,80.8,3132.75,3,0,0,Fiber optic,Electronic check,0,0,1,0,2,129.3,0
4797-AXPXK,1,Month-to-month,60.0,60.0,1,1,1,DSL,Electronic check,1,0,0,1,3,131.2,1
5229-PRWKT,8,Month-to-month,86.55,649.65,0,0,0,Fiber optic,Electronic check,1,0,0,0,1,158.1,1
6982-UQZLY,1,Month-to-month,20.85,20.85,3,0,0,No,Mailed check,1,1,1,0,0,34.3,1
2522-WLNSF,34,One year,64.2,2106.3,1,1,0,DSL,Bank transfer (automatic),0,1,1,0,3,146.7,0
3841-CONLJ,1,Month-to-month,35.0,35.0,2,0,0,DSL,Electronic check,0,0,1,0,1,108.0,0
5057-LCOUI,39,Month-to-month,50.75,2011.4,3,0,0,DSL,Electronic check,1,0,0,0,3,173.4,1
0193-ESZXP,58,One year,105.5,6205.5,1,1,1,Fiber optic,Credit card (automatic),1,1,1,0,5,211.8,1
4475-NVTLU,45,Two year,19.2,903.7,4,0,0,No,Electronic check,0,0,1,1,0,28.7,0
4369-HTUIF,6,Month-to-month,85.15,503.6,1,0,1,Fiber optic,Bank transfer (automatic),1,1,0,0,2,243.5,1
9386-LDCZR,43,One year,90.65,3882.3,0,1,1,Fiber optic,Credit card (automatic),1,0,0,0,4,166.1,0
9585-KKMFD,41,Two year,20.0,879.8,1,0,0,No,Mailed check,1,0,1,1,0,36.2,0
5399-ZIMKF,5,Month-to-month,74.65,383.65,1,0,0,Fiber optic,Electronic check,1,0,0,0,1,128.1,0
0336-KXKFK,72,Two year,61.2,4390.25,0,1,1,DSL,Credit card (automatic),1,0,0,0,5,199.1,0
5619-XZZKR,4,One year,19.95,68.2,3,0,0,No,Mailed check,0,0,0,0,0,32.1,0
3948-FVVRP,9,Month-to-month,54.8,452.8,1,1,0,DSL,Mailed check,0,0,1,1,2,115.5,0
5327-XOKKY,72,Two year,73.45,5329.0,3,0,0,DSL,Credit card (automatic),1,1,1,0,3,240.3,0
0983-TATYJ,33,One year,51.45,1758.9,1,1,0,DSL,Mailed check,1,0,1,0,1,93.0,0
1813-JYWTO,72,Two year,80.45,5737.6,1,0,1,Fiber optic,Bank transfer (automatic),0,0,1,0,1,165.3,0
0156-FVPTA,22,Month-to-month,54.2,1152.7,0,1,1,DSL,Electronic check,1,0,1,0,2,95.7,1
1984-FCOWB,70,One year,109.5,7674.55,0,1,0,Fiber optic,Electronic check,1,0,1,0,5,261.2,1
0654-HMSHN,21,Month-to-month,104.4,2157.95,3,0,0,Fiber optic,Electronic check,0,0,1,1,4,308.7,1
6719-OXYBR,15,Month-to-month,85.3,1219.85,3,0,0,Fiber optic,Electronic check,0,0,0,0,2,191.9,0
3312-ZWLGF,29,Month-to-month,79.3,2414.55,1,1,0,Fiber optic,Electronic check,1,1,1,0,1,126.3,0
6476-YHMGA,15,Month-to-month,76.5,1155.6,1,1,0,DSL,Bank transfer (automatic),0,0,1,1,5,270.4,0
5287-QWLKY,71,Month-to-month,105.1,7548.1,4,0,1,Fiber optic,Credit card (automatic),1,1,1,1,4,263.2,1
0795-XCCTE,72,Two year,25.4,1809.35,2,0,0,No,Bank transfer (automatic),0,1,0,0,0,49.0,0
0168-XZKBB,19,Month-to-month,86.85,1564.4,3,0,0,Fiber optic,Electronic check,1,0,1,0,1,241.5,0
3785-NRHYR,1,Month-to-month,19.65,19.65,5,0,0,No,Mailed check,0,0,0,0,0,28.9,0
5196-SGOAK,1,Month-to-month,75.7,75.7,3,0,0,Fiber optic,Electronic check,1,0,0,0,1,130.8,1
4537-DKTAL,2,Month-to-month,45.55,84.4,2,0,0,DSL,Electronic check,0,0,0,0,0,94.3,0
7072-MBHEV,11,Month-to-month,78.1,864.85,3,0,0,Fiber optic,Credit card (automatic),1,1,1,1,1,135.2,0
5602-BVFMK,12,One year,19.3,228.75,3,0,0,No,Mailed check,0,0,0,0,0,32.6,0
6297-NOOPG,70,Two year,110.5,7752.05,5,1,0,Fiber optic,Electronic check,1,0,1,0,5,274.4,0
1891-UAWWU,20,Month-to-month,90.8,1951.0,1,0,0,Fiber optic,Electronic check,0,1,1,0,2,195.5,1
8204-TIFGJ,23,Month-to-month,20.3,470.6,4,0,0,No,Bank transfer (automatic),1,0,0,0,0,35.1,0
8050-DVOJX,49,Two year,81.35,4060.9,0,1,1,DSL,Credit card (automatic),0,1,0,0,5,198.8,0
6108-OQZDQ,4,Month-to-month,97.95,384.5,5,0,0,Fiber optic,Electronic check,1,0,1,1,3,261.3,1
0363-QJVFX,32,Month-to-month,108.15,3432.9,1,1,1,Fiber optic,Credit card (automatic),1,0,0,0,5,346.7,1
8903-XEBGX,2,Month-to-month,55.3,108.65,3,0,0,DSL,Electronic check,1,0,0,1,1,147.2,0
8169-SAEJD,69,Two year,56.55,3952.65,1,0,1,DSL,Credit card (automatic),0,1,1,0,4,228.1,0
9840-DVNDC,6,Month-to-month,80.5,463.05,1,0,0,Fiber optic,Credit card (automatic),1,0,0,0,1,189.8,1
1089-XZWHH,24,Two year,19.7,494.05,1,0,0,No,Mailed check,1,0,1,1,0,44.9,0
2325-WINES,32,One year,104.05,3416.85,5,0,0,Fiber optic,Credit card (automatic),1,0,0,0,4,263.8,0
6064-ZATLR,27,Two year,52.85,1498.65,0,0,1,DSL,Bank transfer (automatic),0,0,0,0,2,113.1,0
3096-JRDSO,27,Month-to-month,104.3,2867.75,0,1,1,Fiber optic,Bank transfer (automatic),1,1,1,0,4,276.1,1
7824-PANSQ,58,Month-to-month,80.65,4807.35,3,1,0,Fiber optic,Bank transfer (automatic),0,0,0,0,1,181.1,0
8042-JVNFH,1,Month-to-month,71.35,71.35,4,0,0,Fiber optic,Mailed check,1,0,0,0,0,114.4,1
9648-BCHKM,18,Two year,24.65,471.35,1,0,0,No,Credit card (automatic),1,0,1,1,0,41.6,0
2888-ADFAO,47,Two year,21.3,1041.8,3,0,0,No,Bank transfer (automatic),1,0,1,1,0,40.8,0
8707-HOEDG,70,Two year,110.2,7689.8,0,1,0,Fiber optic,Electronic check,1,0,1,1,5,240.7,0
3374-LXDEV,13,Month-to-month,89.4,1132.35,2,1,0,Fiber optic,Electronic check,0,0,0,0,3,197.1,1
4072-IPYLT,36,Month-to-month,51.05,1815.0,1,0,1,DSL,Credit card (automatic),0,0,1,1,1,90.1,0
7167-PCEYD,67,Two year,19.8,1311.3,2,0,0,No,Mailed check,1,0,0,0,0,38.7,0
4936-YPJNK,10,Month-to-month,19.9,199.45,1,0,0,No,Mailed check,1,0,0,0,0,41.5,0
1580-BMCMR,19,Month-to-month,87.3,1637.3,1,0,1,Fiber optic,Electronic check,1,1,0,0,2,216.3,0
4817-KEQSP,71,Two year,19.85,1326.35,1,0,0,No,Bank transfer (automatic),0,0,1,1,0,32.1,0
6408-WHTEF,72,Two year,89.4,6376.55,0,1,1,DSL,Mailed check,1,0,1,1,6,195.2,0
9251-AWQGT,48,Two year,20.0,935.9,3,0,0,No,Mailed check,0,0,1,1,0,27.3,0
8749-CLJXC,1,Month-to-month,20.05,20.05,4,0,0,No,Mailed check,0,0,0,0,0,31.5,0
7989-VCQOH,18,Month-to-month,83.25,1611.15,0,1,1,DSL,Electronic check,0,0,1,1,5,205.9,0
5049-GLYVG,1,Month-to-month,20.6,20.6,3,0,0,No,Mailed check,0,0,0,0,0,33.0,1
4199-QHJNM,67,Two year,102.9,6989.7,3,1,0,Fiber optic,Bank transfer (automatic),0,1,1,0,4,285.1,0
8882-TLVRW,69,Two year,39.1,2779.5,0,1,1,DSL,Mailed check,0,0,1,1,3,56.7,0
5883-GTGVD,19,Month-to-month,99.95,1931.75,1,0,0,Fiber optic,Electronic check,1,0,0,0,3,199.2,1
5135-GRQJV,72,Two year,114.5,8331.95,3,1,1,Fiber optic,Mailed check,1,1,1,0,6,295.6,0
2384-OVPSA,38,Two year,20.2,735.9,3,0,0,No,Mailed check,0,1,0,0,0,46.3,0
1371-WEPDS,40,One year,55.8,2283.3,2,0,0,DSL,Electronic check,0,1,1,0,1,122.1,0
3580-GICBM,61,Two year,24.2,1445.2,5,0,0,No,Mailed check,1,0,1,1,0,43.1,0
4817-QRJSX,10,Month-to-month,81.0,818.05,0,0,0,Fiber optic,Credit card (automatic),1,0,0,0,1,145.6,1
9730-DRTMJ,32,One year,72.8,2333.05,0,1,1,DSL,Credit card (automatic),1,0,1,0,3,199.7,0
4686-UXDML,21,Month-to-month,99.85,1992.55,1,0,0,Fiber optic,Credit card (automatic),1,0,0,0,3,294.7,0
3349-ANQNH,59,One year,99.5,5890.0,2,0,0,Fiber optic,Electronic check,1,1,0,0,3,243.7,0
2398-YPMUR,13,Month-to-month,70.15,916.75,2,0,0,Fiber optic,Electronic check,1,1,1,0,0,144.3,1
0932-YIXYU,47,Two year,20.25,1029.8,1,0,0,No,Credit card (automatic),0,0,0,0,0,37.0,0
7480-SPLEF,69,Two year,26.0,1796.55,2,0,0,No,Bank transfer (automatic),1,0,1,1,0,52.7,0
7636-XUHWW,2,Month-to-month,19.9,33.7,2,0,0,No,Credit card (automatic),1,0,0,0,0,45.7,0
1431-CYWMH,22,Month-to-month,19.05,454.05,3,0,0,No,Bank transfer (automatic),0,0,1,1,0,23.4,0
5937-EORGB,15,Month-to-month,96.5,1392.25,4,0,1,Fiber optic,Electronic check,1,1,1,0,3,169.9,0
6349-JDHQP,53,Two year,19.85,1049.6,2,0,0,No,Credit card (automatic),0,0,0,0,0,28.8,0
5539-HIVAK,28,Month-to-month,25.7,734.6,0,0,0,No,Mailed check,0,1,1,0,0,38.0,0
5847-MXBEO,22,One year,20.3,475.1,1,0,0,No,Mailed check,0,0,0,0,0,37.3,0
9985-MWVIX,1,Month-to-month,70.15,70.15,1,0,0,Fiber optic,Mailed check,1,0,0,0,0,129.2,1
4583-PARNH,16,Month-to-month,91.55,1540.05,2,1,0,Fiber optic,Electronic check,1,1,1,0,3,258.7,0
1116-FRYVH,48,Two year,39.4,1978.65,0,1,1,DSL,Mailed check,0,0,1,1,3,86.2,0
1421-HCERK,30,Month-to-month,105.7,3181.8,0,1,1,Fiber optic,Bank transfer (automatic),1,1,1,0,5,241.4,0
9633-XQABV,3,Month-to-month,70.25,229.7,3,0,0,Fiber optic,Electronic check,1,0,0,0,0,124.7,0
0716-BQNDX,57,Two year,93.75,5625.55,0,1,1,Fiber optic,Electronic check,0,1,0,0,3,230.5,0
1265-XTECC,68,One year,96.55,6581.9,2,0,1,Fiber optic,Credit card (automatic),1,1,1,0,3,228.4,1
1183-CANVH,23,One year,60.0,1347.15,1,1,0,DSL,Bank transfer (automatic),0,0,1,0,2,138.4,0
1972-XMUWV,65,Two year,59.8,3808.2,2,1,0,DSL,Credit card (automatic),1,0,1,0,2,163.5,0
8679-LZBMD,44,One year,90.65,3974.15,0,0,0,Fiber optic,Bank transfer (automatic),1,0,1,0,2,226.1,0
3407-JMJQQ,71,Two year,109.0,7661.8,1,0,1,Fiber optic,Bank transfer (automatic),1,0,1,1,5,273.7,0
6252-DFGTK,37,One year,68.1,2479.25,0,1,1,DSL,Credit card (automatic),0,0,1,0,3,120.4,0
1539-LNKHM,12,Month-to-month,20.4,266.6,1,0,0,No,Mailed check,0,0,0,0,0,33.6,0
8645-KOMJQ,69,Two year,81.95,5601.4,1,1,0,DSL,Bank transfer (automatic),1,0,1,1,5,206.7,0
0289-IVARM,35,Month-to-month,60.55,1982.6,1,0,1,DSL,Electronic check,0,0,0,0,3,110.5,0
9761-XUJWD,5,Month-to-month,65.6,339.9,3,1,0,DSL,Bank transfer (automatic),1,0,0,0,3,155.9,0
4057-FKCZK,58,Two year,82.5,4828.05,2,0,0,Fiber optic,Bank transfer (automatic),0,0,1,1,1,154.8,0
4291-TPNFG,72,Two year,82.3,5980.55,0,1,1,DSL,Bank transfer (automatic),1,0,1,0,5,235.2,0
6087-YPWHO,72,Two year,68.15,4808.7,0,1,1,DSL,Mailed check,0,0,1,0,4,154.0,0
3090-QFUVD,1,Month-to-month,20.3,20.3,7,0,0,No,Credit card (automatic),0,0,0,0,0,45.6,0
2237-ZFSMY,39,One year,95.55,3692.85,1,1,1,Fiber optic,Electronic check,1,0,0,0,4,249.6,1
1722-LDZJS,53,One year,20.2,1068.15,1,0,0,No,Credit card (automatic),0,0,1,1,0,36.0,0
1818-ESQMW,27,Month-to-month,89.2,2383.6,0,1,0,Fiber optic,Electronic check,1,0,0,0,3,173.2,0
4871-JTKJF,1,Month-to-month,69.65,69.65,4,0,0,Fiber optic,Electronic check,1,1,0,0,0,106.9,1
1415-YFWLT,1,Month-to-month,89.3,89.3,5,0,0,Fiber optic,Electronic check,1,1,0,0,2,179.7,1
7401-RUBNK,18,Month-to-month,74.8,1438.05,1,0,1,Fiber optic,Electronic check,0,0,1,0,1,128.6,0
0506-YLVKJ,46,Two year,20.2,917.45,0,0,0,No,Mailed check,1,0,1,1,0,27.2,0
8661-BOYNW,72,Two year,84.4,6096.45,0,1,1,DSL,Credit card (automatic),1,0,1,0,5,236.3,0
6711-VTNRE,36,Month-to-month,87.55,3078.1,2,1,0,Fiber optic,Electronic check,1,0,0,0,3,205.9,1
4815-GBTCD,4,Month-to-month,25.15,99.95,4,0,0,DSL,Electronic check,1,0,1,0,0,41.8,0
2805-AUFQN,25,Two year,19.8,475.2,0,0,0,No,Credit card (automatic),0,0,0,0,0,32.9,0
0980-PVMRC,40,Month-to-month,50.85,2036.55,2,0,0,DSL,Electronic check,1,0,1,1,3,170.3,0
7233-DRTRF,63,Month-to-month,102.4,6444.05,1,0,0,Fiber optic,Electronic check,1,0,1,0,4,287.0,0
3500-RMZLT,15,Month-to-month,96.3,1426.75,0,1,1,Fiber optic,Mailed check,1,1,0,0,4,203.2,1
3873-NFTGI,14,Month-to-month,55.5,767.55,3,0,0,DSL,Credit card (automatic),1,0,0,0,1,125.1,0
1162-ECVII,72,Two year,109.75,7932.5,2,1,0,Fiber optic,Bank transfer (automatic),1,1,1,0,5,241.6,0
7048-GXDAY,39,Month-to-month,106.4,4040.65,0,0,1,Fiber optic,Electronic check,1,0,0,0,4,247.3,0
8571-ZCMCX,47,Two year,60.0,2768.65,1,0,1,DSL,Credit card (automatic),1,0,1,1,5,175.0,0
1169-WCVAK,19,Month-to-month,88.8,1672.35,0,1,1,Fiber optic,Credit card (automatic),1,0,1,0,3,155.3,0
4548-SDBKE,5,Month-to-month,85.2,474.8,7,0,0,Fiber optic,Electronic check,1,0,0,0,1,199.8,1
8066-POXGX,13,Month-to-month,35.1,446.1,4,0,0,DSL,Electronic check,1,0,0,0,1,111.6,1
7129-CAKJW,17,Month-to-month,80.05,1345.65,3,0,0,Fiber optic,Bank transfer (automatic),0,0,0,0,1,137.3,0
8695-ARGXZ,34,Month-to-month,75.55,2425.4,3,0,0,Fiber optic,Electronic check,1,1,1,0,0,167.9,0
3570-YUEKJ,42,Month-to-month,49.55,2077.95,2,0,0,DSL,Electronic check,1,0,0,0,1,64.9,0
4143-OOBWZ,5,Month-to-month,81.3,416.3,4,0,0,Fiber optic,Electronic check,1,0,1,0,1,152.2,1
1555-HAPSU,71,Two year,23.9,1663.5,0,0,0,No,Credit card (automatic),0,0,1,1,0,43.3,0
1697-NVVGY,19,Month-to-month,66.4,1286.05,0,0,1,DSL,Bank transfer (automatic),0,1,1,0,3,127.6,0
7854-EKTJL,2,Month-to-month,19.6,35.85,3,0,0,No,Electronic check,1,0,0,1,0,27.9,1
8464-EETCQ,57,Two year,18.8,1094.35,3,0,0,No,Credit card (automatic),0,0,0,0,0,34.4,0
2419-FSORS,72,Two year,108.4,7719.5,2,1,0,Fiber optic,Electronic check,1,0,1,0,5,321.4,0
8132-YPVBX,6,Month-to-month,85.95,514.6,3,0,0,Fiber optic,Mailed check,1,0,0,0,2,206.0,0
9102-IAYHT,17,Month-to-month,85.45,1451.6,3,0,0,Fiber optic,Electronic check,1,0,1,1,1,191.3,1
6754-LZUKA,61,Two year,80.9,4932.5,3,0,0,DSL,Bank transfer (automatic),0,0,1,0,4,214.9,0
3422-LYEPQ,1,Month-to-month,71.0,71.0,3,0,0,Fiber optic,Electronic check,1,0,1,1,0,118.4,1
8099-MZPUJ,48,Two year,111.8,5443.65,0,1,1,Fiber optic,Credit card (automatic),0,0,1,1,6,264.3,0
0787-LHDYT,16,Month-to-month,20.6,330.25,2,0,0,No,Credit card (automatic),1,0,0,0,0,40.5,0
2642-DTVCO,9,Month-to-month,85.05,746.5,1,0,0,Fiber optic,Electronic check,1,1,0,0,1,223.1,1
0374-IOEGQ,3,Month-to-month,44.6,122.7,3,0,0,DSL,Electronic check,0,0,0,0,0,86.5,0
4361-JEIVL,1,Month-to-month,44.4,44.4,2,0,0,DSL,Electronic check,1,0,0,1,0,71.7,1
3197-NNYNB,65,Two year,105.1,6631.85,2,0,0,Fiber optic,Credit card (automatic),0,0,0,0,4,291.1,0
3396-DKDEL,70,Two year,115.15,8250.0,1,1,1,Fiber optic,Credit card (automatic),1,0,1,1,6,330.0,0
1752-OZXFY,60,One year,59.8,3561.15,0,0,1,DSL,Mailed check,1,0,1,0,2,107.7,0
9066-QRSDU,69,One year,26.3,1763.55,1,0,0,No,Electronic check,1,0,1,0,0,49.4,0
9112-WSNPU,35,Month-to-month,70.55,2419.0,2,0,0,Fiber optic,Electronic check,0,1,0,0,0,116.6,0
9867-NNXLC,22,Month-to-month,20.05,470.2,1,0,0,No,Mailed check,1,0,0,0,0,36.6,0
5321-NTRKC,66,Two year,79.85,5234.95,3,0,0,DSL,Bank transfer (automatic),0,0,1,1,4,181.4,0
1363-TXLSL,1,Month-to-month,70.3,70.3,6,0,0,Fiber optic,Electronic check,1,1,1,0,0,106.6,1
9507-EXLTT,1,Month-to-month,79.35,79.35,2,0,0,Fiber optic,Bank transfer (automatic),1,0,1,0,1,179.2,1
3161-GETRM,34,Month-to-month,90.05,3097.0,5,0,0,Fiber optic,Credit card (automatic),1,0,1,1,2,185.2,0
0402-OAMEN,72,Two year,24.45,1709.1,3,0,0,No,Bank transfer (automatic),0,0,1,1,0,40.7,0
6933-VLYFX,31,One year,59.95,1848.8,0,1,1,DSL,Electronic check,0,0,1,1,5,163.0,0
6754-WKSHP,30,One year,25.35,723.3,3,0,0,No,Bank transfer (automatic),0,0,0,1,0,48.4,0
9846-GKXAS,9,Month-to-month,90.8,809.75,2,0,0,Fiber optic,Bank transfer (automatic),1,0,0,0,2,280.6,1
6017-PPLPX,20,Month-to-month,70.45,1470.95,2,0,0,Fiber optic,Electronic check,1,0,1,1,0,108.5,1
4976-LNFVV,19,Month-to-month,34.3,577.15,1,0,0,DSL,Credit card (automatic),1,1,1,0,2,63.8,0
5055-MGMGF,65,Month-to-month,105.05,6914.95,0,0,1,Fiber optic,Electronic check,1,0,1,0,4,250.6,0
4641-FROLU,30,Two year,19.3,602.9,3,0,0,No,Mailed check,0,0,1,1,0,35.9,0
2862-JVEOY,6,One year,19.15,124.4,2,0,0,No,Mailed check,0,0,0,0,0,39.9,0
2969-QWUBZ,2,Month-to-month,51.4,96.8,3,0,0,DSL,Electronic check,0,0,0,0,3,178.2,0
9822-BIIGN,53,Month-to-month,71.85,3827.9,0,1,1,DSL,Electronic check,0,0,1,1,3,165.6,0
2077-MPJQO,7,Month-to-month,75.4,533.05,2,0,0,Fiber optic,Electronic check,1,1,1,0,0,114.4,0
1534-OULXE,61,One year,49.7,2961.4,2,0,1,DSL,Bank transfer (automatic),1,0,1,1,1,103.7,0
7136-RVDTZ,70,One year,45.25,3264.45,1,0,0,DSL,Electronic check,1,1,0,0,2,199.4,1
2971-SGAFL,13,Month-to-month,78.75,995.35,0,0,1,DSL,Electronic check,1,0,0,0,4,158.9,0
1480-IVEVR,35,One year,81.6,2815.25,3,0,0,Fiber optic,Bank transfer (automatic),1,1,1,0,1,158.6,0
2905-KFQUV,2,Month-to-month,70.4,154.8,2,0,0,Fiber optic,Credit card (automatic),1,0,1,0,0,122.9,0
4581-SSPWD,3,Month-to-month,75.8,246.3,2,0,0,Fiber optic,Electronic check,1,0,0,0,0,110.5,1
3370-HXOPH,3,Month-to-month,76.1,257.6,3,0,0,Fiber optic,Electronic check,0,0,0,0,0,170.9,0
9391-YZEJW,62,One year,94.0,5757.2,4,0,0,Fiber optic,Bank transfer (automatic),1,0,0,0,2,267.2,0
9958-MEKUC,72,Two year,103.95,7517.7,1,1,1,Fiber optic,Credit card (automatic),0,0,1,1,5,295.2,0
0281-CNTZX,63,Two year,19.95,1234.8,4,0,0,No,Bank transfer (automatic),1,0,1,0,0,31.6,0
6927-WTFIV,20,Month-to-month,71.3,1389.2,3,0,0,Fiber optic,Credit card (automatic),0,1,0,0,0,119.0,1
4118-CEVPF,35,One year,110.8,3836.3,0,1,1,Fiber optic,Bank transfer (automatic),1,1,0,0,6,217.2,0
3398-ZOUAA,21,Month-to-month,69.1,1474.75,4,0,0,Fiber optic,Electronic check,1,1,1,0,0,125.1,1
9114-VEPUF,62,One year,96.1,6001.45,1,0,1,Fiber optic,Electronic check,0,0,1,0,3,159.8,0
7876-BEUTG,15,Month-to-month,48.8,720.1,1,0,0,DSL,Mailed check,1,0,0,0,0,83.4,0
2338-BQEZT,55,Month-to-month,50.55,2832.75,1,0,1,DSL,Credit card (automatic),1,0,0,0,1,105.7,0
9873-MNDKV,11,Month-to-month,44.65,472.25,0,0,0,DSL,Mailed check,1,0,0,0,0,86.2,0
0378-NHQXU,17,Month-to-month,88.25,1460.65,3,0,0,Fiber optic,Electronic check,0,0,1,1,2,225.8,1
8241-JUIQO,61,One year,19.45,1336.35,1,0,0,No,Bank transfer (automatic),0,0,0,0,0,35.5,0
2194-IIQOF,71,Two year,89.3,6388.65,0,1,1,DSL,Credit card (automatic),0,0,1,0,6,266.4,0
4512-ZUIYL,2,Month-to-month,70.0,153.05,2,0,0,Fiber optic,Bank transfer (automatic),0,0,0,0,0,123.2,1
9631-RXVJM,35,Two year,19.25,677.9,2,0,0,No,Mailed check,0,0,0,0,0,28.1,0
9584-EXCDZ,17,Month-to-month,70.5,1165.6,1,0,0,Fiber optic,Bank transfer (automatic),0,0,0,0,0,135.1,0
7969-AULMZ,21,Month-to-month,97.35,2119.5,1,0,0,Fiber optic,Electronic check,1,0,0,0,2,251.6,1
5093-FEGLU,47,Two year,19.65,921.55,1,0,0,No,Bank transfer (automatic),0,0,1,0,0,31.1,0
2621-UDNLU,3,Month-to-month,20.85,72.0,4,0,0,No,Mailed check,0,0,1,0,0,31.3,0
7526-IVLYU,3,Month-to-month,19.65,68.35,2,0,0,No,Mailed check,1,0,0,0,0,41.4,0
2428-HYUNX,44,Two year,19.35,847.25,2,0,0,No,Credit card (automatic),1,1,1,0,0,26.3,0
9214-EKVXR,1,Month-to-month,44.0,44.0,3,0,0,DSL,Mailed check,1,0,0,0,0,69.2,0
3410-MHHUM,44,One year,94.4,4295.35,2,0,0,Fiber optic,Electronic check,0,0,1,1,3,219.8,0
0568-ONFPC,5,Month-to-month,25.9,135.0,0,0,0,No,Bank transfer (automatic),1,0,1,1,0,50.5,1
0733-VUNUW,24,Month-to-month,55.65,1400.55,2,0,1,DSL,Bank transfer (automatic),1,0,0,0,1,103.1,1
4550-EVXNY,1,Month-to-month,69.65,69.65,4,0,0,Fiber optic,Electronic check,1,0,0,1,0,97.1,1
2122-YWVYA,18,Month-to-month,75.4,1380.4,1,0,1,Fiber optic,Electronic check,1,0,0,0,1,156.5,0
2968-SSGAA,10,Month-to-month,100.6,1060.2,2,0,0,Fiber optic,Electronic check,1,0,0,0,3,255.4,1
2296-DKZFP,65,Two year,71.0,4386.2,1,0,1,DSL,Bank transfer (automatic),0,0,1,0,4,131.0,0
4844-JJWUY,1,Month-to-month,86.0,86.0,5,0,0,Fiber optic,Electronic check,1,1,0,0,2,224.4,1
6777-TGHTM,53,One year,106.95,5785.5,2,0,1,Fiber optic,Credit card (automatic),1,0,0,0,4,267.2,1
8909-BOLNL,3,One year,21.2,52.05,3,0,0,No,Mailed check,0,0,0,0,0,27.7,0
6603-YRDCJ,33,Two year,61.05,2018.4,0,1,1,DSL,Mailed check,1,0,1,0,3,66.8,0
3538-WZPHD,3,Month-to-month,29.6,79.45,1,0,0,DSL,Electronic check,1,0,0,0,1,51.7,1
3229-USWAR,34,One year,79.95,2727.3,0,1,1,DSL,Bank transfer (automatic),1,0,0,0,5,202.0,0
2138-VFAPZ,14,Two year,19.7,263.65,1,0,0,No,Mailed check,1,0,1,1,0,36.7,0
6131-JLWZM,13,Month-to-month,20.3,275.4,5,0,0,No,Mailed check,1,0,0,0,0,37.1,0
4785-QRJHC,46,One year,59.9,2816.65,1,1,0,DSL,Bank transfer (automatic),1,1,1,0,5,165.4,1
0269-XFESX,23,One year,24.35,538.5,2,0,0,No,Mailed check,0,0,1,1,0,46.3,0
1709-EJDOX,47,Two year,19.75,948.9,1,0,0,No,Mailed check,0,0,1,1,0,36.5,0
4316-XCSLJ,17,Month-to-month,50.3,846.8,2,0,1,DSL,Mailed check,1,0,0,1,1,76.1,0
8610-WFCJF,49,Month-to-month,95.6,4783.5,0,0,0,Fiber optic,Electronic check,1,0,1,1,2,279.5,1
9693-XMUOB,59,Month-to-month,50.25,2997.45,6,0,0,DSL,Electronic check,1,1,1,0,3,174.5,0
0383-CLDDA,69,Two year,85.35,5897.4,0,1,1,DSL,Credit card (automatic),1,0,0,0,5,226.0,0
4905-JEFDW,11,One year,41.6,470.6,2,0,0,DSL,Electronic check,1,0,0,0,2,120.1,1
2709-UQGNP,10,Month-to-month,51.65,524.5,0,0,1,DSL,Mailed check,1,0,0,0,1,81.5,0
3549-ZTMNH,12,Two year,24.0,269.65,2,0,0,No,Bank transfer (automatic),1,0,1,1,0,37.9,0
7881-INRLC,45,Month-to-month,100.85,4740.0,3,0,0,Fiber optic,Credit card (automatic),1,0,0,0,3,255.9,1
8033-ATFAS,39,Month-to-month,59.85,2341.5,2,0,0,DSL,Mailed check,1,0,1,1,2,126.6,0
1635-NZATJ,71,Two year,25.45,1789.65,3,0,0,No,Credit card (automatic),0,1,1,0,0,55.7,0
0562-HKHML,71,Two year,23.9,1626.4,2,0,0,No,Credit card (automatic),0,0,1,1,0,44.3,0
8277-RVRSV,33,One year,24.15,800.3,1,0,0,No,Credit card (automatic),0,0,1,1,0,47.8,0
9943-VSZUV,67,Month-to-month,75.7,5060.85,2,0,0,Fiber optic,Mailed check,1,1,0,0,0,171.2,0
0117-LFRMW,37,Month-to-month,40.2,1448.8,2,0,1,DSL,Bank transfer (automatic),0,0,1,1,3,87.2,1
6172-FECYY,49,Month-to-month,84.5,4254.85,2,0,0,Fiber optic,Electronic check,0,0,1,1,1,250.0,1
7054-ENNGU,9,Month-to-month,50.85,466.6,3,0,0,DSL,Mailed check,0,0,1,0,1,79.7,0
1455-HFBXA,52,Two year,91.6,4627.8,0,1,1,Fiber optic,Credit card (automatic),1,0,1,0,3,203.9,0
9402-CXWPL,70,One year,98.9,6838.6,4,0,0,Fiber optic,Electronic check,0,0,0,0,3,241.6,0
1628-BIZYP,1,Month-to-month,85.0,85.0,1,0,0,Fiber optic,Electronic check,1,0,0,0,2,186.6,0
1965-AKTSX,14,Month-to-month,78.95,1101.85,4,0,0,Fiber optic,Electronic check,1,1,0,0,1,146.1,1
0082-LDZUE,1,Month-to-month,44.3,44.3,2,0,0,DSL,Mailed check,1,0,0,0,0,80.5,0
4786-UKSNZ,1,Month-to-month,20.2,20.2,2,0,0,No,Mailed check,0,0,0,0,0,36.2,1
5343-SGUBI,52,One year,80.2,4297.6,1,0,0,Fiber optic,Mailed check,1,0,0,0,1,150.6,0
0856-NAOES,6,Month-to-month,60.9,414.1,4,0,0,DSL,Mailed check,0,0,0,0,2,182.6,0
1976-AZZPJ,7,Month-to-month,34.2,256.6,0,0,1,DSL,Mailed check,0,0,1,0,2,41.8,0
7248-VZQLC,47,Month-to-month,85.2,3969.35,3,0,0,Fiber optic,Bank transfer (automatic),1,1,0,0,2,120.5,1
6156-UZDLF,26,One year,87.15,2274.1,0,1,1,Fiber optic,Credit card (automatic),1,0,0,0,3,127.0,0
3099-OONVS,25,Month-to-month,54.3,1296.8,0,1,1,DSL,Electronic check,0,0,1,1,2,101.9,0
9500-WBGRP,69,Two year,19.1,1268.85,1,0,0,No,Mailed check,1,0,0,0,0,34.9,0
5183-KLYEM,72,Two year,112.75,8192.6,1,1,1,Fiber optic,Credit card (automatic),1,0,0,0,6,298.7,0
5144-PQCDZ,4,Month-to-month,19.95,59.25,6,0,0,No,Mailed check,1,0,0,0,0,45.8,0
8514-VZHEB,59,Two year,19.5,1147.85,4,0,0,No,Mailed check,0,0,1,1,0,35.2,0
6625-IUTTT,67,Two year,65.55,4361.55,1,0,1,DSL,Bank transfer (automatic),0,0,0,0,3,125.1,0
9355-NPPFS,26,Month-to-month,78.8,2006.1,3,0,0,Fiber optic,Electronic check,1,1,0,0,1,193.2,0
0068-FIGTF,27,One year,78.2,2078.95,1,1,0,DSL,Mailed check,0,0,0,0,5,279.1,0
5965-GGPRW,72,Two year,105.25,7609.75,0,0,1,Fiber optic,Bank transfer (automatic),0,0,1,1,4,347.2,0
8035-PWSEV,6,Month-to-month,89.25,487.05,2,1,0,Fiber optic,Electronic check,1,0,0,0,3,198.7,0
2236-HILPA,62,Two year,20.65,1218.45,2,0,0,No,Credit card (automatic),0,0,1,1,0,38.0,0
1840-BIUOG,20,One year,68.7,1416.2,0,1,0,DSL,Electronic check,1,0,0,0,3,171.5,0
1356-MKYSK,6,Month-to-month,78.65,483.3,0,1,1,DSL,Credit card (automatic),0,0,0,0,5,240.9,0
6080-LNESI,51,Two year,24.75,1234.6,0,0,0,No,Mailed check,0,0,0,0,0,43.6,0
1830-IPXVJ,61,Two year,19.75,1311.6,0,0,0,No,Credit card (automatic),0,0,1,1,0,33.1,0
5828-DWPIL,62,Month-to-month,89.1,5618.3,1,0,1,Fiber optic,Electronic check,1,1,1,0,3,196.8,0
8398-TBIYD,72,Two year,84.7,6185.15,0,1,1,Fiber optic,Bank transfer (automatic),1,0,0,0,2,186.6,0
0011-IGKFF,13,Month-to-month,98.0,1237.85,4,0,0,Fiber optic,Electronic check,1,1,1,0,4,257.2,1
4192-GORJT,5,Month-to-month,94.45,498.1,6,0,0,Fiber optic,Electronic check,1,0,1,0,3,228.8,1
6496-SLWHQ,3,Month-to-month,105.0,294.45,6,0,0,Fiber optic,Electronic check,1,1,0,0,4,244.6,1
9912-GVSEQ,26,Month-to-month,93.85,2381.55,4,0,0,Fiber optic,Electronic check,1,1,1,0,3,174.0,1
2931-FSOHN,13,Month-to-month,59.9,788.35,1,0,0,DSL,Electronic check,1,1,0,0,2,121.3,0
9418-RUKPH,38,Two year,19.95,756.4,1,0,0,No,Mailed check,1,0,1,1,0,34.5,0
5383-MMTWC,8,Month-to-month,84.0,613.4,0,0,0,Fiber optic,Electronic check,1,1,1,0,1,171.1,1
9971-ZWPBF,34,Month-to-month,108.9,3625.2,1,1,0,Fiber optic,Electronic check,1,1,1,1,5,287.2,0
4712-AUQZO,18,Month-to-month,33.6,550.35,2,0,1,DSL,Mailed check,0,0,0,0,2,56.0,0
9711-FJTBX,56,One year,85.85,4793.8,2,1,0,Fiber optic,Mailed check,1,0,1,1,3,133.8,0
2908-ZTPNF,36,Month-to-month,34.85,1267.2,1,1,0,DSL,Bank transfer (automatic),1,0,0,0,2,59.2,0
7240-ETPTR,9,Month-to-month,48.75,442.2,4,0,0,DSL,Electronic check,1,0,1,0,3,106.5,1
2202-CUYXZ,1,Month-to-month,84.85,84.85,3,0,0,Fiber optic,Electronic check,1,0,0,0,2,203.0,1
5995-OIGLP,12,Month-to-month,56.65,654.85,0,1,1,DSL,Mailed check,0,0,0,0,2,98.3,1
8421-WZOOW,57,Month-to-month,95.3,5567.45,2,1,0,Fiber optic,Credit card (automatic),1,1,1,1,4,253.8,0
6261-RCVNS,42,One year,73.9,3160.55,0,1,1,DSL,Credit card (automatic),0,0,0,0,5,161.7,1
7951-QKZPL,33,Two year,24.5,740.3,5,0,0,No,Mailed check,1,0,1,1,0,43.1,1
1414-YADCW,70,Two year,84.6,5706.2,1,1,1,Fiber optic,Bank transfer (automatic),0,0,1,0,3,132.0,0
8756-RDDLT,68,Month-to-month,44.95,3085.35,1,1,0,DSL,Electronic check,0,0,0,0,3,157.6,0
2862-PFNIK,1,Month-to-month,24.7,24.7,2,0,0,DSL,Electronic check,1,0,0,1,0,46.2,0
5816-QVHRX,37,Month-to-month,100.3,3541.4,0,1,0,Fiber optic,Credit card (automatic),0,0,0,0,3,306.8,0
4430-YHXGG,4,Month-to-month,25.45,84.2,1,0,0,No,Mailed check,1,0,0,1,0,43.5,0
6888-SBYAI,1,Month-to-month,50.7,50.7,5,0,1,DSL,Mailed check,1,0,0,0,1,99.0,0
7395-XWZOY,20,Month-to-month,55.0,1165.55,0,1,1,DSL,Credit card (automatic),1,0,0,0,5,119.8,0
7169-YWAMK,72,Two year,68.4,4855.35,0,1,1,DSL,Bank transfer (automatic),0,0,1,1,4,148.4,0
3640-PHQXK,31,Month-to-month,89.9,2806.9,2,0,0,Fiber optic,Electronic check,1,0,0,0,2,192.8,1
6877-LGWXO,18,Month-to-month,78.55,1422.65,1,0,0,Fiber optic,Electronic check,0,1,1,0,1,157.7,1
6859-RKMZJ,11,Month-to-month,55.05,608.15,1,0,0,DSL,Bank transfer (automatic),1,0,1,0,1,153.7,0
2729-VNVAP,33,Two year,19.8,641.35,3,0,0,No,Credit card (automatic),0,0,1,1,0,40.0,0
2957-JIRMN,62,One year,84.45,4959.15,4,0,0,Fiber optic,Electronic check,0,1,0,0,1,225.0,0
2049-BAFNW,1,Month-to-month,35.9,35.9,2,1,0,DSL,Mailed check,0,0,0,0,2,55.9,0
3842-QTGDL,16,Month-to-month,80.75,1321.3,3,0,1,Fiber optic,Bank transfer (automatic),0,0,1,0,2,132.8,0
7163-OCEQI,22,One year,78.65,1663.75,0,1,0,DSL,Mailed check,1,0,1,1,4,219.8,0
9782-LGXMC,49,Month-to-month,61.75,3024.15,0,1,1,DSL,Bank transfer (automatic),0,0,1,1,3,121.5,0
5975-BAICR,36,One year,63.7,2188.5,0,0,1,DSL,Credit card (automatic),1,0,1,1,3,125.9,0
8019-ENHXU,42,Month-to-month,99.45,4138.05,2,1,0,Fiber optic,Electronic check,1,0,1,0,4,210.0,1
5167-GBFRE,4,Month-to-month,25.2,102.5,0,0,0,DSL,Bank transfer (automatic),1,1,0,0,0,52.1,1
9033-EOXWV,12,One year,74.05,872.65,1,1,0,DSL,Mailed check,0,0,0,0,3,215.9,1
4673-KKSLS,31,Month-to-month,87.6,2724.25,0,1,1,Fiber optic,Electronic check,0,0,0,0,3,154.8,0
4853-OITSN,5,Month-to-month,89.15,413.25,5,0,1,Fiber optic,Electronic check,1,0,1,0,2,167.0,0
9800-OUIGR,66,Two year,20.0,1374.2,4,0,0,No,Credit card (automatic),0,0,1,1,0,34.1,0
1324-NLTJE,15,Month-to-month,55.0,757.1,2,1,0,DSL,Credit card (automatic),0,1,0,0,1,108.7,1
2324-EFHVG,64,Two year,104.4,6692.65,2,0,0,Fiber optic,Bank transfer (automatic),1,0,0,0,4,306.8,0
7094-MSZAO,10,Month-to-month,20.05,218.5,1,0,0,No,Credit card (automatic),1,0,1,1,0,27.1,0
1522-VVDMG,7,Month-to-month,89.75,608.8,3,1,0,Fiber optic,Electronic check,1,0,1,1,3,212.5,1
6907-CQGPN,29,Month-to-month,34.3,1004.75,2,1,0,DSL,Electronic check,0,0,0,0,2,58.2,0
0780-XNZFN,57,Two year,20.65,1125.6,4,0,0,No,Bank transfer (automatic),0,0,0,0,0,32.0,0
0239-OXEXL,46,Month-to-month,84.25,3847.6,1,0,1,Fiber optic,Mailed check,0,0,0,0,2,191.6,0
2675-IJRGJ,53,Two year,19.65,978.0,1,0,0,No,Bank transfer (automatic),0,0,0,0,0,38.6,0
7049-GKVZY,17,One year,79.85,1387.35,0,1,1,DSL,Credit card (automatic),0,0,0,0,5,187.5,0
8577-QSOCG,38,Two year,20.2,746.05,0,0,0,No,Mailed check,1,0,1,1,0,30.8,0
3721-CNZHX,15,One year,19.8,304.6,1,0,0,No,Mailed check,0,0,0,0,0,36.4,0
0212-ISBBF,22,Month-to-month,50.35,1098.85,0,0,0,DSL,Electronic check,1,0,0,0,3,133.0,0
9185-TQCVP,14,Month-to-month,85.15,1139.2,1,0,0,Fiber optic,Electronic check,1,0,1,0,1,186.4,1
3585-YNADK,57,One year,74.6,4368.95,2,1,0,DSL,Bank transfer (automatic),0,0,1,0,4,185.9,0
5271-DBYSJ,11,Month-to-month,79.15,827.7,1,0,0,Fiber optic,Credit card (automatic),1,1,0,0,1,146.3,0
1099-GODLO,1,Two year,20.35,20.35,4,0,0,No,Mailed check,0,0,1,1,0,37.3,0
6828-HMKWP,12,Two year,21.05,262.05,1,0,0,No,Bank transfer (automatic),0,0,1,1,0,40.0,0
5567-WSELE,3,Month-to-month,94.6,279.55,4,0,0,Fiber optic,Electronic check,1,1,1,0,2,224.7,1
1472-TNCWL,36,Month-to-month,94.7,3512.5,1,0,0,Fiber optic,Electronic check,1,0,0,1,3,262.3,0
8063-RJYNF,16,Month-to-month,94.25,1483.25,1,0,1,Fiber optic,Electronic check,1,0,0,0,3,271.9,1
0687-ZVTHB,65,One year,72.45,4653.85,0,0,1,DSL,Credit card (automatic),0,0,1,1,4,179.7,1
2080-GKCWQ,2,Month-to-month,74.95,151.75,6,0,0,Fiber optic,Electronic check,0,0,0,0,1,120.8,0
9661-ACXBS,42,Month-to-month,105.2,4400.75,1,0,1,Fiber optic,Electronic check,1,0,0,0,4,300.8,1
2193-SFWQW,72,Two year,111.95,8033.1,0,1,1,Fiber optic,Bank transfer (automatic),0,0,1,1,6,265.9,0
5656-JAMLX,62,Two year,19.85,1253.65,1,0,0,No,Bank transfer (automatic),0,0,0,0,0,36.5,0
3462-BJQQA,6,Month-to-month,89.75,552.65,1,0,0,Fiber optic,Electronic check,1,0,0,0,2,201.8,0
0442-TDYUO,48,Two year,20.05,1036.0,3,0,0,No,Mailed check,1,0,1,0,0,35.8,0
6733-LRIZX,35,Two year,108.95,4025.5,1,1,1,Fiber optic,Electronic check,1,0,0,0,5,193.2,0
9503-XJUME,52,One year,19.65,928.4,2,0,0,No,Credit card (automatic),0,0,0,1,0,40.4,0
4367-NHWMM,1,Month-to-month,24.9,24.9,2,0,0,DSL,Mailed check,1,0,0,0,0,47.6,0
3727-RJMEO,6,Month-to-month,82.85,460.25,1,0,0,Fiber optic,Electronic check,1,0,1,0,1,191.2,1
3779-OSWCF,71,Two year,93.2,6506.15,0,1,1,DSL,Credit card (automatic),0,0,1,0,6,267.8,0
6736-DHUQI,67,One year,84.8,5598.3,4,0,1,Fiber optic,Bank transfer (automatic),0,0,1,1,3,142.1,0
3915-ODIYG,60,One year,71.75,4374.55,1,0,1,DSL,Electronic check,1,1,0,0,3,164.2,0
1360-RCYRT,23,Month-to-month,30.35,678.75,1,1,0,DSL,Bank transfer (automatic),1,0,1,1,1,58.2,0
2724-FJDYW,39,One year,54.85,2191.7,2,1,0,DSL,Bank transfer (automatic),0,0,0,1,4,121.2,0
4451-RWASJ,15,One year,19.5,239.75,2,0,0,No,Mailed check,1,0,1,1,0,31.0,0
6646-VRFOL,53,Month-to-month,103.85,5485.5,3,0,0,Fiber optic,Electronic check,1,1,1,0,4,241.6,1
3460-TJBWI,24,Two year,24.2,609.05,3,0,0,No,Mailed check,0,0,1,1,0,41.3,0
5917-HBSDW,37,Month-to-month,19.35,683.75,0,0,0,No,Electronic check,0,0,1,1,0,31.8,0
5685-IIXLY,5,Month-to-month,83.6,404.2,3,0,0,Fiber optic,Electronic check,1,0,1,1,2,167.4,1
5671-UUNXD,50,One year,100.65,5189.75,0,1,0,Fiber optic,Electronic check,1,1,1,0,3,268.2,0
0956-ACVZC,54,One year,94.1,5060.9,4,0,0,Fiber optic,Credit card (automatic),1,0,0,0,3,275.6,0
2325-NBPZG,3,Month-to-month,74.55,233.65,1,0,1,Fiber optic,Electronic check,1,0,0,0,1,141.9,0
4250-ZBWLV,68,One year,108.45,7176.55,0,1,0,Fiber optic,Electronic check,0,0,0,0,5,313.7,1
4482-FTFFX,5,Month-to-month,56.15,291.45,1,1,0,DSL,Electronic check,0,0,0,0,2,107.7,0
8859-DZTGQ,33,Two year,20.35,689.75,0,0,0,No,Mailed check,0,0,0,0,0,44.2,0
0440-MOGPM,41,One year,80.55,3263.9,2,0,0,DSL,Electronic check,1,0,0,0,4,274.9,0
0020-JDNXP,34,One year,61.25,1993.2,0,1,1,DSL,Mailed check,0,0,1,1,5,176.0,0
3752-CQSJI,13,Month-to-month,20.45,254.5,1,0,0,No,Mailed check,1,0,1,1,0,32.2,0
5025-GOOKI,20,Month-to-month,18.9,347.65,6,0,0,No,Credit card (automatic),1,0,0,0,0,30.8,0
4698-KVLLG,51,Two year,19.6,967.9,5,0,0,No,Credit card (automatic),0,1,0,0,0,33.2,0
5095-AESKG,3,Month-to-month,91.5,242.95,6,0,0,Fiber optic,Credit card (automatic),1,0,1,0,2,224.6,1
2887-JPYLU,41,Month-to-month,45.2,1841.9,0,0,0,DSL,Bank transfer (automatic),0,0,0,1,0,86.8,0
4770-QAZXN,13,Month-to-month,19.45,232.1,2,0,0,No,Credit card (automatic),0,0,0,0,0,35.8,0
4896-CPRPF,35,Two year,25.45,809.25,2,0,0,No,Bank transfer (automatic),0,0,1,1,0,41.0,0
1871-MOWRM,12,Month-to-month,80.85,866.45,3,1,1,Fiber optic,Bank transfer (automatic),0,0,1,0,2,135.5,1
9714-EDSUC,4,Month-to-month,94.9,360.55,0,1,1,Fiber optic,Mailed check,1,0,0,0,4,203.0,0
2027-OAQQC,43,Month-to-month,49.05,2076.2,0,0,0,DSL,Bank transfer (automatic),1,0,0,0,3,172.3,1
0282-NVSJS,12,Month-to-month,29.3,355.9,1,1,0,DSL,Mailed check,1,1,1,1,1,29.2,0
9090-SGQXL,68,Month-to-month,105.3,7299.65,4,0,0,Fiber optic,Electronic check,1,1,1,0,4,277.2,1
6595-YGXIT,25,Month-to-month,88.95,2291.2,4,0,0,Fiber optic,Electronic check,1,1,0,0,2,212.8,1
7353-YOWFP,7,One year,20.25,129.15,1,0,0,No,Mailed check,0,0,0,0,0,32.3,0
9835-ZIITK,66,One year,110.85,7491.75,3,1,0,Fiber optic,Electronic check,1,1,1,0,5,335.1,1
8008-ESFLK,53,One year,110.5,5835.5,0,1,1,Fiber optic,Electronic check,0,0,1,0,6,307.9,0
7537-CBQUZ,63,Month-to-month,109.4,7031.45,7,0,1,Fiber optic,Bank transfer (automatic),1,1,0,0,5,302.8,0
1555-DJEQW,70,Two year,114.2,7723.9,1,1,1,Fiber optic,Bank transfer (automatic),1,0,1,1,6,217.3,1
5649-TJHOV,27,Month-to-month,36.5,1032.0,5,0,0,DSL,Bank transfer (automatic),0,1,1,0,1,117.0,1
0519-XUZJU,1,Month-to-month,70.75,70.75,6,0,0,Fiber optic,Mailed check,0,0,0,0,0,129.2,1
3363-EWLGO,5,Month-to-month,19.95,109.6,3,0,0,No,Mailed check,0,0,0,0,0,36.7,0
4750-UKWJK,37,One year,19.6,727.8,2,0,0,No,Mailed check,0,1,1,0,0,23.2,0
6338-AVWCY,3,Month-to-month,40.15,130.75,2,0,0,DSL,Mailed check,1,0,0,0,2,86.0,1
1689-YQBYY,12,Month-to-month,76.6,893.0,5,0,0,Fiber optic,Electronic check,1,0,0,1,0,130.6,0
4487-ZYJZK,38,One year,19.6,763.1,3,0,0,No,Credit card (automatic),0,0,1,1,0,28.1,0
2959-FENLU,9,Month-to-month,85.3,781.4,4,0,0,Fiber optic,Credit card (automatic),1,0,0,0,2,228.8,0
0708-LGSMF,13,Month-to-month,65.85,902.25,0,0,1,DSL,Electronic check,1,0,1,0,2,131.3,0
9253-QXKBE,29,Month-to-month,94.45,2653.65,1,0,0,Fiber optic,Electronic check,1,1,1,0,2,275.0,1
7634-HLQJR,47,Two year,20.05,1016.7,2,0,0,No,Credit card (automatic),0,0,1,1,0,37.7,0
0487-RPVUM,61,Month-to-month,99.4,5943.65,0,1,1,Fiber optic,Bank transfer (automatic),0,0,1,0,4,307.3,0
4079-ULGFR,16,Month-to-month,20.0,275.7,1,0,0,No,Mailed check,0,0,0,0,0,36.0,0
2516-XSJKX,41,Two year,78.45,3126.45,0,1,1,DSL,Electronic check,0,0,1,1,5,267.4,0
0057-QBUQH,43,Two year,25.1,1070.15,1,0,0,No,Electronic check,1,0,0,1,0,41.9,0
9445-SZLCH,36,Month-to-month,97.35,3457.9,6,0,0,Fiber optic,Bank transfer (automatic),1,0,1,1,3,177.8,1
6599-SFQVE,6,Month-to-month,55.0,340.4,2,0,0,DSL,Electronic check,1,0,0,0,1,145.2,0
8331-ZXFOE,58,One year,71.1,4299.2,0,1,1,DSL,Credit card (automatic),1,0,0,0,4,150.9,0
4003-FUSHP,19,Month-to-month,61.55,1093.2,2,1,0,DSL,Credit card (automatic),1,0,0,0,2,137.9,0
0356-ERHVT,11,Month-to-month,45.9,521.9,2,0,0,DSL,Bank transfer (automatic),1,0,1,0,0,94.6,0
7325-ENZFI,39,One year,40.3,1630.4,0,1,1,DSL,Bank transfer (automatic),1,0,0,0,3,78.2,0
4884-ZTHVF,8,Month-to-month,87.1,713.6,5,0,0,Fiber optic,Electronic check,1,1,0,0,2,195.9,0
3920-HIHMQ,26,Month-to-month,49.5,1265.65,1,0,0,DSL,Mailed check,1,0,0,1,0,91.2,0
3055-OYMSE,53,Month-to-month,73.8,4003.85,0,0,0,Fiber optic,Credit card (automatic),1,1,0,0,1,134.7,0
0613-WUXUM,70,Two year,19.2,1401.4,1,0,0,No,Mailed check,1,0,1,1,0,31.3,0
7568-PODML,1,Month-to-month,45.3,45.3,2,0,0,DSL,Mailed check,1,0,0,0,2,164.0,1
4458-KVRBJ,59,Two year,25.0,1510.5,0,0,0,No,Mailed check,0,0,0,0,0,47.5,0
5349-IECLD,2,Month-to-month,94.95,178.1,2,0,0,Fiber optic,Electronic check,0,0,0,0,3,222.5,1
1397-XKKWR,7,One year,35.3,264.8,4,0,1,DSL,Mailed check,0,0,0,0,2,39.0,0
3945-GFWQL,12,Month-to-month,44.55,480.6,4,0,0,DSL,Electronic check,1,0,0,1,0,87.2,1
8097-OMULG,59,One year,76.75,4541.9,0,1,0,DSL,Credit card (automatic),0,0,1,1,5,195.2,0
6013-BHCAW,61,Two year,81.0,4976.15,1,1,0,DSL,Bank transfer (automatic),1,0,1,1,4,242.9,0
0401-WDBXM,72,Two year,105.55,7542.25,1,0,1,Fiber optic,Bank transfer (automatic),1,0,1,1,4,234.7,0
3387-PLKUI,13,Month-to-month,18.8,251.25,5,0,0,No,Mailed check,0,0,1,1,0,35.6,0
6096-EGVTU,64,One year,24.9,1595.5,2,0,0,No,Mailed check,0,0,1,1,0,43.1,0
3797-VTIDR,1,Month-to-month,23.45,23.45,3,0,0,DSL,Electronic check,1,0,1,0,0,40.0,1
5081-NWSUP,10,One year,64.9,685.55,0,1,0,DSL,Mailed check,0,0,0,0,3,154.7,0
2580-ATZSQ,65,One year,61.35,3874.1,1,0,1,DSL,Bank transfer (automatic),0,0,1,1,3,115.6,0
8085-MSNLK,62,Two year,113.95,6891.4,1,1,1,Fiber optic,Mailed check,0,0,1,0,6,210.3,0
9691-HKOVS,55,One year,90.15,4916.95,0,1,1,DSL,Electronic check,1,0,1,0,6,284.9,0
9881-VCZEP,25,Month-to-month,54.1,1373.0,2,0,0,DSL,Electronic check,0,0,1,0,1,111.3,0
9526-BIHHD,1,Month-to-month,29.7,29.7,2,0,1,DSL,Mailed check,0,0,0,0,1,55.7,1
8757-TFHHJ,1,Month-to-month,49.8,49.8,1,0,1,DSL,Credit card (automatic),1,0,0,0,1,67.7,0
4523-WXCEF,59,Month-to-month,101.1,6039.9,3,0,0,Fiber optic,Electronic check,0,0,1,0,3,292.8,1
1468-DEFNC,64,Two year,24.4,1548.65,4,0,0,No,Bank transfer (automatic),1,1,1,1,0,43.7,0
5119-KEPFY,36,Month-to-month,95.0,3440.25,0,0,0,Fiber optic,Bank transfer (automatic),1,0,1,0,2,309.9,0
8364-TRMMK,3,Month-to-month,50.65,151.3,1,0,0,DSL,Mailed check,1,0,0,0,0,84.5,1
0916-KNFAJ,61,Two year,69.9,4226.7,1,0,1,DSL,Mailed check,1,0,1,0,3,160.2,0
8319-QBEHW,26,One year,39.95,1023.75,2,0,0,DSL,Bank transfer (automatic),1,0,0,1,2,127.4,0
3063-QFSZL,1,Month-to-month,55.4,55.4,5,0,0,DSL,Electronic check,1,0,0,0,1,95.2,1
8775-LHDJH,1,Month-to-month,90.6,90.6,8,0,0,Fiber optic,Electronic check,1,1,1,0,2,190.3,1
9625-QNLUX,68,Two year,103.25,7074.4,3,0,1,Fiber optic,Credit card (automatic),1,0,1,1,5,257.5,0
3097-NQYSN,2,Month-to-month,86.85,156.35,5,0,0,Fiber optic,Mailed check,1,1,1,0,1,128.8,1
4024-CSNBY,72,Two year,94.25,6849.75,0,1,1,Fiber optic,Bank transfer (automatic),1,0,1,0,4,145.2,0
7110-BDTWG,71,Two year,47.05,3263.6,1,1,0,DSL,Electronic check,1,0,1,0,3,128.3,0
7493-GVFIO,57,Two year,20.55,1252.85,2,0,0,No,Credit card (automatic),0,0,0,0,0,38.6,0
0690-SRQID,4,Month-to-month,19.65,67.55,3,0,0,No,Mailed check,1,0,0,0,0,43.7,0
9605-WGJVW,1,Month-to-month,70.2,70.2,3,0,0,Fiber optic,Electronic check,1,1,0,0,0,143.3,0
9114-DPSIA,72,Two year,81.0,5750.0,1,1,1,DSL,Credit card (automatic),0,0,1,1,5,148.3,0
4700-UBQMV,21,One year,75.9,1549.75,1,0,1,DSL,Bank transfer (automatic),1,0,1,1,3,240.4,0
7711-GQBZC,71,Two year,24.7,1810.55,0,0,0,No,Bank transfer (automatic),0,0,1,1,0,46.7,0
3565-UNOCC,29,Month-to-month,99.05,2952.85,4,0,0,Fiber optic,Bank transfer (automatic),1,1,1,0,3,261.0,1
4627-MIHJH,69,Two year,110.25,7467.55,2,1,1,Fiber optic,Credit card (automatic),0,1,0,0,5,230.5,0
9795-NREXC,64,Two year,85.0,5484.4,0,1,1,DSL,Credit card (automatic),1,0,1,0,5,295.5,0
8573-CGOCC,16,Month-to-month,19.75,294.9,3,0,0,No,Credit card (automatic),0,0,0,0,0,44.5,0
7356-AYNJP,4,One year,23.9,97.5,1,0,0,No,Electronic check,0,0,0,0,0,44.7,0
9249-FXSCK,52,One year,111.25,5916.45,0,1,1,Fiber optic,Credit card (automatic),1,0,0,0,5,245.4,1
5493-SDRDQ,2,Month-to-month,55.1,113.35,3,0,1,DSL,Mailed check,1,0,0,0,2,82.1,1
6286-SUUWT,1,Month-to-month,19.95,19.95,5,0,0,No,Mailed check,0,0,0,0,0,29.8,0
4819-HJPIW,18,Month-to-month,25.15,476.8,2,0,0,DSL,Mailed check,0,0,0,0,0,51.0,0
8654-DHAOW,2,Month-to-month,54.15,101.65,2,0,0,DSL,Mailed check,0,0,0,0,1,72.7,0
5438-QMDDL,19,Month-to-month,59.8,1130.85,0,0,0,DSL,Mailed check,1,0,1,0,2,171.7,0
9812-GHVRI,40,Month-to-month,83.85,3532.25,5,0,0,Fiber optic,Bank transfer (automatic),0,0,0,0,1,185.2,0
5553-AOINX,66,One year,104.9,6891.45,0,0,0,Fiber optic,Electronic check,1,1,1,1,4,281.6,0
1228-ZLNBX,21,Month-to-month,75.3,1570.7,3,0,0,Fiber optic,Mailed check,0,0,0,0,0,150.1,0
4226-KKDON,8,Month-to-month,66.65,520.95,1,1,0,DSL,Electronic check,1,0,0,0,3,215.4,0
3831-YCPUO,72,Two year,109.5,7854.9,0,1,1,Fiber optic,Credit card (automatic),1,0,1,1,6,306.0,0
7445-WMRBW,48,One year,73.85,3581.4,0,1,0,DSL,Bank transfer (automatic),1,0,0,0,4,167.9,0
3308-DGHKL,69,Two year,19.3,1447.9,2,0,0,No,Bank transfer (automatic),1,0,0,0,0,36.5,0
9924-JPRMC,72,Two year,118.2,8547.15,2,1,1,Fiber optic,Electronic check,1,0,0,0,6,297.6,0
0080-EMYVY,14,One year,51.45,727.85,2,0,0,DSL,Credit card (automatic),0,0,0,0,1,92.7,0
6218-KNUBD,6,Month-to-month,59.45,357.6,3,0,0,DSL,Electronic check,0,0,0,0,2,148.7,0
7337-CINUD,8,Two year,19.5,159.35,0,0,0,No,Bank transfer (automatic),0,0,1,1,0,29.8,0
7609-NRNCA,17,One year,19.55,280.85,2,0,0,No,Mailed check,0,0,0,0,0,36.7,0
0623-EJQEG,65,One year,93.55,6069.25,1,1,1,Fiber optic,Electronic check,0,0,0,0,3,166.2,0
7153-CHRBV,57,One year,59.3,3274.35,0,1,1,DSL,Mailed check,1,0,1,1,3,124.1,0
0871-URUWO,13,Month-to-month,102.25,1359.0,3,0,0,Fiber optic,Credit card (automatic),1,0,1,0,3,248.5,1
9190-MFJLN,19,Month-to-month,95.9,1777.9,1,0,0,Fiber optic,Credit card (automatic),1,1,0,0,3,208.5,1
6198-PNNSZ,56,One year,109.8,6109.65,2,0,1,Fiber optic,Bank transfer (automatic),0,0,1,0,5,303.5,0
3317-VLGQT,14,Month-to-month,78.1,1122.4,2,0,0,Fiber optic,Electronic check,1,0,1,0,1,198.0,0
4132-POCZS,52,Month-to-month,39.9,2020.9,2,0,1,DSL,Electronic check,1,0,1,0,2,113.2,0
5614-DNZCE,58,Two year,64.9,3795.45,1,1,1,DSL,Credit card (automatic),1,0,0,0,4,90.5,0
1095-JUDTC,47,Month-to-month,95.05,4504.55,2,1,0,Fiber optic,Electronic check,1,1,0,0,3,170.0,1
3896-RCYYE,67,Month-to-month,53.4,3579.15,1,1,0,DSL,Credit card (automatic),1,0,0,0,4,189.6,0
9638-JIQYA,2,Month-to-month,24.9,49.7,3,0,0,DSL,Credit card (automatic),1,0,0,0,0,59.5,0
3258-SANFR,6,Month-to-month,44.7,276.5,1,0,0,DSL,Credit card (automatic),0,1,0,0,0,83.3,0
3726-TBHQT,71,Two year,114.0,8175.9,0,1,1,Fiber optic,Bank transfer (automatic),1,0,1,1,6,296.7,0
3190-ITQXP,46,Two year,20.25,890.35,1,0,0,No,Bank transfer (automatic),0,0,1,1,0,39.5,0
0870-VEMYL,5,Month-to-month,53.85,259.8,0,1,1,DSL,Credit card (automatic),0,0,0,0,2,84.3,1
4833-QTJNO,67,Month-to-month,83.85,5588.8,0,0,1,Fiber optic,Bank transfer (automatic),0,1,1,0,2,175.1,0
3039-MJSLN,3,Month-to-month,20.2,50.6,4,0,0,No,Bank transfer (automatic),0,0,0,1,0,32.9,0
0178-CIIKR,3,Month-to-month,19.95,58.0,3,0,0,No,Mailed check,0,0,0,0,0,36.0,0
5385-SUIRI,52,Month-to-month,104.2,5568.35,3,0,1,Fiber optic,Electronic check,1,1,1,0,4,235.0,1
3982-XWFZQ,42,Month-to-month,50.25,2203.65,2,0,0,DSL,Electronic check,1,0,1,0,0,74.2,1
5774-QPLTF,50,One year,20.35,938.95,2,0,0,No,Mailed check,1,0,1,1,0,32.4,0
2322-VCZHZ,23,Month-to-month,90.0,2024.1,3,0,1,Fiber optic,Electronic check,1,1,1,0,3,173.9,0
5010-IPEAQ,67,Two year,54.2,3623.95,0,1,1,DSL,Credit card (automatic),0,0,1,1,5,129.1,0
4009-ALQFH,25,Month-to-month,99.5,2369.05,2,0,0,Fiber optic,Electronic check,1,0,0,0,4,317.1,1
6383-ZTSIW,39,One year,99.1,3877.95,0,0,1,Fiber optic,Mailed check,0,1,1,0,4,268.9,0
8990-YOZLV,69,Two year,66.9,4577.9,0,1,1,DSL,Mailed check,1,0,0,0,3,110.2,0
3069-SSVSN,1,One year,25.85,25.85,3,0,0,DSL,Mailed check,0,0,0,0,0,49.2,0
5222-IMUKT,32,Month-to-month,91.05,2871.5,3,0,0,Fiber optic,Electronic check,0,0,0,0,2,222.9,0
3627-FCRDW,9,Month-to-month,71.0,672.55,3,0,0,Fiber optic,Electronic check,0,0,0,0,0,148.7,1
7562-GSUHK,16,Month-to-month,93.2,1573.7,2,0,0,Fiber optic,Credit card (automatic),1,0,0,0,3,231.6,1
6685-XSHHU,60,Two year,20.95,1270.55,1,0,0,No,Bank transfer (automatic),1,0,1,1,0,35.7,0
8901-UPRHR,72,Two year,109.2,7711.45,3,1,0,Fiber optic,Bank transfer (automatic),1,0,1,1,5,274.2,0
4903-UYAVB,5,Month-to-month,19.35,126.05,4,0,0,No,Mailed check,0,0,1,0,0,35.2,1
0118-JPNOY,26,Month-to-month,85.8,2193.65,3,0,1,Fiber optic,Credit card (automatic),1,1,0,0,2,165.2,0
6776-TLWOI,3,Month-to-month,19.85,64.55,4,0,0,No,Mailed check,0,0,0,0,0,29.6,1
3845-FXCYS,2,Month-to-month,19.65,31.2,3,0,0,No,Electronic check,1,0,0,0,0,34.6,0
5857-XRECV,2,One year,20.5,38.25,6,0,0,No,Bank transfer (automatic),0,0,0,1,0,32.0,0
0725-CXOTM,36,One year,89.65,3348.1,1,1,1,DSL,Credit card (automatic),1,0,0,0,5,240.1,0
4343-EJVQB,7,Month-to-month,74.35,533.6,2,0,1,Fiber optic,Mailed check,0,0,0,0,1,150.3,0
9000-PLFUZ,60,Two year,49.45,2907.55,3,0,0,DSL,Credit card (automatic),1,1,1,0,3,163.3,0
3427-GGZZI,19,Month-to-month,89.1,1620.8,1,0,0,Fiber optic,Electronic check,1,0,1,0,2,217.4,0
7779-ORAEL,45,Two year,75.15,3480.35,0,1,1,DSL,Credit card (automatic),0,1,1,0,4,220.3,0
0644-OQMDK,4,Month-to-month,70.65,293.85,8,0,0,Fiber optic,Electronic check,1,1,0,0,0,119.0,0
4077-CROMM,31,Month-to-month,104.2,3243.45,2,1,0,Fiber optic,Electronic check,1,0,1,1,4,323.7,1
3154-CFSZG,47,Month-to-month,90.05,4137.2,1,0,1,Fiber optic,Electronic check,0,0,1,1,3,177.5,0
2868-MZAGQ,1,Month-to-month,79.25,79.25,3,0,0,Fiber optic,Electronic check,1,0,0,0,1,151.8,1
4847-QNOKA,1,Month-to-month,44.9,44.9,5,0,0,DSL,Bank transfer (automatic),1,0,0,0,0,82.9,1
2220-IAHLS,1,Month-to-month,19.4,19.4,3,0,0,No,Credit card (automatic),0,0,0,0,0,34.1,0
1658-XUHBX,59,Month-to-month,88.75,5348.65,2,0,0,Fiber optic,Credit card (automatic),1,1,1,1,2,156.7,0
6379-RXJRQ,10,Month-to-month,70.1,659.65,0,0,0,Fiber optic,Electronic check,1,0,1,0,0,150.1,1
2378-HTWFW,35,Month-to-month,91.0,3180.5,4,0,1,Fiber optic,Credit card (automatic),0,1,0,0,2,229.3,0
8650-RHRKE,4,Month-to-month,29.65,118.5,3,0,0,DSL,Electronic check,1,0,0,0,1,45.8,1
4377-VDHYI,32,One year,90.8,3023.85,2,0,1,Fiber optic,Electronic check,1,0,1,1,3,197.5,0
0475-RIJEP,43,Month-to-month,77.85,3365.85,5,0,0,Fiber optic,Electronic check,1,0,0,0,1,138.5,1
1260-TTRXI,4,Month-to-month,54.3,195.3,3,0,0,DSL,Electronic check,0,0,0,0,1,112.7,1
3719-TDVQB,54,Two year,18.95,1031.1,1,0,0,No,Mailed check,1,1,1,0,0,35.7,0
6328-ZPBGN,11,Month-to-month,95.15,997.65,1,0,0,Fiber optic,Bank transfer (automatic),1,1,0,0,2,201.4,1
0201-MIBOL,66,Two year,102.4,6471.85,2,0,1,Fiber optic,Bank transfer (automatic),1,1,0,0,3,197.2,0
4937-QPZPO,61,One year,99.9,6241.35,2,0,0,Fiber optic,Electronic check,1,0,1,1,3,314.8,0
2925-VDZHY,72,Two year,88.7,6501.35,0,1,1,DSL,Credit card (automatic),0,0,1,1,6,217.5,0
6981-TDRFT,44,One year,54.3,2317.1,1,1,0,DSL,Electronic check,1,0,1,1,4,157.9,0
3413-CSSTH,41,Month-to-month,55.7,2237.55,4,0,0,DSL,Bank transfer (automatic),1,0,0,0,1,96.9,0
8033-VCZGH,50,One year,103.95,5231.3,1,0,1,Fiber optic,Electronic check,1,0,1,0,4,238.9,0
4789-KWMXN,47,One year,110.85,5275.8,0,1,1,Fiber optic,Credit card (automatic),1,0,1,0,5,367.5,1
0224-NIJLP,8,Two year,20.15,165.5,1,0,0,No,Mailed check,0,0,1,1,0,38.7,0
7542-CYDDM,18,Month-to-month,20.05,358.5,5,0,0,No,Mailed check,0,0,0,0,0,40.5,0
4718-WXBGI,72,Two year,91.95,6614.9,0,1,1,DSL,Credit card (automatic),1,0,1,1,6,277.6,0
2867-UIMSS,1,Month-to-month,80.5,80.5,5,0,0,Fiber optic,Electronic check,0,0,0,0,1,242.7,1
8495-PRWFH,42,Month-to-month,55.65,2421.75,2,0,0,DSL,Electronic check,0,1,0,0,1,67.3,0
0439-IFYUN,18,Month-to-month,74.7,1294.6,3,0,0,Fiber optic,Electronic check,1,1,0,0,1,149.8,0
5716-LIBJC,13,One year,104.15,1299.1,2,0,0,Fiber optic,Credit card (automatic),1,0,0,1,4,274.4,0
2868-LLSKM,68,One year,83.65,5733.4,2,1,0,Fiber optic,Bank transfer (automatic),1,0,1,1,2,152.4,0
8111-RKSPX,4,Month-to-month,72.2,305.55,2,0,0,Fiber optic,Bank transfer (automatic),1,0,0,0,0,152.3,1
2988-QRAJY,69,Two year,110.05,7430.75,1,0,1,Fiber optic,Credit card (automatic),1,0,0,0,5,303.6,0
1585-MQSSU,17,Month-to-month,51.5,900.5,1,1,0,DSL,Mailed check,0,0,0,0,1,69.2,1
0071-NDAFP,25,Two year,25.5,630.6,2,0,0,No,Credit card (automatic),0,0,1,1,0,47.6,0
2856-NNASM,43,Month-to-month,89.55,3856.75,3,0,0,Fiber optic,Mailed check,1,1,0,0,2,235.3,1
7328-ZJAJO,59,Two year,19.5,1222.65,1,0,0,No,Credit card (automatic),0,0,1,1,0,40.8,0
6458-CYIDZ,5,Month-to-month,80.7,374.8,4,0,1,Fiber optic,Electronic check,0,1,0,0,2,100.8,0
8559-CIZFV,21,One year,77.5,1625.0,0,1,1,DSL,Mailed check,0,0,1,1,4,196.4,1
1090-PYKCI,69,One year,105.1,7234.8,0,1,1,Fiber optic,Credit card (automatic),1,0,1,1,5,234.1,0
3058-WQDRE,13,Month-to-month,25.15,331.85,4,0,0,DSL,Bank transfer (automatic),1,0,0,0,0,49.6,0
7547-EKNFS,42,Month-to-month,95.25,3959.35,2,0,0,Fiber optic,Bank transfer (automatic),1,0,1,0,3,223.7,1
2279-AXJJK,52,Month-to-month,95.65,5088.4,1,1,0,Fiber optic,Credit card (automatic),1,0,1,0,3,147.1,0
6769-DYBQN,46,Month-to-month,85.0,3969.4,3,0,1,Fiber optic,Electronic check,0,1,0,0,2,212.7,1
0909-SELIE,61,Two year,80.8,4860.85,0,1,1,DSL,Bank transfer (automatic),1,0,1,0,5,184.5,0
3417-TSCIC,29,One year,24.85,788.05,2,0,0,DSL,Mailed check,1,0,0,0,0,39.5,0
1042-HFUCW,25,One year,54.75,1266.35,0,1,0,DSL,Credit card (automatic),1,0,0,1,2,112.2,0
4439-JMPMT,5,Month-to-month,85.75,470.95,2,1,0,Fiber optic,Electronic check,1,0,1,1,2,193.1,1
6537-OTKMY,15,One year,50.75,688.2,1,0,0,DSL,Electronic check,0,0,0,0,3,213.0,0
8999-EXMNO,19,Two year,20.15,387.7,4,0,0,No,Mailed check,0,0,1,1,0,42.0,0
6725-TPKJO,44,Two year,20.05,845.25,3,0,0,No,Mailed check,0,0,0,0,0,30.2,0
2446-BEGGB,6,Month-to-month,98.25,560.6,3,0,0,Fiber optic,Electronic check,1,1,0,0,3,286.4,1
7162-WPHPM,58,Two year,71.6,4230.25,0,1,1,DSL,Credit card (automatic),0,0,1,1,4,128.8,0
1599-MMYRQ,62,One year,81.45,4983.05,1,0,1,Fiber optic,Credit card (automatic),1,0,1,1,2,146.0,0
8821-KVZKQ,70,One year,58.4,4113.15,0,1,0,DSL,Bank transfer (automatic),1,0,1,1,5,181.1,0
1496-GGSUK,1,Month-to-month,25.7,25.7,1,0,0,DSL,Mailed check,1,1,0,0,0,53.2,1
6434-TTGJP,10,Two year,53.7,521.0,0,1,1,DSL,Credit card (automatic),0,0,1,1,5,120.5,0
0042-JVWOJ,26,One year,19.6,471.85,1,0,0,No,Bank transfer (automatic),1,0,0,0,0,37.5,0
0130-SXOUN,66,Month-to-month,89.4,5976.9,2,0,0,Fiber optic,Credit card (automatic),0,0,0,0,2,155.4,0
2575-GFSOE,7,Month-to-month,69.0,506.9,2,0,0,Fiber optic,Electronic check,1,0,1,1,0,130.1,1
2330-PQGDQ,51,One year,84.2,4299.75,1,1,0,Fiber optic,Bank transfer (automatic),0,0,1,1,2,123.4,0
1452-UZOSF,72,Two year,106.1,7548.6,0,1,1,Fiber optic,Credit card (automatic),1,0,1,1,5,187.7,0
2097-YVPKN,65,Two year,25.75,1654.75,5,0,0,No,Mailed check,0,0,0,0,0,46.0,0
2842-JTCCU,2,Month-to-month,46.05,80.35,3,0,0,DSL,Bank transfer (automatic),0,0,0,0,0,69.2,1
8597-CTXVJ,70,One year,64.95,4551.5,0,1,1,DSL,Bank transfer (automatic),0,0,0,1,3,135.9,0
6631-HMANX,72,Two year,85.45,6227.5,0,1,0,DSL,Credit card (automatic),1,0,1,0,5,196.0,0
9962-BFPDU,1,Month-to-month,20.05,20.05,1,0,0,No,Mailed check,0,0,1,1,0,44.6,0
3296-SILRA,1,Month-to-month,76.4,76.4,2,0,0,Fiber optic,Mailed check,1,1,1,0,1,154.1,1
9681-OXGVC,5,Month-to-month,100.5,514.0,2,0,0,Fiber optic,Electronic check,1,0,0,0,3,264.6,1
6394-HHHZM,3,Month-to-month,20.7,57.5,2,0,0,No,Mailed check,0,0,0,0,0,40.7,0
5995-LFTLE,58,Two year,25.3,1474.35,5,0,0,No,Credit card (automatic),1,0,0,0,0,46.9,0
5180-UCIIQ,22,Month-to-month,40.05,880.2,0,0,1,DSL,Mailed check,0,1,1,1,2,151.1,1
1932-UEDCX,33,Month-to-month,100.6,3270.25,0,0,0,Fiber optic,Bank transfer (automatic),1,1,1,0,3,280.4,0
7153-OANIO,1,Month-to-month,69.95,69.95,5,0,0,Fiber optic,Electronic check,0,0,0,0,0,115.0,1
5188-HGMLP,54,Month-to-month,74.0,3919.15,1,0,0,Fiber optic,Bank transfer (automatic),0,1,1,0,0,140.8,0
0665-XHDJU,72,Two year,99.4,7285.7,4,0,0,Fiber optic,Electronic check,1,0,1,0,3,246.0,0
6521-YYTYI,1,Month-to-month,93.3,93.3,8,0,0,Fiber optic,Electronic check,1,0,0,1,2,245.5,1
8878-HMWBV,3,Month-to-month,49.15,169.05,2,0,0,DSL,Electronic check,1,0,0,0,1,80.8,1
8265-HKSOW,72,Two year,107.45,7658.3,0,1,1,Fiber optic,Credit card (automatic),0,0,1,1,5,215.1,0
3544-FBCAS,72,Two year,83.6,5959.3,3,0,1,DSL,Credit card (automatic),1,0,1,1,5,259.2,0
5331-RGMTT,54,Month-to-month,99.05,5295.7,3,0,0,Fiber optic,Credit card (automatic),1,1,1,0,3,256.8,0
4759-PXTAN,59,One year,80.1,4693.2,1,1,0,DSL,Electronic check,1,0,1,0,4,249.6,0
7054-DMVAS,54,Two year,65.3,3512.9,0,0,1,DSL,Bank transfer (automatic),1,0,0,0,3,150.5,0
3428-MMGUB,60,Two year,89.55,5231.2,2,0,0,Fiber optic,Electronic check,1,0,0,0,2,198.7,0
6549-BTYPG,60,Two year,60.8,3603.45,0,1,0,DSL,Credit card (automatic),0,0,1,0,5,176.4,0
7823-JSOAG,3,Month-to-month,74.5,217.45,3,0,0,Fiber optic,Electronic check,0,0,0,0,0,159.6,0
3705-RHRFR,69,Two year,99.15,6875.35,4,0,1,Fiber optic,Bank transfer (automatic),0,0,1,0,3,321.1,0
9374-YOLBJ,1,Month-to-month,19.25,19.25,4,0,0,No,Electronic check,0,0,1,1,0,34.2,0
9074-KGVOX,50,Month-to-month,39.45,2021.35,2,0,1,DSL,Credit card (automatic),1,0,1,1,2,125.8,0
6128-DAFVY,56,Month-to-month,44.85,2564.95,3,0,0,DSL,Credit card (automatic),1,0,0,0,2,126.8,0
9933-QRGTX,60,Two year,97.2,5611.75,1,1,1,Fiber optic,Electronic check,1,0,1,0,4,207.5,0
4476-OSWTN,69,One year,110.55,7610.1,0,1,1,Fiber optic,Mailed check,1,1,1,0,5,309.6,0
3751-KTZEL,1,Month-to-month,35.05,35.05,2,0,0,DSL,Mailed check,0,0,0,0,1,76.7,1
1977-STDKI,1,Month-to-month,73.0,73.0,2,0,0,Fiber optic,Electronic check,1,1,0,0,1,185.6,1
5066-GFJMM,3,Month-to-month,19.9,45.75,2,0,0,No,Mailed check,1,0,1,0,0,41.2,0
2661-GKBTK,60,Two year,76.95,4543.95,1,1,0,DSL,Bank transfer (automatic),0,0,1,1,4,274.7,0
0458-HEUZG,13,Two year,35.4,450.4,1,1,0,DSL,Mailed check,0,0,0,0,2,63.0,0
7268-WNTCP,62,Two year,20.45,1297.35,1,0,0,No,Bank transfer (automatic),0,0,1,1,0,29.5,0
0824-VWDPO,45,One year,96.75,4442.75,0,0,1,Fiber optic,Bank transfer (automatic),0,0,0,0,3,186.5,0
8409-WQJUX,25,One year,54.2,1423.15,0,1,0,DSL,Electronic check,0,0,0,0,4,155.0,0
2578-JQPHZ,44,Two year,100.1,4378.35,3,1,0,Fiber optic,Bank transfer (automatic),0,0,0,0,4,293.3,0
3278-FSIXX,2,Month-to-month,45.25,74.2,4,0,0,DSL,Mailed check,1,0,0,0,0,69.2,0
5813-UECBU,33,Month-to-month,83.85,2716.3,7,0,0,Fiber optic,Credit card (automatic),1,1,0,0,2,133.1,1
0328-GRPMV,1,Month-to-month,70.1,70.1,5,0,0,Fiber optic,Electronic check,1,0,0,0,0,155.7,1
9746-UGFAC,22,One year,20.85,450.65,1,0,0,No,Bank transfer (automatic),0,0,0,0,0,30.9,0
2946-KIQSP,35,Month-to-month,33.45,1175.85,0,1,0,DSL,Mailed check,1,0,0,0,2,54.7,0
0625-AFOHS,29,Two year,20.2,558.8,1,0,0,No,Mailed check,0,0,1,1,0,43.8,0
6726-WEXXK,27,One year,85.9,2220.1,2,0,1,Fiber optic,Electronic check,1,1,1,0,2,212.3,0
4636-OLWOE,54,One year,61.0,3283.05,1,1,0,DSL,Electronic check,1,0,0,1,3,83.3,0
4342-HENTK,2,Month-to-month,70.65,142.35,4,0,0,Fiber optic,Electronic check,1,1,0,0,0,81.9,1
4685-ERGHK,57,One year,86.9,4939.25,5,0,0,Fiber optic,Electronic check,1,0,0,0,1,176.6,0
0885-HMGPY,62,Two year,69.4,4237.5,0,1,1,DSL,Bank transfer (automatic),0,0,0,0,4,129.1,0
5003-OKNNK,15,One year,20.35,335.95,0,0,0,No,Credit card (automatic),0,0,1,1,0,36.5,0
4195-SMMNX,2,Month-to-month,20.35,33.2,5,0,0,No,Mailed check,0,0,0,0,0,33.7,1
7208-PSIHR,70,Two year,104.3,7188.5,1,1,0,Fiber optic,Bank transfer (automatic),1,0,1,0,4,217.3,0
4012-ZTHBR,21,Month-to-month,44.95,926.25,3,0,0,DSL,Electronic check,1,0,1,1,0,91.3,0
0489-WMEMG,23,One year,49.45,1119.35,0,1,0,DSL,Electronic check,1,0,0,1,1,82.4,0
7435-ZNUYY,6,One year,20.6,116.6,4,0,0,No,Mailed check,0,0,0,0,0,33.6,0
1354-YZFNB,4,Two year,19.55,68.8,2,0,0,No,Credit card (automatic),0,0,1,1,0,35.5,0
6956-SMUCM,3,Month-to-month,99.0,287.4,1,0,1,Fiber optic,Credit card (automatic),1,0,0,0,4,314.8,1
2985-FMWYF,23,Month-to-month,93.5,2341.55,1,0,0,Fiber optic,Electronic check,1,0,0,0,2,255.7,0
2812-ENYMO,26,One year,54.55,1362.85,1,1,1,DSL,Credit card (automatic),0,0,0,0,4,247.4,0
2717-HVIZY,8,Month-to-month,20.05,163.6,3,0,0,No,Mailed check,0,0,0,1,0,34.5,0
3223-WZWJM,26,Month-to-month,83.95,2254.2,2,0,0,Fiber optic,Electronic check,1,0,0,0,1,209.2,1
3422-GALYP,2,Month-to-month,79.45,145.15,2,0,0,Fiber optic,Electronic check,1,0,0,0,1,97.8,0
9053-JZFKV,67,Two year,116.2,7752.3,1,1,1,Fiber optic,Credit card (automatic),0,0,0,0,6,262.1,1
2530-ENDWQ,71,Two year,93.7,6585.35,0,0,0,Fiber optic,Bank transfer (automatic),1,0,1,0,2,248.6,1
2890-WFBHU,59,One year,79.85,4786.1,1,1,1,DSL,Credit card (automatic),0,0,0,0,5,165.2,0
0327-WFZSY,39,One year,100.0,3835.55,0,0,0,Fiber optic,Electronic check,0,0,1,1,3,230.6,0
7977-HXJKU,21,Two year,19.6,397.0,1,0,0,No,Mailed check,0,0,0,1,0,32.5,0
6615-ZGEDR,1,Month-to-month,19.7,19.7,1,0,0,No,Mailed check,0,0,0,0,0,30.4,1
7033-CLAMM,48,Two year,20.2,1027.25,3,0,0,No,Bank transfer (automatic),0,0,1,1,0,33.6,0
4023-RTIQM,31,One year,50.4,1580.1,1,0,1,DSL,Credit card (automatic),1,1,1,0,4,132.7,0
0864-FVJNJ,64,One year,113.35,7222.75,0,1,1,Fiber optic,Electronic check,0,0,1,1,6,301.0,0
7356-IWLFW,46,Month-to-month,80.0,3769.7,3,0,0,Fiber optic,Bank transfer (automatic),1,0,1,1,1,121.4,0
9541-PWTWO,52,Two year,80.95,4233.95,1,1,0,DSL,Bank transfer (automatic),1,0,0,0,4,219.7,0
3967-VQOGC,67,Two year,24.9,1680.25,3,0,0,No,Mailed check,1,0,1,1,0,39.6,0
7872-RDDLZ,67,Month-to-month,54.9,3725.5,1,0,0,DSL,Electronic check,0,1,0,0,1,112.7,0
9250-WYPLL,5,Month-to-month,75.55,413.65,5,0,0,Fiber optic,Electronic check,0,0,0,0,0,171.9,1
6308-CQRBU,71,Two year,109.25,7707.7,2,1,0,Fiber optic,Electronic check,0,0,1,0,5,286.0,0
2754-XBHTB,9,Month-to-month,77.65,714.15,4,0,0,Fiber optic,Bank transfer (automatic),1,0,0,0,1,191.8,1
1597-LHYNC,26,Month-to-month,95.0,2497.2,2,0,1,Fiber optic,Electronic check,1,1,0,0,3,203.5,1
0186-CAERR,71,One year,116.3,8309.55,0,1,1,Fiber optic,Bank transfer (automatic),1,0,0,0,6,312.0,0
3043-SUDUA,32,Month-to-month,19.9,601.55,1,0,0,No,Bank transfer (automatic),0,0,0,0,0,34.9,0
5442-BHQNG,2,Month-to-month,70.35,139.25,4,0,0,Fiber optic,Electronic check,0,0,0,0,0,103.3,0
2169-RRLFW,71,Two year,25.6,1888.25,1,0,0,No,Credit card (automatic),0,0,1,0,0,54.9,0
5872-OEQNH,60,One year,44.45,2773.9,3,0,1,DSL,Electronic check,1,0,0,0,3,161.0,0
3162-KKZXO,55,One year,100.15,5409.75,3,0,0,Fiber optic,Electronic check,1,1,0,0,3,286.1,0
7055-VKGDA,54,One year,105.4,5643.4,2,1,1,Fiber optic,Credit card (automatic),1,0,0,0,5,271.1,1
0754-UKWQP,2,Month-to-month,95.85,197.7,2,0,0,Fiber optic,Electronic check,1,0,0,0,3,272.0,1
8873-GLDMH,6,Month-to-month,73.85,401.3,4,0,0,Fiber optic,Mailed check,1,0,0,0,0,167.2,0
5696-JVVQY,48,Two year,70.1,3238.4,2,0,1,DSL,Credit card (automatic),1,0,1,1,4,155.6,0
8946-BFWSG,63,Two year,25.25,1573.05,1,0,0,No,Mailed check,0,0,1,1,0,50.8,0
7493-TPUWZ,1,Month-to-month,79.15,79.15,3,0,0,Fiber optic,Electronic check,1,0,0,0,1,147.1,1
0547-HURJB,12,Month-to-month,21.05,235.8,2,0,0,No,Credit card (automatic),0,0,0,1,0,25.8,0
8904-OPDCK,54,Month-to-month,24.95,1364.75,1,0,0,DSL,Bank transfer (automatic),1,1,1,0,0,42.8,0
8845-LWKGE,30,One year,64.5,1985.15,3,1,0,DSL,Electronic check,1,0,1,1,3,170.4,0
1577-HKTFG,30,Month-to-month,19.65,655.85,1,0,0,No,Bank transfer (automatic),0,0,1,0,0,37.5,1
8752-STIVR,4,Month-to-month,79.0,303.15,5,0,0,Fiber optic,Electronic check,1,0,0,0,1,180.2,1
0691-NIKRI,40,One year,105.95,4335.2,0,1,0,Fiber optic,Credit card (automatic),1,0,0,0,4,221.9,0
5022-JNQEQ,9,Month-to-month,75.85,647.5,2,1,0,Fiber optic,Electronic check,1,0,1,1,1,142.7,0
4558-FANTW,17,Month-to-month,91.85,1574.45,1,1,1,Fiber optic,Electronic check,0,0,1,1,3,212.3,1
3249-VHRIP,62,Two year,43.6,2748.7,0,0,0,DSL,Credit card (automatic),1,0,0,0,3,129.0,0
3736-BLEPA,28,One year,91.25,2483.65,2,1,0,Fiber optic,Bank transfer (automatic),1,0,0,0,3,260.7,0
4701-LKOZD,70,Two year,89.75,6367.2,0,1,1,DSL,Credit card (automatic),0,0,0,0,6,245.0,0
6603-QWSPR,46,Two year,104.4,4904.2,1,1,0,Fiber optic,Bank transfer (automatic),1,0,0,0,5,314.1,0
9921-QFQUL,23,Month-to-month,90.15,2044.95,4,0,0,Fiber optic,Mailed check,0,0,1,0,2,218.7,0
1929-ZCBHE,47,One year,40.3,1794.8,0,1,1,DSL,Electronic check,0,0,1,1,3,103.2,0
4378-MYPGO,68,Two year,105.25,7173.15,4,0,1,Fiber optic,Bank transfer (automatic),1,0,1,1,5,292.1,0
8651-ENBZX,60,One year,106.0,6441.4,3,1,0,Fiber optic,Electronic check,1,1,0,0,4,380.7,1
4129-LYCOI,67,Two year,104.0,7039.05,0,1,0,Fiber optic,Electronic check,1,0,0,1,4,229.5,0
7798-JVXYM,14,Month-to-month,69.65,921.4,1,1,0,DSL,Electronic check,1,0,0,0,3,169.8,0
8647-SDTWQ,57,Month-to-month,74.3,4018.35,1,0,0,Fiber optic,Electronic check,1,0,1,1,0,144.7,0
2696-ECXKC,55,One year,100.9,5448.6,1,0,1,Fiber optic,Mailed check,0,0,1,1,3,258.7,0
2081-KJSQF,1,Month-to-month,20.25,20.25,3,0,0,No,Mailed check,1,0,0,0,0,44.0,0
7623-TRNQN,1,Month-to-month,49.9,49.9,6,1,0,DSL,Mailed check,1,0,0,1,1,101.7,1
3323-CPBWR,23,Month-to-month,96.9,2085.45,0,1,0,Fiber optic,Credit card (automatic),1,0,0,0,3,243.3,0
9330-IJWIO,13,Month-to-month,100.35,1358.85,2,0,1,Fiber optic,Electronic check,1,0,0,0,3,232.9,1
3384-CTMSF,47,Month-to-month,104.1,5135.15,0,0,0,Fiber optic,Electronic check,1,0,1,0,4,269.3,0
0902-RFHOF,38,One year,20.1,730.1,1,0,0,No,Mailed check,0,0,0,0,0,41.2,0
9286-DOJGF,38,Month-to-month,74.95,2869.85,2,0,0,Fiber optic,Bank transfer (automatic),1,1,1,0,0,125.1,1
6048-QBXKL,2,Month-to-month,56.55,118.25,2,0,0,DSL,Credit card (automatic),1,1,0,0,1,103.3,0
9661-MHUMO,1,Month-to-month,49.25,49.25,1,1,0,DSL,Credit card (automatic),1,1,1,1,1,106.0,1
7718-RXDGG,15,Month-to-month,68.6,1108.6,3,0,0,Fiber optic,Bank transfer (automatic),1,0,1,0,0,124.3,0
1025-FALIX,26,Month-to-month,69.05,1815.65,0,0,0,Fiber optic,Credit card (automatic),1,0,0,0,0,130.4,0
3451-VAWLI,35,Two year,19.7,730.4,1,0,0,No,Credit card (automatic),0,0,1,1,0,42.4,0
3407-QGWLG,3,Month-to-month,20.05,75.45,6,0,0,No,Mailed check,1,0,0,1,0,39.0,0
1842-EZJMK,50,Month-to-month,103.7,5071.05,2,1,0,Fiber optic,Electronic check,0,0,1,1,4,211.7,1
2347-WKKAE,42,Month-to-month,94.4,4014.6,5,0,1,Fiber optic,Electronic check,1,0,1,0,3,216.7,0
8735-DCXNF,10,Month-to-month,54.95,568.85,1,1,1,DSL,Credit card (automatic),1,0,1,0,2,100.7,0
3214-IYUUQ,61,One year,93.7,5860.7,1,1,1,Fiber optic,Bank transfer (automatic),0,0,1,0,4,222.3,0
1936-UAFEH,68,Two year,110.25,7279.35,1,1,1,Fiber optic,Credit card (automatic),0,0,0,0,5,378.3,0
3587-PMCOY,10,One year,98.9,1064.95,2,0,1,Fiber optic,Electronic check,1,0,0,0,4,306.1,0
8079-XRJRS,65,One year,89.75,5769.6,1,0,1,Fiber optic,Electronic check,0,0,1,0,3,167.5,1
1027-LKKQQ,72,Two year,80.45,5886.85,0,1,1,DSL,Bank transfer (automatic),1,0,1,1,5,205.7,0
7148-XZPHA,55,Month-to-month,79.4,4238.45,2,1,0,Fiber optic,Electronic check,0,0,1,1,2,163.2,0
8073-IJDCM,1,Month-to-month,20.3,20.3,3,0,0,No,Mailed check,1,0,0,0,0,38.1,1
5309-TAIKL,7,Month-to-month,62.8,418.3,0,1,0,DSL,Bank transfer (automatic),0,0,0,0,3,185.4,0
6856-RAURS,2,Month-to-month,74.9,136.05,3,0,0,Fiber optic,Mailed check,1,0,0,0,0,143.3,0
8778-LMWTJ,9,Month-to-month,74.85,708.2,0,0,1,Fiber optic,Electronic check,1,0,0,0,1,157.0,0
9717-IOAAF,27,Two year,25.85,788.55,2,0,0,No,Credit card (automatic),1,0,0,1,0,41.6,0
8884-ADFVN,7,Month-to-month,101.95,700.85,2,0,0,Fiber optic,Electronic check,1,1,1,0,3,260.4,1
2845-KDHVX,64,Two year,68.3,4378.8,1,1,0,DSL,Mailed check,1,0,1,0,4,166.6,0
0848-SOMKO,70,Two year,48.4,3442.8,0,1,1,DSL,Bank transfer (automatic),0,0,0,0,4,113.2,0
2720-WGKHP,2,Month-to-month,94.0,181.7,4,0,0,Fiber optic,Electronic check,1,1,0,0,2,267.5,1
6734-FQAJX,67,Two year,105.05,7171.7,0,1,1,Fiber optic,Electronic check,1,1,0,0,5,257.7,0
2869-ADAWR,45,Month-to-month,89.3,4016.85,2,0,0,Fiber optic,Credit card (automatic),1,0,0,0,2,192.6,1
1535-VTJOQ,24,Two year,25.15,553.0,2,0,0,No,Credit card (automatic),0,0,0,0,0,41.2,0
6368-TZZDT,4,Two year,19.5,96.85,4,0,0,No,Credit card (automatic),0,0,1,1,0,35.1,0
0943-ZQPXH,44,Month-to-month,92.95,4122.9,4,0,0,Fiber optic,Bank transfer (automatic),1,0,1,1,3,189.9,0
1293-BSEUN,72,Two year,20.7,1482.3,4,0,0,No,Mailed check,1,0,1,1,0,42.8,0
9894-EZEWG,1,Month-to-month,74.3,74.3,7,0,0,Fiber optic,Credit card (automatic),1,0,0,0,1,143.8,1
1302-TPUBN,66,Two year,19.35,1240.8,3,0,0,No,Bank transfer (automatic),0,0,0,0,0,38.3,0
7851-FLGGQ,1,Month-to-month,44.65,44.65,1,1,0,DSL,Mailed check,1,0,0,0,3,144.7,1
0637-UBJRP,13,Month-to-month,84.05,1095.3,3,0,1,Fiber optic,Electronic check,0,0,1,1,2,201.8,1
0940-OUQEC,10,Month-to-month,80.7,788.8,3,0,0,Fiber optic,Bank transfer (automatic),1,0,0,0,1,140.7,1
2378-VTKDH,65,Month-to-month,104.35,6578.55,8,0,0,Fiber optic,Electronic check,1,1,1,0,4,325.0,0
0927-CNGRH,1,Month-to-month,19.55,19.55,1,0,0,No,Mailed check,0,0,0,1,0,33.6,0
8608-OZTLB,38,One year,74.05,2802.3,0,1,1,DSL,Electronic check,0,0,1,1,5,179.7,0
2335-GSODA,23,Two year,40.1,857.75,0,1,1,DSL,Mailed check,0,0,0,1,3,49.7,0
1952-DVVSW,10,One year,20.1,184.4,6,0,0,No,Mailed check,0,0,1,0,0,33.7,0
0702-PGIBZ,4,Month-to-month,101.7,364.55,2,0,0,Fiber optic,Electronic check,1,0,0,1,3,265.3,1
6656-GULJQ,72,Two year,83.55,6093.3,0,1,1,DSL,Credit card (automatic),1,0,1,1,5,255.7,0
9853-JFZDU,35,Month-to-month,56.85,1861.1,0,1,0,DSL,Electronic check,0,0,1,0,2,111.6,0
1963-VAUKV,1,Month-to-month,20.4,20.4,2,0,0,No,Mailed check,0,0,0,0,0,42.4,1
3777-XROBG,58,Two year,19.55,1079.65,3,0,0,No,Credit card (automatic),0,0,1,1,0,32.6,0
6994-FGRHH,70,One year,106.15,7475.1,1,1,0,Fiber optic,Electronic check,1,0,1,1,5,251.1,0
4000-VGMQP,38,One year,78.95,2862.55,2,0,0,DSL,Credit card (automatic),0,0,1,1,4,231.4,0
3999-WRNGR,60,Month-to-month,49.75,3069.45,3,0,0,DSL,Electronic check,1,0,1,1,3,151.0,0
3466-RITXD,26,Month-to-month,92.4,2349.8,2,0,1,Fiber optic,Credit card (automatic),1,0,0,0,3,195.9,0
2680-XKKNJ,8,One year,58.2,469.25,1,1,1,DSL,Bank transfer (automatic),0,0,0,0,3,106.6,0
3058-HJCUY,41,One year,102.6,4213.35,2,1,0,Fiber optic,Electronic check,1,0,1,1,4,187.8,1
2974-GGUXS,36,Month-to-month,91.95,3301.05,3,0,0,Fiber optic,Credit card (automatic),1,1,1,0,2,158.3,0
7994-XIRTR,54,One year,65.25,3529.95,1,1,0,DSL,Bank transfer (automatic),0,1,0,0,3,168.4,0
3259-FDWOY,71,Two year,106.0,7723.7,3,0,0,Fiber optic,Bank transfer (automatic),1,0,1,1,4,243.6,1
2101-RANCD,55,Month-to-month,73.1,4144.9,3,0,0,Fiber optic,Electronic check,1,0,0,0,0,147.3,0
7921-BEPCI,72,Two year,59.75,4265.0,1,0,1,DSL,Bank transfer (automatic),0,0,0,0,2,100.4,0
0807-ZABDG,3,Month-to-month,55.1,154.65,1,1,1,DSL,Mailed check,1,0,0,1,2,84.4,1
8510-TMWYB,54,Two year,59.8,3246.45,4,0,0,DSL,Bank transfer (automatic),1,0,1,1,2,118.3,0
3258-ZKPAI,72,Two year,116.6,8337.45,1,1,1,Fiber optic,Bank transfer (automatic),1,0,1,1,6,280.3,0
1428-IEDPR,52,Two year,109.3,5731.4,2,1,1,Fiber optic,Electronic check,1,0,0,0,5,293.5,0
5298-GSTLM,60,One year,101.4,6176.6,3,0,1,Fiber optic,Bank transfer (automatic),1,1,0,0,3,237.4,0
4450-YOOHP,39,Month-to-month,50.65,1905.4,2,0,0,DSL,Credit card (automatic),1,0,0,0,3,151.4,0
6728-CZFEI,15,One year,56.15,931.9,3,0,0,DSL,Mailed check,0,0,0,0,1,134.8,0
5748-RNCJT,69,Two year,106.5,7348.8,0,1,0,Fiber optic,Bank transfer (automatic),1,0,0,0,4,240.8,1
3653-NCRDJ,43,One year,19.2,776.25,1,0,0,No,Mailed check,1,0,1,1,0,33.7,0
6121-TNHBO,63,One year,83.0,5243.05,0,1,1,DSL,Bank transfer (automatic),0,1,0,0,5,161.5,0
5119-NZPTV,2,Month-to-month,70.1,141.65,4,0,0,Fiber optic,Electronic check,0,1,1,0,0,133.2,0
6519-ZHPXP,72,Two year,108.3,7679.65,0,1,1,Fiber optic,Bank transfer (automatic),1,0,1,1,6,308.0,0
7739-LAXOG,32,Month-to-month,91.05,2954.5,2,0,0,Fiber optic,Bank transfer (automatic),1,0,1,1,2,218.8,1
3472-QPRCH,40,Two year,25.25,1006.9,6,0,0,No,Credit card (automatic),0,0,1,1,0,37.0,0
8224-UAXBZ,58,One year,45.35,2540.1,1,0,1,DSL,Electronic check,1,0,1,0,3,144.4,0
9610-WCESF,67,Two year,43.9,3097.2,0,1,1,DSL,Electronic check,0,0,0,0,3,88.3,0
9776-CLUJA,51,Month-to-month,77.5,3807.35,2,0,1,Fiber optic,Electronic check,1,1,1,0,1,144.3,1
2486-WYVVE,31,One year,79.3,2484.0,2,1,0,DSL,Mailed check,1,0,1,0,4,226.7,0
3865-ZYKAD,69,Month-to-month,84.9,5785.65,3,0,1,Fiber optic,Credit card (automatic),1,1,1,0,2,170.7,0
1422-DGUBX,32,One year,79.25,2619.15,1,1,0,Fiber optic,Electronic check,1,0,1,0,1,128.6,0
2999-AANRQ,21,Two year,71.05,1524.85,0,1,1,DSL,Credit card (automatic),0,0,0,0,4,155.7,0
8668-KNZTI,52,One year,53.75,2790.65,1,0,1,DSL,Electronic check,0,0,0,0,2,113.8,0
0480-KYJVA,72,Two year,24.25,1784.5,1,0,0,No,Credit card (automatic),0,0,1,1,0,51.2,0
6034-ZRYCV,72,Two year,54.2,3937.45,3,0,0,DSL,Electronic check,1,0,1,0,4,151.0,1
9746-YKGXB,52,One year,44.25,2276.1,0,0,1,DSL,Bank transfer (automatic),0,0,1,1,3,114.9,0
3926-YZVVX,41,One year,50.05,2029.05,3,1,0,DSL,Bank transfer (automatic),0,0,0,0,1,79.7,0
6000-UKLWI,41,Two year,20.15,802.35,1,0,0,No,Mailed check,0,0,0,0,0,22.3,0
2079-FBMZK,6,Month-to-month,69.25,418.4,3,0,0,Fiber optic,Mailed check,1,0,0,0,0,146.1,1
6332-FBZRI,67,One year,69.35,4653.25,0,1,1,DSL,Credit card (automatic),1,0,1,1,4,112.8,0
2096-XOTMO,16,Month-to-month,19.35,275.9,2,0,0,No,Mailed check,0,0,1,1,0,35.2,0
3266-FTKHB,17,Two year,19.15,343.45,1,0,0,No,Mailed check,0,0,0,0,0,35.8,0
8221-EQDGL,35,Month-to-month,61.0,2130.45,1,0,1,DSL,Mailed check,0,0,1,0,3,88.9,0
2346-LOCWC,58,Two year,20.5,1191.4,2,0,0,No,Credit card (automatic),0,0,1,1,0,42.0,0
6608-QQLVK,1,Month-to-month,50.5,50.5,5,0,0,DSL,Electronic check,1,0,0,0,1,82.0,1
0298-XACET,52,Two year,50.2,2554.0,1,1,0,DSL,Mailed check,0,0,1,1,4,102.2,0
7560-QJAVJ,70,Two year,79.6,5589.45,0,1,1,DSL,Bank transfer (automatic),0,0,0,0,5,234.9,0
2995-YWTCD,19,Two year,24.9,467.7,2,0,0,No,Bank transfer (automatic),1,0,1,1,0,46.0,0
3551-HUAZH,1,Month-to-month,74.4,74.4,7,0,0,Fiber optic,Electronic check,1,1,0,0,0,123.3,1
9137-UIYPG,35,Month-to-month,106.9,3756.45,1,1,1,Fiber optic,Electronic check,1,0,1,1,5,270.7,0
2809-ZMYOQ,32,Month-to-month,101.35,3334.9,2,0,0,Fiber optic,Electronic check,1,0,0,0,3,329.4,0
5084-OOVCJ,17,Month-to-month,55.35,920.5,0,1,1,DSL,Credit card (automatic),1,0,1,1,2,110.2,0
0254-WWRKD,67,One year,50.55,3431.75,0,0,0,DSL,Credit card (automatic),0,0,1,1,1,91.3,0
7727-SHVZV,9,Month-to-month,19.5,150.35,2,0,0,No,Bank transfer (automatic),0,0,0,0,0,33.3,0
6302-JGYRJ,31,One year,79.45,2587.7,1,1,0,DSL,Mailed check,1,0,0,1,4,284.9,1
5339-PXDVH,4,Month-to-month,90.65,367.95,1,0,1,Fiber optic,Electronic check,0,0,0,0,2,190.4,0
2205-LPVGL,58,One year,89.85,5125.75,2,1,1,Fiber optic,Bank transfer (automatic),1,1,1,1,3,114.8,0
8782-NUUOL,60,One year,79.0,4801.1,0,1,1,DSL,Mailed check,0,0,0,0,5,263.3,0
3685-YLCMQ,58,One year,104.65,6219.6,1,1,0,Fiber optic,Electronic check,1,0,0,0,4,248.9,1
7601-WFVZV,1,Month-to-month,19.55,19.55,2,0,0,No,Mailed check,0,0,0,0,0,23.8,0
4609-KNNWG,27,Two year,19.9,550.1,0,0,0,No,Mailed check,0,0,1,1,0,28.4,0
4868-AADLV,66,One year,116.25,7862.25,1,1,1,Fiber optic,Electronic check,1,1,1,1,6,230.9,0
9529-OFXHY,15,Month-to-month,87.75,1242.2,4,0,1,Fiber optic,Bank transfer (automatic),1,0,0,0,2,133.1,0
8634-MPHTR,47,Month-to-month,100.05,4871.05,4,0,0,Fiber optic,Electronic check,1,1,1,0,3,231.0,1
2669-QVCRG,41,Month-to-month,81.3,3190.65,2,0,1,Fiber optic,Credit card (automatic),1,0,0,0,1,133.5,0
2478-EEWWM,59,Month-to-month,44.3,2666.75,5,0,0,DSL,Electronic check,1,0,1,0,2,199.1,0
9174-IHETN,50,Two year,70.35,3533.6,4,0,0,Fiber optic,Credit card (automatic),0,0,0,1,0,125.2,0
2233-TXSIU,17,One year,44.45,792.15,2,0,1,DSL,Credit card (automatic),0,0,1,1,3,109.7,0
9644-UMGQA,6,Month-to-month,49.15,295.65,1,0,1,DSL,Electronic check,1,0,1,1,1,86.4,0
3256-EZDBI,51,Month-to-month,29.45,1459.35,5,0,0,DSL,Credit card (automatic),1,1,1,0,1,54.6,0
8761-NSOBC,44,Month-to-month,100.55,4398.15,0,1,0,Fiber optic,Electronic check,0,0,0,0,4,300.1,1
0419-YAAPX,49,Month-to-month,85.3,4297.95,4,0,0,Fiber optic,Credit card (automatic),1,0,1,0,2,231.8,0
8413-VONUO,2,Month-to-month,95.65,167.3,6,0,0,Fiber optic,Electronic check,0,0,0,0,3,178.6,1
0872-CASZJ,59,One year,69.1,4096.9,0,1,1,DSL,Mailed check,1,0,1,0,3,128.3,0
4726-DLWQN,50,Month-to-month,70.35,3454.6,1,0,1,DSL,Bank transfer (automatic),1,1,0,0,3,166.4,0
8164-OCKUJ,59,Two year,20.6,1286.0,2,0,0,No,Mailed check,0,0,1,1,0,47.8,0
3094-JOJAI,18,Month-to-month,74.15,1387.0,3,0,0,Fiber optic,Mailed check,0,0,0,0,0,123.8,0
9494-MRNYX,10,Month-to-month,75.05,786.3,3,0,0,Fiber optic,Electronic check,0,0,0,0,0,157.3,0
2599-CZABP,14,One year,44.6,641.25,0,0,0,DSL,Electronic check,0,0,1,0,0,73.7,0
7945-PRBVF,35,Two year,21.45,705.45,2,0,0,No,Bank transfer (automatic),0,0,0,0,0,35.4,0
4544-RXFMG,8,One year,43.45,345.5,4,0,0,DSL,Mailed check,1,0,1,1,0,75.3,0
0859-YGKFW,18,One year,20.05,345.9,0,0,0,No,Bank transfer (automatic),0,0,1,1,0,43.7,0
1150-FTQGN,60,One year,94.15,5811.8,0,0,1,Fiber optic,Bank transfer (automatic),0,0,1,1,3,194.8,0
9223-UCPVT,1,Month-to-month,94.4,94.4,3,0,0,Fiber optic,Electronic check,0,0,0,0,3,253.2,1
7196-LIWRH,6,Two year,19.55,124.45,1,0,0,No,Mailed check,0,0,0,0,0,37.0,0
5448-VWNAM,19,Month-to-month,75.9,1375.6,0,1,1,DSL,Mailed check,1,0,0,1,4,201.3,0
1177-XZBJL,53,One year,64.15,3491.55,0,1,1,DSL,Bank transfer (automatic),0,0,1,1,3,116.8,0
3518-FSTWG,72,Two year,109.55,7920.7,1,0,1,Fiber optic,Bank transfer (automatic),1,1,1,0,5,314.9,0
9330-VOFSZ,60,Two year,110.8,6640.7,2,1,0,Fiber optic,Credit card (automatic),1,0,1,0,5,351.2,0
4351-QLCSU,1,Month-to-month,55.0,55.0,3,0,0,DSL,Credit card (automatic),1,0,0,0,1,156.0,1
0939-EREMR,13,Month-to-month,53.45,718.1,1,1,0,DSL,Mailed check,0,0,0,1,2,91.1,0
9389-ACWBI,5,Month-to-month,69.95,320.4,5,0,0,Fiber optic,Credit card (automatic),0,0,1,1,0,123.7,0
5419-JPRRN,1,Month-to-month,101.45,101.45,5,0,0,Fiber optic,Electronic check,1,0,0,0,3,274.4,1
3644-QXEHN,13,Month-to-month,97.0,1334.45,2,0,0,Fiber optic,Electronic check,0,0,1,1,3,245.3,0
2911-IJORQ,37,One year,90.6,3358.65,0,1,1,DSL,Bank transfer (automatic),1,0,0,0,6,203.0,0
5921-NGYRH,64,Month-to-month,73.55,4764.0,1,0,1,Fiber optic,Mailed check,1,0,1,0,1,114.3,0
2100-BDNSN,5,Month-to-month,67.95,350.3,0,1,0,DSL,Bank transfer (automatic),0,0,1,0,3,149.3,1
5998-DZLYR,61,Two year,94.35,5703.0,1,1,0,Fiber optic,Bank transfer (automatic),1,0,1,0,3,148.7,0
0488-GSLFR,1,Month-to-month,69.5,69.5,7,0,0,Fiber optic,Electronic check,1,0,0,0,0,180.1,1
9318-NKNFC,1,Month-to-month,18.85,18.85,5,0,0,No,Mailed check,1,0,0,0,0,38.4,1
3985-HOYPM,26,One year,19.4,525.55,1,0,0,No,Mailed check,0,0,0,0,0,32.1,0
9728-FTTVZ,1,Month-to-month,69.2,69.2,0,0,0,Fiber optic,Electronic check,1,0,0,0,0,111.1,1
9548-LERKT,24,Two year,19.75,483.15,2,0,0,No,Mailed check,0,0,1,0,0,42.2,0
6576-FBXOJ,17,One year,54.6,934.8,0,1,0,DSL,Electronic check,0,0,1,0,4,141.2,0
4310-KEDTB,26,Month-to-month,29.8,786.5,3,0,0,DSL,Mailed check,1,0,0,1,1,45.6,0
7254-IQWOZ,1,Month-to-month,69.65,69.65,3,0,0,Fiber optic,Electronic check,1,0,0,0,0,145.3,1
2474-BRUCM,40,Month-to-month,101.85,4086.3,1,0,1,Fiber optic,Electronic check,0,1,1,0,3,261.2,1
4062-HBMOS,52,Month-to-month,103.05,5364.8,4,0,0,Fiber optic,Electronic check,1,0,0,0,4,297.4,0
0742-NXBGR,1,Month-to-month,82.3,82.3,1,0,0,Fiber optic,Electronic check,1,0,0,0,2,151.1,1
2676-ISHSF,1,Month-to-month,20.3,20.3,3,0,0,No,Mailed check,0,0,0,0,0,36.7,0
9236-NDUCW,21,Two year,35.1,770.4,0,1,1,DSL,Mailed check,0,0,0,0,2,57.3,0
4753-PADAS,67,One year,105.7,6816.95,6,0,0,Fiber optic,Bank transfer (automatic),1,0,1,0,4,290.8,0
6103-QCKFX,44,Month-to-month,56.25,2419.55,0,1,1,DSL,Bank transfer (automatic),0,0,1,1,2,105.3,0
7781-EWARA,70,One year,60.35,4138.7,4,1,0,DSL,Electronic check,0,0,1,1,5,195.9,0
6110-OHIHY,3,Month-to-month,79.25,267.6,2,0,0,Fiber optic,Electronic check,0,0,0,0,1,171.6,1
7018-FPXHH,56,Two year,59.8,3457.45,0,0,1,DSL,Bank transfer (automatic),1,0,1,1,3,127.5,0
5889-LFOLL,13,Month-to-month,84.6,1115.2,3,0,0,Fiber optic,Electronic check,1,0,0,0,1,195.0,1
5708-EVONK,58,Month-to-month,93.4,5435.6,0,0,1,Fiber optic,Bank transfer (automatic),1,0,1,1,3,227.8,1
8708-XPXHZ,42,Month-to-month,94.2,4186.3,1,0,0,Fiber optic,Electronic check,1,0,1,1,2,206.7,1
0616-ATFGB,1,Month-to-month,25.05,25.05,3,0,0,DSL,Electronic check,0,1,1,0,0,34.1,1
0572-ZJKLT,46,Two year,99.65,4630.2,2,1,1,Fiber optic,Mailed check,0,0,1,1,4,244.4,0
5135-RDDQL,63,Two year,50.65,3221.25,0,0,1,DSL,Bank transfer (automatic),1,0,1,1,1,82.6,0
1353-LJWEM,11,Month-to-month,60.9,688.5,2,1,0,DSL,Electronic check,1,0,0,0,3,96.2,0
1794-SWWKL,15,Month-to-month,59.65,867.1,0,1,0,DSL,Bank transfer (automatic),1,0,1,1,2,113.7,0
6166-YIPFO,72,Two year,64.7,4746.05,0,1,1,DSL,Electronic check,1,0,1,0,6,236.6,0
7016-BPGEU,29,Month-to-month,25.1,712.85,4,0,0,DSL,Credit card (automatic),1,0,0,0,0,43.5,1
6876-ADESB,1,Month-to-month,48.95,48.95,2,0,0,DSL,Electronic check,0,0,0,1,1,84.6,1
9332-GYWLO,6,Month-to-month,54.85,355.1,0,0,0,DSL,Electronic check,0,0,1,1,1,148.5,0
1963-SVUCV,1,Month-to-month,45.3,45.3,1,0,0,DSL,Electronic check,0,0,0,0,0,88.6,1
4184-VODJZ,63,One year,91.35,5764.7,0,0,0,Fiber optic,Electronic check,1,0,1,1,2,207.3,0
0220-EBGCE,2,Month-to-month,85.85,167.3,4,0,0,Fiber optic,Electronic check,1,0,0,0,2,142.5,1
1092-WPIVQ,18,Two year,25.1,428.45,3,0,0,No,Mailed check,0,0,1,1,0,50.6,0
7233-IOQNP,43,Month-to-month,34.0,1505.35,0,1,1,DSL,Bank transfer (automatic),0,0,1,0,2,54.3,0
2834-JKOOW,15,One year,45.9,693.45,0,1,1,DSL,Mailed check,0,0,0,0,4,108.8,0
2754-VDLTR,10,Month-to-month,95.2,930.4,2,0,0,Fiber optic,Electronic check,0,0,0,1,2,226.3,1
2400-FEQME,55,Two year,20.5,1177.95,0,0,0,No,Mailed check,0,0,1,1,0,38.3,0
3190-XFANI,49,One year,100.6,5069.65,2,1,0,Fiber optic,Bank transfer (automatic),1,0,0,1,3,260.0,1
7551-DACSP,6,Month-to-month,55.3,324.25,1,0,0,DSL,Mailed check,1,0,1,1,2,103.0,1
4957-SREEC,70,Two year,20.35,1458.1,1,0,0,No,Credit card (automatic),0,0,1,1,0,50.6,0
7235-NXZCP,2,Month-to-month,74.85,156.4,3,0,0,Fiber optic,Mailed check,1,1,0,0,0,130.2,1
0230-UBYPQ,63,One year,36.1,2298.9,0,1,1,DSL,Bank transfer (automatic),0,1,1,0,2,75.3,0
4923-ADWXJ,25,Month-to-month,65.8,1679.65,1,1,0,DSL,Bank transfer (automatic),1,0,0,0,3,159.3,0
1763-KUAAW,18,One year,20.35,369.6,2,0,0,No,Bank transfer (automatic),0,1,0,0,0,34.9,0
1104-TNLZA,28,Month-to-month,105.8,2998.0,0,1,0,Fiber optic,Electronic check,1,1,1,0,4,302.7,0
5195-KPUNQ,53,One year,96.75,5206.55,3,1,1,Fiber optic,Mailed check,1,1,0,0,4,226.1,0
0520-FDVVT,35,One year,102.35,3626.1,3,0,0,Fiber optic,Bank transfer (automatic),1,0,0,0,4,258.3,1
3439-GVUSX,1,Month-to-month,24.4,24.4,2,0,0,DSL,Mailed check,0,0,0,0,0,37.7,0
1444-VVSGW,70,One year,115.65,7968.85,1,1,1,Fiber optic,Credit card (automatic),0,0,1,0,6,307.9,1
5712-PTIWW,2,Month-to-month,79.85,152.45,5,1,0,Fiber optic,Electronic check,1,0,0,0,2,218.0,1
5949-HGVJL,26,Month-to-month,73.05,1959.5,1,1,0,DSL,Electronic check,1,0,1,0,4,208.3,0
5203-XEHAX,34,One year,64.35,2053.05,1,0,1,DSL,Electronic check,0,0,0,0,3,171.4,0
1635-HDGFT,19,Two year,20.5,398.55,5,0,0,No,Mailed check,0,0,0,1,0,33.9,0
3315-TOTBP,15,Month-to-month,76.0,1130.85,7,0,0,Fiber optic,Mailed check,1,0,0,0,0,208.9,1
8050-XGRVL,62,One year,54.75,3425.35,0,0,1,DSL,Credit card (automatic),0,0,1,1,2,77.9,0
6661-HBGWL,42,Month-to-month,104.75,4323.45,2,0,0,Fiber optic,Bank transfer (automatic),1,1,0,0,4,246.4,1
1518-VOWAV,9,Month-to-month,74.65,703.55,0,0,1,DSL,Electronic check,1,0,0,0,4,154.9,1
9828-QHFBK,24,Month-to-month,51.15,1275.7,0,0,1,DSL,Electronic check,1,0,0,0,1,102.1,0
3908-MKIMJ,68,Two year,41.95,2965.75,1,0,1,DSL,Electronic check,1,1,1,0,3,77.7,0
5012-YSPJJ,31,Month-to-month,54.35,1647.0,0,1,0,DSL,Mailed check,0,0,1,1,2,104.7,0
5909-ECHUI,1,Month-to-month,56.25,56.25,2,0,0,DSL,Electronic check,1,0,0,0,1,141.8,1
1309-BXVOQ,21,Month-to-month,106.1,2249.95,1,1,0,Fiber optic,Electronic check,1,0,1,0,4,336.1,1
6728-VOIFY,63,One year,96.0,6109.75,2,0,0,Fiber optic,Electronic check,1,0,1,0,3,306.5,0
9317-WZPGV,2,Month-to-month,79.75,159.4,5,0,0,Fiber optic,Bank transfer (automatic),1,1,0,0,1,216.9,1
4891-NLUBA,61,Two year,61.45,3751.15,0,1,0,DSL,Bank transfer (automatic),1,0,1,1,5,114.6,0
2856-HYAPG,1,Month-to-month,68.65,68.65,1,0,0,Fiber optic,Electronic check,0,0,0,0,0,107.3,1
8969-PRHFK,18,One year,19.65,411.25,4,0,0,No,Mailed check,0,0,0,0,0,36.1,0
0661-KQHNK,6,One year,19.0,105.5,0,0,0,No,Credit card (automatic),0,0,1,1,0,39.0,0
8709-KRDVL,33,Month-to-month,100.0,3320.6,4,0,0,Fiber optic,Electronic check,1,0,0,0,3,154.0,0
4488-PSYCG,16,Month-to-month,20.25,327.45,1,0,0,No,Bank transfer (automatic),0,0,0,0,0,45.4,1
1427-VERSM,56,Month-to-month,98.7,5669.5,1,1,0,Fiber optic,Electronic check,1,0,1,0,4,272.2,0
9801-NOSHQ,23,One year,19.8,465.45,1,0,0,No,Mailed check,0,0,0,1,0,44.4,0
6339-YPSAH,9,Month-to-month,73.8,704.3,1,0,0,Fiber optic,Electronic check,1,0,0,0,1,110.2,0
3621-CEOVK,14,Month-to-month,100.2,1369.8,4,0,0,Fiber optic,Electronic check,1,1,1,0,3,231.7,1
6906-ANDWJ,15,Month-to-month,74.9,1107.25,1,0,0,Fiber optic,Bank transfer (automatic),1,0,1,1,0,114.3,1
2159-TURXX,5,Month-to-month,20.05,95.55,4,0,0,No,Credit card (automatic),0,0,0,0,0,32.9,0
1548-FEHVL,61,Month-to-month,106.2,6375.2,3,0,1,Fiber optic,Electronic check,1,0,1,0,4,240.8,0
3795-CAWEX,70,Two year,116.55,8152.3,0,1,1,Fiber optic,Credit card (automatic),1,0,1,1,6,215.1,0
6215-NQCPY,15,Month-to-month,99.7,1566.75,1,0,1,Fiber optic,Electronic check,1,0,0,0,3,311.5,0
5647-URDKA,8,Two year,19.7,130.25,3,0,0,No,Mailed check,0,0,1,1,0,38.5,0
2229-DPMBI,8,Two year,19.5,162.15,2,0,0,No,Mailed check,0,0,1,1,0,30.9,0
9626-WEQRM,4,Month-to-month,29.15,110.05,4,0,1,DSL,Mailed check,1,0,0,0,1,36.5,0
2188-SXWVT,34,One year,55.0,1885.15,1,0,1,DSL,Mailed check,0,0,0,0,2,116.8,0
6258-PVZWJ,68,Two year,90.8,6302.85,0,1,1,DSL,Credit card (automatic),1,0,1,0,6,160.8,0
1094-BKOSX,45,One year,51.0,2264.5,2,1,0,DSL,Bank transfer (automatic),0,0,1,1,4,110.4,0
6969-MVBAI,9,Month-to-month,90.1,816.8,1,0,0,Fiber optic,Electronic check,1,1,0,0,2,164.3,0
2978-XXSOG,22,Month-to-month,59.05,1253.5,0,1,1,DSL,Mailed check,1,0,0,0,2,94.9,0
2342-CKIAO,2,Month-to-month,20.3,41.2,5,0,0,No,Mailed check,0,0,0,0,0,39.2,0
6953-PBDIN,70,Two year,72.95,5265.55,2,1,0,DSL,Bank transfer (automatic),0,0,1,0,4,194.1,0
3898-BSJYF,10,One year,73.55,693.3,0,1,1,DSL,Credit card (automatic),0,0,0,1,4,181.1,0
3938-YFPXD,72,Two year,84.3,5997.1,1,1,1,DSL,Credit card (automatic),0,0,0,0,5,191.7,0
7696-AMHOD,49,One year,78.0,3824.2,6,0,0,DSL,Credit card (automatic),0,0,1,1,4,264.3,0
2453-SAFNS,54,One year,72.1,3886.05,1,1,0,DSL,Mailed check,0,1,0,0,3,200.8,0
9558-IHEZX,71,Two year,106.75,7283.25,2,0,1,Fiber optic,Credit card (automatic),1,0,0,0,5,305.1,0
9617-UDPEU,22,One year,19.25,412.55,4,0,0,No,Mailed check,1,0,0,0,0,47.2,0
6340-DACFT,50,Two year,20.55,1070.25,1,0,0,No,Credit card (automatic),0,0,1,1,0,31.1,0
4955-VCWBI,43,One year,20.0,817.95,3,0,0,No,Mailed check,0,0,1,1,0,31.9,0
6813-GZQCG,45,Two year,24.65,1171.3,1,0,0,No,Credit card (automatic),1,0,1,1,0,39.3,0
7426-GSWPO,64,Month-to-month,103.5,6548.65,1,0,1,Fiber optic,Bank transfer (automatic),1,1,0,0,4,242.0,0
3389-KTRXV,23,Two year,23.85,625.65,3,0,0,No,Mailed check,0,0,1,1,0,47.2,0
3118-UHVVQ,68,Two year,25.8,1911.5,2,0,0,No,Credit card (automatic),0,0,1,0,0,48.0,0
1031-IIDEO,1,Month-to-month,70.85,70.85,2,0,0,Fiber optic,Electronic check,1,0,0,0,0,120.0,1
5832-XKAES,2,Month-to-month,69.8,134.7,8,0,0,Fiber optic,Credit card (automatic),1,0,0,0,0,147.8,1
3205-MXZRA,26,One year,59.45,1507.0,1,1,0,DSL,Credit card (automatic),0,0,0,0,2,145.5,0
4701-AHWMW,55,Month-to-month,54.55,2978.3,0,1,0,DSL,Bank transfer (automatic),1,0,1,0,4,163.5,1
8317-BVKSO,14,Month-to-month,20.05,299.3,0,0,0,No,Electronic check,1,0,0,0,0,32.7,0
5702-KVQRD,71,Two year,82.55,5832.65,0,1,1,DSL,Electronic check,1,0,1,0,5,183.9,0
0083-PIVIK,64,One year,81.25,5567.55,0,1,1,DSL,Electronic check,0,0,0,0,5,180.0,0
9210-IAHGH,7,Month-to-month,70.75,450.8,0,1,0,DSL,Credit card (automatic),1,0,0,0,3,180.4,1
6169-PGNCD,57,Two year,74.3,4166.35,0,1,1,DSL,Credit card (automatic),1,0,0,0,5,171.0,0
0023-XUOPT,13,Month-to-month,94.1,1215.6,3,0,0,Fiber optic,Electronic check,0,0,1,0,3,221.4,1
4592-IWTJI,3,Month-to-month,29.7,91.7,5,0,1,DSL,Credit card (automatic),0,0,1,1,1,57.2,1
4909-JOUPP,72,Two year,109.7,7898.45,1,1,0,Fiber optic,Credit card (automatic),0,1,1,0,5,258.6,0
4657-FWVFY,40,Month-to-month,96.35,3915.4,6,0,0,Fiber optic,Credit card (automatic),1,0,1,1,3,274.6,0
2257-BOVXD,14,Month-to-month,66.6,979.5,0,1,0,DSL,Credit card (automatic),1,0,1,0,2,132.1,0
7729-JTEEC,2,Month-to-month,44.5,90.05,2,0,0,DSL,Electronic check,1,0,1,1,0,88.7,0
7632-MNYOY,66,One year,110.9,7432.05,0,1,0,Fiber optic,Credit card (automatic),0,1,0,0,5,280.8,1
6518-LGAOV,38,Month-to-month,105.0,4026.4,2,1,0,Fiber optic,Electronic check,1,0,1,0,4,280.6,1
7242-QZLXF,1,Month-to-month,25.3,25.3,4,0,0,DSL,Electronic check,1,0,0,1,0,40.9,1
4576-CSAJH,22,One year,55.15,1193.05,0,1,0,DSL,Credit card (automatic),1,0,0,0,2,87.6,1
1000-AJSLD,1,Month-to-month,20.1,20.1,6,0,0,No,Mailed check,1,0,0,0,0,39.7,1
9696-RMYBA,5,Month-to-month,80.1,398.55,3,0,0,Fiber optic,Mailed check,1,0,0,0,1,136.2,0
8690-UPCZI,29,One year,69.05,1958.45,0,1,1,DSL,Bank transfer (automatic),0,0,1,1,3,167.6,0
1062-LHZOD,1,Month-to-month,69.9,69.9,4,0,0,Fiber optic,Mailed check,1,0,1,1,0,98.0,1
9770-LXDBK,3,Month-to-month,20.4,63.15,2,0,0,No,Mailed check,0,0,0,0,0,26.5,0
4086-WITJG,71,Two year,19.7,1301.1,3,0,0,No,Credit card (automatic),0,0,1,1,0,35.8,0
8344-WFMFH,9,Month-to-month,50.1,484.05,3,0,0,DSL,Electronic check,1,0,0,1,1,82.4,0
9600-NAXZN,43,Month-to-month,101.4,4528.0,2,0,0,Fiber optic,Electronic check,1,0,0,0,3,339.1,1
8822-KNBHV,48,One year,83.45,3887.85,1,0,1,DSL,Credit card (automatic),1,0,0,0,5,169.0,0
8404-FYDIB,26,Month-to-month,86.65,2208.75,2,0,1,Fiber optic,Credit card (automatic),1,0,0,0,2,159.3,0
2791-SFVEW,9,Month-to-month,20.15,238.15,0,0,0,No,Bank transfer (automatic),0,0,0,0,0,36.8,0
6457-USBER,1,Month-to-month,80.8,80.8,6,0,0,Fiber optic,Electronic check,1,0,0,0,1,190.0,1
6762-NSODU,46,Two year,19.4,958.15,2,0,0,No,Credit card (automatic),0,0,1,1,0,32.4,0
4662-EKDPQ,2,Month-to-month,62.05,118.3,1,0,0,DSL,Bank transfer (automatic),0,0,0,0,1,114.6,1
9248-OJYKK,1,Month-to-month,76.45,76.45,3,0,0,Fiber optic,Electronic check,1,1,0,0,0,152.7,1
9888-ZCUMM,64,Two year,60.05,3845.45,0,1,1,DSL,Bank transfer (automatic),1,0,1,1,5,209.1,0
3398-FSHON,12,Month-to-month,91.3,1094.5,3,0,0,Fiber optic,Electronic check,1,1,0,0,2,216.1,1
3319-DWOEP,6,Month-to-month,95.75,573.75,3,0,0,Fiber optic,Electronic check,1,1,1,0,3,262.6,1
1074-WVEVG,59,One year,20.35,1267.0,2,0,0,No,Mailed check,0,0,1,0,0,43.2,0
9979-RGMZT,7,One year,94.05,633.45,2,0,0,Fiber optic,Mailed check,1,0,0,0,3,286.0,0
6437-UDQJM,72,Two year,84.1,6129.65,1,0,1,DSL,Credit card (automatic),1,1,1,0,5,255.5,0
1226-IENZN,16,Month-to-month,78.75,1218.25,2,0,0,Fiber optic,Electronic check,1,1,0,0,1,164.4,0
2108-GLPQB,25,Month-to-month,55.55,1405.3,2,0,0,DSL,Credit card (automatic),0,0,1,0,1,115.2,0
9259-PACGQ,34,Month-to-month,62.65,2274.9,0,1,1,DSL,Electronic check,0,0,1,0,3,97.9,1
4415-IJZTP,1,Month-to-month,74.5,74.5,7,0,0,Fiber optic,Electronic check,1,0,0,0,0,141.9,1
1465-VINDH,10,Month-to-month,102.1,1068.85,2,0,0,Fiber optic,Credit card (automatic),1,0,1,1,4,223.9,1
5474-LAMUQ,24,One year,20.1,533.9,3,0,0,No,Mailed check,0,0,1,0,0,35.3,0
3468-DRVQJ,10,One year,70.3,676.15,1,0,1,DSL,Electronic check,0,0,1,1,3,186.3,0
1122-YJBCS,69,One year,53.65,3804.4,2,0,1,DSL,Credit card (automatic),1,0,1,0,2,92.0,0
4990-ALDGW,57,Two year,20.75,1118.8,2,0,0,No,Mailed check,0,0,0,0,0,42.7,0
4816-OKWNX,50,One year,103.4,5236.4,2,1,0,Fiber optic,Bank transfer (automatic),1,0,1,1,5,247.0,0
3315-IKYZQ,28,One year,50.8,1386.8,0,1,1,DSL,Mailed check,0,0,1,1,4,164.4,0
2810-FTLEM,16,Month-to-month,50.15,762.25,3,0,1,DSL,Electronic check,1,0,0,0,1,88.1,1
4747-LCAQL,25,Month-to-month,79.0,1902.0,0,1,1,DSL,Mailed check,1,0,0,0,5,309.3,0
3411-WLRSQ,3,Month-to-month,74.6,239.05,4,0,0,Fiber optic,Bank transfer (automatic),1,1,1,0,1,148.8,0
0898-XCGTF,61,One year,96.5,5673.7,1,0,0,Fiber optic,Bank transfer (automatic),1,0,1,0,2,252.2,0
8006-PYCSW,2,Month-to-month,20.1,39.8,3,0,0,No,Mailed check,0,0,0,0,0,30.1,0
8249-THVEC,51,One year,19.4,997.75,1,0,0,No,Mailed check,0,0,1,1,0,32.7,0
8722-PRFDV,71,Two year,77.55,5574.35,2,0,1,DSL,Credit card (automatic),0,0,1,1,4,284.8,0
2164-SOQXL,20,Month-to-month,20.05,406.05,4,0,0,No,Mailed check,0,0,1,1,0,29.3,0
4020-KIUDI,6,Month-to-month,19.85,138.85,4,0,0,No,Credit card (automatic),0,0,1,1,0,27.3,0
5850-BDWCY,6,Month-to-month,20.2,123.65,0,0,0,No,Mailed check,0,0,0,0,0,38.0,0
2038-YSEZE,29,Month-to-month,67.45,1801.1,0,1,1,DSL,Mailed check,0,0,0,0,3,144.4,0
0827-ITJPH,36,Two year,18.55,689.0,3,0,0,No,Credit card (automatic),1,0,0,0,0,31.5,0
8799-OXZMD,28,Month-to-month,29.75,790.7,1,0,0,DSL,Mailed check,1,0,0,0,1,46.6,0
1925-TIBLE,7,Month-to-month,86.5,582.5,1,0,0,Fiber optic,Electronic check,1,0,1,0,1,189.1,1
1705-GUHPV,63,Two year,24.2,1618.2,2,0,0,No,Mailed check,0,0,0,0,0,42.1,0
4779-ZGICK,48,Two year,23.55,1173.35,1,0,0,No,Mailed check,0,0,1,1,0,49.6,0
0048-PIHNL,49,One year,20.45,900.9,4,0,0,No,Bank transfer (automatic),0,0,1,0,0,47.2,0
0818-OCPZO,27,Month-to-month,81.45,2122.05,3,0,0,Fiber optic,Electronic check,1,1,0,0,1,143.3,1
3967-KXAPS,72,Two year,92.3,6719.9,0,1,1,DSL,Credit card (automatic),0,0,1,0,6,215.5,0
1447-GIQMR,1,Month-to-month,69.15,69.15,2,0,0,Fiber optic,Electronic check,1,0,1,0,0,102.0,1
3704-IEAXF,72,Two year,53.65,3784.0,1,1,0,DSL,Credit card (automatic),0,0,1,1,4,130.4,0
6810-VCAEX,47,One year,39.65,1798.65,0,1,1,DSL,Credit card (automatic),0,0,0,0,3,70.6,0
0674-EYYZV,1,Month-to-month,54.65,54.65,2,0,0,DSL,Electronic check,1,0,0,0,1,105.8,0
4480-MBMLB,36,One year,104.8,3886.45,2,0,0,Fiber optic,Bank transfer (automatic),1,0,0,0,4,297.3,0
1395-OFUWC,43,Month-to-month,29.3,1224.05,1,0,0,DSL,Credit card (automatic),0,0,1,1,1,50.8,0
0822-QGCXA,27,Month-to-month,83.85,2310.2,2,1,0,DSL,Electronic check,0,1,1,0,5,206.3,0
0872-NXJYS,9,Month-to-month,79.55,723.4,5,0,0,Fiber optic,Electronic check,1,0,0,0,1,222.8,1
2832-KJCRD,38,Month-to-month,103.65,3988.5,1,1,0,Fiber optic,Electronic check,1,0,0,0,4,196.6,0
3588-WSTTJ,35,Month-to-month,99.05,3554.6,1,0,1,Fiber optic,Electronic check,1,1,0,0,3,293.3,0
4075-WKNIU,0,Two year,73.35,0.0,3,1,0,DSL,Mailed check,0,0,1,1,4,174.7,0
5090-EMGTC,59,Two year,100.05,6034.85,0,1,0,Fiber optic,Mailed check,1,0,1,0,4,270.0,0
2346-CZYIL,27,Two year,20.35,531.6,2,0,0,No,Credit card (automatic),0,0,0,0,0,36.5,0
3798-EPWRR,2,Month-to-month,43.95,85.1,2,0,0,DSL,Electronic check,0,1,0,0,0,65.5,0
6258-NGCNG,7,Month-to-month,23.5,173.0,1,0,0,No,Mailed check,0,0,0,0,0,46.1,0
4186-ZBUEW,36,One year,70.7,2511.95,3,1,0,DSL,Mailed check,1,0,0,0,3,197.2,0
5274-XHAKY,41,Month-to-month,94.3,3893.6,0,0,1,Fiber optic,Bank transfer (automatic),1,0,1,1,3,145.5,0
1442-BQPVU,13,Month-to-month,29.15,357.15,3,0,0,DSL,Electronic check,0,0,0,0,1,53.2,0
3978-YNKDD,19,Two year,20.85,467.5,2,0,0,No,Credit card (automatic),0,0,0,1,0,36.8,0
4940-KHCWD,60,Two year,37.7,2288.7,0,1,1,DSL,Bank transfer (automatic),0,0,1,0,3,64.7,0
9412-ARGBX,48,Two year,95.5,4627.85,0,1,0,Fiber optic,Mailed check,1,0,0,1,4,224.6,1
1389-CXMLU,3,Month-to-month,91.05,289.1,3,0,0,Fiber optic,Electronic check,0,1,0,0,2,197.5,1
9589-ABEPT,69,Two year,92.45,6460.55,2,1,0,Fiber optic,Mailed check,1,0,1,0,3,193.5,0
9388-ZEYVT,43,One year,44.15,1931.3,0,1,0,DSL,Electronic check,0,0,0,0,3,140.8,0
0305-SQECB,11,One year,36.05,402.6,2,1,1,DSL,Mailed check,1,0,0,1,2,55.3,0
7605-SNLQG,45,Month-to-month,50.25,2221.55,1,0,0,DSL,Credit card (automatic),1,0,1,0,1,84.7,0
4670-TABXH,72,Two year,109.75,7758.9,1,1,0,Fiber optic,Credit card (automatic),1,0,1,0,5,259.2,0
5561-NWEVX,2,Month-to-month,79.2,172.85,3,0,0,Fiber optic,Electronic check,0,1,1,0,1,124.9,1
0064-SUDOG,12,Two year,20.3,224.5,1,0,0,No,Bank transfer (automatic),0,0,1,1,0,33.6,0
8561-NMTBD,67,One year,112.35,7388.45,2,1,0,Fiber optic,Credit card (automatic),1,0,1,1,5,341.2,0
5161-XEUVX,37,Two year,94.3,3460.95,2,1,0,Fiber optic,Mailed check,0,0,1,0,3,182.7,0
8292-FRFZQ,39,One year,41.15,1700.9,0,1,1,DSL,Bank transfer (automatic),0,0,0,0,3,101.8,0
8591-NXRCV,41,Month-to-month,74.65,3090.65,0,1,1,DSL,Bank transfer (automatic),1,0,0,0,4,132.2,0
7895-VONWT,25,Month-to-month,48.25,1293.8,2,0,0,DSL,Electronic check,1,0,0,0,3,105.2,0
4526-RMTLL,8,Two year,76.15,645.8,0,1,1,DSL,Credit card (automatic),1,0,1,1,4,157.7,0
6253-GNHWH,71,Two year,71.1,5224.95,0,1,1,DSL,Mailed check,0,0,1,1,4,102.9,0
4566-NECEV,5,Month-to-month,96.55,500.1,3,0,0,Fiber optic,Electronic check,0,0,0,0,3,253.2,0
8080-POTJR,30,One year,79.3,2427.1,0,0,1,DSL,Credit card (automatic),1,0,0,0,4,237.2,0
6906-MPARY,40,One year,89.6,3488.15,3,1,0,Fiber optic,Credit card (automatic),1,0,0,0,3,167.8,0
3662-FXJFO,54,Two year,20.5,1035.7,3,0,0,No,Mailed check,1,0,0,0,0,35.6,0
8107-RZLNV,72,Two year,106.3,7565.35,4,0,0,Fiber optic,Bank transfer (automatic),1,0,1,0,4,257.3,0
0516-OOHAR,28,One year,100.35,2799.0,3,0,0,Fiber optic,Bank transfer (automatic),0,0,1,1,4,363.0,0
2027-CWDNU,18,Month-to-month,85.6,1601.5,0,1,0,Fiber optic,Electronic check,1,0,1,1,2,197.4,0
2737-WFVYW,2,Month-to-month,45.25,85.5,3,0,0,DSL,Electronic check,1,0,0,0,2,167.3,1
9912-OMZDS,59,One year,106.15,6256.2,3,0,0,Fiber optic,Electronic check,1,0,1,1,4,291.7,0
3733-ZEECP,22,Month-to-month,51.1,1232.9,2,1,0,DSL,Electronic check,1,0,1,1,1,94.8,0
7878-RTCZG,1,Month-to-month,19.9,19.9,6,0,0,No,Mailed check,0,0,0,0,0,35.7,0
2452-MRMZF,72,Two year,25.7,1937.4,2,0,0,No,Credit card (automatic),1,1,1,0,0,40.0,0
2272-QAGFO,14,Month-to-month,74.3,1096.25,3,0,0,Fiber optic,Electronic check,1,1,0,0,0,135.0,1
7103-IPXPJ,50,One year,99.4,5059.75,3,1,0,Fiber optic,Electronic check,0,0,1,0,3,265.9,0
4342-HFXWS,48,One year,69.7,3023.65,0,1,1,DSL,Bank transfer (automatic),0,0,1,1,4,131.2,0
3545-CNWRG,49,Month-to-month,98.35,4889.2,3,0,0,Fiber optic,Electronic check,1,0,1,1,3,258.9,0
1785-BPHTP,28,Month-to-month,85.45,2289.9,4,0,0,Fiber optic,Electronic check,0,0,1,1,2,156.1,0
4989-LIXVT,68,Month-to-month,95.9,6503.2,5,0,0,Fiber optic,Electronic check,1,1,0,0,3,157.7,0
7315-WYOAW,13,Month-to-month,100.75,1313.25,1,1,0,Fiber optic,Electronic check,0,0,0,0,3,257.1,0
1173-XZPYF,11,Month-to-month,89.2,990.3,3,0,0,Fiber optic,Electronic check,1,0,0,0,2,215.3,0
9850-OWRHQ,3,Month-to-month,74.1,228.0,1,0,0,Fiber optic,Credit card (automatic),1,0,1,0,0,151.6,1
3768-NLUBH,57,Month-to-month,100.6,5746.15,2,0,0,Fiber optic,Electronic check,0,1,1,0,3,237.6,1
8676-TRMJS,3,Month-to-month,75.0,209.1,6,0,0,Fiber optic,Mailed check,0,0,0,0,0,104.4,1
2509-TFPJU,72,Two year,25.75,1864.2,2,0,0,No,Credit card (automatic),0,0,1,0,0,39.8,0
9530-GRMJG,70,Two year,84.1,5979.7,1,1,0,DSL,Electronic check,1,0,1,1,5,221.0,0
6898-RBTLU,49,Two year,79.3,3902.45,1,1,0,DSL,Bank transfer (automatic),0,0,1,1,4,217.7,0
5481-NTDOH,67,One year,107.05,7142.5,2,0,1,Fiber optic,Credit card (automatic),1,1,1,0,4,290.6,0
2068-WWXQZ,46,Two year,20.05,902.0,1,0,0,No,Bank transfer (automatic),0,0,0,0,0,34.9,0
7359-SSBJK,64,Two year,70.2,4481.0,0,1,1,DSL,Credit card (automatic),1,1,0,0,4,192.0,1
2061-VVFST,37,Month-to-month,19.5,805.2,0,0,0,No,Bank transfer (automatic),0,0,1,0,0,31.5,0
0685-MLYYM,2,Month-to-month,70.75,154.85,5,0,0,Fiber optic,Electronic check,0,1,0,0,0,135.7,1
0749-IRGQE,13,Month-to-month,45.3,528.45,5,0,0,DSL,Electronic check,0,1,1,0,2,176.4,0
2380-DAMQP,72,Two year,115.15,8349.7,0,1,1,Fiber optic,Electronic check,0,0,1,0,6,302.6,0
2256-YLYLP,68,Two year,72.95,4953.25,1,1,0,DSL,Bank transfer (automatic),1,0,1,1,4,227.3,0
1272-ILHFG,15,One year,19.65,332.65,1,0,0,No,Mailed check,0,0,1,1,0,29.3,0
0164-XAIRP,24,Two year,19.55,470.2,2,0,0,No,Bank transfer (automatic),1,0,0,0,0,39.7,0
5666-CYCYZ,24,Month-to-month,89.55,2259.35,1,1,0,Fiber optic,Electronic check,1,0,0,0,2,184.6,0
4011-ARPHK,27,Month-to-month,50.35,1411.35,2,0,1,DSL,Mailed check,0,0,0,0,1,87.7,0
8182-PNAGI,12,Month-to-month,50.25,593.75,2,1,0,DSL,Bank transfer (automatic),0,0,0,0,1,76.1,1
6365-HITVU,71,Two year,87.25,6328.7,0,1,1,DSL,Credit card (automatic),0,0,1,1,6,249.1,0
7558-IMLMT,67,Two year,20.8,1411.9,2,0,0,No,Mailed check,1,0,1,1,0,34.8,0
9488-FYQAU,63,Two year,109.25,6841.4,4,1,0,Fiber optic,Bank transfer (automatic),1,0,1,0,5,246.7,0
3590-TCXTB,1,Month-to-month,20.35,20.35,3,0,0,No,Mailed check,0,0,0,0,0,40.2,0
6994-KERXL,4,Month-to-month,55.9,238.5,3,0,0,DSL,Electronic check,1,0,0,0,1,123.7,0
7957-RYHQD,40,Month-to-month,79.2,3233.85,2,0,1,Fiber optic,Credit card (automatic),1,1,0,0,2,149.7,1
2180-DXNEG,12,Month-to-month,96.0,1062.1,1,0,0,Fiber optic,Electronic check,1,0,0,0,3,258.7,1
1960-UOTYM,52,Two year,79.2,4016.3,1,0,1,DSL,Electronic check,0,0,1,1,5,239.5,0
2740-JFBOK,10,Month-to-month,24.0,226.55,2,0,0,No,Electronic check,1,0,0,0,0,43.3,0
6500-JVEGC,68,One year,101.35,7110.75,3,0,1,Fiber optic,Bank transfer (automatic),0,0,0,0,4,180.7,0
5515-AKOAJ,54,Month-to-month,100.1,5440.9,1,1,0,Fiber optic,Electronic check,1,0,0,0,3,264.9,1
8976-OQHGT,4,Month-to-month,56.5,235.1,3,1,0,DSL,Mailed check,0,0,1,1,2,107.0,1
5245-VDBUR,52,One year,35.45,1958.95,1,0,1,DSL,Mailed check,0,0,1,0,2,81.7,0
6230-BSUXY,1,Month-to-month,85.0,85.0,3,0,0,Fiber optic,Electronic check,1,1,0,0,2,246.7,1
8469-SNFFH,70,One year,79.4,5528.9,0,1,1,DSL,Bank transfer (automatic),0,0,1,0,5,206.6,0
2144-ESWKO,43,One year,35.2,1463.7,0,0,1,DSL,Credit card (automatic),1,0,0,0,2,72.6,0
1241-FPMOF,52,Two year,19.65,1025.05,0,0,0,No,Mailed check,0,0,0,0,0,21.5,0
9928-BZVLZ,12,Two year,49.85,552.1,1,1,1,DSL,Mailed check,0,0,0,0,4,118.9,0
4114-QMKVN,56,One year,68.75,3815.4,1,0,1,DSL,Bank transfer (automatic),0,0,1,1,3,136.3,0
2775-SEFEE,0,Two year,61.9,0.0,0,1,1,DSL,Bank transfer (automatic),1,0,0,1,3,121.3,0
9003-CPATH,42,Month-to-month,79.9,3313.4,3,0,0,Fiber optic,Electronic check,0,0,0,0,1,155.2,0
1754-GKYPY,22,Month-to-month,89.75,1938.9,3,0,0,Fiber optic,Bank transfer (automatic),1,1,1,0,2,260.9,0
5294-CDGWY,51,One year,59.3,3014.65,3,0,1,DSL,Electronic check,0,0,1,1,5,202.9,1
7956-XQWGU,27,Month-to-month,19.4,460.25,2,0,0,No,Credit card (automatic),1,0,0,0,0,36.8,0
1591-MQJTP,51,One year,93.65,4839.15,0,0,1,Fiber optic,Bank transfer (automatic),1,1,1,0,3,204.7,0
5295-PCJOO,4,Month-to-month,49.4,184.4,3,0,1,DSL,Electronic check,1,0,0,1,1,80.9,1
2369-FEVNO,1,Month-to-month,19.9,19.9,3,0,0,No,Mailed check,1,0,0,0,0,39.6,0
9863-JZAIC,35,Month-to-month,55.0,2010.55,3,0,0,DSL,Mailed check,0,0,0,0,1,138.9,1
7471-MQPOS,71,One year,72.9,5139.65,2,1,0,DSL,Bank transfer (automatic),1,1,1,1,4,198.5,0
7660-HDPJV,1,Month-to-month,69.2,69.2,4,0,0,Fiber optic,Electronic check,1,0,0,0,0,116.0,1
5115-SQAAU,69,Two year,25.6,1673.4,5,0,0,No,Bank transfer (automatic),1,0,1,1,0,44.1,0
9845-QOMAD,14,One year,19.75,309.35,1,0,0,No,Mailed check,0,0,1,1,0,31.3,0
7672-VFMXZ,57,Month-to-month,55.7,3171.6,0,1,1,DSL,Electronic check,0,0,1,0,2,110.1,0
9739-JLPQJ,72,Two year,117.5,8670.1,2,1,1,Fiber optic,Credit card (automatic),0,0,1,1,6,254.7,0
9916-AYHTC,48,Two year,19.85,916.0,2,0,0,No,Credit card (automatic),0,0,0,0,0,22.9,0
3855-ONCAR,4,Month-to-month,78.9,299.75,9,0,0,Fiber optic,Mailed check,1,0,1,1,1,159.4,0
1488-SYSFC,31,Month-to-month,20.65,702.05,3,0,0,No,Electronic check,1,0,1,1,0,33.2,0
7931-PXHFC,38,One year,62.3,2354.8,0,1,0,DSL,Mailed check,1,0,0,0,3,151.7,1
3990-QYKBE,37,Month-to-month,92.5,3473.4,3,0,0,Fiber optic,Electronic check,1,1,1,0,2,232.8,1
0970-QXPXW,1,Month-to-month,19.65,19.65,2,0,0,No,Mailed check,0,0,0,0,0,42.1,0
3259-KNMRR,57,Two year,79.75,4438.2,0,0,0,DSL,Bank transfer (automatic),1,1,0,0,4,234.1,0
6120-RJKLU,62,Two year,79.95,4819.75,1,1,1,DSL,Credit card (automatic),1,1,1,0,5,256.6,0
9572-WUKSB,3,Month-to-month,29.9,92.25,0,1,0,DSL,Electronic check,1,0,1,0,1,65.1,0
5893-KCLGT,72,Two year,19.75,1567.0,3,0,0,No,Mailed check,1,0,0,1,0,41.2,0
0076-LVEPS,29,Month-to-month,45.0,1242.45,0,1,1,DSL,Mailed check,1,0,0,1,4,92.3,0
3640-JQGJG,13,Month-to-month,44.8,559.2,1,0,0,DSL,Bank transfer (automatic),0,0,1,1,0,74.8,0
4919-MOAVT,3,Month-to-month,69.65,220.1,7,0,0,Fiber optic,Electronic check,0,0,0,1,0,133.7,1
1596-OQSPS,11,Month-to-month,51.1,531.15,1,0,0,DSL,Electronic check,0,0,0,0,1,90.6,0
9867-XOBQA,21,Two year,53.15,1183.2,0,1,1,DSL,Mailed check,0,0,0,1,5,151.6,0
9546-KDTRB,19,Month-to-month,24.7,465.85,0,0,0,No,Bank transfer (automatic),0,0,0,0,0,40.5,0
3090-HAWSU,61,Two year,111.6,6876.05,0,1,1,Fiber optic,Credit card (automatic),1,0,0,0,5,309.1,1
9820-RMCQV,11,Month-to-month,48.55,501.0,1,0,1,DSL,Credit card (automatic),0,0,0,0,1,80.8,1
3174-RKMOW,35,Month-to-month,109.95,3782.4,2,1,0,Fiber optic,Electronic check,1,0,1,1,5,309.4,0
1760-CAZHT,25,Month-to-month,20.8,460.2,2,0,0,No,Mailed check,0,0,0,1,0,44.4,0
7839-QRKXN,1,Month-to-month,20.2,20.2,4,0,0,No,Mailed check,1,0,0,0,0,43.2,1
8441-SHIPE,67,Two year,25.6,1790.35,6,0,0,No,Bank transfer (automatic),1,0,0,0,0,43.3,0
5204-QZXPU,19,Month-to-month,39.65,733.35,0,0,0,DSL,Electronic check,1,0,0,0,2,133.8,1
4597-ELFTS,56,One year,24.9,1334.0,0,0,0,No,Electronic check,0,0,0,0,0,33.2,1
1320-GVNHT,72,Two year,108.4,7767.25,1,0,1,Fiber optic,Credit card (automatic),1,0,1,1,5,282.5,0
1047-RNXZV,43,Two year,19.55,876.15,1,0,0,No,Mailed check,0,0,0,0,0,27.7,0
3541-ZNUHK,55,Month-to-month,85.1,4600.95,2,0,1,Fiber optic,Electronic check,1,0,1,1,2,153.8,0
8450-JOVAH,2,Month-to-month,56.7,113.55,2,0,1,DSL,Mailed check,0,0,1,1,1,83.9,1
8725-JEDFD,27,Month-to-month,69.05,1793.25,3,0,0,Fiber optic,Mailed check,1,0,0,0,0,123.7,0
7562-UXTPG,13,Month-to-month,70.15,886.7,1,0,0,Fiber optic,Mailed check,1,0,0,0,0,112.9,0
8071-SBTRN,70,Two year,111.15,7737.55,2,0,1,Fiber optic,Mailed check,1,0,0,0,5,334.5,0
1113-IUJYX,14,One year,105.95,1348.9,0,1,1,Fiber optic,Mailed check,0,0,1,0,5,359.9,1
6668-CNMFP,19,One year,89.35,1686.85,8,1,0,Fiber optic,Bank transfer (automatic),1,0,1,1,2,227.5,0
5626-MGTUK,20,Month-to-month,89.1,1879.25,2,0,1,Fiber optic,Bank transfer (automatic),1,0,0,0,2,232.1,0
5681-LLOEI,43,One year,91.25,4013.8,1,1,1,Fiber optic,Credit card (automatic),1,0,1,1,3,176.4,0
8212-DJRCH,5,Month-to-month,90.35,434.5,0,0,1,Fiber optic,Mailed check,1,0,1,1,3,200.6,0
4323-OHFOW,70,One year,105.55,7195.35,3,1,0,Fiber optic,Bank transfer (automatic),1,1,1,0,4,261.7,0
4933-BSAIP,40,Two year,19.1,780.1,2,0,0,No,Mailed check,0,0,1,0,0,28.4,0
2030-BTZRO,6,Two year,20.4,107.6,3,0,0,No,Credit card (automatic),1,0,1,1,0,32.5,0
1116-DXXDF,39,Two year,100.45,3801.7,1,0,1,Fiber optic,Electronic check,1,0,0,0,4,293.2,0
9274-CNFMO,4,Month-to-month,74.95,308.7,6,0,0,Fiber optic,Electronic check,0,1,1,0,0,127.0,1
7758-XKCBS,15,Month-to-month,29.7,438.25,1,1,0,DSL,Electronic check,1,0,0,0,1,56.8,1
8992-JQYUN,1,Month-to-month,50.35,50.35,4,0,0,DSL,Electronic check,1,0,1,0,3,148.2,1
6563-VNPMN,45,Month-to-month,85.7,3778.1,1,1,1,Fiber optic,Bank transfer (automatic),1,1,0,0,3,208.5,0
0617-AQNWT,64,Two year,47.85,3147.5,0,1,1,DSL,Electronic check,0,0,1,0,4,152.6,1
2267-WTPYD,57,Month-to-month,94.0,5438.95,3,0,0,Fiber optic,Credit card (automatic),0,1,1,0,3,207.4,0
0270-THENM,72,Two year,69.85,5102.35,0,1,1,DSL,Bank transfer (automatic),0,0,1,1,4,162.0,0
2446-PLQVO,1,Month-to-month,70.3,70.3,6,0,0,Fiber optic,Electronic check,1,0,0,0,0,137.0,1
4707-MAXGU,72,Two year,25.85,1872.2,4,0,0,No,Credit card (automatic),0,0,1,0,0,54.5,0
2710-WYVXG,3,Two year,71.1,213.35,1,1,1,DSL,Mailed check,0,0,0,0,4,164.9,0
3005-NFMTA,55,Month-to-month,98.8,5617.75,2,0,1,Fiber optic,Electronic check,1,1,0,0,3,241.7,1
6300-BWMJX,59,Month-to-month,93.35,5386.5,1,1,0,Fiber optic,Electronic check,0,0,1,0,3,254.0,0
8784-CGILN,18,Month-to-month,99.85,1776.95,1,1,0,Fiber optic,Bank transfer (automatic),1,0,0,0,3,290.3,1
5389-FFVKB,32,Month-to-month,80.3,2483.05,3,0,0,Fiber optic,Credit card (automatic),1,1,1,0,1,208.8,1
7009-LGECI,4,Month-to-month,50.55,235.65,3,0,1,DSL,Bank transfer (automatic),1,0,0,0,1,105.4,0
8444-WRIDW,66,Month-to-month,80.45,5224.35,3,0,0,Fiber optic,Credit card (automatic),1,1,0,0,1,148.6,1
5022-KVDQT,27,Month-to-month,81.3,2272.8,2,0,0,Fiber optic,Electronic check,1,0,0,0,1,137.2,0
7976-CICYS,4,Month-to-month,20.7,83.75,7,0,0,No,Credit card (automatic),1,0,0,0,0,39.7,0
1036-GUDCL,60,Month-to-month,79.05,4663.4,0,1,1,DSL,Credit card (automatic),1,0,1,1,5,164.8,0
2005-DWQZJ,8,Two year,19.05,201.7,3,0,0,No,Mailed check,0,0,1,1,0,35.0,0
8148-WOCMK,8,Two year,19.6,125.0,3,0,0,No,Credit card (automatic),0,0,1,1,0,41.5,0
7815-PDTHL,35,Two year,20.2,684.4,3,0,0,No,Mailed check,1,0,0,0,0,35.4,0
9451-LPGOO,7,Month-to-month,86.8,620.35,2,0,0,Fiber optic,Electronic check,1,0,0,0,1,252.9,1
9173-IVZVP,53,Two year,20.9,1146.05,3,0,0,No,Mailed check,0,0,1,1,0,35.9,0
9129-UXERG,18,Month-to-month,103.6,1806.35,4,1,0,Fiber optic,Credit card (automatic),1,1,0,0,4,226.6,0
3635-JBPSG,15,Two year,38.8,603.0,2,0,0,DSL,Mailed check,1,0,0,0,2,120.3,0
7964-ZRKKG,67,One year,88.4,5798.3,2,0,0,Fiber optic,Bank transfer (automatic),1,0,1,0,2,195.3,0
5868-YWPDW,6,Month-to-month,84.2,519.15,1,0,0,Fiber optic,Electronic check,1,1,1,0,2,210.7,1
6229-LSCKB,6,Month-to-month,79.7,497.6,3,0,0,Fiber optic,Electronic check,1,1,0,0,1,166.9,0
2025-JKFWI,13,Month-to-month,99.0,1301.7,2,1,0,Fiber optic,Mailed check,1,0,0,0,3,281.5,1
4078-SAYYN,11,Month-to-month,100.75,1129.75,1,0,0,Fiber optic,Electronic check,1,0,0,0,3,267.7,1
1724-IQWNM,1,Month-to-month,19.3,19.3,2,0,0,No,Mailed check,1,0,0,1,0,36.3,0
8217-QYOHV,5,Month-to-month,55.75,266.95,1,1,1,DSL,Mailed check,1,0,0,0,2,115.4,0
5546-QUERU,13,One year,19.95,257.0,0,0,0,No,Mailed check,1,0,0,0,0,32.0,0
9940-HPQPG,9,Month-to-month,91.75,865.8,1,0,1,Fiber optic,Bank transfer (automatic),0,0,1,0,3,162.1,1
6897-UUBNU,29,Month-to-month,89.65,2623.65,2,1,0,Fiber optic,Mailed check,0,0,0,0,3,236.4,0
6127-IYJOZ,1,Month-to-month,45.85,45.85,2,0,0,DSL,Mailed check,1,1,0,0,0,98.3,0
6618-RYATB,1,Month-to-month,79.55,79.55,2,0,0,Fiber optic,Mailed check,1,0,0,0,1,159.7,1
8930-XOTDP,18,Month-to-month,55.95,1082.8,2,0,0,DSL,Mailed check,0,0,1,1,1,118.1,0
5916-QEWPT,2,Month-to-month,69.0,147.8,5,0,0,DSL,Credit card (automatic),0,0,1,0,3,211.8,0
5060-TQUQN,30,Month-to-month,83.55,2570.2,4,1,0,Fiber optic,Bank transfer (automatic),1,0,1,1,2,142.3,0
0531-XBKMM,66,Two year,65.7,4378.9,0,1,1,DSL,Bank transfer (automatic),0,0,0,1,3,113.4,0
8465-SBRXP,38,Two year,94.9,3616.25,1,1,0,Fiber optic,Bank transfer (automatic),1,0,1,1,3,163.3,0
2408-PSJVE,44,Month-to-month,61.9,2924.05,1,1,0,DSL,Mailed check,1,0,1,1,3,77.1,0
9079-YEXQJ,54,Month-to-month,111.1,6014.85,2,1,0,Fiber optic,Electronic check,0,0,0,0,5,323.2,1
9700-ZCLOT,2,Month-to-month,20.0,32.7,2,0,0,No,Mailed check,0,0,0,0,0,40.6,0
8738-JOKAR,42,One year,67.7,2882.25,0,1,1,DSL,Mailed check,1,0,0,0,4,127.5,0
4534-WGCIR,58,Two year,25.15,1509.9,2,0,0,No,Credit card (automatic),0,0,1,1,0,43.1,0
1930-WNXSB,58,Month-to-month,92.85,5305.05,3,0,0,Fiber optic,Electronic check,1,0,1,1,3,250.7,0
2685-SREOM,25,Month-to-month,89.1,2368.4,6,0,0,Fiber optic,Electronic check,1,0,1,1,2,184.0,1
3508-CFVZL,71,Two year,111.3,7985.9,0,1,1,Fiber optic,Mailed check,0,0,0,0,6,303.1,0
0402-CQAJN,37,Month-to-month,101.9,3545.35,3,0,0,Fiber optic,Bank transfer (automatic),1,0,0,0,4,249.4,1
6692-UDPJC,14,Month-to-month,91.65,1301.0,0,1,0,Fiber optic,Electronic check,1,0,1,1,2,163.2,1
1273-MTETI,4,Month-to-month,88.85,372.45,2,0,0,Fiber optic,Electronic check,1,1,0,0,2,188.4,1
0657-DOGUM,48,One year,60.6,2985.25,0,1,1,DSL,Bank transfer (automatic),1,0,1,0,2,117.0,0
5480-HPRRX,3,Month-to-month,25.3,77.75,2,0,0,DSL,Electronic check,0,1,0,0,0,39.5,1
8792-AOROI,8,Two year,65.5,564.35,1,1,1,DSL,Mailed check,0,0,1,0,3,176.5,0
0295-PPHDO,1,Month-to-month,95.45,95.45,4,0,0,Fiber optic,Electronic check,1,0,0,0,2,292.8,1
5146-YYFRZ,67,Two year,19.95,1311.75,2,0,0,No,Bank transfer (automatic),0,0,0,0,0,39.4,0
1195-OIYEJ,13,Month-to-month,91.1,1135.7,3,0,0,Fiber optic,Electronic check,1,0,0,0,2,265.7,1
5906-CVLHP,45,One year,54.15,2319.8,0,1,0,DSL,Credit card (automatic),1,0,1,1,2,96.6,1
3452-SRFEG,49,Month-to-month,74.6,3720.35,1,0,0,Fiber optic,Bank transfer (automatic),1,0,0,0,0,145.9,0
4070-OKWVH,52,Month-to-month,94.6,5025.8,2,0,0,Fiber optic,Bank transfer (automatic),0,0,1,0,3,188.2,0
5297-MDOIR,63,One year,81.15,5224.5,0,0,1,Fiber optic,Credit card (automatic),1,0,1,0,2,95.3,0
6369-MCAKO,68,Two year,89.05,6185.8,0,1,1,DSL,Bank transfer (automatic),1,0,1,1,6,216.0,0
4926-UMJZD,31,Month-to-month,49.2,1498.55,1,1,0,DSL,Mailed check,1,0,1,0,1,108.2,0
6848-HJTXY,64,Two year,19.45,1208.6,4,0,0,No,Credit card (automatic),0,0,1,0,0,40.6,0
6341-AEVKX,62,One year,104.3,6613.65,0,1,1,Fiber optic,Electronic check,1,0,1,0,5,225.9,0
4501-EQDRN,1,Month-to-month,69.7,69.7,0,0,0,Fiber optic,Bank transfer (automatic),0,0,0,0,0,121.7,1
2990-HWIML,6,Month-to-month,89.5,573.3,3,0,0,Fiber optic,Electronic check,1,0,0,0,2,215.8,1
0682-USIXD,21,Month-to-month,86.05,1818.9,3,1,0,Fiber optic,Electronic check,1,0,1,0,2,160.8,0
6976-BWGLQ,72,Two year,25.2,1787.35,2,0,0,No,Bank transfer (automatic),0,0,1,1,0,43.2,0
7078-NVFAM,32,Month-to-month,35.15,1051.05,1,0,1,DSL,Electronic check,1,0,1,1,2,70.9,0
8065-QBYTO,71,One year,99.65,7181.25,1,1,1,Fiber optic,Credit card (automatic),1,1,0,0,4,221.7,0
2133-TSRRM,34,Month-to-month,105.35,3688.6,6,0,1,Fiber optic,Bank transfer (automatic),1,0,0,1,5,260.1,0
7384-GHBPI,3,Month-to-month,35.15,99.75,5,0,0,DSL,Electronic check,1,0,1,0,1,69.9,1
7603-USHJS,12,Month-to-month,73.75,871.4,2,0,0,Fiber optic,Credit card (automatic),1,0,0,1,0,176.6,1
7234-FECYN,8,Month-to-month,101.35,780.5,2,0,0,Fiber optic,Electronic check,0,1,0,0,3,217.1,1
2511-ALLCS,35,Two year,24.3,821.6,1,0,0,No,Bank transfer (automatic),0,0,1,1,0,43.9,0
3191-CSNMG,3,Month-to-month,80.7,239.45,6,0,0,Fiber optic,Electronic check,1,0,1,1,1,208.2,0
7952-OBOYL,3,Month-to-month,89.85,244.45,3,1,0,Fiber optic,Mailed check,1,0,0,0,3,207.4,0
7470-DYNOE,53,One year,61.1,3357.9,2,0,0,DSL,Electronic check,1,0,0,0,2,168.9,0
7853-OETYL,4,Month-to-month,29.05,129.6,4,0,1,DSL,Electronic check,1,0,1,0,1,34.1,0
1545-ACTAS,48,One year,99.7,4977.2,1,0,1,Fiber optic,Bank transfer (automatic),1,0,1,1,4,225.5,0
5876-HZVZM,6,Month-to-month,55.9,365.35,2,0,1,DSL,Credit card (automatic),0,0,1,1,2,90.5,1
1400-MMYXY,3,Month-to-month,105.9,334.65,5,0,0,Fiber optic,Electronic check,1,1,1,0,4,216.1,1
5126-RCXYW,54,Two year,46.0,2424.05,2,1,0,DSL,Credit card (automatic),0,0,1,1,3,93.7,0
3085-QUOZK,1,Month-to-month,43.95,43.95,1,0,0,DSL,Mailed check,0,0,0,0,0,89.5,1
2363-BJLSL,62,Month-to-month,80.4,4981.15,0,1,0,DSL,Bank transfer (automatic),1,0,0,0,5,181.7,0
1956-YIFGE,22,One year,100.05,2090.25,2,0,0,Fiber optic,Mailed check,1,0,1,1,4,302.8,0
3926-CUQZX,1,Month-to-month,45.1,45.1,2,0,0,DSL,Bank transfer (automatic),1,0,0,0,0,92.1,1
7921-LMDFQ,51,One year,94.0,4905.75,0,0,0,Fiber optic,Bank transfer (automatic),1,1,0,0,3,236.1,0
2925-MXLSX,30,One year,68.95,2038.7,0,0,0,DSL,Credit card (automatic),1,0,0,0,3,129.9,0
5820-PTRYM,56,One year,68.45,4014.0,0,1,1,DSL,Credit card (automatic),1,1,1,0,4,112.3,0
9609-BENEA,35,One year,69.0,2441.7,2,1,0,DSL,Electronic check,1,0,1,0,3,146.4,0
6211-WHMYA,64,Month-to-month,43.85,2751.0,1,1,0,DSL,Electronic check,1,1,0,0,3,107.2,0
4459-BBGHE,30,Month-to-month,44.5,1307.8,2,0,0,DSL,Electronic check,1,0,0,1,2,141.4,0
9945-PSVIP,25,Two year,18.7,383.65,0,0,0,No,Mailed check,1,0,1,1,0,33.9,0
1041-RXHRA,41,Month-to-month,70.25,2868.05,3,0,0,Fiber optic,Bank transfer (automatic),0,0,0,0,0,120.9,1
1750-CSKKM,9,Month-to-month,55.35,449.75,2,0,0,DSL,Electronic check,0,0,0,1,1,138.4,1
9108-EJFJP,1,Month-to-month,53.55,53.55,3,0,1,DSL,Mailed check,1,0,1,0,2,95.9,0
0530-IJVDB,70,Two year,114.6,7882.5,0,1,1,Fiber optic,Electronic check,1,0,0,1,6,338.4,0
0508-SQWPL,57,Two year,20.1,1087.7,2,0,0,No,Bank transfer (automatic),1,0,1,1,0,47.1,0
2215-ZAFGX,9,Month-to-month,85.5,791.7,3,0,0,Fiber optic,Electronic check,1,0,0,0,1,194.3,0
8213-TAZPM,69,One year,108.75,7493.05,2,1,0,Fiber optic,Bank transfer (automatic),1,0,1,1,5,272.2,0
7142-HVGBG,43,Month-to-month,103.0,4414.3,1,0,0,Fiber optic,Electronic check,1,1,1,0,4,258.9,1
1304-SEGFY,72,Two year,97.85,6841.3,2,0,0,Fiber optic,Electronic check,1,0,1,0,3,292.8,0
7242-EDTYC,44,Two year,19.55,819.95,1,0,0,No,Bank transfer (automatic),0,0,0,1,0,38.8,0
2904-GGUAZ,72,Two year,84.05,6052.25,4,0,1,Fiber optic,Bank transfer (automatic),1,0,1,0,2,153.7,0
8267-ZNYVZ,33,One year,103.75,3361.05,0,1,1,Fiber optic,Electronic check,1,0,1,0,5,260.9,1
5136-GFPMB,54,Month-to-month,89.4,4869.5,3,0,0,Fiber optic,Credit card (automatic),0,0,0,0,2,218.1,0
2595-KIWPV,27,Two year,19.7,509.3,7,0,0,No,Credit card (automatic),0,0,0,1,0,41.0,0
5243-SAOTC,54,Month-to-month,79.85,4308.25,3,0,0,Fiber optic,Bank transfer (automatic),1,0,0,0,1,134.3,0
9398-MMQTO,3,Month-to-month,74.45,221.1,7,0,0,Fiber optic,Credit card (automatic),0,0,0,0,1,142.6,0
7619-PLRLP,53,One year,74.1,3833.95,3,0,1,DSL,Bank transfer (automatic),0,0,1,0,4,126.3,0
6457-GIRWB,1,Month-to-month,69.35,69.35,0,0,0,Fiber optic,Electronic check,1,0,0,0,0,112.3,1
6508-NJYRO,15,One year,18.8,294.95,3,0,0,No,Mailed check,0,0,1,0,0,36.3,0
1450-SKCVI,56,Month-to-month,73.85,4092.85,1,0,0,Fiber optic,Electronic check,1,0,0,0,1,101.5,1
4710-NKCAW,5,Month-to-month,64.4,316.9,0,1,1,DSL,Credit card (automatic),0,0,1,1,3,89.7,0
5306-BVTKJ,48,One year,55.8,2651.2,4,0,0,DSL,Credit card (automatic),1,0,1,1,2,104.2,0
0357-NVCRI,25,Month-to-month,20.05,471.7,3,0,0,No,Credit card (automatic),0,0,0,1,0,25.4,0
5570-PTWEH,3,Month-to-month,75.15,216.75,4,0,0,Fiber optic,Credit card (automatic),1,0,1,0,0,128.7,1
2371-KFUOG,58,One year,99.15,5720.95,0,0,1,Fiber optic,Bank transfer (automatic),0,0,0,0,4,338.8,0
0463-ZSDNT,10,Month-to-month,56.75,503.25,0,0,0,DSL,Bank transfer (automatic),1,0,0,0,1,149.5,0
6502-MJQAE,1,Month-to-month,69.6,69.6,2,0,0,Fiber optic,Electronic check,1,0,0,0,0,158.1,1
6257-DTAYD,71,Two year,104.15,7365.3,1,1,0,Fiber optic,Credit card (automatic),1,0,1,0,4,329.8,0
4616-ULAOA,65,Two year,110.8,7245.9,4,1,0,Fiber optic,Credit card (automatic),1,0,1,1,5,247.7,0
7693-LCKZL,5,Month-to-month,80.15,385.0,5,0,0,Fiber optic,Electronic check,1,0,1,1,1,139.9,1
7746-AWNQW,28,Month-to-month,35.75,961.4,1,1,0,DSL,Mailed check,1,0,0,0,2,68.0,0
5996-EBTKM,67,Two year,69.9,4615.9,0,1,0,DSL,Bank transfer (automatic),1,0,1,1,3,193.2,0
2758-RNWXS,35,One year,89.2,3251.3,1,1,1,Fiber optic,Electronic check,1,0,0,0,3,243.6,0
2314-TNDJQ,72,Two year,55.65,3880.05,0,1,1,DSL,Credit card (automatic),0,0,1,1,5,156.5,0
2405-LBMUW,61,One year,50.7,3088.75,0,1,1,DSL,Bank transfer (automatic),1,0,1,1,4,137.9,0
3454-JFUBC,68,Two year,20.0,1396.0,4,0,0,No,Credit card (automatic),1,1,0,0,0,30.3,0
0032-PGELS,1,Month-to-month,30.5,30.5,1,0,1,DSL,Bank transfer (automatic),0,0,1,1,1,63.5,1
9039-ZVJDC,3,Month-to-month,19.1,53.05,3,0,0,No,Mailed check,1,0,0,0,0,31.4,0
6797-LNAQX,70,Two year,98.3,6859.5,3,0,0,Fiber optic,Bank transfer (automatic),0,0,1,1,3,295.0,1
9013-AQORL,48,Month-to-month,45.55,2108.35,4,0,0,DSL,Credit card (automatic),0,0,0,1,3,146.5,0
2898-MRKPI,68,One year,101.05,6770.5,3,0,0,Fiber optic,Credit card (automatic),1,0,1,1,3,205.4,0
2750-BJLSB,47,One year,103.7,4730.6,0,1,1,Fiber optic,Electronic check,1,0,0,0,5,347.3,0
3648-GZPHF,32,One year,36.25,1151.05,2,1,0,DSL,Mailed check,1,0,1,1,2,63.4,0
2075-RMJIK,5,Month-to-month,49.4,232.55,2,0,1,DSL,Mailed check,1,0,1,1,1,103.4,0
9588-YRFHY,49,Two year,19.9,1022.6,2,0,0,No,Credit card (automatic),1,0,0,0,0,40.9,0
6394-MFYNG,48,Month-to-month,107.4,5121.3,4,0,0,Fiber optic,Bank transfer (automatic),1,0,0,0,4,349.7,1
1564-NTYXF,13,Month-to-month,82.0,1127.2,1,0,0,Fiber optic,Electronic check,1,1,0,0,1,221.1,1
9364-YKUVW,15,Month-to-month,19.8,309.4,1,0,0,No,Mailed check,1,0,0,0,0,44.4,0
5392-AKEMH,12,Month-to-month,45.05,523.1,2,0,0,DSL,Electronic check,1,0,0,0,0,91.4,0
2451-YMUXS,67,Two year,64.55,4250.1,0,1,1,DSL,Bank transfer (automatic),1,1,0,0,3,102.7,0
3914-FDRHP,9,Month-to-month,86.25,770.5,4,1,0,Fiber optic,Electronic check,0,0,0,0,2,190.1,0
3078-ZKNTS,13,Two year,19.75,246.7,0,0,0,No,Bank transfer (automatic),1,0,1,1,0,39.3,0
1024-KPRBB,38,One year,89.1,3342.0,2,0,0,Fiber optic,Mailed check,1,0,0,0,2,275.1,0
4690-PKDQG,42,Month-to-month,95.55,3930.6,4,0,0,Fiber optic,Electronic check,1,1,1,0,3,217.1,0
8155-IBNHG,24,Month-to-month,75.4,1747.85,2,0,0,Fiber optic,Credit card (automatic),1,0,1,0,0,121.4,1
0886-QGENL,27,Month-to-month,101.25,2754.45,4,0,1,Fiber optic,Electronic check,1,1,1,0,4,213.4,1
9547-ITEFG,9,Month-to-month,102.6,897.75,1,0,0,Fiber optic,Credit card (automatic),1,0,1,1,4,268.7,0
1264-FUHCX,49,One year,56.3,2780.6,1,1,0,DSL,Credit card (automatic),1,0,1,0,4,263.5,0
7789-CRUVC,61,Month-to-month,94.2,5895.45,0,1,1,Fiber optic,Credit card (automatic),1,1,1,0,4,166.8,0
6598-KELSS,50,One year,43.05,2208.05,0,0,1,DSL,Bank transfer (automatic),1,0,0,1,3,109.1,0
8739-WWKDU,25,Month-to-month,89.5,2196.15,4,0,0,Fiber optic,Electronic check,1,1,0,0,2,219.8,1
8685-WHQPW,22,Month-to-month,74.4,1692.6,1,0,0,Fiber optic,Bank transfer (automatic),1,1,0,0,0,148.9,1
4745-LSPLO,1,Month-to-month,20.5,20.5,3,0,0,No,Mailed check,0,0,0,0,0,37.7,1
8083-YTZES,4,Month-to-month,74.35,265.35,1,0,0,Fiber optic,Electronic check,1,0,0,0,0,93.9,1
7240-FQLHE,18,Month-to-month,99.75,1836.25,3,1,0,Fiber optic,Bank transfer (automatic),0,1,1,0,3,233.6,1
6664-FPDAC,56,One year,111.95,6418.9,0,1,0,Fiber optic,Electronic check,1,1,0,0,5,255.6,1
9972-VAFJJ,53,One year,94.0,4871.45,1,1,0,Fiber optic,Electronic check,1,1,1,0,4,229.3,0
0422-UXFAP,51,One year,98.85,4947.55,3,0,0,Fiber optic,Electronic check,1,0,1,0,3,234.2,0
1904-WAJAA,24,Two year,64.35,1558.65,3,0,1,DSL,Electronic check,0,0,1,1,3,112.1,0
5130-YPIRV,62,Two year,72.0,4284.2,0,0,1,DSL,Credit card (automatic),1,0,1,0,4,141.8,0
2843-CQMEG,24,Month-to-month,49.7,1218.25,1,0,0,DSL,Mailed check,1,0,0,0,1,82.2,0
6439-PKTRR,70,Two year,80.7,5617.95,0,1,1,DSL,Electronic check,0,0,1,1,5,247.1,0
5351-QESIO,1,Month-to-month,24.2,24.2,7,0,0,DSL,Mailed check,0,0,0,1,0,49.1,0
0786-VSSUD,16,Month-to-month,39.0,679.85,3,0,0,DSL,Mailed check,1,1,0,0,2,117.5,1
5568-DMXZS,8,Month-to-month,65.45,554.45,0,1,0,DSL,Electronic check,1,0,0,0,3,138.3,0
8468-FZTOE,72,Two year,74.35,5237.4,0,1,1,DSL,Electronic check,1,0,1,1,5,142.4,0
6633-SYEUS,23,Month-to-month,83.2,2032.3,1,1,0,Fiber optic,Bank transfer (automatic),0,0,0,0,3,173.2,0
6447-GORXK,31,Month-to-month,25.0,789.2,3,0,0,DSL,Credit card (automatic),0,0,0,1,0,45.1,0
6967-PEJLL,37,One year,40.2,1525.35,0,1,1,DSL,Electronic check,1,0,1,1,3,79.0,0
3976-BWUCK,30,Month-to-month,94.1,2804.45,4,1,0,Fiber optic,Credit card (automatic),1,0,1,0,3,219.4,1
5981-ZVXOT,35,One year,108.35,3726.15,1,0,1,Fiber optic,Electronic check,1,1,0,0,5,281.0,0
1684-FLBGS,23,Month-to-month,69.5,1652.1,1,1,0,DSL,Credit card (automatic),1,0,1,1,3,104.2,0
1389-WNUIB,20,One year,76.0,1588.75,1,0,1,DSL,Bank transfer (automatic),0,0,1,1,3,246.9,0
0376-OIWME,36,Month-to-month,93.6,3366.05,2,0,1,Fiber optic,Electronic check,1,0,1,0,3,314.9,0
3585-ISXZP,8,Month-to-month,95.65,778.1,5,0,0,Fiber optic,Bank transfer (automatic),0,0,0,0,2,255.9,1
0218-QNVAS,71,One year,100.55,7113.75,3,0,0,Fiber optic,Bank transfer (automatic),0,0,1,1,3,255.1,0
6583-QGCSI,50,Month-to-month,88.05,4367.35,2,0,0,Fiber optic,Electronic check,1,1,1,0,2,205.7,1
0804-YGEQV,43,One year,24.45,993.15,4,0,0,No,Bank transfer (automatic),1,0,1,1,0,42.5,0
7164-BPTUT,57,Two year,89.55,5012.35,0,1,1,DSL,Mailed check,0,0,0,1,6,175.8,0
4174-LPGTI,41,One year,66.5,2728.6,1,1,0,DSL,Bank transfer (automatic),1,0,1,1,3,151.7,1
2523-EWWZL,27,Month-to-month,76.1,2093.4,2,0,0,Fiber optic,Electronic check,1,0,1,0,1,137.3,0
0928-XUTSN,13,Month-to-month,80.5,1011.8,2,0,0,Fiber optic,Electronic check,1,0,0,0,1,215.0,0
2108-XWMPY,3,Month-to-month,35.45,106.85,2,0,1,DSL,Mailed check,1,0,0,0,2,54.6,1
0052-YNYOT,67,One year,20.55,1343.4,6,0,0,No,Electronic check,0,0,0,0,0,35.4,0
6304-IJFSQ,3,Month-to-month,49.9,130.1,5,0,0,DSL,Mailed check,1,0,0,0,1,90.4,1
9586-JGQKH,64,Two year,105.4,6794.75,2,1,0,Fiber optic,Bank transfer (automatic),1,0,1,0,4,289.7,0
4501-VCPFK,26,Month-to-month,35.75,1022.5,2,1,0,DSL,Electronic check,0,0,0,0,2,83.4,0
6075-SLNIL,38,Month-to-month,95.1,3691.2,3,0,0,Fiber optic,Credit card (automatic),1,0,0,0,3,232.3,0
9347-AERRL,23,One year,19.3,486.2,0,0,0,No,Credit card (automatic),0,0,1,0,0,38.3,0
0093-XWZFY,40,Month-to-month,104.5,4036.85,2,0,0,Fiber optic,Credit card (automatic),1,0,0,0,4,221.1,1
2274-XUATA,72,Two year,63.1,4685.55,0,1,1,DSL,Bank transfer (automatic),1,1,1,0,6,240.9,0
1980-KXVPM,3,Month-to-month,75.05,256.25,3,0,0,Fiber optic,Credit card (automatic),1,1,0,0,0,100.8,1
7703-ZEKEF,23,Month-to-month,81.0,1917.1,0,0,0,Fiber optic,Electronic check,1,0,0,0,1,176.0,1
0723-DRCLG,1,Month-to-month,74.45,74.45,4,0,0,Fiber optic,Electronic check,1,1,1,0,0,152.2,1
5482-NUPNA,4,Month-to-month,60.4,272.15,0,1,1,DSL,Mailed check,1,0,0,0,3,110.9,1
6691-CCIHA,62,Two year,84.95,5150.55,0,1,1,DSL,Electronic check,1,0,1,0,5,197.2,0
1685-BQULA,40,Month-to-month,93.4,3756.4,1,0,0,Fiber optic,Bank transfer (automatic),1,0,0,0,3,225.9,0
9053-EJUNL,41,Month-to-month,89.2,3645.75,5,0,0,Fiber optic,Electronic check,1,0,0,0,2,187.4,0
0666-UXTJO,34,Month-to-month,85.2,2874.45,3,0,0,Fiber optic,Credit card (automatic),1,1,1,0,2,233.6,0
1471-GIQKQ,1,Month-to-month,49.95,49.95,0,0,0,DSL,Electronic check,0,0,0,0,1,50.8,0
4807-IZYOZ,51,Two year,20.65,1020.75,0,0,0,No,Bank transfer (automatic),0,0,0,0,0,37.8,0
1122-JWTJW,1,Month-to-month,70.65,70.65,2,0,0,Fiber optic,Mailed check,1,0,1,1,0,77.8,1
9710-NJERN,39,Two year,20.15,826.0,6,0,0,No,Mailed check,0,0,0,0,0,36.9,0
9837-FWLCH,12,Month-to-month,19.2,239.0,2,0,0,No,Electronic check,1,0,1,1,0,33.1,0
1699-HPSBG,12,One year,59.8,727.8,0,1,0,DSL,Electronic check,1,0,0,0,2,167.0,1
7203-OYKCT,72,One year,104.95,7544.3,6,0,0,Fiber optic,Electronic check,1,0,0,0,4,224.0,0
1035-IPQPU,63,Month-to-month,103.5,6479.4,2,0,0,Fiber optic,Electronic check,1,1,1,0,4,228.1,0
7398-LXGYX,44,Month-to-month,84.8,3626.35,1,0,1,Fiber optic,Credit card (automatic),1,0,1,0,2,103.8,0
2823-LKABH,18,Month-to-month,95.05,1679.4,2,1,0,Fiber optic,Bank transfer (automatic),1,0,0,0,3,197.7,0
8775-CEBBJ,9,Month-to-month,44.2,403.35,3,0,0,DSL,Bank transfer (automatic),1,0,0,0,0,81.9,1
0550-DCXLH,13,Month-to-month,73.35,931.55,1,1,0,DSL,Mailed check,0,0,0,0,4,204.9,0
9281-CEDRU,68,Two year,64.1,4326.25,1,1,0,DSL,Bank transfer (automatic),0,0,1,0,3,133.2,0
2235-DWLJU,6,Month-to-month,44.4,263.05,3,0,0,DSL,Electronic check,1,1,0,0,2,155.2,0
0871-OPBXW,2,Month-to-month,20.05,39.25,7,0,0,No,Mailed check,1,0,0,0,0,39.3,0
3605-JISKB,55,One year,60.0,3316.1,3,0,1,DSL,Credit card (automatic),0,1,1,0,2,113.3,0
6894-LFHLY,1,Month-to-month,75.75,75.75,2,0,0,Fiber optic,Electronic check,1,1,0,0,0,96.5,1
9767-FFLEM,38,Month-to-month,69.5,2625.25,0,0,0,Fiber optic,Credit card (automatic),1,0,0,0,0,116.1,0
0639-TSIQW,67,Month-to-month,102.95,6886.25,2,0,1,Fiber optic,Credit card (automatic),1,0,0,0,4,195.8,1
8456-QDAVC,19,Month-to-month,78.7,1495.1,1,0,0,Fiber optic,Bank transfer (automatic),1,0,0,0,1,106.3,0
7750-EYXWZ,12,One year,60.65,743.3,3,1,0,DSL,Electronic check,0,0,0,0,5,206.8,0
2569-WGERO,72,Two year,21.15,1419.4,2,0,0,No,Bank transfer (automatic),1,0,0,0,0,40.0,0
6840-RESVB,24,One year,84.8,1990.5,0,1,1,DSL,Mailed check,1,0,1,1,5,196.9,0
2234-XADUH,72,One year,103.2,7362.9,5,0,0,Fiber optic,Credit card (automatic),1,0,1,1,4,287.5,0
4801-JZAZL,11,Month-to-month,29.6,346.45,1,0,1,DSL,Electronic check,1,0,1,1,1,55.4,0
8361-LTMKD,4,Month-to-month,74.4,306.6,3,0,0,Fiber optic,Mailed check,1,1,1,0,0,124.6,1
3186-AJIEK,66,Two year,105.65,6844.5,0,1,1,Fiber optic,Bank transfer (automatic),1,0,0,0,5,283.4,0
